timestamp,NO2,C2H50H,VOC,CO,Alcohol,LPG,Benzene,Temperature,Pressure,Humidity,Gas_Resistance,Altitude,State102588,100,80,126,852,2,13,0,33.59,688.60,100.00,0.00,3170.54,0
103584,100,81,126,851,2,13,0,33.59,688.60,100.00,0.00,3170.54,0
104580,100,81,127,851,1,11,0,33.59,688.60,100.00,0.00,3170.54,0
105576,100,81,126,851,1,11,0,33.59,688.60,100.00,0.00,3170.54,0
106572,100,81,126,851,1,12,0,33.59,688.60,100.00,0.00,3170.54,0
107568,99,81,126,851,1,12,0,33.59,688.60,100.00,0.00,3170.54,0
108564,100,81,126,851,1,13,0,33.59,688.60,100.00,0.00,3170.54,0
109560,100,81,126,852,1,13,0,33.59,688.60,100.00,0.00,3170.54,0
110556,100,81,126,851,1,12,0,33.59,688.60,100.00,0.00,3170.54,0
111552,99,81,126,852,1,12,0,33.59,688.60,100.00,0.00,3170.54,0
112548,100,81,126,851,1,12,0,33.59,688.60,100.00,0.00,3170.54,0
113544,100,81,126,851,1,12,0,33.59,688.60,100.00,0.00,3170.54,0
114540,99,81,126,851,1,12,0,33.59,688.60,100.00,0.00,3170.54,0
115536,100,81,126,851,1,12,0,33.59,688.60,100.00,0.00,3170.54,0
116532,100,81,126,851,1,11,0,33.59,688.60,100.00,0.00,3170.54,0
117528,99,81,126,851,1,11,0,33.59,688.60,100.00,0.00,3170.54,0
118524,99,81,126,850,1,11,0,33.59,688.60,100.00,0.00,3170.54,0
119520,99,81,126,851,1,11,0,33.59,688.60,100.00,0.00,3170.54,0
120516,99,81,127,850,1,11,0,33.59,688.60,100.00,0.00,3170.54,0
121512,100,81,126,850,1,11,0,33.59,688.60,100.00,0.00,3170.54,0
122508,99,81,126,850,1,13,0,33.59,688.60,100.00,0.00,3170.54,0
123504,99,81,126,851,2,13,0,33.59,688.60,100.00,0.00,3170.54,0
124500,99,81,126,851,1,13,0,33.59,688.60,100.00,0.00,3170.54,0
125496,99,81,126,850,1,13,0,33.59,688.60,100.00,0.00,3170.54,1
126492,99,81,126,850,2,12,0,33.59,688.60,100.00,0.00,3170.54,1
127488,99,81,126,850,1,13,0,33.59,688.60,100.00,0.00,3170.54,1
128484,99,81,126,850,1,12,0,33.59,688.60,100.00,0.00,3170.54,1
129480,99,81,126,851,1,12,0,33.59,688.60,100.00,0.00,3170.54,1
130476,99,80,127,850,1,12,0,33.59,688.60,100.00,0.00,3170.54,1
131472,99,81,127,850,2,14,0,33.59,688.60,100.00,0.00,3170.54,1
132468,99,80,126,850,1,11,0,33.59,688.60,100.00,0.00,3170.54,1
133464,99,81,126,850,1,12,0,33.59,688.60,100.00,0.00,3170.54,1
134460,99,81,126,850,1,12,0,33.59,688.60,100.00,0.00,3170.54,1
135456,99,81,126,851,1,12,0,33.59,688.60,100.00,0.00,3170.54,1
136452,99,81,126,850,1,11,0,33.59,688.60,100.00,0.00,3170.54,1
137448,99,81,126,851,1,11,0,33.59,688.60,100.00,0.00,3170.54,1
138444,98,81,126,850,1,11,0,33.59,688.60,100.00,0.00,3170.54,1
139440,99,81,126,850,2,14,0,33.59,688.60,100.00,0.00,3170.54,1
140436,99,81,126,850,1,11,0,33.59,688.60,100.00,0.00,3170.54,1
141432,99,81,127,850,1,11,0,33.59,688.60,100.00,0.00,3170.54,1
142428,98,81,126,850,1,11,0,33.59,688.60,100.00,0.00,3170.54,1
143424,99,82,126,850,1,11,0,33.59,688.60,100.00,0.00,3170.54,1
144420,99,81,126,850,1,12,0,33.59,688.60,100.00,0.00,3170.54,1
145416,99,81,126,850,1,11,0,33.59,688.60,100.00,0.00,3170.54,0
146412,98,81,126,850,1,11,0,33.59,688.60,100.00,0.00,3170.54,0
147408,98,80,126,849,1,12,0,33.59,688.60,100.00,0.00,3170.54,0
148404,99,81,126,849,1,12,0,33.59,688.60,100.00,0.00,3170.54,0
149400,98,81,127,850,1,11,0,33.59,688.60,100.00,0.00,3170.54,0
150396,99,81,126,849,1,12,0,33.59,688.60,100.00,0.00,3170.54,0
151392,98,81,126,849,1,12,0,33.59,688.60,100.00,0.00,3170.54,0
152388,98,81,126,849,1,12,0,33.59,688.60,100.00,0.00,3170.54,0
153384,98,81,127,848,1,12,0,33.59,688.60,100.00,0.00,3170.54,0
154380,99,82,127,849,1,11,0,33.59,688.60,100.00,0.00,3170.54,0
155376,99,81,126,849,1,11,0,33.59,688.60,100.00,0.00,3170.54,0
156372,98,82,126,849,1,12,0,33.59,688.60,100.00,0.00,3170.54,0
157368,99,81,126,848,1,12,0,33.59,688.60,100.00,0.00,3170.54,0
158364,98,81,126,849,1,12,0,33.59,688.60,100.00,0.00,3170.54,0
159360,98,81,126,849,1,12,0,33.59,688.60,100.00,0.00,3170.54,0
160356,98,81,126,849,1,12,0,33.59,688.60,100.00,0.00,3170.54,0
161352,98,81,126,849,2,13,0,33.59,688.60,100.00,0.00,3170.54,0
162348,98,81,126,848,1,12,0,33.59,688.60,100.00,0.00,3170.54,0
163344,98,81,126,849,2,13,0,33.59,688.60,100.00,0.00,3170.54,0
164340,98,81,126,849,1,12,0,33.59,688.60,100.00,0.00,3170.54,0
165336,98,81,126,848,2,14,0,33.59,688.60,100.00,0.00,3170.54,1
166332,98,81,126,850,2,12,0,33.59,688.60,100.00,0.00,3170.54,1
167328,98,81,126,848,1,13,0,33.59,688.60,100.00,0.00,3170.54,1
168324,97,82,126,849,1,12,0,33.59,688.60,100.00,0.00,3170.54,1
169320,98,82,126,849,1,11,0,33.59,688.60,100.00,0.00,3170.54,1
170316,98,81,126,848,1,11,0,33.59,688.60,100.00,0.00,3170.54,1
171312,98,81,126,848,1,11,0,33.59,688.60,100.00,0.00,3170.54,1
172308,98,81,126,848,1,11,0,33.59,688.60,100.00,0.00,3170.54,1
173304,98,82,126,849,1,12,0,33.59,688.60,100.00,0.00,3170.54,1
174300,97,82,126,848,1,12,0,33.59,688.60,100.00,0.00,3170.54,1
175296,97,81,126,849,1,12,0,33.59,688.60,100.00,0.00,3170.54,1
176292,98,81,126,848,1,11,0,33.59,688.60,100.00,0.00,3170.54,1
177288,97,81,126,849,1,11,0,33.59,688.60,100.00,0.00,3170.54,1
178284,98,81,127,849,1,13,0,33.59,688.60,100.00,0.00,3170.54,1
179280,98,81,126,849,1,12,0,33.59,688.60,100.00,0.00,3170.54,1
180276,97,82,126,848,1,13,0,33.59,688.60,100.00,0.00,3170.54,1
181272,97,82,126,848,1,12,0,33.59,688.60,100.00,0.00,3170.54,1
182268,97,81,126,849,1,12,0,33.59,688.60,100.00,0.00,3170.54,1
183264,97,81,126,849,1,12,0,33.59,688.60,100.00,0.00,3170.54,1
184260,97,81,126,849,2,12,0,33.59,688.60,100.00,0.00,3170.54,1
185256,98,81,126,849,1,12,0,33.59,688.60,100.00,0.00,3170.54,0
186252,98,81,126,848,1,11,0,33.59,688.60,100.00,0.00,3170.54,0
187248,97,82,126,847,1,11,0,33.59,688.60,100.00,0.00,3170.54,0
188244,97,81,126,848,1,11,0,33.59,688.60,100.00,0.00,3170.54,0
189240,97,82,126,848,1,11,0,33.59,688.60,100.00,0.00,3170.54,0
190236,97,81,126,848,1,11,0,33.59,688.60,100.00,0.00,3170.54,0
191232,97,81,126,848,1,11,0,33.59,688.60,100.00,0.00,3170.54,0
192228,97,82,126,848,1,11,0,33.59,688.60,100.00,0.00,3170.54,0
193224,97,81,126,848,1,13,0,33.59,688.60,100.00,0.00,3170.54,0
194220,97,81,126,848,1,12,0,33.59,688.60,100.00,0.00,3170.54,0
195216,97,81,126,848,1,12,0,33.59,688.60,100.00,0.00,3170.54,0
196212,97,81,126,849,1,11,0,33.59,688.60,100.00,0.00,3170.54,0
197208,97,81,126,848,1,12,0,33.59,688.60,100.00,0.00,3170.54,0
198204,97,81,126,848,1,12,0,33.59,688.60,100.00,0.00,3170.54,0
199200,97,81,126,848,1,11,0,33.59,688.60,100.00,0.00,3170.54,0
200196,97,81,126,848,1,11,0,33.59,688.60,100.00,0.00,3170.54,0
201192,97,81,126,848,1,11,0,33.59,688.60,100.00,0.00,3170.54,0
202188,97,81,126,848,1,11,0,33.59,688.60,100.00,0.00,3170.54,0
203184,97,82,126,848,1,12,0,33.59,688.60,100.00,0.00,3170.54,0
204180,97,82,126,848,1,12,0,33.59,688.60,100.00,0.00,3170.54,0
205176,96,81,126,848,1,12,0,33.59,688.60,100.00,0.00,3170.54,1
206172,97,82,126,848,1,11,0,33.59,688.60,100.00,0.00,3170.54,1
207168,96,82,126,847,1,11,0,33.59,688.60,100.00,0.00,3170.54,1
208164,97,81,126,848,1,12,0,33.59,688.60,100.00,0.00,3170.54,1
209160,97,81,127,848,1,12,0,33.59,688.60,100.00,0.00,3170.54,1
210156,97,81,126,848,1,12,0,33.59,688.60,100.00,0.00,3170.54,1
211152,97,82,126,848,1,12,0,33.59,688.60,100.00,0.00,3170.54,1
212148,96,81,126,848,1,12,0,33.59,688.60,100.00,0.00,3170.54,1
213144,97,81,126,848,1,11,0,33.59,688.60,100.00,0.00,3170.54,1
214140,97,81,126,848,1,11,0,33.59,688.60,100.00,0.00,3170.54,1
215136,97,82,126,848,1,11,0,33.59,688.60,100.00,0.00,3170.54,1
216132,97,82,126,848,1,11,0,33.59,688.60,100.00,0.00,3170.54,1
217128,96,81,126,848,1,13,0,33.59,688.60,100.00,0.00,3170.54,1
218124,97,81,127,848,1,12,0,33.59,688.60,100.00,0.00,3170.54,1
219120,96,82,126,848,1,12,0,33.59,688.60,100.00,0.00,3170.54,1
220116,96,82,126,848,2,13,0,33.59,688.60,100.00,0.00,3170.54,1
221112,96,82,127,848,1,12,0,33.59,688.60,100.00,0.00,3170.54,1
222108,97,82,127,847,1,13,0,33.59,688.60,100.00,0.00,3170.54,1
223104,96,82,126,847,2,13,0,33.59,688.60,100.00,0.00,3170.54,1
224100,97,82,126,847,1,12,0,33.59,688.60,100.00,0.00,3170.54,1
225096,97,82,126,848,1,12,0,33.59,688.60,100.00,0.00,3170.54,0
226092,97,82,126,848,1,12,0,33.59,688.60,100.00,0.00,3170.54,0
227088,96,82,125,848,1,12,0,33.59,688.60,100.00,0.00,3170.54,0
228084,96,81,126,847,1,12,0,33.59,688.60,100.00,0.00,3170.54,0
229080,96,82,126,847,1,12,0,33.59,688.60,100.00,0.00,3170.54,0
230076,96,81,126,847,1,12,0,33.59,688.60,100.00,0.00,3170.54,0
231072,96,82,127,847,1,12,0,33.59,688.60,100.00,0.00,3170.54,0
232068,95,81,127,848,1,11,0,33.59,688.60,100.00,0.00,3170.54,0
233064,96,81,127,848,1,12,0,33.59,688.60,100.00,0.00,3170.54,0
234060,96,81,127,847,1,11,0,33.59,688.60,100.00,0.00,3170.54,0
235056,96,82,126,847,2,12,0,33.59,688.60,100.00,0.00,3170.54,0
236052,96,82,126,847,1,11,0,33.59,688.60,100.00,0.00,3170.54,0
237048,95,81,127,847,1,12,0,33.59,688.60,100.00,0.00,3170.54,0
238044,95,81,126,847,1,11,0,33.59,688.60,100.00,0.00,3170.54,0
239040,96,81,126,848,1,11,0,33.59,688.60,100.00,0.00,3170.54,0
240036,96,81,126,848,1,11,0,33.59,688.60,100.00,0.00,3170.54,0
241032,96,81,126,847,1,11,0,33.59,688.60,100.00,0.00,3170.54,0
242028,96,82,127,847,1,11,0,33.59,688.60,100.00,0.00,3170.54,0
243024,96,82,126,847,1,12,0,33.59,688.60,100.00,0.00,3170.54,0
244020,96,82,126,847,1,11,0,33.59,688.60,100.00,0.00,3170.54,0
245016,96,81,126,847,1,12,0,33.59,688.60,100.00,0.00,3170.54,1
246012,96,82,126,847,1,12,0,33.59,688.60,100.00,0.00,3170.54,1
247008,96,81,126,846,1,11,0,33.59,688.60,100.00,0.00,3170.54,1
248004,95,81,126,846,1,12,0,33.59,688.60,100.00,0.00,3170.54,1
249000,95,81,126,847,1,12,0,33.59,688.60,100.00,0.00,3170.54,1
249996,96,81,126,846,1,12,0,33.59,688.60,100.00,0.00,3170.54,1
250992,96,81,126,847,1,12,0,33.59,688.60,100.00,0.00,3170.54,1
251988,95,81,127,847,1,11,0,33.59,688.60,100.00,0.00,3170.54,1
252984,95,81,126,847,1,11,0,33.59,688.60,100.00,0.00,3170.54,1
253980,94,81,126,847,1,12,0,33.59,688.60,100.00,0.00,3170.54,1
254976,95,82,127,847,1,12,0,33.59,688.60,100.00,0.00,3170.54,1
255972,96,82,127,847,1,11,0,33.59,688.60,100.00,0.00,3170.54,1
256968,95,81,126,846,1,11,0,33.59,688.60,100.00,0.00,3170.54,1
257964,95,82,126,846,1,11,0,33.59,688.60,100.00,0.00,3170.54,1
258960,95,81,126,847,1,11,0,33.59,688.60,100.00,0.00,3170.54,1
259956,96,81,127,847,1,11,0,33.59,688.60,100.00,0.00,3170.54,1
260952,95,82,126,846,1,11,0,33.59,688.60,100.00,0.00,3170.54,1
261948,95,81,126,846,1,12,0,33.59,688.60,100.00,0.00,3170.54,1
262944,95,81,126,846,1,12,0,33.59,688.60,100.00,0.00,3170.54,1
263940,95,82,126,846,1,12,0,33.59,688.60,100.00,0.00,3170.54,1
264936,95,81,126,846,1,11,0,33.59,688.60,100.00,0.00,3170.54,0
265932,95,82,126,846,1,11,0,33.59,688.60,100.00,0.00,3170.54,0
266928,95,82,126,846,1,11,0,33.59,688.60,100.00,0.00,3170.54,0
267924,95,82,126,846,1,12,0,33.59,688.60,100.00,0.00,3170.54,0
268920,95,82,127,846,1,11,0,33.59,688.60,100.00,0.00,3170.54,0
269916,95,81,127,846,1,11,0,33.59,688.60,100.00,0.00,3170.54,0
270912,95,82,126,845,1,11,0,33.59,688.60,100.00,0.00,3170.54,0
271908,95,81,126,846,1,12,0,33.59,688.60,100.00,0.00,3170.54,0
272904,95,81,126,846,1,11,0,33.59,688.60,100.00,0.00,3170.54,0
273900,94,81,126,845,1,11,0,33.59,688.60,100.00,0.00,3170.54,0
274896,94,82,126,846,1,11,0,33.59,688.60,100.00,0.00,3170.54,0
275892,95,82,126,845,1,11,0,33.59,688.60,100.00,0.00,3170.54,0
276888,95,81,126,845,1,11,0,33.59,688.60,100.00,0.00,3170.54,0
277884,95,82,126,845,1,11,0,33.59,688.60,100.00,0.00,3170.54,0
278880,95,82,126,845,1,11,0,33.59,688.60,100.00,0.00,3170.54,0
279876,95,81,126,844,1,11,0,33.59,688.60,100.00,0.00,3170.54,0
280872,94,82,127,845,1,11,0,33.59,688.60,100.00,0.00,3170.54,0
281868,94,82,127,844,1,11,0,33.59,688.60,100.00,0.00,3170.54,0
282864,94,82,126,845,1,11,0,33.59,688.60,100.00,0.00,3170.54,0
283860,94,82,126,845,1,11,0,33.59,688.60,100.00,0.00,3170.54,0
284856,95,82,126,844,1,11,0,33.59,688.60,100.00,0.00,3170.54,1
285852,95,81,126,845,1,11,0,33.59,688.60,100.00,0.00,3170.54,1
286848,94,81,127,844,1,11,0,33.59,688.60,100.00,0.00,3170.54,1
287844,94,81,126,844,1,11,0,33.59,688.60,100.00,0.00,3170.54,1
288840,94,81,126,844,1,11,0,33.59,688.60,100.00,0.00,3170.54,1
289836,94,82,126,845,1,11,0,33.59,688.60,100.00,0.00,3170.54,1
290832,94,81,126,844,1,11,0,33.59,688.60,100.00,0.00,3170.54,1
291828,95,82,126,844,1,11,0,33.59,688.60,100.00,0.00,3170.54,1
292824,95,82,126,844,1,11,0,33.59,688.60,100.00,0.00,3170.54,1
293820,95,81,126,845,1,11,0,33.59,688.60,100.00,0.00,3170.54,1
294816,94,82,127,844,1,11,0,33.59,688.60,100.00,0.00,3170.54,1
295812,94,81,126,844,1,11,0,33.59,688.60,100.00,0.00,3170.54,1
296808,94,82,126,844,1,11,0,33.59,688.60,100.00,0.00,3170.54,1
297804,94,82,126,844,1,11,0,33.59,688.60,100.00,0.00,3170.54,1
298800,94,82,126,844,1,11,0,33.59,688.60,100.00,0.00,3170.54,1
299796,94,81,126,844,1,11,0,33.59,688.60,100.00,0.00,3170.54,1
300792,94,81,126,845,1,11,0,33.59,688.60,100.00,0.00,3170.54,1
301788,94,81,126,844,1,11,0,33.59,688.60,100.00,0.00,3170.54,1
302784,94,82,127,845,1,11,0,33.59,688.60,100.00,0.00,3170.54,1
303780,94,82,126,844,1,11,0,33.59,688.60,100.00,0.00,3170.54,1
304776,94,82,126,844,1,11,0,33.59,688.60,100.00,0.00,3170.54,1
305772,94,81,126,844,1,11,0,33.59,688.60,100.00,0.00,3170.54,0
306768,94,81,126,844,1,11,0,33.59,688.60,100.00,0.00,3170.54,0
307764,94,81,126,844,1,11,0,33.59,688.60,100.00,0.00,3170.54,0
308760,94,81,125,845,1,11,0,33.59,688.60,100.00,0.00,3170.54,0
309756,93,81,126,844,1,11,0,33.59,688.60,100.00,0.00,3170.54,0
310752,94,81,126,845,1,12,0,33.59,688.60,100.00,0.00,3170.54,0
311748,94,82,126,843,1,11,0,33.59,688.60,100.00,0.00,3170.54,0
312744,93,82,126,843,1,11,0,33.59,688.60,100.00,0.00,3170.54,0
313740,93,82,126,844,1,11,0,33.59,688.60,100.00,0.00,3170.54,0
314736,94,81,126,843,1,11,0,33.59,688.60,100.00,0.00,3170.54,0
315732,94,82,126,843,1,11,0,33.59,688.60,100.00,0.00,3170.54,0
316728,93,81,126,843,1,11,0,33.59,688.60,100.00,0.00,3170.54,0
317724,93,82,126,843,1,11,0,33.59,688.60,100.00,0.00,3170.54,0
318720,93,82,126,844,1,10,0,33.59,688.60,100.00,0.00,3170.54,0
319716,94,81,126,843,1,11,0,33.59,688.60,100.00,0.00,3170.54,0
320712,93,82,126,843,1,11,0,33.59,688.60,100.00,0.00,3170.54,0
321708,93,82,126,842,1,11,0,33.59,688.60,100.00,0.00,3170.54,0
322704,93,82,126,844,1,11,0,33.59,688.60,100.00,0.00,3170.54,0
323700,93,82,126,843,1,11,0,33.59,688.60,100.00,0.00,3170.54,0
324696,93,82,126,843,1,11,0,33.59,688.60,100.00,0.00,3170.54,0
325692,93,81,126,843,1,11,0,33.59,688.60,100.00,0.00,3170.54,1
326688,93,82,126,844,1,11,0,33.59,688.60,100.00,0.00,3170.54,1
327684,93,82,126,844,1,11,0,33.59,688.60,100.00,0.00,3170.54,1
328680,93,82,126,843,1,10,0,33.59,688.60,100.00,0.00,3170.54,1
329676,93,81,126,844,1,11,0,33.59,688.60,100.00,0.00,3170.54,1
330672,93,81,126,843,1,11,0,33.59,688.60,100.00,0.00,3170.54,1
331668,93,82,126,843,1,11,0,33.59,688.60,100.00,0.00,3170.54,1
332664,93,82,127,843,1,11,0,33.59,688.60,100.00,0.00,3170.54,1
333660,93,82,126,843,1,11,0,33.59,688.60,100.00,0.00,3170.54,1
334656,93,82,126,844,1,11,0,33.59,688.60,100.00,0.00,3170.54,1
335652,93,82,126,844,1,10,0,33.59,688.60,100.00,0.00,3170.54,1
336648,93,81,126,844,1,11,0,33.59,688.60,100.00,0.00,3170.54,1
337644,92,82,126,844,1,11,0,33.59,688.60,100.00,0.00,3170.54,1
338640,93,82,126,844,1,11,0,33.59,688.60,100.00,0.00,3170.54,1
339636,93,82,126,843,1,11,0,33.59,688.60,100.00,0.00,3170.54,1
340632,92,81,126,843,1,11,0,33.59,688.60,100.00,0.00,3170.54,1
341628,93,81,126,843,1,11,0,33.59,688.60,100.00,0.00,3170.54,1
342624,93,82,126,843,1,11,0,33.59,688.60,100.00,0.00,3170.54,1
343620,93,82,126,843,1,11,0,33.59,688.60,100.00,0.00,3170.54,1
344616,93,82,126,843,1,10,0,33.59,688.60,100.00,0.00,3170.54,1
345612,93,81,126,843,1,11,0,33.59,688.60,100.00,0.00,3170.54,0
346608,93,82,126,843,1,11,0,33.59,688.60,100.00,0.00,3170.54,0
347604,93,82,126,844,1,11,0,33.59,688.60,100.00,0.00,3170.54,0
348600,93,81,127,843,1,11,0,33.59,688.60,100.00,0.00,3170.54,0
349596,93,81,126,843,1,11,0,33.59,688.60,100.00,0.00,3170.54,0
350592,92,82,126,843,1,10,0,33.59,688.60,100.00,0.00,3170.54,0
351588,93,81,126,843,1,11,0,33.59,688.60,100.00,0.00,3170.54,0
352584,93,82,126,843,1,10,0,33.59,688.60,100.00,0.00,3170.54,0
353580,93,82,126,843,1,11,0,33.59,688.60,100.00,0.00,3170.54,0
354576,93,82,125,843,1,11,0,33.59,688.60,100.00,0.00,3170.54,0
355572,93,82,125,844,1,11,0,33.59,688.60,100.00,0.00,3170.54,0
356568,93,81,126,843,1,11,0,33.59,688.60,100.00,0.00,3170.54,0
357564,92,82,125,843,1,11,0,33.59,688.60,100.00,0.00,3170.54,0
358560,92,81,126,843,1,11,0,33.59,688.60,100.00,0.00,3170.54,0
359556,92,82,126,843,1,11,0,33.59,688.60,100.00,0.00,3170.54,0
360552,93,82,125,844,1,10,0,33.59,688.60,100.00,0.00,3170.54,0
361548,93,82,126,843,1,10,0,33.59,688.60,100.00,0.00,3170.54,0
362544,93,81,126,844,1,11,0,33.59,688.60,100.00,0.00,3170.54,0
363540,93,82,126,843,1,11,0,33.59,688.60,100.00,0.00,3170.54,0
364536,93,82,126,843,1,11,0,33.59,688.60,100.00,0.00,3170.54,0
365532,93,82,126,843,1,11,0,33.59,688.60,100.00,0.00,3170.54,1
366528,92,82,126,843,1,10,0,33.59,688.60,100.00,0.00,3170.54,1
367524,92,82,126,843,1,10,0,33.59,688.60,100.00,0.00,3170.54,1
368520,93,82,126,843,1,11,0,33.59,688.60,100.00,0.00,3170.54,1
369516,93,82,126,843,1,11,0,33.59,688.60,100.00,0.00,3170.54,1
370512,92,81,125,843,1,11,0,33.59,688.60,100.00,0.00,3170.54,1
371508,92,81,126,843,1,11,0,33.59,688.60,100.00,0.00,3170.54,1
372504,92,82,126,843,1,11,0,33.59,688.60,100.00,0.00,3170.54,1
373500,93,81,126,842,1,10,0,33.59,688.60,100.00,0.00,3170.54,1
374496,92,82,126,843,1,11,0,33.59,688.60,100.00,0.00,3170.54,1
375492,92,82,126,842,1,12,0,33.59,688.60,100.00,0.00,3170.54,1
376488,92,82,126,841,1,11,0,33.59,688.60,100.00,0.00,3170.54,1
377484,92,81,126,841,1,11,0,33.59,688.60,100.00,0.00,3170.54,1
378480,92,82,126,842,1,11,0,33.59,688.60,100.00,0.00,3170.54,1
379476,92,82,126,842,1,11,0,33.59,688.60,100.00,0.00,3170.54,1
380472,92,81,126,841,1,11,0,33.59,688.60,100.00,0.00,3170.54,1
381468,92,82,126,841,1,11,0,33.59,688.60,100.00,0.00,3170.54,1
382464,92,81,126,841,1,11,0,33.59,688.60,100.00,0.00,3170.54,1
383460,92,82,126,841,1,11,0,33.59,688.60,100.00,0.00,3170.54,1
384456,92,81,126,841,1,11,0,33.59,688.60,100.00,0.00,3170.54,1
385452,92,82,125,841,1,11,0,33.59,688.60,100.00,0.00,3170.54,0
386448,91,82,126,841,1,11,0,33.59,688.60,100.00,0.00,3170.54,0
387444,92,82,126,840,1,11,0,33.59,688.60,100.00,0.00,3170.54,0
388440,92,82,126,841,1,11,0,33.59,688.60,100.00,0.00,3170.54,0
389436,91,81,126,842,1,12,0,33.59,688.60,100.00,0.00,3170.54,0
390432,92,81,126,841,1,11,0,33.59,688.60,100.00,0.00,3170.54,0
391428,92,81,126,841,1,11,0,33.59,688.60,100.00,0.00,3170.54,0
392424,91,81,126,840,1,11,0,33.59,688.60,100.00,0.00,3170.54,0
393420,92,82,126,841,1,11,0,33.59,688.60,100.00,0.00,3170.54,0
394416,92,81,126,841,1,11,0,33.59,688.60,100.00,0.00,3170.54,0
395412,91,81,126,842,1,11,0,33.59,688.60,100.00,0.00,3170.54,0
396408,92,81,125,841,2,11,0,33.59,688.60,100.00,0.00,3170.54,0
397404,92,82,125,841,1,11,0,33.59,688.60,100.00,0.00,3170.54,0
398400,91,81,125,842,1,11,0,33.59,688.60,100.00,0.00,3170.54,0
399396,92,82,126,841,1,11,0,33.59,688.60,100.00,0.00,3170.54,0
400392,91,81,126,842,1,11,0,33.59,688.60,100.00,0.00,3170.54,0
401388,92,82,126,841,1,11,0,33.59,688.60,100.00,0.00,3170.54,0
402384,92,82,126,842,1,12,0,33.59,688.60,100.00,0.00,3170.54,0
403380,91,81,126,842,1,11,0,33.59,688.60,100.00,0.00,3170.54,0
404376,91,82,126,841,1,11,0,33.59,688.60,100.00,0.00,3170.54,0
405372,91,82,126,841,1,11,0,33.59,688.60,100.00,0.00,3170.54,1
406368,91,82,125,841,1,11,0,33.59,688.60,100.00,0.00,3170.54,1
407364,91,82,126,841,2,11,0,33.59,688.60,100.00,0.00,3170.54,1
408360,91,82,126,840,1,11,0,33.59,688.60,100.00,0.00,3170.54,1
409356,91,82,126,841,1,11,0,33.59,688.60,100.00,0.00,3170.54,1
410352,92,82,126,841,1,11,0,33.59,688.60,100.00,0.00,3170.54,1
411348,92,82,126,841,1,11,0,33.59,688.60,100.00,0.00,3170.54,1
412344,91,81,126,840,1,11,0,33.59,688.60,100.00,0.00,3170.54,1
413340,91,82,126,841,1,11,0,33.59,688.60,100.00,0.00,3170.54,1
414336,91,81,126,841,1,11,0,33.59,688.60,100.00,0.00,3170.54,1
415332,91,82,126,841,1,11,0,33.59,688.60,100.00,0.00,3170.54,1
416328,91,82,126,840,1,12,0,33.59,688.60,100.00,0.00,3170.54,1
417324,91,82,126,841,1,11,0,33.59,688.60,100.00,0.00,3170.54,1
418320,91,82,125,840,1,11,0,33.59,688.60,100.00,0.00,3170.54,1
419316,91,82,126,840,1,11,0,33.59,688.60,100.00,0.00,3170.54,1
420312,91,82,126,840,1,11,0,33.59,688.60,100.00,0.00,3170.54,1
421308,91,82,126,840,1,11,0,33.59,688.60,100.00,0.00,3170.54,1
422304,91,82,126,840,1,11,0,33.59,688.60,100.00,0.00,3170.54,1
423300,90,81,126,841,1,11,0,33.59,688.60,100.00,0.00,3170.54,1
424296,91,82,126,841,1,11,0,33.59,688.60,100.00,0.00,3170.54,1
425292,91,82,126,841,1,11,0,33.59,688.60,100.00,0.00,3170.54,0
426288,91,82,126,841,1,11,0,33.59,688.60,100.00,0.00,3170.54,0
427284,90,82,126,840,1,11,0,33.59,688.60,100.00,0.00,3170.54,0
428280,91,82,126,841,1,11,0,33.59,688.60,100.00,0.00,3170.54,0
429276,91,82,126,840,1,12,0,33.59,688.60,100.00,0.00,3170.54,0
430272,91,82,126,841,1,11,0,33.59,688.60,100.00,0.00,3170.54,0
431268,91,82,126,841,1,11,0,33.59,688.60,100.00,0.00,3170.54,0
432264,91,82,125,840,2,12,0,33.59,688.60,100.00,0.00,3170.54,0
433260,91,82,126,841,1,11,0,33.59,688.60,100.00,0.00,3170.54,0
434256,91,81,126,840,1,11,0,33.59,688.60,100.00,0.00,3170.54,0
435252,91,82,126,840,1,11,0,33.59,688.60,100.00,0.00,3170.54,0
436248,91,82,126,840,1,11,0,33.59,688.60,100.00,0.00,3170.54,0
437244,91,82,126,840,1,12,0,33.59,688.60,100.00,0.00,3170.54,0
438240,91,81,126,841,1,11,0,33.59,688.60,100.00,0.00,3170.54,0
439236,91,82,126,840,1,12,0,33.59,688.60,100.00,0.00,3170.54,0
440232,91,82,126,841,1,11,0,33.59,688.60,100.00,0.00,3170.54,0
441228,91,82,126,840,1,11,0,33.59,688.60,100.00,0.00,3170.54,0
442224,91,82,126,840,1,12,0,33.59,688.60,100.00,0.00,3170.54,0
443220,91,82,126,841,1,11,0,33.59,688.60,100.00,0.00,3170.54,0
444216,91,82,126,840,1,11,0,33.59,688.60,100.00,0.00,3170.54,0
445212,90,82,126,840,1,12,0,33.59,688.60,100.00,0.00,3170.54,1
446208,91,82,125,840,1,11,0,33.59,688.60,100.00,0.00,3170.54,1
447204,90,82,126,840,1,11,0,33.59,688.60,100.00,0.00,3170.54,1
448200,91,82,126,840,1,11,0,33.59,688.60,100.00,0.00,3170.54,1
449196,91,82,125,841,1,11,0,33.59,688.60,100.00,0.00,3170.54,1
450192,90,82,125,840,1,11,0,33.59,688.60,100.00,0.00,3170.54,1
451188,91,82,126,840,1,11,0,33.59,688.60,100.00,0.00,3170.54,1
452184,91,82,125,840,1,11,0,33.59,688.60,100.00,0.00,3170.54,1
453180,90,81,126,840,1,11,0,33.59,688.60,100.00,0.00,3170.54,1
454176,90,82,126,840,1,11,0,33.59,688.60,100.00,0.00,3170.54,1
455172,90,82,126,840,1,12,0,33.59,688.60,100.00,0.00,3170.54,1
456168,91,82,126,840,1,11,0,33.59,688.60,100.00,0.00,3170.54,1
457164,91,82,126,840,1,11,0,33.59,688.60,100.00,0.00,3170.54,1
458160,90,82,125,840,1,11,0,33.59,688.60,100.00,0.00,3170.54,1
459156,90,82,126,840,1,11,0,33.59,688.60,100.00,0.00,3170.54,1
460152,90,82,126,840,1,11,0,33.59,688.60,100.00,0.00,3170.54,1
461148,90,82,125,840,1,11,0,33.59,688.60,100.00,0.00,3170.54,1
462144,90,82,126,839,1,11,0,33.59,688.60,100.00,0.00,3170.54,1
463140,90,82,126,840,1,11,0,33.59,688.60,100.00,0.00,3170.54,1
464136,91,82,126,840,1,11,0,33.59,688.60,100.00,0.00,3170.54,1
465132,90,82,126,840,1,11,0,33.59,688.60,100.00,0.00,3170.54,0
466128,90,82,126,840,1,12,0,33.59,688.60,100.00,0.00,3170.54,0
467124,90,82,126,840,1,11,0,33.59,688.60,100.00,0.00,3170.54,0
468120,91,82,126,839,1,11,0,33.59,688.60,100.00,0.00,3170.54,0
469116,90,82,126,839,1,12,0,33.59,688.60,100.00,0.00,3170.54,0
470112,90,82,126,840,1,11,0,33.59,688.60,100.00,0.00,3170.54,0
471108,91,82,126,839,1,11,0,33.59,688.60,100.00,0.00,3170.54,0
472104,90,82,126,839,1,11,0,33.59,688.60,100.00,0.00,3170.54,0
473100,90,82,126,839,1,11,0,33.59,688.60,100.00,0.00,3170.54,0
474096,90,82,125,839,1,12,0,33.59,688.60,100.00,0.00,3170.54,0
475092,90,82,125,839,1,11,0,33.59,688.60,100.00,0.00,3170.54,0
476088,90,82,126,839,1,12,0,33.59,688.60,100.00,0.00,3170.54,0
477084,90,82,125,839,1,12,0,33.59,688.60,100.00,0.00,3170.54,0
478080,90,82,126,838,1,11,0,33.59,688.60,100.00,0.00,3170.54,0
479076,90,82,125,839,2,11,0,33.59,688.60,100.00,0.00,3170.54,0
480072,90,82,125,839,1,12,0,33.59,688.60,100.00,0.00,3170.54,0
481068,90,82,126,838,1,11,0,33.59,688.60,100.00,0.00,3170.54,0
482064,90,81,125,839,1,12,0,33.59,688.60,100.00,0.00,3170.54,0
483060,90,82,126,838,1,12,0,33.59,688.60,100.00,0.00,3170.54,0
484056,90,82,126,838,1,11,0,33.59,688.60,100.00,0.00,3170.54,0
485052,90,82,125,839,1,12,0,33.59,688.60,100.00,0.00,3170.54,1
486048,90,82,125,839,2,12,0,33.59,688.60,100.00,0.00,3170.54,1
487044,90,82,126,839,1,12,0,33.59,688.60,100.00,0.00,3170.54,1
488040,90,82,125,838,1,12,0,33.59,688.60,100.00,0.00,3170.54,1
489036,90,82,126,838,1,12,0,33.59,688.60,100.00,0.00,3170.54,1
490032,89,82,126,838,1,12,0,33.59,688.60,100.00,0.00,3170.54,1
491028,89,82,125,838,1,11,0,33.59,688.60,100.00,0.00,3170.54,1
492024,90,82,126,838,1,11,0,33.59,688.60,100.00,0.00,3170.54,1
493020,90,82,125,838,1,11,0,33.59,688.60,100.00,0.00,3170.54,1
494016,90,82,126,838,1,11,0,33.59,688.60,100.00,0.00,3170.54,1
495012,89,82,125,837,1,12,0,33.59,688.60,100.00,0.00,3170.54,1
496008,89,82,126,837,1,11,0,33.59,688.60,100.00,0.00,3170.54,1
497004,90,82,125,838,1,11,0,33.59,688.60,100.00,0.00,3170.54,1
498000,90,81,126,838,1,11,0,33.59,688.60,100.00,0.00,3170.54,1
498996,89,81,125,838,1,12,0,33.59,688.60,100.00,0.00,3170.54,1
499992,90,82,125,839,1,11,0,33.59,688.60,100.00,0.00,3170.54,1
500988,89,81,126,838,1,12,0,33.59,688.60,100.00,0.00,3170.54,1
501984,89,82,126,838,1,11,0,33.59,688.60,100.00,0.00,3170.54,1
502980,89,81,126,838,1,11,0,33.59,688.60,100.00,0.00,3170.54,1
503976,90,81,125,839,1,12,0,33.59,688.60,100.00,0.00,3170.54,1
504972,89,82,125,838,1,12,0,33.59,688.60,100.00,0.00,3170.54,0
505968,89,82,125,838,1,13,0,33.59,688.60,100.00,0.00,3170.54,0
506964,89,82,125,838,1,11,0,33.59,688.60,100.00,0.00,3170.54,0
507960,89,82,126,838,1,11,0,33.59,688.60,100.00,0.00,3170.54,0
508956,89,82,126,838,1,11,0,33.59,688.60,100.00,0.00,3170.54,0
509952,89,82,126,838,1,11,0,33.59,688.60,100.00,0.00,3170.54,0
510948,90,81,126,837,1,12,0,33.59,688.60,100.00,0.00,3170.54,0
511944,89,82,125,837,2,12,0,33.59,688.60,100.00,0.00,3170.54,0
512940,89,82,125,837,1,11,0,33.59,688.60,100.00,0.00,3170.54,0
513936,89,82,125,837,1,11,0,33.59,688.60,100.00,0.00,3170.54,0
514932,90,82,125,837,1,12,0,33.59,688.60,100.00,0.00,3170.54,0
515928,89,82,126,836,2,12,0,33.59,688.60,100.00,0.00,3170.54,0
516924,89,82,126,837,1,12,0,33.59,688.60,100.00,0.00,3170.54,0
517920,90,82,125,837,1,11,0,33.59,688.60,100.00,0.00,3170.54,0
518916,89,82,125,837,1,12,0,33.59,688.60,100.00,0.00,3170.54,0
519912,89,82,125,837,1,12,0,33.59,688.60,100.00,0.00,3170.54,0
520908,89,82,126,837,1,12,0,33.59,688.60,100.00,0.00,3170.54,0
521904,89,81,126,837,1,11,0,33.59,688.60,100.00,0.00,3170.54,0
522900,89,82,125,836,1,11,0,33.59,688.60,100.00,0.00,3170.54,0
523896,89,82,126,837,1,11,0,33.59,688.60,100.00,0.00,3170.54,0
524892,89,81,126,837,1,11,0,33.59,688.60,100.00,0.00,3170.54,1
525888,88,82,126,837,2,11,0,33.59,688.60,100.00,0.00,3170.54,1
526884,89,82,125,837,1,11,0,33.59,688.60,100.00,0.00,3170.54,1
527880,89,82,126,837,1,12,0,33.59,688.60,100.00,0.00,3170.54,1
528876,89,82,125,837,1,12,0,33.59,688.60,100.00,0.00,3170.54,1
529872,89,82,125,836,1,12,0,33.59,688.60,100.00,0.00,3170.54,1
530868,89,82,125,837,2,12,0,33.59,688.60,100.00,0.00,3170.54,1
531864,89,82,125,836,1,12,0,33.59,688.60,100.00,0.00,3170.54,1
532860,88,82,126,836,1,12,0,33.59,688.60,100.00,0.00,3170.54,1
533856,89,82,126,836,1,12,0,33.59,688.60,100.00,0.00,3170.54,1
534852,88,82,125,837,1,11,0,33.59,688.60,100.00,0.00,3170.54,1
535848,89,81,125,836,1,11,0,33.59,688.60,100.00,0.00,3170.54,1
536844,88,81,126,836,1,11,0,33.59,688.60,100.00,0.00,3170.54,1
537840,89,81,126,836,1,12,0,33.59,688.60,100.00,0.00,3170.54,1
538836,88,82,125,835,1,11,0,33.59,688.60,100.00,0.00,3170.54,1
539832,89,82,126,835,1,12,0,33.59,688.60,100.00,0.00,3170.54,1
540828,89,82,125,835,1,11,0,33.59,688.60,100.00,0.00,3170.54,1
541824,88,81,125,835,1,11,0,33.59,688.60,100.00,0.00,3170.54,1
542820,89,82,126,835,1,11,0,33.59,688.60,100.00,0.00,3170.54,1
543816,88,82,125,835,1,11,0,33.59,688.60,100.00,0.00,3170.54,1
544812,88,82,125,835,1,12,0,33.59,688.60,100.00,0.00,3170.54,1
545808,88,82,126,835,1,12,0,33.59,688.60,100.00,0.00,3170.54,0
546804,88,81,126,835,1,12,0,33.59,688.60,100.00,0.00,3170.54,0
547800,88,82,125,835,1,12,0,33.59,688.60,100.00,0.00,3170.54,0
548796,88,82,125,835,1,12,0,33.59,688.60,100.00,0.00,3170.54,0
549792,88,82,126,835,1,12,0,33.59,688.60,100.00,0.00,3170.54,0
550788,88,81,125,835,1,12,0,33.59,688.60,100.00,0.00,3170.54,0
551784,88,82,126,835,2,13,0,33.59,688.60,100.00,0.00,3170.54,0
552780,89,81,125,836,1,13,0,33.59,688.60,100.00,0.00,3170.54,0
553776,89,81,126,835,1,11,0,33.59,688.60,100.00,0.00,3170.54,0
554772,88,81,125,836,1,13,0,33.59,688.60,100.00,0.00,3170.54,0
555768,88,82,126,835,1,12,0,33.59,688.60,100.00,0.00,3170.54,0
556764,88,81,125,835,1,12,0,33.59,688.60,100.00,0.00,3170.54,0
557760,89,82,125,835,1,12,0,33.59,688.60,100.00,0.00,3170.54,0
558756,88,82,126,835,1,12,0,33.59,688.60,100.00,0.00,3170.54,0
559752,89,82,125,835,1,12,0,33.59,688.60,100.00,0.00,3170.54,0
560748,88,82,126,834,2,12,0,33.59,688.60,100.00,0.00,3170.54,0
561744,88,82,125,835,2,13,0,33.59,688.60,100.00,0.00,3170.54,0
562740,88,82,126,836,1,13,0,33.59,688.60,100.00,0.00,3170.54,0
563736,88,82,126,835,1,13,0,33.59,688.60,100.00,0.00,3170.54,0
564732,88,82,125,835,1,12,0,33.59,688.60,100.00,0.00,3170.54,0
565728,88,82,126,835,1,12,0,33.59,688.60,100.00,0.00,3170.54,1
566724,88,81,125,835,1,12,0,33.59,688.60,100.00,0.00,3170.54,1
567720,88,82,126,835,1,12,0,33.59,688.60,100.00,0.00,3170.54,1
568716,88,82,125,835,2,11,0,33.59,688.60,100.00,0.00,3170.54,1
569712,88,82,125,835,1,12,0,33.59,688.60,100.00,0.00,3170.54,1
570708,88,81,125,834,1,12,0,33.59,688.60,100.00,0.00,3170.54,1
571704,88,81,126,835,1,12,0,33.59,688.60,100.00,0.00,3170.54,1
572700,88,82,126,835,1,12,0,33.59,688.60,100.00,0.00,3170.54,1
573696,88,81,126,835,1,12,0,33.59,688.60,100.00,0.00,3170.54,1
574692,88,82,125,834,1,12,0,33.59,688.60,100.00,0.00,3170.54,1
575688,88,81,126,835,1,12,0,33.59,688.60,100.00,0.00,3170.54,1
576684,88,82,125,834,1,12,0,33.59,688.60,100.00,0.00,3170.54,1
577680,88,82,125,834,1,12,0,33.59,688.60,100.00,0.00,3170.54,1
578676,88,82,126,835,2,12,0,33.59,688.60,100.00,0.00,3170.54,1
579672,88,82,125,834,2,12,0,33.59,688.60,100.00,0.00,3170.54,1
580668,88,82,126,834,1,13,0,33.59,688.60,100.00,0.00,3170.54,1
581664,88,82,126,834,1,12,0,33.59,688.60,100.00,0.00,3170.54,1
582660,88,81,126,834,1,12,0,33.59,688.60,100.00,0.00,3170.54,1
583656,87,82,125,835,1,12,0,33.59,688.60,100.00,0.00,3170.54,1
584652,88,82,125,834,1,12,0,33.59,688.60,100.00,0.00,3170.54,1
585648,88,82,126,834,1,12,0,33.59,688.60,100.00,0.00,3170.54,0
586644,88,82,126,835,1,12,0,33.59,688.60,100.00,0.00,3170.54,0
587640,87,82,125,834,1,13,0,33.59,688.60,100.00,0.00,3170.54,0
588636,87,82,125,834,1,12,0,33.59,688.60,100.00,0.00,3170.54,0
589632,88,82,125,834,1,12,0,33.59,688.60,100.00,0.00,3170.54,0
590628,87,82,126,835,1,12,0,33.59,688.60,100.00,0.00,3170.54,0
591624,87,82,125,833,1,12,0,33.59,688.60,100.00,0.00,3170.54,0
592620,87,82,125,834,1,12,0,33.59,688.60,100.00,0.00,3170.54,0
593616,87,81,126,834,1,12,0,33.59,688.60,100.00,0.00,3170.54,0
594612,88,82,125,834,1,12,0,33.59,688.60,100.00,0.00,3170.54,0
595608,88,82,126,835,1,13,0,33.59,688.60,100.00,0.00,3170.54,0
596604,87,82,125,834,1,13,0,33.59,688.60,100.00,0.00,3170.54,0
597600,87,82,125,834,1,12,0,33.59,688.60,100.00,0.00,3170.54,0
598596,87,81,125,834,1,12,0,33.59,688.60,100.00,0.00,3170.54,0
599592,87,82,125,833,1,12,0,33.59,688.60,100.00,0.00,3170.54,0
0,87,82,124,834,1,12,0,33.59,688.60,100.00,0.00,3170.54,0
996,87,82,125,834,1,12,0,33.59,688.60,100.00,0.00,3170.54,0
1992,87,82,125,834,1,12,0,33.59,688.60,100.00,0.00,3170.54,0
2988,87,81,125,834,1,12,0,33.59,688.60,100.00,0.00,3170.54,1
3984,87,82,124,834,1,12,0,33.59,688.60,100.00,0.00,3170.54,1
4980,87,82,125,834,1,12,0,33.59,688.60,100.00,0.00,3170.54,1
5976,87,82,125,834,2,12,0,33.59,688.60,100.00,0.00,3170.54,1
6972,87,82,125,834,1,12,0,33.59,688.60,100.00,0.00,3170.54,1
7968,87,82,125,834,1,12,0,33.59,688.60,100.00,0.00,3170.54,1
8964,87,82,125,833,1,12,0,33.59,688.60,100.00,0.00,3170.54,1
9960,87,82,124,834,1,12,0,33.59,688.60,100.00,0.00,3170.54,1
10956,87,81,125,834,1,13,0,33.59,688.60,100.00,0.00,3170.54,1
11952,87,81,125,833,1,12,0,33.59,688.60,100.00,0.00,3170.54,1
12948,87,81,125,834,1,12,0,33.59,688.60,100.00,0.00,3170.54,1
13944,87,82,125,833,1,12,0,33.59,688.60,100.00,0.00,3170.54,1
14940,86,82,125,833,1,12,0,33.59,688.60,100.00,0.00,3170.54,1
15936,87,81,125,833,1,12,0,33.59,688.60,100.00,0.00,3170.54,1
16932,87,82,124,834,1,11,0,33.59,688.60,100.00,0.00,3170.54,1
17928,87,82,125,834,1,12,0,33.59,688.60,100.00,0.00,3170.54,1
18924,87,81,125,834,1,12,0,33.59,688.60,100.00,0.00,3170.54,1
19920,86,82,125,833,1,12,0,33.59,688.60,100.00,0.00,3170.54,1
20916,87,81,125,833,1,12,0,33.59,688.60,100.00,0.00,3170.54,1
21912,86,81,125,833,1,12,0,33.59,688.60,100.00,0.00,3170.54,1
22908,87,82,125,833,1,13,0,33.59,688.60,100.00,0.00,3170.54,0
23904,87,81,125,833,1,12,0,33.59,688.60,100.00,0.00,3170.54,0
24900,87,82,125,833,2,12,0,33.59,688.60,100.00,0.00,3170.54,0
25896,87,82,125,834,2,13,0,33.59,688.60,100.00,0.00,3170.54,0
26892,87,82,124,833,2,13,0,33.59,688.60,100.00,0.00,3170.54,0
27888,87,82,125,833,1,13,0,33.59,688.60,100.00,0.00,3170.54,0
28884,87,81,125,833,1,13,0,33.59,688.60,100.00,0.00,3170.54,0
29880,87,82,125,833,2,13,0,33.59,688.60,100.00,0.00,3170.54,0
30876,87,82,125,833,2,14,0,33.59,688.60,100.00,0.00,3170.54,0
31872,87,82,125,833,2,13,0,33.59,688.60,100.00,0.00,3170.54,0
32868,86,81,125,833,2,13,0,33.59,688.60,100.00,0.00,3170.54,0
33864,87,81,125,833,2,13,0,33.59,688.60,100.00,0.00,3170.54,0
34860,86,81,125,833,2,12,0,33.59,688.60,100.00,0.00,3170.54,0
35856,87,81,125,834,1,13,0,33.59,688.60,100.00,0.00,3170.54,0
36852,87,81,125,833,2,12,0,33.59,688.60,100.00,0.00,3170.54,0
37848,87,82,125,833,2,12,0,33.59,688.60,100.00,0.00,3170.54,0
38844,86,81,125,833,1,12,0,33.59,688.60,100.00,0.00,3170.54,0
39840,87,81,125,833,1,12,0,33.59,688.60,100.00,0.00,3170.54,0
40836,87,81,125,833,1,13,0,33.59,688.60,100.00,0.00,3170.54,0
41832,86,82,125,833,1,13,0,33.59,688.60,100.00,0.00,3170.54,0
42828,87,82,125,833,1,13,0,33.59,688.60,100.00,0.00,3170.54,1
43824,86,82,124,833,1,12,0,33.59,688.60,100.00,0.00,3170.54,1
44820,87,81,125,833,1,13,0,33.59,688.60,100.00,0.00,3170.54,1
45816,86,81,125,833,2,12,0,33.59,688.60,100.00,0.00,3170.54,1
46812,86,82,125,833,2,13,0,33.59,688.60,100.00,0.00,3170.54,1
47808,86,82,125,833,1,12,0,33.59,688.60,100.00,0.00,3170.54,1
48804,86,82,125,833,2,13,0,33.59,688.60,100.00,0.00,3170.54,1
49800,87,82,125,833,1,12,0,33.59,688.60,100.00,0.00,3170.54,1
50796,87,82,124,833,2,13,0,33.59,688.60,100.00,0.00,3170.54,1
51792,86,82,124,833,1,13,0,33.59,688.60,100.00,0.00,3170.54,1
52788,87,81,125,833,1,12,0,33.59,688.60,100.00,0.00,3170.54,1
53784,86,82,125,833,2,12,0,33.59,688.60,100.00,0.00,3170.54,1
54780,86,82,125,833,1,13,0,33.59,688.60,100.00,0.00,3170.54,1
55776,87,82,125,834,2,13,0,33.59,688.60,100.00,0.00,3170.54,1
56772,86,81,125,832,1,13,0,33.59,688.60,100.00,0.00,3170.54,1
57768,87,81,124,832,1,12,0,33.59,688.60,100.00,0.00,3170.54,1
58764,86,82,125,833,1,12,0,33.59,688.60,100.00,0.00,3170.54,1
59760,87,81,125,833,2,12,0,33.59,688.60,100.00,0.00,3170.54,1
60756,87,82,124,832,1,12,0,33.59,688.60,100.00,0.00,3170.54,1
61752,86,81,125,832,1,12,0,33.59,688.60,100.00,0.00,3170.54,1
62748,86,81,124,833,1,12,0,33.59,688.60,100.00,0.00,3170.54,0
63744,86,81,124,833,1,12,0,33.59,688.60,100.00,0.00,3170.54,0
64740,86,82,125,833,1,12,0,33.59,688.60,100.00,0.00,3170.54,0
65736,86,82,125,833,1,12,0,33.59,688.60,100.00,0.00,3170.54,0
66732,86,82,125,832,2,13,0,33.59,688.60,100.00,0.00,3170.54,0
67728,86,81,125,833,1,13,0,33.59,688.60,100.00,0.00,3170.54,0
68724,85,82,125,832,2,13,0,33.59,688.60,100.00,0.00,3170.54,0
69720,87,82,125,833,2,13,0,33.59,688.60,100.00,0.00,3170.54,0
70716,86,82,125,832,1,13,0,33.59,688.60,100.00,0.00,3170.54,0
71712,86,81,125,832,1,13,0,33.59,688.60,100.00,0.00,3170.54,0
72708,86,81,124,832,1,13,0,33.59,688.60,100.00,0.00,3170.54,0
73704,86,81,125,833,1,13,0,33.59,688.60,100.00,0.00,3170.54,0
74700,86,82,125,833,1,13,0,33.59,688.60,100.00,0.00,3170.54,0
75696,86,81,124,832,1,13,0,33.59,688.60,100.00,0.00,3170.54,0
76692,86,82,125,832,1,12,0,33.59,688.60,100.00,0.00,3170.54,0
77688,86,82,124,832,2,13,0,33.59,688.60,100.00,0.00,3170.54,0
78684,86,82,125,833,1,12,0,33.59,688.60,100.00,0.00,3170.54,0
79680,86,81,125,833,1,12,0,33.59,688.60,100.00,0.00,3170.54,0
80676,85,82,125,833,1,13,0,33.59,688.60,100.00,0.00,3170.54,0
81672,86,82,125,832,1,12,0,33.59,688.60,100.00,0.00,3170.54,0
82668,86,82,125,833,1,12,0,33.59,688.60,100.00,0.00,3170.54,1
83664,86,82,124,833,1,12,0,33.59,688.60,100.00,0.00,3170.54,1
84660,86,82,125,832,1,12,0,33.59,688.60,100.00,0.00,3170.54,1
85656,85,82,125,832,1,12,0,33.59,688.60,100.00,0.00,3170.54,1
86652,86,82,124,833,1,12,0,33.59,688.60,100.00,0.00,3170.54,1
87648,85,82,124,832,1,12,0,33.59,688.60,100.00,0.00,3170.54,1
88644,85,82,124,833,1,12,0,33.59,688.60,100.00,0.00,3170.54,1
89640,86,82,124,832,1,12,0,33.59,688.60,100.00,0.00,3170.54,1
90636,86,82,125,833,1,12,0,33.59,688.60,100.00,0.00,3170.54,1
91632,86,82,125,832,1,12,0,33.59,688.60,100.00,0.00,3170.54,1
92628,86,81,125,832,1,12,0,33.59,688.60,100.00,0.00,3170.54,1
93624,86,82,124,832,1,12,0,33.59,688.60,100.00,0.00,3170.54,1
94620,85,81,124,833,1,12,0,33.59,688.60,100.00,0.00,3170.54,1
95616,86,81,124,832,1,12,0,33.59,688.60,100.00,0.00,3170.54,1
96612,86,82,124,832,1,13,0,33.59,688.60,100.00,0.00,3170.54,1
97608,86,82,125,833,1,13,0,33.59,688.60,100.00,0.00,3170.54,1
98604,85,82,124,832,1,13,0,33.59,688.60,100.00,0.00,3170.54,1
99600,86,82,124,833,1,13,0,33.59,688.60,100.00,0.00,3170.54,1
100596,85,82,125,832,1,12,0,33.59,688.60,100.00,0.00,3170.54,1
101592,85,82,124,833,1,13,0,33.59,688.60,100.00,0.00,3170.54,1
102588,85,82,124,832,1,12,0,33.59,688.60,100.00,0.00,3170.54,0
103584,85,82,124,833,1,12,0,33.59,688.60,100.00,0.00,3170.54,0
104580,85,82,124,832,1,12,0,33.59,688.60,100.00,0.00,3170.54,0
105576,85,82,124,832,2,13,0,33.59,688.60,100.00,0.00,3170.54,0
106572,85,82,124,832,1,13,0,33.59,688.60,100.00,0.00,3170.54,0
107568,85,82,125,832,1,13,0,33.59,688.60,100.00,0.00,3170.54,0
108564,85,82,124,832,1,13,0,33.59,688.60,100.00,0.00,3170.54,0
109560,85,82,124,832,2,13,0,33.59,688.60,100.00,0.00,3170.54,0
110556,85,82,125,831,1,13,0,33.59,688.60,100.00,0.00,3170.54,0
111552,85,81,124,832,1,13,0,33.59,688.60,100.00,0.00,3170.54,0
112548,85,81,124,832,1,13,0,33.59,688.60,100.00,0.00,3170.54,0
113544,85,82,125,832,1,13,0,33.59,688.60,100.00,0.00,3170.54,0
114540,86,82,124,832,1,13,0,33.59,688.60,100.00,0.00,3170.54,0
115536,85,82,124,832,2,13,0,33.59,688.60,100.00,0.00,3170.54,0
116532,85,82,125,832,1,12,0,33.59,688.60,100.00,0.00,3170.54,0
117528,85,81,124,833,2,12,0,33.59,688.60,100.00,0.00,3170.54,0
118524,85,82,124,832,1,13,0,33.59,688.60,100.00,0.00,3170.54,0
119520,85,81,125,832,1,12,0,33.59,688.60,100.00,0.00,3170.54,0
120516,85,82,124,832,1,12,0,33.59,688.60,100.00,0.00,3170.54,0
121512,85,81,124,832,1,12,0,33.59,688.60,100.00,0.00,3170.54,0
122508,86,81,124,833,1,12,0,33.59,688.60,100.00,0.00,3170.54,1
123504,85,82,124,832,2,13,0,33.59,688.60,100.00,0.00,3170.54,1
124500,85,82,125,832,1,13,0,33.59,688.60,100.00,0.00,3170.54,1
125496,84,82,124,832,1,13,0,33.59,688.60,100.00,0.00,3170.54,1
126492,85,82,125,832,2,13,0,33.59,688.60,100.00,0.00,3170.54,1
127488,85,81,124,832,2,13,0,33.59,688.60,100.00,0.00,3170.54,1
128484,85,82,124,832,1,13,0,33.59,688.60,100.00,0.00,3170.54,1
129480,85,82,124,832,2,13,0,33.59,688.60,100.00,0.00,3170.54,1
130476,85,81,124,833,1,12,0,33.59,688.60,100.00,0.00,3170.54,1
131472,85,82,124,832,2,13,0,33.59,688.60,100.00,0.00,3170.54,1
132468,85,82,124,832,2,12,0,33.59,688.60,100.00,0.00,3170.54,1
133464,85,82,124,832,1,12,0,33.59,688.60,100.00,0.00,3170.54,1
134460,85,81,124,831,1,13,0,33.59,688.60,100.00,0.00,3170.54,1
135456,85,82,124,832,1,12,0,33.59,688.60,100.00,0.00,3170.54,1
136452,84,82,125,832,1,13,0,33.59,688.60,100.00,0.00,3170.54,1
137448,85,82,125,832,2,13,0,33.59,688.60,100.00,0.00,3170.54,1
138444,85,82,124,832,2,13,0,33.59,688.60,100.00,0.00,3170.54,1
139440,85,81,124,832,1,13,0,33.59,688.60,100.00,0.00,3170.54,1
140436,85,81,124,833,2,13,0,33.59,688.60,100.00,0.00,3170.54,1
141432,84,81,124,832,1,13,0,33.59,688.60,100.00,0.00,3170.54,1
142428,84,81,124,833,2,12,0,33.59,688.60,100.00,0.00,3170.54,0
143424,84,82,124,832,1,12,0,33.59,688.60,100.00,0.00,3170.54,0
144420,84,82,124,832,1,13,0,33.59,688.60,100.00,0.00,3170.54,0
145416,85,81,124,832,2,13,0,33.59,688.60,100.00,0.00,3170.54,0
146412,84,82,124,832,1,13,0,33.59,688.60,100.00,0.00,3170.54,0
147408,84,81,124,831,1,13,0,33.59,688.60,100.00,0.00,3170.54,0
148404,84,81,124,832,1,12,0,33.59,688.60,100.00,0.00,3170.54,0
149400,84,81,124,831,2,12,0,33.59,688.60,100.00,0.00,3170.54,0
150396,84,82,124,831,1,12,0,33.59,688.60,100.00,0.00,3170.54,0
151392,85,81,124,832,1,13,0,33.59,688.60,100.00,0.00,3170.54,0
152388,85,82,124,832,1,12,0,33.59,688.60,100.00,0.00,3170.54,0
153384,85,81,124,831,2,12,0,33.59,688.60,100.00,0.00,3170.54,0
154380,85,82,124,831,2,13,0,33.59,688.60,100.00,0.00,3170.54,0
155376,84,82,124,832,1,12,0,33.59,688.60,100.00,0.00,3170.54,0
156372,85,82,124,831,1,13,0,33.59,688.60,100.00,0.00,3170.54,0
157368,84,81,124,831,1,12,0,33.59,688.60,100.00,0.00,3170.54,0
158364,84,82,124,831,1,12,0,33.59,688.60,100.00,0.00,3170.54,0
159360,84,82,124,831,1,12,0,33.59,688.60,100.00,0.00,3170.54,0
160356,84,82,123,832,2,13,0,33.59,688.60,100.00,0.00,3170.54,0
161352,84,82,124,832,2,14,0,33.59,688.60,100.00,0.00,3170.54,0
162348,84,82,123,831,2,13,0,33.59,688.60,100.00,0.00,3170.54,1
163344,84,82,124,831,2,13,0,33.59,688.60,100.00,0.00,3170.54,1
164340,84,82,124,831,2,13,0,33.59,688.60,100.00,0.00,3170.54,1
165336,84,82,123,831,2,12,0,33.59,688.60,100.00,0.00,3170.54,1
166332,84,81,124,831,2,13,0,33.59,688.60,100.00,0.00,3170.54,1
167328,84,82,124,831,3,13,0,33.59,688.60,100.00,0.00,3170.54,1
168324,84,81,123,831,2,13,0,33.59,688.60,100.00,0.00,3170.54,1
169320,84,81,124,831,2,13,0,33.59,688.60,100.00,0.00,3170.54,1
170316,84,82,123,831,2,13,0,33.59,688.60,100.00,0.00,3170.54,1
171312,84,81,124,831,2,13,0,33.59,688.60,100.00,0.00,3170.54,1
172308,84,82,123,831,2,13,0,33.59,688.60,100.00,0.00,3170.54,1
173304,84,81,123,832,1,13,0,33.59,688.60,100.00,0.00,3170.54,1
174300,84,82,124,831,2,13,0,33.59,688.60,100.00,0.00,3170.54,1
175296,84,81,124,830,2,14,0,33.59,688.60,100.00,0.00,3170.54,1
176292,83,81,124,831,2,13,0,33.59,688.60,100.00,0.00,3170.54,1
177288,84,81,124,831,2,13,0,33.59,688.60,100.00,0.00,3170.54,1
178284,83,81,123,831,2,13,0,33.59,688.60,100.00,0.00,3170.54,1
179280,84,82,124,832,2,13,0,33.59,688.60,100.00,0.00,3170.54,1
180276,84,81,123,831,2,13,0,33.59,688.60,100.00,0.00,3170.54,1
181272,84,81,124,831,2,13,0,33.59,688.60,100.00,0.00,3170.54,1
182268,84,81,123,830,2,13,0,33.59,688.60,100.00,0.00,3170.54,0
183264,83,82,124,831,2,12,0,33.59,688.60,100.00,0.00,3170.54,0
184260,84,81,124,831,2,13,0,33.59,688.60,100.00,0.00,3170.54,0
185256,84,82,124,831,1,13,0,33.59,688.60,100.00,0.00,3170.54,0
186252,84,82,123,831,2,13,0,33.59,688.60,100.00,0.00,3170.54,0
187248,84,82,124,830,2,13,0,33.59,688.60,100.00,0.00,3170.54,0
188244,83,81,123,831,2,13,0,33.59,688.60,100.00,0.00,3170.54,0
189240,83,82,124,831,2,14,0,33.59,688.60,100.00,0.00,3170.54,0
190236,83,82,123,830,2,14,0,33.59,688.60,100.00,0.00,3170.54,0
191232,83,81,124,831,2,14,0,33.59,688.60,100.00,0.00,3170.54,0
192228,84,82,123,831,2,14,0,33.59,688.60,100.00,0.00,3170.54,0
193224,84,81,123,831,2,14,0,33.59,688.60,100.00,0.00,3170.54,0
194220,83,82,124,831,2,14,0,33.59,688.60,100.00,0.00,3170.54,0
195216,84,81,124,830,2,14,0,33.59,688.60,100.00,0.00,3170.54,0
196212,83,82,124,830,2,15,0,33.59,688.60,100.00,0.00,3170.54,0
197208,84,82,124,830,2,15,0,33.59,688.60,100.00,0.00,3170.54,0
198204,84,81,124,830,2,14,0,33.59,688.60,100.00,0.00,3170.54,0
199200,83,82,123,831,3,15,0,33.59,688.60,100.00,0.00,3170.54,0
200196,83,82,123,830,3,15,0,33.59,688.60,100.00,0.00,3170.54,0
201192,83,81,123,831,2,14,0,33.59,688.60,100.00,0.00,3170.54,0
202188,84,82,123,831,2,13,0,33.59,688.60,100.00,0.00,3170.54,0
203184,84,82,123,831,2,14,0,33.59,688.60,100.00,0.00,3170.54,1
204180,83,82,123,830,2,13,0,33.59,688.60,100.00,0.00,3170.54,1
205176,83,82,123,830,2,13,0,33.59,688.60,100.00,0.00,3170.54,1
206172,83,81,123,830,2,14,0,33.59,688.60,100.00,0.00,3170.54,1
207168,83,82,123,830,2,13,0,33.59,688.60,100.00,0.00,3170.54,1
208164,83,82,123,831,2,14,0,33.59,688.60,100.00,0.00,3170.54,1
209160,83,82,123,831,2,14,0,33.59,688.60,100.00,0.00,3170.54,1
210156,83,82,123,830,2,14,0,33.59,688.60,100.00,0.00,3170.54,1
211152,83,81,124,831,2,13,0,33.59,688.60,100.00,0.00,3170.54,1
212148,83,81,123,831,2,13,0,33.59,688.60,100.00,0.00,3170.54,1
213144,83,81,124,831,1,13,0,33.59,688.60,100.00,0.00,3170.54,1
214140,83,81,123,831,2,14,0,33.59,688.60,100.00,0.00,3170.54,1
215136,83,81,123,830,2,13,0,33.59,688.60,100.00,0.00,3170.54,1
216132,83,81,123,831,2,13,0,33.59,688.60,100.00,0.00,3170.54,1
217128,83,81,123,830,2,15,0,33.59,688.60,100.00,0.00,3170.54,1
218124,83,81,124,831,2,14,0,33.59,688.60,100.00,0.00,3170.54,1
219120,83,81,123,830,2,14,0,33.59,688.60,100.00,0.00,3170.54,1
220116,82,81,123,830,2,13,0,33.59,688.60,100.00,0.00,3170.54,1
221112,83,81,123,830,2,14,0,33.59,688.60,100.00,0.00,3170.54,1
222108,82,81,123,831,2,15,0,33.59,688.60,100.00,0.00,3170.54,1
223104,83,81,123,831,2,14,0,33.59,688.60,100.00,0.00,3170.54,0
224100,83,81,122,831,2,14,0,33.59,688.60,100.00,0.00,3170.54,0
225096,83,81,123,831,2,14,0,33.59,688.60,100.00,0.00,3170.54,0
226092,82,81,123,830,2,14,0,33.59,688.60,100.00,0.00,3170.54,0
227088,83,81,122,830,2,14,0,33.59,688.60,100.00,0.00,3170.54,0
228084,83,82,123,830,2,13,0,33.59,688.60,100.00,0.00,3170.54,0
229080,82,82,123,830,2,13,0,33.59,688.60,100.00,0.00,3170.54,0
230076,83,81,123,830,2,13,0,33.59,688.60,100.00,0.00,3170.54,0
231072,82,82,123,831,2,13,0,33.59,688.60,100.00,0.00,3170.54,0
232068,83,81,123,830,2,13,0,33.59,688.60,100.00,0.00,3170.54,0
233064,83,81,123,830,1,13,0,33.59,688.60,100.00,0.00,3170.54,0
234060,82,82,123,830,2,15,0,33.59,688.60,100.00,0.00,3170.54,0
235056,83,81,123,830,3,16,0,33.59,688.60,100.00,0.00,3170.54,0
236052,83,82,123,830,2,14,0,33.59,688.60,100.00,0.00,3170.54,0
237048,83,81,122,831,2,14,0,33.59,688.60,100.00,0.00,3170.54,0
238044,82,81,123,831,1,13,0,33.59,688.60,100.00,0.00,3170.54,0
239040,82,82,122,830,1,13,0,33.59,688.60,100.00,0.00,3170.54,0
240036,82,82,123,830,2,13,0,33.59,688.60,100.00,0.00,3170.54,0
241032,82,82,123,831,2,13,0,33.59,688.60,100.00,0.00,3170.54,0
242028,82,81,123,830,1,13,0,33.59,688.60,100.00,0.00,3170.54,0
243024,82,82,123,831,1,13,0,33.59,688.60,100.00,0.00,3170.54,1
244020,83,81,123,830,1,13,0,33.59,688.60,100.00,0.00,3170.54,1
245016,83,81,123,830,1,12,0,33.59,688.60,100.00,0.00,3170.54,1
246012,83,81,123,830,2,13,0,33.59,688.60,100.00,0.00,3170.54,1
247008,82,82,123,830,1,12,0,33.59,688.60,100.00,0.00,3170.54,1
248004,83,81,123,830,1,12,0,33.59,688.60,100.00,0.00,3170.54,1
249000,83,82,123,830,2,12,0,33.59,688.60,100.00,0.00,3170.54,1
249996,83,81,123,830,1,13,0,33.59,688.60,100.00,0.00,3170.54,1
250992,82,81,123,830,1,12,0,33.59,688.60,100.00,0.00,3170.54,1
251988,82,81,123,830,1,12,0,33.59,688.60,100.00,0.00,3170.54,1
252984,83,82,123,830,1,13,0,33.59,688.60,100.00,0.00,3170.54,1
253980,82,81,122,830,1,13,0,33.59,688.60,100.00,0.00,3170.54,1
254976,82,82,123,830,1,12,0,33.59,688.60,100.00,0.00,3170.54,1
255972,82,82,123,830,1,14,0,33.59,688.60,100.00,0.00,3170.54,1
256968,83,82,123,830,2,13,0,33.59,688.60,100.00,0.00,3170.54,1
257964,83,81,122,830,1,13,0,33.59,688.60,100.00,0.00,3170.54,1
258960,82,81,122,830,1,13,0,33.59,688.60,100.00,0.00,3170.54,1
259956,82,82,122,830,1,13,0,33.59,688.60,100.00,0.00,3170.54,1
260952,82,81,123,830,2,13,0,33.59,688.60,100.00,0.00,3170.54,1
261948,83,81,123,830,1,13,0,33.59,688.60,100.00,0.00,3170.54,1
262944,82,82,122,830,1,13,0,33.59,688.60,100.00,0.00,3170.54,0
263940,82,81,123,830,2,13,0,33.59,688.60,100.00,0.00,3170.54,0
264936,82,81,123,830,1,12,0,33.59,688.60,100.00,0.00,3170.54,0
265932,83,81,123,830,1,13,0,33.59,688.60,100.00,0.00,3170.54,0
266928,83,82,122,830,1,13,0,33.59,688.60,100.00,0.00,3170.54,0
267924,82,82,122,830,1,13,0,33.59,688.60,100.00,0.00,3170.54,0
268920,82,81,122,830,1,12,0,33.59,688.60,100.00,0.00,3170.54,0
269916,82,82,123,830,1,12,0,33.59,688.60,100.00,0.00,3170.54,0
270912,82,81,123,830,1,12,0,33.59,688.60,100.00,0.00,3170.54,0
271908,83,81,122,830,1,12,0,33.59,688.60,100.00,0.00,3170.54,0
272904,82,82,123,830,1,12,0,33.59,688.60,100.00,0.00,3170.54,0
273900,82,81,122,830,1,13,0,33.59,688.60,100.00,0.00,3170.54,0
274896,82,81,123,829,1,12,0,33.59,688.60,100.00,0.00,3170.54,0
275892,82,81,123,830,1,12,0,33.59,688.60,100.00,0.00,3170.54,0
276888,82,82,122,829,1,12,0,33.59,688.60,100.00,0.00,3170.54,0
277884,82,81,123,830,1,13,0,33.59,688.60,100.00,0.00,3170.54,0
278880,82,81,122,830,1,13,0,33.59,688.60,100.00,0.00,3170.54,0
279876,82,81,123,830,2,12,0,33.59,688.60,100.00,0.00,3170.54,0
280872,82,81,122,829,1,12,0,33.59,688.60,100.00,0.00,3170.54,0
281868,82,81,122,829,1,13,0,33.59,688.60,100.00,0.00,3170.54,0
282864,82,82,122,830,1,13,0,33.59,688.60,100.00,0.00,3170.54,1
283860,82,81,122,830,1,12,0,33.59,688.60,100.00,0.00,3170.54,1
284856,82,81,123,830,1,12,0,33.59,688.60,100.00,0.00,3170.54,1
285852,82,81,123,829,1,12,0,33.59,688.60,100.00,0.00,3170.54,1
286848,82,81,122,830,2,15,0,33.59,688.60,100.00,0.00,3170.54,1
287844,81,82,123,830,2,14,0,33.59,688.60,100.00,0.00,3170.54,1
288840,82,81,122,829,2,14,0,33.59,688.60,100.00,0.00,3170.54,1
289836,82,81,123,829,2,14,0,33.59,688.60,100.00,0.00,3170.54,1
290832,81,82,122,830,4,18,0,33.59,688.60,100.00,0.00,3170.54,1
291828,82,81,122,830,3,15,0,33.59,688.60,100.00,0.00,3170.54,1
292824,82,81,122,830,2,13,0,33.59,688.60,100.00,0.00,3170.54,1
293820,81,81,122,829,2,16,0,33.59,688.60,100.00,0.00,3170.54,1
294816,81,81,122,829,3,15,0,33.59,688.60,100.00,0.00,3170.54,1
295812,82,81,121,829,3,14,0,33.59,688.60,100.00,0.00,3170.54,1
296808,82,81,122,829,2,14,0,33.59,688.60,100.00,0.00,3170.54,1
297804,81,81,122,829,3,15,0,33.59,688.60,100.00,0.00,3170.54,1
298800,82,81,122,829,4,15,0,33.59,688.60,100.00,0.00,3170.54,1
299796,81,81,122,830,3,15,0,33.59,688.60,100.00,0.00,3170.54,1
300792,82,81,122,829,4,19,0,33.59,688.60,100.00,0.00,3170.54,1
301788,81,82,122,829,2,14,0,33.59,688.60,100.00,0.00,3170.54,1
302784,81,81,122,829,2,14,0,33.59,688.60,100.00,0.00,3170.54,0
303780,81,81,122,829,3,15,0,33.59,688.60,100.00,0.00,3170.54,0
304776,81,82,122,829,4,16,0,33.59,688.60,100.00,0.00,3170.54,0
305772,82,81,122,829,3,14,0,33.59,688.60,100.00,0.00,3170.54,0
306768,81,81,122,829,2,15,0,33.59,688.60,100.00,0.00,3170.54,0
307764,82,81,122,829,3,15,0,33.59,688.60,100.00,0.00,3170.54,0
308760,82,81,121,829,3,15,0,33.59,688.60,100.00,0.00,3170.54,0
309756,82,81,122,828,3,15,0,33.59,688.60,100.00,0.00,3170.54,0
310752,81,82,121,829,2,14,0,33.59,688.60,100.00,0.00,3170.54,0
311748,82,81,122,829,2,14,0,33.59,688.60,100.00,0.00,3170.54,0
312744,82,81,122,829,3,15,0,33.59,688.60,100.00,0.00,3170.54,0
313740,81,81,122,829,2,14,0,33.59,688.60,100.00,0.00,3170.54,0
314736,81,81,121,829,2,15,0,33.59,688.60,100.00,0.00,3170.54,0
315732,81,81,121,829,3,15,0,33.59,688.60,100.00,0.00,3170.54,0
316728,82,82,121,829,2,14,0,33.59,688.60,100.00,0.00,3170.54,0
317724,81,81,122,830,3,16,0,33.59,688.60,100.00,0.00,3170.54,0
318720,81,81,122,829,3,15,0,33.59,688.60,100.00,0.00,3170.54,0
319716,81,82,121,829,3,15,0,33.59,688.60,100.00,0.00,3170.54,0
320712,81,81,122,829,3,15,0,33.59,688.60,100.00,0.00,3170.54,0
321708,81,82,121,829,2,15,0,33.59,688.60,100.00,0.00,3170.54,0
322704,81,81,122,829,4,16,0,33.59,688.60,100.00,0.00,3170.54,1
323700,81,81,121,829,3,16,0,33.59,688.60,100.00,0.00,3170.54,1
324696,81,81,121,828,3,15,0,33.59,688.60,100.00,0.00,3170.54,1
325692,82,81,121,829,3,15,0,33.59,688.60,100.00,0.00,3170.54,1
326688,81,81,122,829,3,15,0,33.59,688.60,100.00,0.00,3170.54,1
327684,81,81,122,829,2,14,0,33.59,688.60,100.00,0.00,3170.54,1
328680,81,81,122,828,2,14,0,33.59,688.60,100.00,0.00,3170.54,1
329676,81,82,122,829,4,15,0,33.59,688.60,100.00,0.00,3170.54,1
330672,81,81,122,829,3,15,0,33.59,688.60,100.00,0.00,3170.54,1
331668,81,81,121,829,2,14,0,33.59,688.60,100.00,0.00,3170.54,1
332664,81,81,122,828,2,14,0,33.59,688.60,100.00,0.00,3170.54,1
333660,81,81,121,828,3,14,0,33.59,688.60,100.00,0.00,3170.54,1
334656,81,81,122,829,3,15,0,33.59,688.60,100.00,0.00,3170.54,1
335652,81,81,122,829,3,14,0,33.59,688.60,100.00,0.00,3170.54,1
336648,81,82,121,828,4,16,0,33.59,688.60,100.00,0.00,3170.54,1
337644,81,81,121,828,5,18,0,33.59,688.60,100.00,0.00,3170.54,1
338640,81,81,121,828,9,25,0,33.59,688.60,100.00,0.00,3170.54,1
339636,80,80,121,828,13,24,0,33.59,688.60,100.00,0.00,3170.54,1
340632,80,81,121,828,11,28,0,33.59,688.60,100.00,0.00,3170.54,1
341628,79,81,121,828,14,27,0,33.59,688.60,100.00,0.00,3170.54,1
342624,80,81,122,829,2,13,0,33.59,688.60,100.00,0.00,3170.54,0
343620,81,82,121,828,2,14,0,33.59,688.60,100.00,0.00,3170.54,0
344616,80,82,121,828,2,14,0,33.59,688.60,100.00,0.00,3170.54,0
345612,80,82,121,828,2,14,0,33.59,688.60,100.00,0.00,3170.54,0
346608,81,81,121,829,4,16,0,33.59,688.60,100.00,0.00,3170.54,0
347604,81,81,121,829,3,15,0,33.59,688.60,100.00,0.00,3170.54,0
348600,81,81,121,829,3,15,0,33.59,688.60,100.00,0.00,3170.54,0
349596,81,81,121,828,2,14,0,33.59,688.60,100.00,0.00,3170.54,0
350592,80,82,121,829,2,14,0,33.59,688.60,100.00,0.00,3170.54,0
351588,81,82,121,829,3,14,0,33.59,688.60,100.00,0.00,3170.54,0
352584,80,81,122,828,2,14,0,33.59,688.60,100.00,0.00,3170.54,0
353580,81,81,122,829,2,14,0,33.59,688.60,100.00,0.00,3170.54,0
354576,80,81,121,828,3,15,0,33.59,688.60,100.00,0.00,3170.54,0
355572,81,81,121,828,3,15,0,33.59,688.60,100.00,0.00,3170.54,0
356568,81,81,121,828,2,15,0,33.59,688.60,100.00,0.00,3170.54,0
357564,80,82,121,829,3,15,0,33.59,688.60,100.00,0.00,3170.54,0
358560,81,81,121,828,2,15,0,33.59,688.60,100.00,0.00,3170.54,0
359556,80,81,121,829,3,15,0,33.59,688.60,100.00,0.00,3170.54,0
360552,81,81,121,829,2,14,0,33.59,688.60,100.00,0.00,3170.54,0
361548,81,81,121,828,2,14,0,33.59,688.60,100.00,0.00,3170.54,0
362544,81,81,121,828,3,15,0,33.59,688.60,100.00,0.00,3170.54,1
363540,80,81,121,828,3,16,0,33.59,688.60,100.00,0.00,3170.54,1
364536,80,81,121,828,3,16,0,33.59,688.60,100.00,0.00,3170.54,1
365532,80,81,121,828,5,19,0,33.59,688.60,100.00,0.00,3170.54,1
366528,81,81,121,828,4,16,0,33.59,688.60,100.00,0.00,3170.54,1
367524,80,81,121,828,3,16,0,33.59,688.60,100.00,0.00,3170.54,1
368520,80,81,121,828,3,15,0,33.59,688.60,100.00,0.00,3170.54,1
369516,80,82,120,828,2,15,0,33.59,688.60,100.00,0.00,3170.54,1
370512,81,81,120,828,2,15,0,33.59,688.60,100.00,0.00,3170.54,1
371508,80,80,120,829,3,16,0,33.59,688.60,100.00,0.00,3170.54,1
372504,80,81,121,828,3,15,0,33.59,688.60,100.00,0.00,3170.54,1
373500,81,81,121,828,3,16,0,33.59,688.60,100.00,0.00,3170.54,1
374496,80,81,121,828,2,16,0,33.59,688.60,100.00,0.00,3170.54,1
375492,81,81,120,827,3,18,0,33.59,688.60,100.00,0.00,3170.54,1
376488,80,81,121,828,4,17,0,33.59,688.60,100.00,0.00,3170.54,1
377484,80,81,120,829,4,17,0,33.59,688.60,100.00,0.00,3170.54,1
378480,80,81,121,828,4,17,0,33.59,688.60,100.00,0.00,3170.54,1
379476,81,81,121,827,3,17,0,33.59,688.60,100.00,0.00,3170.54,1
380472,81,81,121,828,4,16,0,33.59,688.60,100.00,0.00,3170.54,1
381468,80,81,121,828,3,16,0,33.59,688.60,100.00,0.00,3170.54,1
382464,81,81,121,828,3,16,0,33.59,688.60,100.00,0.00,3170.54,0
383460,80,81,121,829,3,16,0,33.59,688.60,100.00,0.00,3170.54,0
384456,81,81,120,828,3,15,0,33.59,688.60,100.00,0.00,3170.54,0
385452,80,81,121,828,3,15,0,33.59,688.60,100.00,0.00,3170.54,0
386448,80,81,121,828,3,16,0,33.59,688.60,100.00,0.00,3170.54,0
387444,80,81,121,828,3,15,0,33.59,688.60,100.00,0.00,3170.54,0
388440,80,81,120,828,3,15,0,33.59,688.60,100.00,0.00,3170.54,0
389436,80,81,120,828,3,16,0,33.59,688.60,100.00,0.00,3170.54,0
390432,80,81,121,828,3,15,0,33.59,688.60,100.00,0.00,3170.54,0
391428,80,81,121,828,3,15,0,33.59,688.60,100.00,0.00,3170.54,0
392424,80,80,121,828,3,15,0,33.59,688.60,100.00,0.00,3170.54,0
393420,80,81,121,828,3,15,0,33.59,688.60,100.00,0.00,3170.54,0
394416,80,81,120,827,3,15,0,33.59,688.60,100.00,0.00,3170.54,0
395412,80,81,121,828,2,15,0,33.59,688.60,100.00,0.00,3170.54,0
396408,79,81,121,827,3,15,0,33.59,688.60,100.00,0.00,3170.54,0
397404,80,81,121,828,3,16,0,33.59,688.60,100.00,0.00,3170.54,0
398400,79,81,120,828,3,16,0,33.59,688.60,100.00,0.00,3170.54,0
399396,80,82,120,828,3,15,0,33.59,688.60,100.00,0.00,3170.54,0
400392,80,81,120,828,3,16,0,33.59,688.60,100.00,0.00,3170.54,0
401388,80,81,120,828,3,16,0,33.59,688.60,100.00,0.00,3170.54,0
402384,80,81,121,828,3,15,0,33.59,688.60,100.00,0.00,3170.54,1
403380,80,81,121,827,3,15,0,33.59,688.60,100.00,0.00,3170.54,1
404376,79,81,121,827,3,16,0,33.59,688.60,100.00,0.00,3170.54,1
405372,79,81,120,827,3,15,0,33.59,688.60,100.00,0.00,3170.54,1
406368,80,81,120,828,3,15,0,33.59,688.60,100.00,0.00,3170.54,1
407364,80,81,121,828,3,15,0,33.59,688.60,100.00,0.00,3170.54,1
408360,80,81,120,828,3,14,0,33.59,688.60,100.00,0.00,3170.54,1
409356,80,81,120,828,2,15,0,33.59,688.60,100.00,0.00,3170.54,1
410352,80,81,120,828,2,15,0,33.59,688.60,100.00,0.00,3170.54,1
411348,79,81,120,828,2,15,0,33.59,688.60,100.00,0.00,3170.54,1
412344,80,81,120,827,2,15,0,33.59,688.60,100.00,0.00,3170.54,1
413340,79,81,120,828,3,15,0,33.59,688.60,100.00,0.00,3170.54,1
414336,80,81,121,827,2,14,0,33.59,688.60,100.00,0.00,3170.54,1
415332,80,81,121,828,3,15,0,33.59,688.60,100.00,0.00,3170.54,1
416328,79,81,120,828,2,15,0,33.59,688.60,100.00,0.00,3170.54,1
417324,79,81,120,828,3,15,0,33.59,688.60,100.00,0.00,3170.54,1
418320,79,81,120,827,3,15,0,33.59,688.60,100.00,0.00,3170.54,1
419316,80,81,120,827,3,15,0,33.59,688.60,100.00,0.00,3170.54,1
420312,80,81,120,828,3,15,0,33.59,688.60,100.00,0.00,3170.54,1
421308,79,80,120,827,3,15,0,33.59,688.60,100.00,0.00,3170.54,1
422304,79,81,120,827,3,15,0,33.59,688.60,100.00,0.00,3170.54,0
423300,79,81,120,827,2,15,0,33.59,688.60,100.00,0.00,3170.54,0
424296,79,81,120,827,2,15,0,33.59,688.60,100.00,0.00,3170.54,0
425292,78,80,120,827,3,15,0,33.59,688.60,100.00,0.00,3170.54,0
426288,80,81,120,827,2,15,0,33.59,688.60,100.00,0.00,3170.54,0
427284,80,81,120,828,2,14,0,33.59,688.60,100.00,0.00,3170.54,0
428280,79,81,120,827,2,15,0,33.59,688.60,100.00,0.00,3170.54,0
429276,79,81,120,827,3,15,0,33.59,688.60,100.00,0.00,3170.54,0
430272,80,81,120,827,3,16,0,33.59,688.60,100.00,0.00,3170.54,0
431268,79,81,120,828,4,19,0,33.59,688.60,100.00,0.00,3170.54,0
432264,79,81,119,827,4,18,0,33.59,688.60,100.00,0.00,3170.54,0
433260,79,80,120,827,3,17,0,33.59,688.60,100.00,0.00,3170.54,0
434256,79,81,120,828,4,17,0,33.59,688.60,100.00,0.00,3170.54,0
435252,79,81,120,827,4,17,0,33.59,688.60,100.00,0.00,3170.54,0
436248,79,81,119,827,4,16,0,33.59,688.60,100.00,0.00,3170.54,0
437244,79,81,120,827,4,17,0,33.59,688.60,100.00,0.00,3170.54,0
438240,79,81,120,827,4,16,0,33.59,688.60,100.00,0.00,3170.54,0
439236,79,81,120,828,4,16,0,33.59,688.60,100.00,0.00,3170.54,0
440232,80,81,120,827,3,16,0,33.59,688.60,100.00,0.00,3170.54,0
441228,80,80,120,827,3,16,0,33.59,688.60,100.00,0.00,3170.54,0
442224,79,81,120,828,3,16,0,33.59,688.60,100.00,0.00,3170.54,1
443220,78,81,120,826,4,16,0,33.59,688.60,100.00,0.00,3170.54,1
444216,79,81,120,827,3,16,0,33.59,688.60,100.00,0.00,3170.54,1
445212,79,81,120,827,3,17,0,33.59,688.60,100.00,0.00,3170.54,1
446208,79,81,120,827,3,17,0,33.59,688.60,100.00,0.00,3170.54,1
447204,79,81,120,827,3,15,0,33.59,688.60,100.00,0.00,3170.54,1
448200,79,80,120,827,3,15,0,33.59,688.60,100.00,0.00,3170.54,1
449196,79,80,120,827,2,16,0,33.59,688.60,100.00,0.00,3170.54,1
450192,79,81,119,827,4,17,0,33.59,688.60,100.00,0.00,3170.54,1
451188,78,81,119,827,3,16,0,33.59,688.60,100.00,0.00,3170.54,1
452184,79,81,120,827,3,16,0,33.59,688.60,100.00,0.00,3170.54,1
453180,78,81,120,827,3,16,0,33.59,688.60,100.00,0.00,3170.54,1
454176,78,80,120,827,3,15,0,33.59,688.60,100.00,0.00,3170.54,1
455172,78,80,120,827,3,15,0,33.59,688.60,100.00,0.00,3170.54,1
456168,79,81,120,827,3,15,0,33.59,688.60,100.00,0.00,3170.54,1
457164,79,81,119,827,3,16,0,33.59,688.60,100.00,0.00,3170.54,1
458160,79,81,120,827,2,15,0,33.59,688.60,100.00,0.00,3170.54,1
459156,79,81,120,827,3,15,0,33.59,688.60,100.00,0.00,3170.54,1
460152,79,81,120,827,3,15,0,33.59,688.60,100.00,0.00,3170.54,1
461148,79,81,120,827,3,15,0,33.59,688.60,100.00,0.00,3170.54,1
462144,79,81,120,828,3,16,0,33.59,688.60,100.00,0.00,3170.54,1
463140,78,81,120,827,2,15,0,33.59,688.60,100.00,0.00,3170.54,0
464136,79,81,119,827,2,15,0,33.59,688.60,100.00,0.00,3170.54,0
465132,78,81,119,827,3,16,0,33.59,688.60,100.00,0.00,3170.54,0
466128,78,81,120,827,4,17,0,33.59,688.60,100.00,0.00,3170.54,0
467124,79,81,119,827,3,16,0,33.59,688.60,100.00,0.00,3170.54,0
468120,78,81,120,827,3,15,0,33.59,688.60,100.00,0.00,3170.54,0
469116,79,81,119,827,3,15,0,33.59,688.60,100.00,0.00,3170.54,0
470112,79,81,119,827,3,16,0,33.59,688.60,100.00,0.00,3170.54,0
471108,78,81,120,826,4,18,0,33.59,688.60,100.00,0.00,3170.54,0
472104,79,81,119,827,3,16,0,33.59,688.60,100.00,0.00,3170.54,0
473100,79,81,119,827,2,15,0,33.59,688.60,100.00,0.00,3170.54,0
474096,78,80,120,827,3,15,0,33.59,688.60,100.00,0.00,3170.54,0
475092,78,81,119,827,3,16,0,33.59,688.60,100.00,0.00,3170.54,0
476088,79,81,119,827,3,16,0,33.59,688.60,100.00,0.00,3170.54,0
477084,79,81,119,826,3,16,0,33.59,688.60,100.00,0.00,3170.54,0
478080,78,81,119,827,2,15,0,33.59,688.60,100.00,0.00,3170.54,0
479076,78,81,119,827,3,15,0,33.59,688.60,100.00,0.00,3170.54,0
480072,78,81,120,826,3,15,0,33.59,688.60,100.00,0.00,3170.54,0
481068,79,81,119,826,3,15,0,33.59,688.60,100.00,0.00,3170.54,0
482064,79,80,120,827,2,15,0,33.59,688.60,100.00,0.00,3170.54,0
483060,79,81,119,826,2,15,0,33.59,688.60,100.00,0.00,3170.54,1
484056,79,81,119,826,3,15,0,33.59,688.60,100.00,0.00,3170.54,1
485052,78,81,119,826,2,14,0,33.59,688.60,100.00,0.00,3170.54,1
486048,78,81,119,827,2,14,0,33.59,688.60,100.00,0.00,3170.54,1
487044,78,80,119,826,2,15,0,33.59,688.60,100.00,0.00,3170.54,1
488040,78,81,119,826,3,15,0,33.59,688.60,100.00,0.00,3170.54,1
489036,78,81,119,826,3,16,0,33.59,688.60,100.00,0.00,3170.54,1
490032,78,81,119,827,5,19,0,33.59,688.60,100.00,0.00,3170.54,1
491028,78,81,119,826,3,16,0,33.59,688.60,100.00,0.00,3170.54,1
492024,78,80,119,827,5,19,0,33.59,688.60,100.00,0.00,3170.54,1
493020,77,81,118,826,15,30,0,33.59,688.60,100.00,0.00,3170.54,1
494016,77,80,119,826,16,30,0,33.59,688.60,100.00,0.00,3170.54,1
495012,77,80,118,826,17,30,0,33.59,688.60,100.00,0.00,3170.54,1
496008,76,81,119,826,14,28,0,33.59,688.60,100.00,0.00,3170.54,1
497004,77,81,119,825,3,13,0,33.59,688.60,100.00,0.00,3170.54,1
498000,77,81,119,826,2,12,0,33.59,688.60,100.00,0.00,3170.54,1
498996,78,80,119,826,1,11,0,33.59,688.60,100.00,0.00,3170.54,1
499992,78,81,119,826,1,12,0,33.59,688.60,100.00,0.00,3170.54,1
500988,78,81,119,826,1,12,0,33.59,688.60,100.00,0.00,3170.54,1
501984,78,80,119,827,1,12,0,33.59,688.60,100.00,0.00,3170.54,1
502980,78,81,119,826,1,13,0,33.59,688.60,100.00,0.00,3170.54,0
503976,78,81,119,827,2,13,0,33.59,688.60,100.00,0.00,3170.54,0
504972,77,81,119,826,2,13,0,33.59,688.60,100.00,0.00,3170.54,0
505968,78,81,119,826,2,14,0,33.59,688.60,100.00,0.00,3170.54,0
506964,78,81,119,827,2,14,0,33.59,688.60,100.00,0.00,3170.54,0
507960,78,80,119,826,2,18,0,33.59,688.60,100.00,0.00,3170.54,0
508956,77,81,118,826,3,16,0,33.59,688.60,100.00,0.00,3170.54,0
509952,78,81,119,826,3,16,0,33.59,688.60,100.00,0.00,3170.54,0
510948,78,80,119,826,3,15,0,33.59,688.60,100.00,0.00,3170.54,0
511944,77,81,119,826,2,15,0,33.59,688.60,100.00,0.00,3170.54,0
512940,77,81,119,826,3,16,0,33.59,688.60,100.00,0.00,3170.54,0
513936,78,81,118,825,2,16,0,33.59,688.60,100.00,0.00,3170.54,0
514932,78,81,118,826,4,18,0,33.59,688.60,100.00,0.00,3170.54,0
515928,78,81,119,825,3,16,0,33.59,688.60,100.00,0.00,3170.54,0
516924,78,81,118,826,4,17,0,33.59,688.60,100.00,0.00,3170.54,0
517920,78,81,119,826,4,17,0,33.59,688.60,100.00,0.00,3170.54,0
518916,78,81,118,825,3,17,0,33.59,688.60,100.00,0.00,3170.54,0
519912,78,81,119,825,4,18,0,33.59,688.60,100.00,0.00,3170.54,0
520908,78,80,119,826,4,18,0,33.59,688.60,100.00,0.00,3170.54,0
521904,78,81,119,825,3,15,0,33.59,688.60,100.00,0.00,3170.54,0
522900,78,80,119,825,3,15,0,33.59,688.60,100.00,0.00,3170.54,1
523896,78,81,118,826,3,15,0,33.59,688.60,100.00,0.00,3170.54,1
524892,78,81,119,825,3,15,0,33.59,688.60,100.00,0.00,3170.54,1
525888,77,81,118,825,3,15,0,33.59,688.60,100.00,0.00,3170.54,1
526884,78,81,118,825,3,15,0,33.59,688.60,100.00,0.00,3170.54,1
527880,78,81,119,826,3,15,0,33.59,688.60,100.00,0.00,3170.54,1
528876,78,80,118,826,3,15,0,33.59,688.60,100.00,0.00,3170.54,1
529872,77,80,118,826,3,15,0,33.59,688.60,100.00,0.00,3170.54,1
530868,78,80,119,826,2,15,0,33.59,688.60,100.00,0.00,3170.54,1
531864,78,81,118,825,3,15,0,33.59,688.60,100.00,0.00,3170.54,1
532860,78,80,119,825,2,15,0,33.59,688.60,100.00,0.00,3170.54,1
533856,78,81,119,826,2,15,0,33.59,688.60,100.00,0.00,3170.54,1
534852,77,81,118,825,3,15,0,33.59,688.60,100.00,0.00,3170.54,1
535848,78,81,119,826,3,16,0,33.59,688.60,100.00,0.00,3170.54,1
536844,78,80,119,825,3,16,0,33.59,688.60,100.00,0.00,3170.54,1
537840,77,81,118,825,3,16,0,33.59,688.60,100.00,0.00,3170.54,1
538836,77,80,118,826,3,15,0,33.59,688.60,100.00,0.00,3170.54,1
539832,77,80,119,826,3,16,0,33.59,688.60,100.00,0.00,3170.54,1
540828,77,80,119,826,3,16,0,33.59,688.60,100.00,0.00,3170.54,1
541824,78,80,119,826,3,16,0,33.59,688.60,100.00,0.00,3170.54,1
542820,78,81,118,826,3,16,0,33.59,688.60,100.00,0.00,3170.54,0
543816,77,80,118,826,3,16,0,33.59,688.60,100.00,0.00,3170.54,0
544812,77,81,118,826,3,16,0,33.59,688.60,100.00,0.00,3170.54,0
545808,77,81,119,826,3,16,0,33.59,688.60,100.00,0.00,3170.54,0
546804,77,80,119,825,3,15,0,33.59,688.60,100.00,0.00,3170.54,0
547800,78,81,119,826,3,15,0,33.59,688.60,100.00,0.00,3170.54,0
548796,77,81,118,825,3,15,0,33.59,688.60,100.00,0.00,3170.54,0
549792,78,80,119,825,3,15,0,33.59,688.60,100.00,0.00,3170.54,0
550788,77,81,118,825,3,16,0,33.59,688.60,100.00,0.00,3170.54,0
551784,77,81,118,825,3,17,0,33.59,688.60,100.00,0.00,3170.54,0
552780,77,80,118,826,4,17,0,33.59,688.60,100.00,0.00,3170.54,0
553776,77,81,118,825,2,13,0,33.59,688.60,100.00,0.00,3170.54,0
554772,78,81,119,826,1,14,0,33.59,688.60,100.00,0.00,3170.54,0
555768,78,81,119,825,2,13,0,33.59,688.60,100.00,0.00,3170.54,0
556764,77,81,119,826,1,13,0,33.59,688.60,100.00,0.00,3170.54,0
557760,77,81,118,825,2,13,0,33.59,688.60,100.00,0.00,3170.54,0
558756,77,80,118,826,2,14,0,33.59,688.60,100.00,0.00,3170.54,0
559752,78,80,118,825,2,14,0,33.59,688.60,100.00,0.00,3170.54,0
560748,78,81,118,825,3,15,0,33.59,688.60,100.00,0.00,3170.54,0
561744,78,81,119,825,3,15,0,33.59,688.60,100.00,0.00,3170.54,0
562740,77,80,118,826,3,16,0,33.59,688.60,100.00,0.00,3170.54,1
563736,77,80,118,826,3,16,0,33.59,688.60,100.00,0.00,3170.54,1
564732,77,81,119,825,3,16,0,33.59,688.60,100.00,0.00,3170.54,1
565728,77,81,118,825,3,15,0,33.59,688.60,100.00,0.00,3170.54,1
566724,77,81,119,825,4,17,0,33.59,688.60,100.00,0.00,3170.54,1
567720,77,81,118,826,3,16,0,33.59,688.60,100.00,0.00,3170.54,1
568716,77,80,118,825,3,15,0,33.59,688.60,100.00,0.00,3170.54,1
569712,78,81,118,826,3,15,0,33.59,688.60,100.00,0.00,3170.54,1
570708,77,81,118,825,2,15,0,33.59,688.60,100.00,0.00,3170.54,1
571704,77,80,118,825,3,15,0,33.59,688.60,100.00,0.00,3170.54,1
572700,77,81,119,825,2,15,0,33.59,688.60,100.00,0.00,3170.54,1
573696,77,80,118,826,2,15,0,33.59,688.60,100.00,0.00,3170.54,1
574692,77,81,118,825,2,15,0,33.59,688.60,100.00,0.00,3170.54,1
575688,77,80,118,825,2,15,0,33.59,688.60,100.00,0.00,3170.54,1
576684,77,81,118,825,3,14,0,33.59,688.60,100.00,0.00,3170.54,1
577680,77,81,118,825,2,15,0,33.59,688.60,100.00,0.00,3170.54,1
578676,77,81,118,825,2,15,0,33.59,688.60,100.00,0.00,3170.54,1
579672,77,81,118,825,2,13,0,33.59,688.60,100.00,0.00,3170.54,1
580668,77,80,118,825,2,14,0,33.59,688.60,100.00,0.00,3170.54,1
581664,76,81,118,825,2,15,0,33.59,688.60,100.00,0.00,3170.54,1
582660,77,81,118,825,2,14,0,33.59,688.60,100.00,0.00,3170.54,0
583656,77,81,118,824,2,14,0,33.59,688.60,100.00,0.00,3170.54,0
584652,77,80,118,825,2,13,0,33.59,688.60,100.00,0.00,3170.54,0
585648,77,81,117,825,2,14,0,33.59,688.60,100.00,0.00,3170.54,0
586644,77,80,118,825,2,14,0,33.59,688.60,100.00,0.00,3170.54,0
587640,77,81,118,824,3,14,0,33.59,688.60,100.00,0.00,3170.54,0
588636,77,81,118,824,2,14,0,33.59,688.60,100.00,0.00,3170.54,0
589632,77,81,117,824,2,14,0,33.59,688.60,100.00,0.00,3170.54,0
590628,77,80,118,825,2,14,0,33.59,688.60,100.00,0.00,3170.54,0
591624,77,80,118,825,2,14,0,33.59,688.60,100.00,0.00,3170.54,0
592620,77,81,117,825,2,14,0,33.59,688.60,100.00,0.00,3170.54,0
593616,77,81,118,825,3,15,0,33.59,688.60,100.00,0.00,3170.54,0
594612,77,81,118,825,3,15,0,33.59,688.60,100.00,0.00,3170.54,0
595608,77,81,118,824,3,15,0,33.59,688.60,100.00,0.00,3170.54,0
596604,77,80,117,825,2,15,0,33.59,688.60,100.00,0.00,3170.54,0
597600,77,81,118,825,2,15,0,33.59,688.60,100.00,0.00,3170.54,0
598596,77,80,118,824,3,15,0,33.59,688.60,100.00,0.00,3170.54,0
599592,76,81,118,825,3,15,0,33.59,688.60,100.00,0.00,3170.54,0
0,76,81,118,825,3,15,0,33.59,688.60,100.00,0.00,3170.54,1
996,77,80,118,825,3,15,0,33.59,688.60,100.00,0.00,3170.54,1
1992,77,81,117,825,2,15,0,33.59,688.60,100.00,0.00,3170.54,1
2988,76,81,118,825,3,15,0,33.59,688.60,100.00,0.00,3170.54,1
3984,77,81,118,824,3,15,0,33.59,688.60,100.00,0.00,3170.54,1
4980,76,80,118,824,3,14,0,33.59,688.60,100.00,0.00,3170.54,1
5976,76,80,118,824,3,16,0,33.59,688.60,100.00,0.00,3170.54,1
6972,77,81,117,824,3,15,0,33.59,688.60,100.00,0.00,3170.54,1
7968,77,81,117,824,3,16,0,33.59,688.60,100.00,0.00,3170.54,1
8964,77,80,118,824,3,15,0,33.59,688.60,100.00,0.00,3170.54,1
9960,77,80,117,824,2,15,0,33.59,688.60,100.00,0.00,3170.54,1
10956,76,80,117,825,3,15,0,33.59,688.60,100.00,0.00,3170.54,1
11952,76,80,117,824,3,15,0,33.59,688.60,100.00,0.00,3170.54,1
12948,77,80,118,824,2,15,0,33.59,688.60,100.00,0.00,3170.54,1
13944,77,80,118,824,3,15,0,33.59,688.60,100.00,0.00,3170.54,1
14940,77,81,117,824,2,15,0,33.59,688.60,100.00,0.00,3170.54,1
15936,77,80,118,824,2,15,0,33.59,688.60,100.00,0.00,3170.54,1
16932,76,81,118,824,2,15,0,33.59,688.60,100.00,0.00,3170.54,1
17928,76,81,117,824,3,15,0,33.59,688.60,100.00,0.00,3170.54,1
18924,76,81,117,824,3,15,0,33.59,688.60,100.00,0.00,3170.54,1
19920,77,80,117,824,3,15,0,33.59,688.60,100.00,0.00,3170.54,0
20916,77,80,118,823,2,14,0,33.59,688.60,100.00,0.00,3170.54,0
21912,77,80,118,824,3,15,0,33.59,688.60,100.00,0.00,3170.54,0
22908,77,80,118,824,3,16,0,33.59,688.60,100.00,0.00,3170.54,0
23904,76,80,117,824,4,17,0,33.59,688.60,100.00,0.00,3170.54,0
24900,76,81,117,824,12,26,0,33.59,688.60,100.00,0.00,3170.54,0
25896,75,79,117,824,13,26,0,33.59,688.60,100.00,0.00,3170.54,0
26892,75,81,117,824,14,26,0,33.59,688.60,100.00,0.00,3170.54,0
27888,76,80,118,824,3,15,0,33.59,688.60,100.00,0.00,3170.54,0
28884,75,80,117,823,3,15,0,33.59,688.60,100.00,0.00,3170.54,0
29880,76,81,117,824,3,16,0,33.59,688.60,100.00,0.00,3170.54,0
30876,76,80,117,824,4,17,0,33.59,688.60,100.00,0.00,3170.54,0
31872,76,80,117,823,4,16,0,33.59,688.60,100.00,0.00,3170.54,0
32868,76,80,117,823,4,16,0,33.59,688.60,100.00,0.00,3170.54,0
33864,76,80,118,823,4,16,0,33.59,688.60,100.00,0.00,3170.54,0
34860,76,80,117,823,4,17,0,33.59,688.60,100.00,0.00,3170.54,0
35856,76,81,117,823,4,16,0,33.59,688.60,100.00,0.00,3170.54,0
36852,76,80,117,823,4,16,0,33.59,688.60,100.00,0.00,3170.54,0
37848,76,81,117,823,4,16,0,33.59,688.60,100.00,0.00,3170.54,0
38844,76,80,117,823,4,16,0,33.59,688.60,100.00,0.00,3170.54,0
39840,76,80,117,823,4,17,0,33.59,688.60,100.00,0.00,3170.54,1
40836,76,80,117,823,4,16,0,33.59,688.60,100.00,0.00,3170.54,1
41832,76,80,117,823,4,16,0,33.59,688.60,100.00,0.00,3170.54,1
42828,76,80,117,823,4,16,0,33.59,688.60,100.00,0.00,3170.54,1
43824,76,81,117,823,4,16,0,33.59,688.60,100.00,0.00,3170.54,1
44820,76,81,117,823,4,16,0,33.59,688.60,100.00,0.00,3170.54,1
45816,76,80,117,823,4,16,0,33.59,688.60,100.00,0.00,3170.54,1
46812,76,81,117,822,3,16,0,33.59,688.60,100.00,0.00,3170.54,1
47808,76,80,118,822,3,16,0,33.59,688.60,100.00,0.00,3170.54,1
48804,76,80,117,822,4,17,0,33.59,688.60,100.00,0.00,3170.54,1
49800,76,81,117,823,4,17,0,33.59,688.60,100.00,0.00,3170.54,1
50796,76,80,117,823,4,17,0,33.59,688.60,100.00,0.00,3170.54,1
51792,76,80,117,822,4,17,0,33.59,688.60,100.00,0.00,3170.54,1
52788,76,81,117,823,4,17,0,33.59,688.60,100.00,0.00,3170.54,1
53784,76,80,117,823,4,17,0,33.59,688.60,100.00,0.00,3170.54,1
54780,76,80,117,823,3,18,0,33.59,688.60,100.00,0.00,3170.54,1
55776,76,80,117,823,4,17,0,33.59,688.60,100.00,0.00,3170.54,1
56772,76,80,117,823,4,17,0,33.59,688.60,100.00,0.00,3170.54,1
57768,76,80,117,822,4,17,0,33.59,688.60,100.00,0.00,3170.54,1
58764,75,80,117,823,4,17,0,33.59,688.60,100.00,0.00,3170.54,1
59760,76,81,117,823,4,16,0,33.59,688.60,100.00,0.00,3170.54,0
60756,76,81,117,823,4,17,0,33.59,688.60,100.00,0.00,3170.54,0
61752,76,80,117,822,4,17,0,33.59,688.60,100.00,0.00,3170.54,0
62748,76,80,116,823,3,16,0,33.59,688.60,100.00,0.00,3170.54,0
63744,76,80,117,823,4,16,0,33.59,688.60,100.00,0.00,3170.54,0
64740,76,81,117,823,5,18,0,33.59,688.60,100.00,0.00,3170.54,0
65736,75,80,117,823,5,18,0,33.59,688.60,100.00,0.00,3170.54,0
66732,76,81,117,822,3,15,0,33.59,688.60,100.00,0.00,3170.54,0
67728,75,80,116,822,1,12,0,33.59,688.60,100.00,0.00,3170.54,0
68724,76,80,117,823,2,12,0,33.59,688.60,100.00,0.00,3170.54,0
69720,76,81,117,823,1,12,0,33.59,688.60,100.00,0.00,3170.54,0
70716,76,80,117,823,1,13,0,33.59,688.60,100.00,0.00,3170.54,0
71712,76,80,117,823,2,13,0,33.59,688.60,100.00,0.00,3170.54,0
72708,76,80,117,823,1,13,0,33.59,688.60,100.00,0.00,3170.54,0
73704,76,81,117,822,1,12,0,33.59,688.60,100.00,0.00,3170.54,0
74700,75,80,117,822,1,13,0,33.59,688.60,100.00,0.00,3170.54,0
75696,75,80,117,823,2,13,0,33.59,688.60,100.00,0.00,3170.54,0
76692,76,80,117,822,2,13,0,33.59,688.60,100.00,0.00,3170.54,0
77688,76,80,118,822,2,15,0,33.59,688.60,100.00,0.00,3170.54,0
78684,76,80,117,823,3,16,0,33.59,688.60,100.00,0.00,3170.54,0
79680,76,80,117,823,2,17,0,33.59,688.60,100.00,0.00,3170.54,1
80676,75,80,117,822,3,16,0,33.59,688.60,100.00,0.00,3170.54,1
81672,76,80,117,822,3,16,0,33.59,688.60,100.00,0.00,3170.54,1
82668,76,80,117,822,3,16,0,33.59,688.60,100.00,0.00,3170.54,1
83664,76,80,117,823,3,16,0,33.59,688.60,100.00,0.00,3170.54,1
84660,76,80,117,822,3,16,0,33.59,688.60,100.00,0.00,3170.54,1
85656,76,80,117,822,3,15,0,33.59,688.60,100.00,0.00,3170.54,1
86652,75,80,117,823,3,15,0,33.59,688.60,100.00,0.00,3170.54,1
87648,75,80,116,822,3,15,0,33.59,688.60,100.00,0.00,3170.54,1
88644,75,80,117,822,3,15,0,33.59,688.60,100.00,0.00,3170.54,1
89640,75,80,117,823,3,15,0,33.59,688.60,100.00,0.00,3170.54,1
90636,76,80,117,821,3,16,0,33.59,688.60,100.00,0.00,3170.54,1
91632,76,80,116,822,3,17,0,33.59,688.60,100.00,0.00,3170.54,1
92628,76,81,117,822,3,16,0,33.59,688.60,100.00,0.00,3170.54,1
93624,75,80,116,822,3,15,0,33.59,688.60,100.00,0.00,3170.54,1
94620,75,81,116,822,3,15,0,33.59,688.60,100.00,0.00,3170.54,1
95616,75,80,116,822,3,15,0,33.59,688.60,100.00,0.00,3170.54,1
96612,76,80,117,822,3,15,0,33.59,688.60,100.00,0.00,3170.54,1
97608,75,80,116,821,2,14,0,33.59,688.60,100.00,0.00,3170.54,1
98604,75,81,117,822,3,15,0,33.59,688.60,100.00,0.00,3170.54,1
99600,76,81,117,822,3,15,0,33.59,688.60,100.00,0.00,3170.54,1
100596,76,80,117,822,2,15,0,33.59,688.60,100.00,0.00,3170.54,0
101592,75,80,117,821,2,15,0,33.59,688.60,100.00,0.00,3170.54,0
102588,75,81,117,822,2,15,0,33.59,688.60,100.00,0.00,3170.54,0
103584,75,80,117,823,3,16,0,33.59,688.60,100.00,0.00,3170.54,0
104580,76,80,117,822,3,15,0,33.59,688.60,100.00,0.00,3170.54,0
105576,75,80,117,822,3,15,0,33.59,688.60,100.00,0.00,3170.54,0
106572,75,80,116,822,3,15,0,33.59,688.60,100.00,0.00,3170.54,0
107568,75,80,116,822,3,15,0,33.59,688.60,100.00,0.00,3170.54,0
108564,75,80,117,822,3,16,0,33.59,688.60,100.00,0.00,3170.54,0
109560,75,80,117,822,3,15,0,33.59,688.60,100.00,0.00,3170.54,0
