timestamp,NO2,C2H50H,VOC,CO,Alcohol,LPG,Benzene,Temperature,Pressure,Humidity,Gas_Resistance,Altitude,State32868,82,166,237,813,1,12,0,33.59,688.60,100.00,0.00,3170.54,1
33864,81,167,237,814,1,12,0,33.59,688.60,100.00,0.00,3170.54,1
34860,82,167,236,814,1,12,0,33.59,688.60,100.00,0.00,3170.54,1
35856,81,166,236,814,2,12,0,33.59,688.60,100.00,0.00,3170.54,1
36852,82,167,237,815,2,12,0,33.59,688.60,100.00,0.00,3170.54,1
37848,82,168,237,814,1,12,0,33.59,688.60,100.00,0.00,3170.54,1
38844,82,168,237,814,1,12,0,33.59,688.60,100.00,0.00,3170.54,1
39840,83,168,237,814,2,12,0,33.59,688.60,100.00,0.00,3170.54,1
40836,83,168,237,814,1,12,0,33.59,688.60,100.00,0.00,3170.54,1
41832,83,168,238,814,1,12,0,33.59,688.60,100.00,0.00,3170.54,1
42828,84,169,238,814,1,12,0,33.59,688.60,100.00,0.00,3170.54,1
43824,84,169,237,814,1,12,0,33.59,688.60,100.00,0.00,3170.54,1
44820,84,169,238,815,2,12,0,33.59,688.60,100.00,0.00,3170.54,1
45816,85,169,238,814,1,12,0,33.59,688.60,100.00,0.00,3170.54,1
46812,85,169,238,815,2,12,0,33.59,688.60,100.00,0.00,3170.54,1
47808,86,169,239,815,2,12,0,33.59,688.60,100.00,0.00,3170.54,1
48804,87,170,240,815,2,12,0,33.59,688.60,100.00,0.00,3170.54,1
49800,87,170,240,815,2,12,0,33.59,688.60,100.00,0.00,3170.54,1
50796,87,170,241,815,2,12,0,33.59,688.60,100.00,0.00,3170.54,1
51792,87,171,241,815,2,12,0,33.59,688.60,100.00,0.00,3170.54,1
52788,87,171,242,815,2,12,0,33.59,688.60,100.00,0.00,3170.54,1
53784,88,172,242,815,2,12,0,33.59,688.60,100.00,0.00,3170.54,1
54780,89,172,242,816,1,12,0,33.59,688.60,100.00,0.00,3170.54,1
55776,89,172,243,815,2,12,0,33.59,688.60,100.00,0.00,3170.54,1
56772,90,173,244,816,2,12,0,33.59,688.60,100.00,0.00,3170.54,1
57768,90,174,244,815,2,12,0,33.59,688.60,100.00,0.00,3170.54,1
58764,90,174,244,816,2,12,0,33.59,688.60,100.00,0.00,3170.54,1
59760,91,174,244,816,2,13,0,33.59,688.60,100.00,0.00,3170.54,1
60756,91,175,245,816,2,12,0,33.59,688.60,100.00,0.00,3170.54,1
61752,91,175,245,816,2,12,0,33.59,688.60,100.00,0.00,3170.54,1
62748,91,176,245,816,2,12,0,33.59,688.60,100.00,0.00,3170.54,1
63744,91,177,246,816,2,12,0,33.59,688.60,100.00,0.00,3170.54,1
64740,92,176,245,815,2,11,0,33.59,688.60,100.00,0.00,3170.54,1
65736,91,177,246,815,2,12,0,33.59,688.60,100.00,0.00,3170.54,1
66732,91,177,246,815,2,12,0,33.59,688.60,100.00,0.00,3170.54,1
67728,92,178,246,815,2,12,0,33.59,688.60,100.00,0.00,3170.54,1
68724,92,178,247,816,2,12,0,33.59,688.60,100.00,0.00,3170.54,1
69720,92,179,246,815,2,12,0,33.59,688.60,100.00,0.00,3170.54,1
70716,92,179,247,816,1,12,0,33.59,688.60,100.00,0.00,3170.54,1
71712,92,180,247,816,2,12,0,33.59,688.60,100.00,0.00,3170.54,1
72708,92,180,247,816,2,12,0,33.59,688.60,100.00,0.00,3170.54,1
73704,93,181,248,816,2,12,0,33.59,688.60,100.00,0.00,3170.54,1
74700,93,181,248,816,2,12,0,33.59,688.60,100.00,0.00,3170.54,1
75696,94,181,248,817,2,12,0,33.59,688.60,100.00,0.00,3170.54,1
76692,95,182,249,816,2,12,0,33.59,688.60,100.00,0.00,3170.54,1
77688,95,182,250,817,2,12,0,33.59,688.60,100.00,0.00,3170.54,1
78684,95,183,249,817,2,12,0,33.59,688.60,100.00,0.00,3170.54,1
79680,95,184,250,817,2,12,0,33.59,688.60,100.00,0.00,3170.54,1
80676,96,184,250,817,2,12,0,33.59,688.60,100.00,0.00,3170.54,1
81672,96,185,250,817,2,12,0,33.59,688.60,100.00,0.00,3170.54,1
82668,96,185,251,816,2,12,0,33.59,688.60,100.00,0.00,3170.54,1
83664,96,185,251,816,2,12,0,33.59,688.60,100.00,0.00,3170.54,1
84660,96,186,252,817,2,12,0,33.59,688.60,100.00,0.00,3170.54,1
85656,96,186,252,817,2,12,0,33.59,688.60,100.00,0.00,3170.54,1
86652,96,187,252,817,2,12,0,33.59,688.60,100.00,0.00,3170.54,1
87648,96,187,253,817,2,12,0,33.59,688.60,100.00,0.00,3170.54,1
88644,97,187,253,817,2,12,0,33.59,688.60,100.00,0.00,3170.54,1
89640,97,188,253,817,2,12,0,33.59,688.60,100.00,0.00,3170.54,1
90636,97,188,253,816,2,12,0,33.59,688.60,100.00,0.00,3170.54,1
91632,97,188,254,817,2,12,0,33.59,688.60,100.00,0.00,3170.54,1
92628,97,188,254,816,2,12,0,33.59,688.60,100.00,0.00,3170.54,1
93624,97,188,254,817,2,12,0,33.59,688.60,100.00,0.00,3170.54,1
94620,97,188,254,817,2,12,0,33.59,688.60,100.00,0.00,3170.54,1
95616,97,189,255,816,2,12,0,33.59,688.60,100.00,0.00,3170.54,1
96612,97,189,254,816,2,12,0,33.59,688.60,100.00,0.00,3170.54,1
97608,97,190,254,816,2,12,0,33.59,688.60,100.00,0.00,3170.54,1
98604,97,190,254,817,2,12,0,33.59,688.60,100.00,0.00,3170.54,1
99600,97,190,255,816,2,12,0,33.59,688.60,100.00,0.00,3170.54,1
100596,96,190,254,817,2,12,0,33.59,688.60,100.00,0.00,3170.54,1
101592,97,190,255,817,2,12,0,33.59,688.60,100.00,0.00,3170.54,1
102588,96,191,255,816,2,12,0,33.59,688.60,100.00,0.00,3170.54,1
103584,97,191,255,816,2,12,0,33.59,688.60,100.00,0.00,3170.54,1
104580,96,190,255,816,3,12,0,33.59,688.60,100.00,0.00,3170.54,1
105576,96,191,255,816,2,12,0,33.59,688.60,100.00,0.00,3170.54,1
106572,96,191,255,816,2,12,0,33.59,688.60,100.00,0.00,3170.54,1
107568,96,190,255,816,2,12,0,33.59,688.60,100.00,0.00,3170.54,1
108564,96,191,256,816,2,12,0,33.59,688.60,100.00,0.00,3170.54,1
109560,96,190,255,815,2,12,0,33.59,688.60,100.00,0.00,3170.54,1
110556,96,191,256,816,2,12,0,33.59,688.60,100.00,0.00,3170.54,1
111552,96,191,256,816,2,12,0,33.59,688.60,100.00,0.00,3170.54,1
112548,96,191,256,816,3,12,0,33.59,688.60,100.00,0.00,3170.54,1
113544,96,191,256,816,2,12,0,33.59,688.60,100.00,0.00,3170.54,1
114540,96,191,256,816,3,12,0,33.59,688.60,100.00,0.00,3170.54,1
115536,95,191,256,816,2,12,0,33.59,688.60,100.00,0.00,3170.54,1
116532,95,191,257,816,2,12,0,33.59,688.60,100.00,0.00,3170.54,1
117528,95,191,257,816,2,12,0,33.59,688.60,100.00,0.00,3170.54,1
118524,95,191,257,816,2,12,0,33.59,688.60,100.00,0.00,3170.54,1
119520,95,191,258,816,2,12,0,33.59,688.60,100.00,0.00,3170.54,1
120516,95,192,258,816,2,12,0,33.59,688.60,100.00,0.00,3170.54,1
121512,96,191,258,816,3,13,0,33.59,688.60,100.00,0.00,3170.54,1
122508,96,192,258,816,2,12,0,33.59,688.60,100.00,0.00,3170.54,1
123504,95,192,259,816,2,11,0,33.59,688.60,100.00,0.00,3170.54,1
124500,96,192,259,816,2,12,0,33.59,688.60,100.00,0.00,3170.54,1
125496,96,192,259,815,2,12,0,33.59,688.60,100.00,0.00,3170.54,1
126492,95,191,260,816,2,12,0,33.59,688.60,100.00,0.00,3170.54,1
127488,96,192,260,816,2,13,0,33.59,688.60,100.00,0.00,3170.54,1
128484,95,191,260,816,2,13,0,33.59,688.60,100.00,0.00,3170.54,1
129480,95,191,260,816,2,12,0,33.59,688.60,100.00,0.00,3170.54,1
130476,95,191,260,816,2,12,0,33.59,688.60,100.00,0.00,3170.54,1
131472,95,191,260,815,2,12,0,33.59,688.60,100.00,0.00,3170.54,1
132468,95,191,260,815,2,14,0,33.59,688.60,100.00,0.00,3170.54,1
133464,95,192,261,815,2,12,0,33.59,688.60,100.00,0.00,3170.54,1
134460,95,192,261,815,2,12,0,33.59,688.60,100.00,0.00,3170.54,1
135456,95,191,262,815,2,12,0,33.59,688.60,100.00,0.00,3170.54,1
136452,95,192,262,815,2,12,0,33.59,688.60,100.00,0.00,3170.54,1
137448,94,191,263,815,2,12,0,33.59,688.60,100.00,0.00,3170.54,1
138444,95,192,263,816,2,12,0,33.59,688.60,100.00,0.00,3170.54,1
139440,96,191,264,816,2,12,0,33.59,688.60,100.00,0.00,3170.54,1
140436,96,191,264,815,2,13,0,33.59,688.60,100.00,0.00,3170.54,1
141432,96,192,265,816,2,13,0,33.59,688.60,100.00,0.00,3170.54,1
142428,96,191,264,815,2,12,0,33.59,688.60,100.00,0.00,3170.54,1
143424,95,191,265,816,2,13,0,33.59,688.60,100.00,0.00,3170.54,1
144420,96,191,265,816,2,13,0,33.59,688.60,100.00,0.00,3170.54,1
145416,96,191,266,815,2,13,0,33.59,688.60,100.00,0.00,3170.54,1
146412,95,191,267,815,3,13,0,33.59,688.60,100.00,0.00,3170.54,1
147408,96,190,268,816,2,13,0,33.59,688.60,100.00,0.00,3170.54,1
148404,96,191,268,816,2,13,0,33.59,688.60,100.00,0.00,3170.54,1
149400,96,192,268,816,2,13,0,33.59,688.60,100.00,0.00,3170.54,1
150396,96,191,269,816,3,13,0,33.59,688.60,100.00,0.00,3170.54,1
151392,97,191,269,816,2,13,0,33.59,688.60,100.00,0.00,3170.54,1
152388,96,191,269,815,3,13,0,33.59,688.60,100.00,0.00,3170.54,1
153384,96,191,270,816,2,12,0,33.59,688.60,100.00,0.00,3170.54,1
154380,97,191,271,816,2,13,0,33.59,688.60,100.00,0.00,3170.54,1
155376,97,191,271,816,3,13,0,33.59,688.60,100.00,0.00,3170.54,1
156372,97,191,272,816,3,13,0,33.59,688.60,100.00,0.00,3170.54,1
157368,97,191,272,816,3,13,0,33.59,688.60,100.00,0.00,3170.54,1
158364,97,191,273,816,3,13,0,33.59,688.60,100.00,0.00,3170.54,1
159360,98,191,274,815,3,13,0,33.59,688.60,100.00,0.00,3170.54,1
160356,97,191,274,816,3,13,0,33.59,688.60,100.00,0.00,3170.54,1
161352,98,191,275,816,2,13,0,33.59,688.60,100.00,0.00,3170.54,1
162348,98,191,276,816,3,13,0,33.59,688.60,100.00,0.00,3170.54,1
163344,97,191,276,816,3,13,0,33.59,688.60,100.00,0.00,3170.54,1
164340,98,191,276,816,3,12,0,33.59,688.60,100.00,0.00,3170.54,1
165336,98,191,276,817,3,14,0,33.59,688.60,100.00,0.00,3170.54,1
166332,99,191,277,816,3,14,0,33.59,688.60,100.00,0.00,3170.54,1
167328,99,191,278,816,3,13,0,33.59,688.60,100.00,0.00,3170.54,1
168324,99,191,278,816,3,14,0,33.59,688.60,100.00,0.00,3170.54,1
169320,98,191,279,817,3,13,0,33.59,688.60,100.00,0.00,3170.54,1
170316,98,191,279,815,3,13,0,33.59,688.60,100.00,0.00,3170.54,1
171312,98,192,280,816,2,13,0,33.59,688.60,100.00,0.00,3170.54,1
172308,99,191,280,816,3,13,0,33.59,688.60,100.00,0.00,3170.54,1
173304,99,191,280,816,3,13,0,33.59,688.60,100.00,0.00,3170.54,1
174300,99,192,280,816,3,13,0,33.59,688.60,100.00,0.00,3170.54,1
175296,99,192,280,816,3,13,0,33.59,688.60,100.00,0.00,3170.54,1
176292,98,191,281,816,3,13,0,33.59,688.60,100.00,0.00,3170.54,1
177288,99,191,281,815,3,14,0,33.59,688.60,100.00,0.00,3170.54,1
178284,99,191,281,815,3,14,0,33.59,688.60,100.00,0.00,3170.54,1
179280,99,191,282,816,3,14,0,33.59,688.60,100.00,0.00,3170.54,1
180276,99,191,282,816,3,14,0,33.59,688.60,100.00,0.00,3170.54,1
181272,98,191,282,816,4,15,0,33.59,688.60,100.00,0.00,3170.54,1
182268,99,191,283,816,4,14,0,33.59,688.60,100.00,0.00,3170.54,1
183264,99,190,282,816,3,13,0,33.59,688.60,100.00,0.00,3170.54,1
184260,99,191,282,816,3,14,0,33.59,688.60,100.00,0.00,3170.54,1
185256,99,190,282,816,2,13,0,33.59,688.60,100.00,0.00,3170.54,1
186252,99,190,282,816,2,13,0,33.59,688.60,100.00,0.00,3170.54,1
187248,99,191,283,815,3,13,0,33.59,688.60,100.00,0.00,3170.54,1
188244,99,191,282,815,3,13,0,33.59,688.60,100.00,0.00,3170.54,1
189240,99,191,283,816,4,13,0,33.59,688.60,100.00,0.00,3170.54,1
190236,99,191,283,816,3,13,0,33.59,688.60,100.00,0.00,3170.54,1
191232,99,190,283,816,3,13,0,33.59,688.60,100.00,0.00,3170.54,1
192228,99,190,283,816,2,13,0,33.59,688.60,100.00,0.00,3170.54,1
193224,98,190,283,816,3,13,0,33.59,688.60,100.00,0.00,3170.54,1
194220,99,190,283,816,3,13,0,33.59,688.60,100.00,0.00,3170.54,1
195216,99,190,283,816,3,13,0,33.59,688.60,100.00,0.00,3170.54,1
196212,99,190,284,816,3,13,0,33.59,688.60,100.00,0.00,3170.54,1
197208,99,190,283,816,3,13,0,33.59,688.60,100.00,0.00,3170.54,1
198204,98,190,284,816,3,13,0,33.59,688.60,100.00,0.00,3170.54,1
199200,99,190,284,815,3,13,0,33.59,688.60,100.00,0.00,3170.54,1
200196,99,191,285,816,3,14,0,33.59,688.60,100.00,0.00,3170.54,1
201192,99,190,285,815,3,13,0,33.59,688.60,100.00,0.00,3170.54,1
202188,99,190,286,817,3,14,0,33.59,688.60,100.00,0.00,3170.54,1
203184,100,190,286,816,3,14,0,33.59,688.60,100.00,0.00,3170.54,1
204180,99,190,287,816,3,14,0,33.59,688.60,100.00,0.00,3170.54,1
205176,99,190,287,816,4,14,0,33.59,688.60,100.00,0.00,3170.54,1
206172,100,190,288,817,3,14,0,33.59,688.60,100.00,0.00,3170.54,1
207168,100,191,287,816,3,14,0,33.59,688.60,100.00,0.00,3170.54,1
208164,100,190,288,815,3,14,0,33.59,688.60,100.00,0.00,3170.54,1
209160,99,190,288,816,3,14,0,33.59,688.60,100.00,0.00,3170.54,1
210156,100,190,289,816,3,14,0,33.59,688.60,100.00,0.00,3170.54,1
211152,100,191,290,817,4,14,0,33.59,688.60,100.00,0.00,3170.54,1
212148,101,190,289,817,3,14,0,33.59,688.60,100.00,0.00,3170.54,1
213144,100,191,291,816,3,14,0,33.59,688.60,100.00,0.00,3170.54,1
214140,101,190,291,817,3,14,0,33.59,688.60,100.00,0.00,3170.54,1
215136,101,190,291,816,3,15,0,33.59,688.60,100.00,0.00,3170.54,1
216132,101,190,292,816,3,14,0,33.59,688.60,100.00,0.00,3170.54,1
217128,101,190,292,817,3,14,0,33.59,688.60,100.00,0.00,3170.54,1
218124,101,191,293,816,3,14,0,33.59,688.60,100.00,0.00,3170.54,1
219120,101,191,294,817,2,12,0,33.59,688.60,100.00,0.00,3170.54,1
220116,101,190,294,817,2,11,0,33.59,688.60,100.00,0.00,3170.54,1
221112,102,190,295,817,2,11,0,33.59,688.60,100.00,0.00,3170.54,1
222108,101,191,295,817,2,11,0,33.59,688.60,100.00,0.00,3170.54,1
223104,102,191,296,817,1,11,0,33.59,688.60,100.00,0.00,3170.54,1
224100,102,191,296,817,1,10,0,33.59,688.60,100.00,0.00,3170.54,1
225096,102,191,297,816,1,11,0,33.59,688.60,100.00,0.00,3170.54,1
226092,103,190,297,817,1,11,0,33.59,688.60,100.00,0.00,3170.54,1
227088,103,191,297,816,1,11,0,33.59,688.60,100.00,0.00,3170.54,1
228084,103,190,298,817,1,11,0,33.59,688.60,100.00,0.00,3170.54,1
229080,103,190,298,817,1,11,0,33.59,688.60,100.00,0.00,3170.54,1
230076,103,191,299,817,1,11,0,33.59,688.60,100.00,0.00,3170.54,1
231072,103,190,299,818,1,11,0,33.59,688.60,100.00,0.00,3170.54,1
232068,104,191,301,817,2,11,0,33.59,688.60,100.00,0.00,3170.54,1
233064,104,191,300,816,1,12,0,33.59,688.60,100.00,0.00,3170.54,1
234060,104,191,302,817,2,12,0,33.59,688.60,100.00,0.00,3170.54,1
235056,104,191,302,817,2,11,0,33.59,688.60,100.00,0.00,3170.54,1
236052,104,190,303,817,2,12,0,33.59,688.60,100.00,0.00,3170.54,1
237048,104,191,303,817,2,12,0,33.59,688.60,100.00,0.00,3170.54,1
238044,105,191,304,817,2,12,0,33.59,688.60,100.00,0.00,3170.54,1
239040,104,191,304,817,2,12,0,33.59,688.60,100.00,0.00,3170.54,1
240036,105,191,304,818,2,12,0,33.59,688.60,100.00,0.00,3170.54,1
241032,105,191,306,817,2,12,0,33.59,688.60,100.00,0.00,3170.54,1
242028,105,192,306,818,2,12,0,33.59,688.60,100.00,0.00,3170.54,1
243024,105,192,306,818,2,12,0,33.59,688.60,100.00,0.00,3170.54,1
244020,106,191,307,818,2,12,0,33.59,688.60,100.00,0.00,3170.54,1
245016,105,191,307,818,2,13,0,33.59,688.60,100.00,0.00,3170.54,1
246012,105,191,307,817,2,12,0,33.59,688.60,100.00,0.00,3170.54,1
247008,106,191,307,817,2,11,0,33.59,688.60,100.00,0.00,3170.54,1
248004,105,191,307,817,2,12,0,33.59,688.60,100.00,0.00,3170.54,1
249000,106,192,307,818,2,12,0,33.59,688.60,100.00,0.00,3170.54,1
249996,106,192,308,818,2,12,0,33.59,688.60,100.00,0.00,3170.54,1
250992,106,191,308,818,2,13,0,33.59,688.60,100.00,0.00,3170.54,1
251988,106,192,308,817,2,12,0,33.59,688.60,100.00,0.00,3170.54,1
252984,106,191,308,818,2,13,0,33.59,688.60,100.00,0.00,3170.54,1
253980,105,192,308,817,2,12,0,33.59,688.60,100.00,0.00,3170.54,1
254976,106,192,308,818,3,12,0,33.59,688.60,100.00,0.00,3170.54,1
255972,106,192,308,817,2,13,0,33.59,688.60,100.00,0.00,3170.54,1
256968,106,192,308,818,3,13,0,33.59,688.60,100.00,0.00,3170.54,1
257964,106,191,309,818,2,12,0,33.59,688.60,100.00,0.00,3170.54,1
258960,106,192,309,818,2,12,0,33.59,688.60,100.00,0.00,3170.54,1
259956,107,192,309,817,3,13,0,33.59,688.60,100.00,0.00,3170.54,1
260952,106,192,309,818,3,13,0,33.59,688.60,100.00,0.00,3170.54,1
261948,106,191,310,818,3,13,0,33.59,688.60,100.00,0.00,3170.54,1
262944,106,192,310,818,3,14,0,33.59,688.60,100.00,0.00,3170.54,1
263940,106,192,310,818,3,14,0,33.59,688.60,100.00,0.00,3170.54,1
264936,107,192,311,818,2,12,0,33.59,688.60,100.00,0.00,3170.54,1
265932,107,191,311,818,2,12,0,33.59,688.60,100.00,0.00,3170.54,1
266928,107,191,311,818,2,12,0,33.59,688.60,100.00,0.00,3170.54,1
267924,107,192,311,818,2,12,0,33.59,688.60,100.00,0.00,3170.54,1
268920,107,192,312,818,2,12,0,33.59,688.60,100.00,0.00,3170.54,1
269916,107,192,312,818,2,12,0,33.59,688.60,100.00,0.00,3170.54,1
270912,107,192,313,819,2,13,0,33.59,688.60,100.00,0.00,3170.54,1
271908,107,192,313,818,2,13,0,33.59,688.60,100.00,0.00,3170.54,1
272904,107,191,313,818,2,12,0,33.59,688.60,100.00,0.00,3170.54,1
273900,107,192,314,818,2,13,0,33.59,688.60,100.00,0.00,3170.54,1
274896,108,192,314,818,4,15,0,33.59,688.60,100.00,0.00,3170.54,1
275892,108,192,314,818,3,15,0,33.59,688.60,100.00,0.00,3170.54,1
276888,108,192,314,818,3,15,0,33.59,688.60,100.00,0.00,3170.54,1
277884,108,192,314,819,3,14,0,33.59,688.60,100.00,0.00,3170.54,1
278880,108,192,315,818,3,14,0,33.59,688.60,100.00,0.00,3170.54,1
279876,107,192,315,818,3,14,0,33.59,688.60,100.00,0.00,3170.54,1
280872,108,192,315,819,3,14,0,33.59,688.60,100.00,0.00,3170.54,1
281868,108,192,315,818,2,12,0,33.59,688.60,100.00,0.00,3170.54,1
282864,108,193,315,819,2,12,0,33.59,688.60,100.00,0.00,3170.54,1
283860,108,193,317,818,2,12,0,33.59,688.60,100.00,0.00,3170.54,1
284856,108,193,316,819,2,12,0,33.59,688.60,100.00,0.00,3170.54,1
285852,109,192,317,819,2,12,0,33.59,688.60,100.00,0.00,3170.54,1
286848,109,193,317,818,2,12,0,33.59,688.60,100.00,0.00,3170.54,1
287844,109,193,317,819,2,12,0,33.59,688.60,100.00,0.00,3170.54,1
288840,109,193,318,818,2,12,0,33.59,688.60,100.00,0.00,3170.54,1
289836,109,193,319,818,2,12,0,33.59,688.60,100.00,0.00,3170.54,1
290832,109,192,319,819,2,12,0,33.59,688.60,100.00,0.00,3170.54,1
291828,109,193,319,819,2,13,0,33.59,688.60,100.00,0.00,3170.54,1
292824,110,193,319,818,2,12,0,33.59,688.60,100.00,0.00,3170.54,1
293820,109,193,320,819,2,12,0,33.59,688.60,100.00,0.00,3170.54,1
294816,109,193,321,819,2,13,0,33.59,688.60,100.00,0.00,3170.54,1
295812,110,193,321,819,2,13,0,33.59,688.60,100.00,0.00,3170.54,1
296808,111,193,321,819,2,13,0,33.59,688.60,100.00,0.00,3170.54,1
297804,111,193,323,819,2,13,0,33.59,688.60,100.00,0.00,3170.54,1
298800,111,193,323,820,3,14,0,33.59,688.60,100.00,0.00,3170.54,1
299796,110,194,323,819,2,13,0,33.59,688.60,100.00,0.00,3170.54,1
300792,111,193,323,819,2,12,0,33.59,688.60,100.00,0.00,3170.54,1
301788,111,193,324,820,2,13,0,33.59,688.60,100.00,0.00,3170.54,1
302784,111,194,325,819,2,13,0,33.59,688.60,100.00,0.00,3170.54,1
303780,111,193,325,820,2,13,0,33.59,688.60,100.00,0.00,3170.54,1
304776,112,194,325,819,2,13,0,33.59,688.60,100.00,0.00,3170.54,1
305772,112,194,326,819,2,12,0,33.59,688.60,100.00,0.00,3170.54,1
306768,112,194,326,820,2,12,0,33.59,688.60,100.00,0.00,3170.54,1
307764,111,194,326,820,2,12,0,33.59,688.60,100.00,0.00,3170.54,1
308760,112,194,327,819,2,13,0,33.59,688.60,100.00,0.00,3170.54,1
309756,112,194,327,819,2,12,0,33.59,688.60,100.00,0.00,3170.54,1
310752,111,194,327,820,2,12,0,33.59,688.60,100.00,0.00,3170.54,1
311748,113,194,328,819,2,13,0,33.59,688.60,100.00,0.00,3170.54,1
312744,112,194,328,820,2,12,0,33.59,688.60,100.00,0.00,3170.54,1
313740,113,194,328,819,2,12,0,33.59,688.60,100.00,0.00,3170.54,1
314736,112,195,329,820,2,12,0,33.59,688.60,100.00,0.00,3170.54,1
315732,113,195,329,820,2,12,0,33.59,688.60,100.00,0.00,3170.54,1
316728,113,194,329,820,2,12,0,33.59,688.60,100.00,0.00,3170.54,1
317724,113,194,329,820,2,12,0,33.59,688.60,100.00,0.00,3170.54,1
318720,113,195,330,820,2,12,0,33.59,688.60,100.00,0.00,3170.54,1
319716,112,195,330,820,2,12,0,33.59,688.60,100.00,0.00,3170.54,1
320712,113,195,330,820,2,12,0,33.59,688.60,100.00,0.00,3170.54,1
321708,113,195,329,821,2,12,0,33.59,688.60,100.00,0.00,3170.54,1
322704,113,195,330,820,2,12,0,33.59,688.60,100.00,0.00,3170.54,1
323700,113,196,331,820,2,12,0,33.59,688.60,100.00,0.00,3170.54,1
324696,113,196,331,821,2,12,0,33.59,688.60,100.00,0.00,3170.54,1
325692,113,195,331,821,2,12,0,33.59,688.60,100.00,0.00,3170.54,1
326688,114,195,331,820,2,12,0,33.59,688.60,100.00,0.00,3170.54,1
327684,114,196,332,821,2,12,0,33.59,688.60,100.00,0.00,3170.54,1
328680,113,196,332,820,3,12,0,33.59,688.60,100.00,0.00,3170.54,1
329676,114,196,333,820,2,12,0,33.59,688.60,100.00,0.00,3170.54,1
330672,114,196,333,821,2,12,0,33.59,688.60,100.00,0.00,3170.54,1
331668,114,196,333,821,2,13,0,33.59,688.60,100.00,0.00,3170.54,1
332664,114,196,333,820,2,12,0,33.59,688.60,100.00,0.00,3170.54,1
333660,114,196,334,820,2,12,0,33.59,688.60,100.00,0.00,3170.54,1
334656,114,197,333,821,3,12,0,33.59,688.60,100.00,0.00,3170.54,1
335652,115,196,334,821,2,12,0,33.59,688.60,100.00,0.00,3170.54,1
336648,114,196,333,821,2,12,0,33.59,688.60,100.00,0.00,3170.54,1
337644,115,196,335,821,2,12,0,33.59,688.60,100.00,0.00,3170.54,1
338640,115,197,335,821,1,12,0,33.59,688.60,100.00,0.00,3170.54,1
339636,115,197,334,821,2,12,0,33.59,688.60,100.00,0.00,3170.54,1
340632,115,197,334,820,2,12,0,33.59,688.60,100.00,0.00,3170.54,1
341628,115,197,335,820,2,12,0,33.59,688.60,100.00,0.00,3170.54,1
342624,115,197,336,821,2,12,0,33.59,688.60,100.00,0.00,3170.54,1
343620,115,197,336,821,2,12,0,33.59,688.60,100.00,0.00,3170.54,1
344616,116,197,336,821,2,12,0,33.59,688.60,100.00,0.00,3170.54,1
345612,115,197,336,821,2,12,0,33.59,688.60,100.00,0.00,3170.54,1
346608,116,197,337,821,2,12,0,33.59,688.60,100.00,0.00,3170.54,1
347604,115,197,337,821,2,12,0,33.59,688.60,100.00,0.00,3170.54,1
348600,116,198,338,821,2,12,0,33.59,688.60,100.00,0.00,3170.54,1
349596,116,198,337,822,2,12,0,33.59,688.60,100.00,0.00,3170.54,1
350592,116,198,338,821,2,12,0,33.59,688.60,100.00,0.00,3170.54,1
351588,116,198,338,821,2,12,0,33.59,688.60,100.00,0.00,3170.54,1
352584,116,198,339,822,2,12,0,33.59,688.60,100.00,0.00,3170.54,1
353580,117,198,339,821,2,12,0,33.59,688.60,100.00,0.00,3170.54,1
354576,116,198,339,821,2,12,0,33.59,688.60,100.00,0.00,3170.54,1
355572,117,199,340,821,2,12,0,33.59,688.60,100.00,0.00,3170.54,1
356568,116,199,340,822,2,12,0,33.59,688.60,100.00,0.00,3170.54,1
357564,116,198,340,822,2,12,0,33.59,688.60,100.00,0.00,3170.54,1
358560,117,198,341,821,2,12,0,33.59,688.60,100.00,0.00,3170.54,1
359556,117,198,341,822,2,12,0,33.59,688.60,100.00,0.00,3170.54,1
360552,117,199,342,821,2,12,0,33.59,688.60,100.00,0.00,3170.54,1
361548,117,199,341,822,2,12,0,33.59,688.60,100.00,0.00,3170.54,1
362544,117,198,342,822,2,12,0,33.59,688.60,100.00,0.00,3170.54,1
363540,117,199,342,822,2,12,0,33.59,688.60,100.00,0.00,3170.54,1
364536,117,199,343,822,2,13,0,33.59,688.60,100.00,0.00,3170.54,1
365532,117,199,343,822,3,16,4294967295,33.59,688.60,100.00,0.00,3170.54,1
366528,117,199,343,822,5,17,0,33.59,688.60,100.00,0.00,3170.54,1
367524,117,199,343,823,11,23,4294967295,33.59,688.60,100.00,0.00,3170.54,1
368520,118,199,343,822,3,14,0,33.59,688.60,100.00,0.00,3170.54,1
369516,117,200,344,823,3,13,0,33.59,688.60,100.00,0.00,3170.54,1
370512,118,199,345,823,3,13,0,33.59,688.60,100.00,0.00,3170.54,1
371508,118,200,345,822,3,14,0,33.59,688.60,100.00,0.00,3170.54,1
372504,119,200,346,823,3,14,0,33.59,688.60,100.00,0.00,3170.54,1
373500,118,200,345,823,3,14,0,33.59,688.60,100.00,0.00,3170.54,1
374496,118,199,346,822,2,14,0,33.59,688.60,100.00,0.00,3170.54,1
375492,119,200,346,822,3,13,0,33.59,688.60,100.00,0.00,3170.54,1
376488,119,200,346,822,2,12,0,33.59,688.60,100.00,0.00,3170.54,1
377484,119,200,346,823,2,12,0,33.59,688.60,100.00,0.00,3170.54,1
378480,118,200,347,822,2,13,0,33.59,688.60,100.00,0.00,3170.54,1
379476,118,200,347,822,2,12,0,33.59,688.60,100.00,0.00,3170.54,1
380472,119,200,347,823,2,12,0,33.59,688.60,100.00,0.00,3170.54,1
381468,119,201,347,823,2,12,0,33.59,688.60,100.00,0.00,3170.54,1
382464,119,200,347,823,2,12,0,33.59,688.60,100.00,0.00,3170.54,1
383460,119,201,347,822,2,12,0,33.59,688.60,100.00,0.00,3170.54,1
384456,119,200,347,823,2,12,0,33.59,688.60,100.00,0.00,3170.54,1
385452,120,201,348,823,2,13,0,33.59,688.60,100.00,0.00,3170.54,1
386448,119,200,348,822,2,12,0,33.59,688.60,100.00,0.00,3170.54,1
387444,119,200,348,823,2,12,0,33.59,688.60,100.00,0.00,3170.54,1
388440,119,201,348,823,2,12,0,33.59,688.60,100.00,0.00,3170.54,1
389436,119,201,349,822,2,12,0,33.59,688.60,100.00,0.00,3170.54,1
390432,120,201,348,823,2,13,0,33.59,688.60,100.00,0.00,3170.54,1
391428,120,201,349,823,2,12,0,33.59,688.60,100.00,0.00,3170.54,1
392424,120,202,349,823,2,12,0,33.59,688.60,100.00,0.00,3170.54,1
393420,119,201,350,823,2,13,0,33.59,688.60,100.00,0.00,3170.54,1
394416,120,202,350,823,2,13,0,33.59,688.60,100.00,0.00,3170.54,1
395412,120,202,350,823,2,13,0,33.59,688.60,100.00,0.00,3170.54,1
396408,120,202,350,823,2,13,0,33.59,688.60,100.00,0.00,3170.54,1
397404,121,201,350,823,2,12,0,33.59,688.60,100.00,0.00,3170.54,1
398400,120,202,351,824,2,13,0,33.59,688.60,100.00,0.00,3170.54,1
399396,120,202,351,823,2,13,0,33.59,688.60,100.00,0.00,3170.54,1
400392,120,202,352,824,3,14,0,33.59,688.60,100.00,0.00,3170.54,1
401388,121,202,352,823,4,15,0,33.59,688.60,100.00,0.00,3170.54,1
402384,121,202,352,824,3,14,0,33.59,688.60,100.00,0.00,3170.54,1
403380,121,202,353,824,3,14,0,33.59,688.60,100.00,0.00,3170.54,1
404376,120,203,353,824,3,14,0,33.59,688.60,100.00,0.00,3170.54,1
405372,121,203,352,824,3,14,0,33.59,688.60,100.00,0.00,3170.54,1
406368,120,203,353,824,3,14,0,33.59,688.60,100.00,0.00,3170.54,1
407364,121,203,353,824,3,13,0,33.59,688.60,100.00,0.00,3170.54,1
408360,120,202,353,824,3,14,0,33.59,688.60,100.00,0.00,3170.54,1
409356,121,203,354,824,3,14,0,33.59,688.60,100.00,0.00,3170.54,1
410352,121,203,353,824,3,13,0,33.59,688.60,100.00,0.00,3170.54,1
411348,121,203,354,824,2,13,0,33.59,688.60,100.00,0.00,3170.54,1
412344,121,203,354,824,3,13,0,33.59,688.60,100.00,0.00,3170.54,1
413340,121,203,354,824,3,13,0,33.59,688.60,100.00,0.00,3170.54,1
414336,121,204,355,824,3,14,0,33.59,688.60,100.00,0.00,3170.54,1
415332,121,203,355,824,3,14,0,33.59,688.60,100.00,0.00,3170.54,1
416328,122,204,355,824,3,13,0,33.59,688.60,100.00,0.00,3170.54,1
417324,122,204,355,824,2,14,0,33.59,688.60,100.00,0.00,3170.54,1
418320,122,204,355,824,3,13,0,33.59,688.60,100.00,0.00,3170.54,1
419316,121,204,355,824,3,13,0,33.59,688.60,100.00,0.00,3170.54,1
420312,122,204,356,824,3,14,0,33.59,688.60,100.00,0.00,3170.54,1
421308,122,204,356,824,3,14,0,33.59,688.60,100.00,0.00,3170.54,1
422304,122,204,356,824,3,14,0,33.59,688.60,100.00,0.00,3170.54,1
423300,122,205,356,824,3,14,0,33.59,688.60,100.00,0.00,3170.54,1
424296,122,204,356,824,3,14,0,33.59,688.60,100.00,0.00,3170.54,1
425292,123,204,357,825,3,14,6,33.59,688.60,100.00,0.00,3170.54,1
426288,122,205,357,824,3,14,4294967295,33.59,688.60,100.00,0.00,3170.54,1
427284,122,205,357,824,3,15,4294967295,33.59,688.60,100.00,0.00,3170.54,1
428280,122,205,357,825,3,15,5,33.59,688.60,100.00,0.00,3170.54,1
429276,122,205,357,824,3,15,39,33.59,688.60,100.00,0.00,3170.54,1
430272,123,205,357,824,4,15,89,33.59,688.60,100.00,0.00,3170.54,1
431268,123,204,357,824,3,14,39,33.59,688.60,100.00,0.00,3170.54,1
432264,122,205,357,824,3,15,23,33.59,688.60,100.00,0.00,3170.54,1
433260,123,205,357,825,3,14,6,33.59,688.60,100.00,0.00,3170.54,1
434256,123,205,358,825,3,14,0,33.59,688.60,100.00,0.00,3170.54,1
435252,123,205,358,824,3,14,1,33.59,688.60,100.00,0.00,3170.54,1
436248,123,205,358,825,3,14,1,33.59,688.60,100.00,0.00,3170.54,1
437244,123,206,358,825,3,14,1,33.59,688.60,100.00,0.00,3170.54,1
438240,123,206,358,824,3,15,0,33.59,688.60,100.00,0.00,3170.54,1
439236,123,206,359,826,3,15,71,33.59,688.60,100.00,0.00,3170.54,1
440232,123,206,359,825,3,15,4294967295,33.59,688.60,100.00,0.00,3170.54,1
441228,123,206,359,824,3,15,4294967295,33.59,688.60,100.00,0.00,3170.54,1
442224,123,206,360,825,4,15,4294967295,33.59,688.60,100.00,0.00,3170.54,1
443220,123,206,360,825,3,15,211,33.59,688.60,100.00,0.00,3170.54,1
444216,123,206,360,826,3,14,55735,33.59,688.60,100.00,0.00,3170.54,1
445212,124,206,360,826,4,15,39,33.59,688.60,100.00,0.00,3170.54,1
446208,124,207,360,825,5,15,4294967295,33.59,688.60,100.00,0.00,3170.54,1
447204,123,206,360,825,4,15,4294967295,33.59,688.60,100.00,0.00,3170.54,1
448200,124,206,361,825,4,15,11,33.59,688.60,100.00,0.00,3170.54,1
449196,124,206,362,825,4,15,4294967295,33.59,688.60,100.00,0.00,3170.54,1
450192,123,207,361,825,4,15,32,33.59,688.60,100.00,0.00,3170.54,1
451188,124,207,361,825,4,15,4294967295,33.59,688.60,100.00,0.00,3170.54,1
452184,124,207,362,825,4,15,4294967295,33.59,688.60,100.00,0.00,3170.54,1
453180,124,207,362,825,3,15,4294967295,33.59,688.60,100.00,0.00,3170.54,1
454176,125,207,362,825,3,15,4294967295,33.59,688.60,100.00,0.00,3170.54,1
455172,124,206,363,826,3,14,23,33.59,688.60,100.00,0.00,3170.54,1
456168,125,207,363,825,3,15,4294967295,33.59,688.60,100.00,0.00,3170.54,1
457164,124,208,363,825,4,15,7,33.59,688.60,100.00,0.00,3170.54,1
458160,125,207,363,826,3,15,4294967295,33.59,688.60,100.00,0.00,3170.54,1
459156,125,208,364,826,3,15,1354,33.59,688.60,100.00,0.00,3170.54,1
460152,125,207,364,825,3,15,4294967295,33.59,688.60,100.00,0.00,3170.54,1
461148,125,208,364,825,3,15,4294967295,33.59,688.60,100.00,0.00,3170.54,1
462144,126,208,365,825,4,15,4294967295,33.59,688.60,100.00,0.00,3170.54,1
463140,125,208,365,826,4,15,55735,33.59,688.60,100.00,0.00,3170.54,1
464136,125,208,365,826,3,15,4294967295,33.59,688.60,100.00,0.00,3170.54,1
465132,125,208,365,826,3,16,4294967295,33.59,688.60,100.00,0.00,3170.54,1
466128,125,208,365,827,4,15,4294967295,33.59,688.60,100.00,0.00,3170.54,1
467124,125,209,366,826,4,15,4294967295,33.59,688.60,100.00,0.00,3170.54,1
468120,126,208,366,826,4,15,4294967295,33.59,688.60,100.00,0.00,3170.54,1
469116,126,209,365,826,4,15,4294967295,33.59,688.60,100.00,0.00,3170.54,1
470112,126,208,366,826,4,16,4294967295,33.59,688.60,100.00,0.00,3170.54,1
471108,126,208,366,826,4,15,4294967295,33.59,688.60,100.00,0.00,3170.54,1
472104,125,209,366,826,4,16,4294967295,33.59,688.60,100.00,0.00,3170.54,1
473100,125,209,367,826,4,15,4294967295,33.59,688.60,100.00,0.00,3170.54,1
474096,125,208,366,826,3,15,4294967295,33.59,688.60,100.00,0.00,3170.54,1
475092,126,209,367,826,4,14,4294967295,33.59,688.60,100.00,0.00,3170.54,1
476088,126,209,367,827,3,14,115,33.59,688.60,100.00,0.00,3170.54,1
477084,126,209,367,827,3,14,4294967295,33.59,688.60,100.00,0.00,3170.54,1
478080,126,210,367,826,3,14,4294967295,33.59,688.60,100.00,0.00,3170.54,1
479076,126,210,367,826,3,15,4294967295,33.59,688.60,100.00,0.00,3170.54,1
480072,126,209,368,826,6,19,4294967295,33.59,688.60,100.00,0.00,3170.54,1
481068,126,209,367,826,13,25,4294967295,33.59,688.60,100.00,0.00,3170.54,1
482064,125,210,368,827,12,25,4294967295,33.59,688.60,100.00,0.00,3170.54,1
483060,125,210,368,826,12,24,4294967295,33.59,688.60,100.00,0.00,3170.54,1
484056,125,210,367,827,13,24,4294967295,33.59,688.60,100.00,0.00,3170.54,1
485052,126,210,369,826,11,23,4294967295,33.59,688.60,100.00,0.00,3170.54,1
486048,125,210,369,827,9,21,4294967295,33.59,688.60,100.00,0.00,3170.54,1
487044,126,210,369,827,13,20,4294967295,33.59,688.60,100.00,0.00,3170.54,1
488040,125,211,369,827,11,22,4294967295,33.59,688.60,100.00,0.00,3170.54,1
489036,125,211,369,827,11,22,4294967295,33.59,688.60,100.00,0.00,3170.54,1
490032,125,210,369,826,10,21,4294967295,33.59,688.60,100.00,0.00,3170.54,1
491028,126,211,369,826,10,21,4294967295,33.59,688.60,100.00,0.00,3170.54,1
492024,125,211,370,827,13,21,4294967295,33.59,688.60,100.00,0.00,3170.54,1
493020,125,210,369,827,11,21,4294967295,33.59,688.60,100.00,0.00,3170.54,1
494016,125,210,369,827,10,21,4294967295,33.59,688.60,100.00,0.00,3170.54,1
495012,125,211,370,826,9,21,4294967295,33.59,688.60,100.00,0.00,3170.54,1
496008,125,211,371,827,9,20,4294967295,33.59,688.60,100.00,0.00,3170.54,1
497004,126,212,371,827,9,21,4294967295,33.59,688.60,100.00,0.00,3170.54,1
498000,126,212,370,827,10,21,4294967295,33.59,688.60,100.00,0.00,3170.54,1
498996,126,212,371,828,11,22,4294967295,33.59,688.60,100.00,0.00,3170.54,1
499992,127,212,371,828,5,16,4294967295,33.59,688.60,100.00,0.00,3170.54,1
500988,128,212,371,827,5,16,4294967295,33.59,688.60,100.00,0.00,3170.54,1
501984,128,212,372,827,6,18,4294967295,33.59,688.60,100.00,0.00,3170.54,1
502980,127,212,372,828,5,16,4294967295,33.59,688.60,100.00,0.00,3170.54,1
503976,127,212,372,828,5,17,4294967295,33.59,688.60,100.00,0.00,3170.54,1
504972,127,212,371,828,4,15,4294967295,33.59,688.60,100.00,0.00,3170.54,1
505968,128,212,372,828,5,17,4294967295,33.59,688.60,100.00,0.00,3170.54,1
506964,128,212,372,828,5,17,4294967295,33.59,688.60,100.00,0.00,3170.54,1
507960,129,213,372,828,4,16,4294967295,33.59,688.60,100.00,0.00,3170.54,1
508956,128,212,372,828,5,16,4294967295,33.59,688.60,100.00,0.00,3170.54,1
509952,129,212,372,827,6,17,4294967295,33.59,688.60,100.00,0.00,3170.54,1
510948,129,212,372,828,4,16,4294967295,33.59,688.60,100.00,0.00,3170.54,1
511944,128,213,373,827,5,17,4294967295,33.59,688.60,100.00,0.00,3170.54,1
512940,128,213,373,828,5,17,4294967295,33.59,688.60,100.00,0.00,3170.54,1
513936,128,213,373,828,5,18,4294967295,33.59,688.60,100.00,0.00,3170.54,1
514932,128,213,373,828,3,15,4294967295,33.59,688.60,100.00,0.00,3170.54,1
515928,129,213,373,828,4,16,4294967295,33.59,688.60,100.00,0.00,3170.54,1
516924,129,213,374,828,4,16,4294967295,33.59,688.60,100.00,0.00,3170.54,1
517920,130,213,374,828,4,16,4294967295,33.59,688.60,100.00,0.00,3170.54,1
518916,129,213,374,828,4,16,4294967295,33.59,688.60,100.00,0.00,3170.54,1
519912,129,213,373,827,3,15,4294967295,33.59,688.60,100.00,0.00,3170.54,1
520908,129,213,374,828,3,15,4294967295,33.59,688.60,100.00,0.00,3170.54,1
521904,129,213,374,828,3,15,4294967295,33.59,688.60,100.00,0.00,3170.54,1
522900,129,214,375,828,7,19,4294967295,33.59,688.60,100.00,0.00,3170.54,1
523896,129,213,374,828,12,21,4294967295,33.59,688.60,100.00,0.00,3170.54,1
524892,129,214,374,828,11,25,4294967295,33.59,688.60,100.00,0.00,3170.54,1
525888,128,214,374,828,10,19,4294967295,33.59,688.60,100.00,0.00,3170.54,1
526884,129,214,375,829,3,15,4294967295,33.59,688.60,100.00,0.00,3170.54,1
527880,130,214,375,828,4,16,4294967295,33.59,688.60,100.00,0.00,3170.54,1
528876,130,215,375,829,5,18,4294967295,33.59,688.60,100.00,0.00,3170.54,1
529872,130,214,375,828,3,16,4294967295,33.59,688.60,100.00,0.00,3170.54,1
530868,130,215,376,829,3,15,4294967295,33.59,688.60,100.00,0.00,3170.54,1
531864,130,215,376,829,3,16,4294967295,33.59,688.60,100.00,0.00,3170.54,1
532860,130,214,376,829,3,15,4294967295,33.59,688.60,100.00,0.00,3170.54,1
533856,130,215,376,828,4,16,4294967295,33.59,688.60,100.00,0.00,3170.54,1
534852,130,215,376,828,3,15,4294967295,33.59,688.60,100.00,0.00,3170.54,1
535848,130,215,376,828,3,16,4294967295,33.59,688.60,100.00,0.00,3170.54,1
536844,130,215,377,829,3,16,4294967295,33.59,688.60,100.00,0.00,3170.54,1
537840,131,215,376,829,3,15,4294967295,33.59,688.60,100.00,0.00,3170.54,1
538836,131,215,377,829,3,15,4294967295,33.59,688.60,100.00,0.00,3170.54,1
539832,131,215,377,829,3,15,4294967295,33.59,688.60,100.00,0.00,3170.54,1
540828,130,215,377,828,3,15,4294967295,33.59,688.60,100.00,0.00,3170.54,1
541824,130,216,377,829,3,15,4294967295,33.59,688.60,100.00,0.00,3170.54,1
542820,131,216,378,830,3,15,4294967295,33.59,688.60,100.00,0.00,3170.54,1
543816,131,216,377,828,3,15,4294967295,33.59,688.60,100.00,0.00,3170.54,1
544812,131,216,378,829,3,15,4294967295,33.59,688.60,100.00,0.00,3170.54,1
545808,131,216,378,829,3,15,4294967295,33.59,688.60,100.00,0.00,3170.54,1
546804,131,216,379,829,3,15,4294967295,33.59,688.60,100.00,0.00,3170.54,1
547800,131,216,378,829,3,15,4294967295,33.59,688.60,100.00,0.00,3170.54,1
548796,131,216,379,829,3,15,4294967295,33.59,688.60,100.00,0.00,3170.54,1
549792,131,216,379,829,2,15,4294967295,33.59,688.60,100.00,0.00,3170.54,1
550788,131,216,378,829,3,15,4294967295,33.59,688.60,100.00,0.00,3170.54,1
551784,131,217,379,830,3,15,4294967295,33.59,688.60,100.00,0.00,3170.54,1
552780,132,216,379,829,3,15,4294967295,33.59,688.60,100.00,0.00,3170.54,1
553776,131,216,379,829,2,15,4294967295,33.59,688.60,100.00,0.00,3170.54,1
554772,132,217,379,830,3,15,4294967295,33.59,688.60,100.00,0.00,3170.54,1
555768,131,217,380,829,3,15,4294967295,33.59,688.60,100.00,0.00,3170.54,1
556764,131,217,380,829,3,15,4294967295,33.59,688.60,100.00,0.00,3170.54,1
557760,132,217,380,830,3,15,4294967295,33.59,688.60,100.00,0.00,3170.54,1
558756,132,217,379,829,2,15,4294967295,33.59,688.60,100.00,0.00,3170.54,1
559752,131,217,379,830,3,15,4294967295,33.59,688.60,100.00,0.00,3170.54,1
560748,132,218,380,829,3,15,4294967295,33.59,688.60,100.00,0.00,3170.54,1
561744,132,217,380,830,2,15,4294967295,33.59,688.60,100.00,0.00,3170.54,1
562740,132,217,380,830,3,15,4294967295,33.59,688.60,100.00,0.00,3170.54,1
563736,132,217,381,830,3,15,4294967295,33.59,688.60,100.00,0.00,3170.54,1
564732,132,217,380,830,3,15,4294967295,33.59,688.60,100.00,0.00,3170.54,1
565728,132,218,380,830,3,15,4294967295,33.59,688.60,100.00,0.00,3170.54,1
566724,132,218,380,830,2,15,4294967295,33.59,688.60,100.00,0.00,3170.54,1
567720,132,218,381,830,3,15,4294967295,33.59,688.60,100.00,0.00,3170.54,1
568716,133,218,381,830,2,15,4294967295,33.59,688.60,100.00,0.00,3170.54,1
569712,132,218,381,830,2,15,4294967295,33.59,688.60,100.00,0.00,3170.54,1
570708,132,218,381,830,2,15,4294967295,33.59,688.60,100.00,0.00,3170.54,1
571704,133,218,382,830,3,16,4294967295,33.59,688.60,100.00,0.00,3170.54,1
572700,132,218,382,830,2,15,4294967295,33.59,688.60,100.00,0.00,3170.54,1
573696,132,218,382,829,3,15,4294967295,33.59,688.60,100.00,0.00,3170.54,1
574692,132,218,382,830,3,15,4294967295,33.59,688.60,100.00,0.00,3170.54,1
575688,133,219,382,830,3,15,4294967295,33.59,688.60,100.00,0.00,3170.54,1
576684,133,218,383,830,3,15,4294967295,33.59,688.60,100.00,0.00,3170.54,1
577680,133,219,383,830,3,15,4294967295,33.59,688.60,100.00,0.00,3170.54,1
578676,133,218,383,831,2,15,4294967295,33.59,688.60,100.00,0.00,3170.54,1
579672,133,218,384,830,3,15,4294967295,33.59,688.60,100.00,0.00,3170.54,1
580668,133,219,383,830,3,15,4294967295,33.59,688.60,100.00,0.00,3170.54,1
581664,133,219,383,830,3,15,4294967295,33.59,688.60,100.00,0.00,3170.54,1
582660,133,219,384,831,3,16,4294967295,33.59,688.60,100.00,0.00,3170.54,1
583656,133,219,384,831,3,15,4294967295,33.59,688.60,100.00,0.00,3170.54,1
584652,134,219,384,830,3,17,4294967295,33.59,688.60,100.00,0.00,3170.54,1
585648,133,219,384,830,3,16,4294967295,33.59,688.60,100.00,0.00,3170.54,1
586644,133,219,384,830,3,16,4294967295,33.59,688.60,100.00,0.00,3170.54,1
587640,134,220,385,830,3,16,4294967295,33.59,688.60,100.00,0.00,3170.54,1
588636,133,219,384,831,3,15,4294967295,33.59,688.60,100.00,0.00,3170.54,1
589632,134,219,384,831,3,15,4294967295,33.59,688.60,100.00,0.00,3170.54,1
590628,134,220,385,831,3,16,4294967295,33.59,688.60,100.00,0.00,3170.54,1
591624,133,220,384,831,3,16,4294967295,33.59,688.60,100.00,0.00,3170.54,1
592620,133,220,384,830,3,16,4294967295,33.59,688.60,100.00,0.00,3170.54,1
593616,134,220,385,831,3,16,4294967295,33.59,688.60,100.00,0.00,3170.54,1
594612,133,220,385,831,3,15,4294967295,33.59,688.60,100.00,0.00,3170.54,1
595608,134,220,385,831,3,16,4294967295,33.59,688.60,100.00,0.00,3170.54,1
596604,134,220,385,831,3,16,4294967295,33.59,688.60,100.00,0.00,3170.54,1
597600,134,220,385,832,3,16,4294967295,33.59,688.60,100.00,0.00,3170.54,1
598596,134,220,385,831,3,16,4294967295,33.59,688.60,100.00,0.00,3170.54,1
599592,134,220,385,832,3,16,4294967295,33.59,688.60,100.00,0.00,3170.54,1
0,134,221,386,831,4,16,4294967295,33.59,688.60,100.00,0.00,3170.54,1
996,134,221,386,831,4,17,4294967295,33.59,688.60,100.00,0.00,3170.54,1
1992,134,221,386,831,4,18,4294967295,33.59,688.60,100.00,0.00,3170.54,1
2988,134,221,386,832,4,17,4294967295,33.59,688.60,100.00,0.00,3170.54,1
3984,135,221,386,831,4,17,4294967295,33.59,688.60,100.00,0.00,3170.54,1
4980,134,221,386,831,4,17,4294967295,33.59,688.60,100.00,0.00,3170.54,1
5976,134,221,387,832,4,17,4294967295,33.59,688.60,100.00,0.00,3170.54,1
6972,134,221,387,831,4,18,4294967295,33.59,688.60,100.00,0.00,3170.54,1
7968,135,221,387,832,5,17,4294967295,33.59,688.60,100.00,0.00,3170.54,1
8964,134,221,387,831,5,18,4294967295,33.59,688.60,100.00,0.00,3170.54,1
9960,134,221,386,831,15,28,4294967295,33.59,688.60,100.00,0.00,3170.54,1
10956,134,222,387,831,5,19,4294967295,33.59,688.60,100.00,0.00,3170.54,1
11952,134,222,387,832,4,17,4294967295,33.59,688.60,100.00,0.00,3170.54,1
12948,135,222,387,832,5,18,4294967295,33.59,688.60,100.00,0.00,3170.54,1
13944,135,221,386,831,4,18,4294967295,33.59,688.60,100.00,0.00,3170.54,1
14940,134,222,387,831,5,17,4294967295,33.59,688.60,100.00,0.00,3170.54,1
15936,135,222,387,832,5,17,4294967295,33.59,688.60,100.00,0.00,3170.54,1
16932,135,222,387,831,4,17,4294967295,33.59,688.60,100.00,0.00,3170.54,1
17928,135,222,387,831,5,19,4294967295,33.59,688.60,100.00,0.00,3170.54,1
18924,134,222,388,832,5,17,4294967295,33.59,688.60,100.00,0.00,3170.54,1
19920,135,222,388,832,5,17,4294967295,33.59,688.60,100.00,0.00,3170.54,1
20916,135,222,387,832,5,17,4294967295,33.59,688.60,100.00,0.00,3170.54,1
21912,135,222,387,832,6,19,4294967295,33.59,688.60,100.00,0.00,3170.54,1
22908,135,222,388,831,5,19,4294967295,33.59,688.60,100.00,0.00,3170.54,1
23904,135,222,388,832,6,18,4294967295,33.59,688.60,100.00,0.00,3170.54,1
24900,135,223,388,831,7,18,4294967295,33.59,688.60,100.00,0.00,3170.54,1
25896,135,223,388,832,5,18,4294967295,33.59,688.60,100.00,0.00,3170.54,1
26892,135,223,388,832,8,19,4294967295,33.59,688.60,100.00,0.00,3170.54,1
27888,135,222,387,833,5,19,4294967295,33.59,688.60,100.00,0.00,3170.54,1
28884,135,222,389,832,8,21,4294967295,33.59,688.60,100.00,0.00,3170.54,1
29880,135,223,388,832,8,21,4294967295,33.59,688.60,100.00,0.00,3170.54,1
30876,134,223,388,832,7,20,4294967295,33.59,688.60,100.00,0.00,3170.54,1
31872,135,222,388,833,6,19,4294967295,33.59,688.60,100.00,0.00,3170.54,1
32868,135,223,389,833,6,19,4294967295,33.59,688.60,100.00,0.00,3170.54,1
33864,135,223,388,831,5,18,4294967295,33.59,688.60,100.00,0.00,3170.54,1
34860,135,223,389,832,6,18,4294967295,33.59,688.60,100.00,0.00,3170.54,1
35856,134,223,388,832,12,23,4294967295,33.59,688.60,100.00,0.00,3170.54,1
36852,135,223,389,832,6,19,4294967295,33.59,688.60,100.00,0.00,3170.54,1
37848,135,223,389,832,6,19,4294967295,33.59,688.60,100.00,0.00,3170.54,1
38844,134,224,388,832,8,21,4294967295,33.59,688.60,100.00,0.00,3170.54,1
39840,135,223,388,833,8,19,4294967295,33.59,688.60,100.00,0.00,3170.54,1
40836,134,223,389,832,5,18,4294967295,33.59,688.60,100.00,0.00,3170.54,1
41832,136,223,389,833,5,18,4294967295,33.59,688.60,100.00,0.00,3170.54,1
42828,136,223,389,832,5,18,4294967295,33.59,688.60,100.00,0.00,3170.54,1
43824,136,223,389,833,5,18,4294967295,33.59,688.60,100.00,0.00,3170.54,1
44820,135,224,389,833,7,20,4294967295,33.59,688.60,100.00,0.00,3170.54,1
45816,135,224,389,833,6,20,4294967295,33.59,688.60,100.00,0.00,3170.54,1
46812,135,224,389,833,6,19,4294967295,33.59,688.60,100.00,0.00,3170.54,1
47808,135,224,390,833,6,23,4294967295,33.59,688.60,100.00,0.00,3170.54,1
48804,135,224,390,833,7,20,4294967295,33.59,688.60,100.00,0.00,3170.54,1
49800,135,224,389,832,7,20,4294967295,33.59,688.60,100.00,0.00,3170.54,1
50796,136,224,389,832,8,21,4294967295,33.59,688.60,100.00,0.00,3170.54,1
51792,135,224,389,833,7,22,4294967295,33.59,688.60,100.00,0.00,3170.54,1
52788,135,224,389,832,7,20,4294967295,33.59,688.60,100.00,0.00,3170.54,1
53784,135,224,389,833,7,20,4294967295,33.59,688.60,100.00,0.00,3170.54,1
54780,135,225,390,833,11,24,4294967295,33.59,688.60,100.00,0.00,3170.54,1
55776,135,225,390,833,10,24,4294967295,33.59,688.60,100.00,0.00,3170.54,1
56772,135,224,390,833,9,22,4294967295,33.59,688.60,100.00,0.00,3170.54,1
57768,135,225,390,834,7,20,4294967295,33.59,688.60,100.00,0.00,3170.54,1
58764,136,225,391,833,7,20,4294967295,33.59,688.60,100.00,0.00,3170.54,1
59760,136,224,391,833,7,20,4294967295,33.59,688.60,100.00,0.00,3170.54,1
60756,135,225,390,833,12,24,4294967295,33.59,688.60,100.00,0.00,3170.54,1
61752,134,225,390,833,21,32,4294967295,33.59,688.60,100.00,0.00,3170.54,1
62748,134,225,389,833,24,35,4294967295,33.59,688.60,100.00,0.00,3170.54,1
63744,135,225,391,833,9,22,4294967295,33.59,688.60,100.00,0.00,3170.54,1
64740,135,226,391,833,10,23,4294967295,33.59,688.60,100.00,0.00,3170.54,1
65736,135,226,391,833,10,22,4294967295,33.59,688.60,100.00,0.00,3170.54,1
66732,134,225,390,833,10,23,4294967295,33.59,688.60,100.00,0.00,3170.54,1
67728,134,226,390,833,22,34,4294967295,33.59,688.60,100.00,0.00,3170.54,1
68724,135,226,391,833,10,23,4294967295,33.59,688.60,100.00,0.00,3170.54,1
69720,135,226,391,833,9,22,4294967295,33.59,688.60,100.00,0.00,3170.54,1
70716,135,226,391,834,9,22,4294967295,33.59,688.60,100.00,0.00,3170.54,1
71712,135,226,392,833,10,25,4294967295,33.59,688.60,100.00,0.00,3170.54,1
72708,135,226,391,833,10,22,4294967295,33.59,688.60,100.00,0.00,3170.54,1
73704,135,226,392,833,9,23,4294967295,33.59,688.60,100.00,0.00,3170.54,1
74700,136,226,391,833,9,22,4294967295,33.59,688.60,100.00,0.00,3170.54,1
75696,135,226,392,834,8,21,4294967295,33.59,688.60,100.00,0.00,3170.54,1
76692,135,226,392,833,8,21,4294967295,33.59,688.60,100.00,0.00,3170.54,1
77688,135,226,392,834,7,22,4294967295,33.59,688.60,100.00,0.00,3170.54,1
78684,136,226,392,833,8,21,4294967295,33.59,688.60,100.00,0.00,3170.54,1
79680,136,226,392,833,8,21,4294967295,33.59,688.60,100.00,0.00,3170.54,1
80676,136,227,392,834,8,22,4294967295,33.59,688.60,100.00,0.00,3170.54,1
81672,136,226,392,833,8,21,4294967295,33.59,688.60,100.00,0.00,3170.54,1
82668,136,226,392,834,8,21,4294967295,33.59,688.60,100.00,0.00,3170.54,1
83664,136,227,393,834,8,20,4294967295,33.59,688.60,100.00,0.00,3170.54,1
84660,136,227,393,834,7,21,4294967295,33.59,688.60,100.00,0.00,3170.54,1
85656,136,226,393,834,7,21,4294967295,33.59,688.60,100.00,0.00,3170.54,1
86652,136,227,393,833,6,20,4294967295,33.59,688.60,100.00,0.00,3170.54,1
87648,136,227,394,833,5,19,4294967295,33.59,688.60,100.00,0.00,3170.54,1
88644,137,226,394,834,5,19,4294967295,33.59,688.60,100.00,0.00,3170.54,1
89640,137,227,394,833,5,19,4294967295,33.59,688.60,100.00,0.00,3170.54,1
90636,137,227,393,834,4,19,4294967295,33.59,688.60,100.00,0.00,3170.54,1
91632,138,227,394,834,5,19,4294967295,33.59,688.60,100.00,0.00,3170.54,1
92628,137,227,394,834,5,18,4294967295,33.59,688.60,100.00,0.00,3170.54,1
93624,138,227,393,834,5,20,4294967295,33.59,688.60,100.00,0.00,3170.54,1
94620,138,227,393,833,6,19,4294967295,33.59,688.60,100.00,0.00,3170.54,1
95616,137,227,393,834,8,22,4294967295,33.59,688.60,100.00,0.00,3170.54,1
96612,138,226,394,834,6,20,4294967295,33.59,688.60,100.00,0.00,3170.54,1
97608,137,226,394,834,8,23,4294967295,33.59,688.60,100.00,0.00,3170.54,1
98604,137,227,393,834,8,23,4294967295,33.59,688.60,100.00,0.00,3170.54,1
99600,138,227,394,834,6,21,4294967295,33.59,688.60,100.00,0.00,3170.54,1
100596,138,227,394,833,6,21,4294967295,33.59,688.60,100.00,0.00,3170.54,1
101592,137,227,393,833,6,20,4294967295,33.59,688.60,100.00,0.00,3170.54,1
102588,138,227,394,834,6,20,4294967295,33.59,688.60,100.00,0.00,3170.54,1
103584,137,227,394,834,6,21,4294967295,33.59,688.60,100.00,0.00,3170.54,1
104580,138,227,394,834,6,20,4294967295,33.59,688.60,100.00,0.00,3170.54,1
105576,138,228,394,835,6,21,4294967295,33.59,688.60,100.00,0.00,3170.54,1
106572,137,227,395,834,6,21,4294967295,33.59,688.60,100.00,0.00,3170.54,1
107568,138,227,393,834,8,21,4294967295,33.59,688.60,100.00,0.00,3170.54,1
108564,138,228,394,834,6,21,4294967295,33.59,688.60,100.00,0.00,3170.54,1
109560,138,227,394,835,7,21,4294967295,33.59,688.60,100.00,0.00,3170.54,1
110556,138,228,394,834,7,21,4294967295,33.59,688.60,100.00,0.00,3170.54,1
111552,138,228,394,834,6,21,4294967295,33.59,688.60,100.00,0.00,3170.54,1
112548,138,227,395,835,6,21,4294967295,33.59,688.60,100.00,0.00,3170.54,1
113544,138,228,395,834,7,21,4294967295,33.59,688.60,100.00,0.00,3170.54,1
114540,138,228,394,834,6,21,4294967295,33.59,688.60,100.00,0.00,3170.54,1
115536,138,228,395,834,7,22,4294967295,33.59,688.60,100.00,0.00,3170.54,1
116532,138,228,395,835,7,21,4294967295,33.59,688.60,100.00,0.00,3170.54,1
117528,138,228,394,834,6,22,4294967295,33.59,688.60,100.00,0.00,3170.54,1
118524,138,228,395,835,6,21,4294967295,33.59,688.60,100.00,0.00,3170.54,1
119520,138,228,394,834,6,21,4294967295,33.59,688.60,100.00,0.00,3170.54,1
120516,138,229,395,835,6,20,4294967295,33.59,688.60,100.00,0.00,3170.54,1
121512,138,228,395,834,5,21,4294967295,33.59,688.60,100.00,0.00,3170.54,1
122508,138,229,395,835,6,21,4294967295,33.59,688.60,100.00,0.00,3170.54,1
123504,138,229,395,835,8,26,4294967295,33.59,688.60,100.00,0.00,3170.54,1
124500,137,228,395,834,14,29,4294967295,33.59,688.60,100.00,0.00,3170.54,1
125496,138,229,394,835,14,30,4294967295,33.59,688.60,100.00,0.00,3170.54,1
126492,137,229,394,835,15,30,4294967295,33.59,688.60,100.00,0.00,3170.54,1
127488,136,229,395,834,15,29,4294967295,33.59,688.60,100.00,0.00,3170.54,1
128484,136,228,395,835,17,29,4294967295,33.59,688.60,100.00,0.00,3170.54,1
129480,137,229,394,835,14,28,4294967295,33.59,688.60,100.00,0.00,3170.54,1
130476,136,229,394,835,14,28,4294967295,33.59,688.60,100.00,0.00,3170.54,1
131472,136,229,394,835,13,28,4294967295,33.59,688.60,100.00,0.00,3170.54,1
132468,136,229,395,834,14,26,4294967295,33.59,688.60,100.00,0.00,3170.54,1
133464,136,230,395,835,13,27,4294967295,33.59,688.60,100.00,0.00,3170.54,1
134460,136,230,394,835,13,27,4294967295,33.59,688.60,100.00,0.00,3170.54,1
135456,137,229,395,835,12,26,4294967295,33.59,688.60,100.00,0.00,3170.54,1
136452,136,230,395,834,15,28,4294967295,33.59,688.60,100.00,0.00,3170.54,1
137448,136,230,395,835,16,29,4294967295,33.59,688.60,100.00,0.00,3170.54,1
138444,137,230,395,835,13,27,4294967295,33.59,688.60,100.00,0.00,3170.54,1
139440,136,229,395,835,18,29,4294967295,33.59,688.60,100.00,0.00,3170.54,1
140436,136,229,395,835,10,24,4294967295,33.59,688.60,100.00,0.00,3170.54,1
141432,136,229,396,835,10,24,4294967295,33.59,688.60,100.00,0.00,3170.54,1
142428,137,230,396,835,10,24,4294967295,33.59,688.60,100.00,0.00,3170.54,1
143424,137,230,395,835,11,26,4294967295,33.59,688.60,100.00,0.00,3170.54,1
144420,137,230,395,835,11,25,4294967295,33.59,688.60,100.00,0.00,3170.54,1
145416,137,230,396,835,17,28,4294967295,33.59,688.60,100.00,0.00,3170.54,1
146412,136,230,396,835,14,28,4294967295,33.59,688.60,100.00,0.00,3170.54,1
147408,137,230,396,835,18,29,4294967295,33.59,688.60,100.00,0.00,3170.54,1
148404,136,230,395,835,15,29,4294967295,33.59,688.60,100.00,0.00,3170.54,1
149400,137,230,396,834,14,28,4294967295,33.59,688.60,100.00,0.00,3170.54,1
150396,136,231,396,835,13,26,4294967295,33.59,688.60,100.00,0.00,3170.54,1
151392,137,230,396,835,11,26,4294967295,33.59,688.60,100.00,0.00,3170.54,1
152388,137,230,396,834,15,29,4294967295,33.59,688.60,100.00,0.00,3170.54,1
153384,136,230,396,835,16,29,4294967295,33.59,688.60,100.00,0.00,3170.54,1
154380,136,230,396,835,15,29,4294967295,33.59,688.60,100.00,0.00,3170.54,1
155376,137,231,396,835,15,28,4294967295,33.59,688.60,100.00,0.00,3170.54,1
156372,137,230,396,835,16,30,4294967295,33.59,688.60,100.00,0.00,3170.54,1
157368,136,231,396,836,13,28,4294967295,33.59,688.60,100.00,0.00,3170.54,1
158364,136,231,396,835,13,27,4294967295,33.59,688.60,100.00,0.00,3170.54,1
159360,137,230,396,835,16,30,4294967295,33.59,688.60,100.00,0.00,3170.54,1
160356,136,231,396,835,15,29,4294967295,33.59,688.60,100.00,0.00,3170.54,1
161352,135,230,395,835,16,29,4294967295,33.59,688.60,100.00,0.00,3170.54,1
162348,135,231,396,835,17,30,4294967295,33.59,688.60,100.00,0.00,3170.54,1
163344,135,230,396,836,17,30,4294967295,33.59,688.60,100.00,0.00,3170.54,1
164340,136,231,396,836,17,31,4294967295,33.59,688.60,100.00,0.00,3170.54,1
165336,136,231,396,835,16,29,4294967295,33.59,688.60,100.00,0.00,3170.54,1
166332,136,231,396,835,16,30,4294967295,33.59,688.60,100.00,0.00,3170.54,1
167328,135,231,395,835,18,31,4294967295,33.59,688.60,100.00,0.00,3170.54,1
168324,136,231,395,836,16,30,4294967295,33.59,688.60,100.00,0.00,3170.54,1
169320,136,231,396,835,18,29,4294967295,33.59,688.60,100.00,0.00,3170.54,1
170316,136,231,396,835,16,29,4294967295,33.59,688.60,100.00,0.00,3170.54,1
171312,136,231,396,835,15,29,4294967295,33.59,688.60,100.00,0.00,3170.54,1
172308,136,231,396,835,15,28,4294967295,33.59,688.60,100.00,0.00,3170.54,1
173304,136,231,396,835,19,29,4294967295,33.59,688.60,100.00,0.00,3170.54,1
174300,136,231,397,836,12,25,4294967295,33.59,688.60,100.00,0.00,3170.54,1
175296,137,231,397,835,12,26,4294967295,33.59,688.60,100.00,0.00,3170.54,1
176292,136,231,396,836,13,27,4294967295,33.59,688.60,100.00,0.00,3170.54,1
177288,136,231,397,836,13,27,4294967295,33.59,688.60,100.00,0.00,3170.54,1
178284,136,231,397,835,13,28,4294967295,33.59,688.60,100.00,0.00,3170.54,1
179280,136,232,396,835,14,26,4294967295,33.59,688.60,100.00,0.00,3170.54,1
180276,136,232,396,835,15,29,4294967295,33.59,688.60,100.00,0.00,3170.54,1
181272,136,232,397,835,16,31,4294967295,33.59,688.60,100.00,0.00,3170.54,1
182268,136,232,397,835,16,30,4294967295,33.59,688.60,100.00,0.00,3170.54,1
183264,136,232,396,836,16,31,4294967295,33.59,688.60,100.00,0.00,3170.54,1
184260,136,231,396,836,17,32,4294967295,33.59,688.60,100.00,0.00,3170.54,1
185256,136,232,397,836,19,30,4294967295,33.59,688.60,100.00,0.00,3170.54,1
186252,136,232,397,836,16,29,4294967295,33.59,688.60,100.00,0.00,3170.54,1
187248,136,232,397,836,15,30,4294967295,33.59,688.60,100.00,0.00,3170.54,1
188244,137,232,397,836,16,30,4294967295,33.59,688.60,100.00,0.00,3170.54,1
189240,136,232,397,836,16,30,4294967295,33.59,688.60,100.00,0.00,3170.54,1
190236,136,232,396,836,16,31,4294967295,33.59,688.60,100.00,0.00,3170.54,1
191232,136,232,397,836,17,31,4294967295,33.59,688.60,100.00,0.00,3170.54,1
192228,137,232,398,836,17,31,4294967295,33.59,688.60,100.00,0.00,3170.54,1
193224,137,232,397,836,17,31,4294967295,33.59,688.60,100.00,0.00,3170.54,1
194220,136,232,397,836,18,31,4294967295,33.59,688.60,100.00,0.00,3170.54,1
195216,136,232,397,836,17,31,4294967295,33.59,688.60,100.00,0.00,3170.54,1
196212,136,232,398,835,17,31,4294967295,33.59,688.60,100.00,0.00,3170.54,1
197208,136,233,397,836,16,30,4294967295,33.59,688.60,100.00,0.00,3170.54,1
198204,136,233,397,836,16,30,4294967295,33.59,688.60,100.00,0.00,3170.54,1
199200,136,233,397,836,17,31,4294967295,33.59,688.60,100.00,0.00,3170.54,1
200196,137,232,397,836,16,30,4294967295,33.59,688.60,100.00,0.00,3170.54,1
201192,136,233,397,835,18,31,4294967295,33.59,688.60,100.00,0.00,3170.54,1
202188,136,233,398,836,16,31,4294967295,33.59,688.60,100.00,0.00,3170.54,1
203184,136,232,397,836,15,31,4294967295,33.59,688.60,100.00,0.00,3170.54,1
204180,136,233,398,836,17,31,4294967295,33.59,688.60,100.00,0.00,3170.54,1
205176,136,232,397,836,15,31,4294967295,33.59,688.60,100.00,0.00,3170.54,1
206172,137,233,398,836,17,31,4294967295,33.59,688.60,100.00,0.00,3170.54,1
207168,136,233,398,836,15,31,4294967295,33.59,688.60,100.00,0.00,3170.54,1
208164,137,232,398,836,17,31,4294967295,33.59,688.60,100.00,0.00,3170.54,1
209160,136,232,398,836,18,32,4294967295,33.59,688.60,100.00,0.00,3170.54,1
210156,136,233,398,836,16,31,4294967295,33.59,688.60,100.00,0.00,3170.54,1
211152,136,233,399,835,17,30,4294967295,33.59,688.60,100.00,0.00,3170.54,1
212148,136,232,398,836,16,31,4294967295,33.59,688.60,100.00,0.00,3170.54,1
213144,136,233,398,836,18,32,4294967295,33.59,688.60,100.00,0.00,3170.54,1
214140,136,233,398,836,16,29,4294967295,33.59,688.60,100.00,0.00,3170.54,1
215136,137,233,398,836,13,31,4294967295,33.59,688.60,100.00,0.00,3170.54,1
216132,136,233,397,836,16,31,4294967295,33.59,688.60,100.00,0.00,3170.54,1
217128,136,233,398,836,15,30,4294967295,33.59,688.60,100.00,0.00,3170.54,1
218124,137,233,398,836,14,30,4294967295,33.59,688.60,100.00,0.00,3170.54,1
219120,137,233,398,836,14,30,4294967295,33.59,688.60,100.00,0.00,3170.54,1
220116,136,234,398,836,15,30,4294967295,33.59,688.60,100.00,0.00,3170.54,1
221112,136,233,398,836,15,30,4294967295,33.59,688.60,100.00,0.00,3170.54,1
222108,136,233,399,836,15,30,4294967295,33.59,688.60,100.00,0.00,3170.54,1
223104,136,233,399,836,15,29,4294967295,33.59,688.60,100.00,0.00,3170.54,1
224100,137,234,399,836,17,32,4294967295,33.59,688.60,100.00,0.00,3170.54,1
225096,137,233,398,837,16,31,4294967295,33.59,688.60,100.00,0.00,3170.54,1
226092,137,233,398,837,15,30,4294967295,33.59,688.60,100.00,0.00,3170.54,1
227088,137,234,399,837,14,30,4294967295,33.59,688.60,100.00,0.00,3170.54,1
228084,138,233,398,836,14,29,4294967295,33.59,688.60,100.00,0.00,3170.54,1
229080,137,233,398,836,15,30,4294967295,33.59,688.60,100.00,0.00,3170.54,1
230076,137,234,399,836,13,30,4294967295,33.59,688.60,100.00,0.00,3170.54,1
231072,137,233,399,837,14,29,4294967295,33.59,688.60,100.00,0.00,3170.54,1
232068,137,233,399,837,14,30,4294967295,33.59,688.60,100.00,0.00,3170.54,1
233064,137,234,398,836,17,32,4294967295,33.59,688.60,100.00,0.00,3170.54,1
234060,137,234,400,836,6,21,4294967295,33.59,688.60,100.00,0.00,3170.54,1
235056,138,233,400,837,6,21,4294967295,33.59,688.60,100.00,0.00,3170.54,1
236052,139,233,400,837,5,23,4294967295,33.59,688.60,100.00,0.00,3170.54,1
237048,139,234,400,836,7,22,4294967295,33.59,688.60,100.00,0.00,3170.54,1
238044,139,233,400,837,6,21,4294967295,33.59,688.60,100.00,0.00,3170.54,1
239040,139,233,400,836,6,20,4294967295,33.59,688.60,100.00,0.00,3170.54,1
240036,139,233,400,837,4,21,4294967295,33.59,688.60,100.00,0.00,3170.54,1
241032,139,233,400,837,6,23,4294967295,33.59,688.60,100.00,0.00,3170.54,1
242028,139,233,400,837,8,24,4294967295,33.59,688.60,100.00,0.00,3170.54,1
243024,139,233,400,837,8,26,4294967295,33.59,688.60,100.00,0.00,3170.54,1
244020,139,233,400,836,10,27,4294967295,33.59,688.60,100.00,0.00,3170.54,1
245016,139,233,400,837,10,28,4294967295,33.59,688.60,100.00,0.00,3170.54,1
246012,139,233,400,837,10,27,4294967295,33.59,688.60,100.00,0.00,3170.54,1
247008,139,234,400,837,8,25,4294967295,33.59,688.60,100.00,0.00,3170.54,1
248004,140,234,400,837,6,20,4294967295,33.59,688.60,100.00,0.00,3170.54,1
249000,140,233,400,837,5,23,4294967295,33.59,688.60,100.00,0.00,3170.54,1
249996,140,234,401,837,9,27,4294967295,33.59,688.60,100.00,0.00,3170.54,1
250992,140,233,400,837,8,24,4294967295,33.59,688.60,100.00,0.00,3170.54,1
251988,139,233,401,837,7,29,4294967295,33.59,688.60,100.00,0.00,3170.54,1
252984,140,233,400,837,8,26,4294967295,33.59,688.60,100.00,0.00,3170.54,1
253980,140,233,400,837,6,23,4294967295,33.59,688.60,100.00,0.00,3170.54,1
254976,140,233,401,837,7,24,4294967295,33.59,688.60,100.00,0.00,3170.54,1
255972,141,234,400,837,7,24,4294967295,33.59,688.60,100.00,0.00,3170.54,1
256968,140,234,400,837,8,27,4294967295,33.59,688.60,100.00,0.00,3170.54,1
257964,140,234,401,837,5,21,4294967295,33.59,688.60,100.00,0.00,3170.54,1
258960,140,233,401,837,3,18,4294967295,33.59,688.60,100.00,0.00,3170.54,1
259956,140,233,400,837,4,19,4294967295,33.59,688.60,100.00,0.00,3170.54,1
260952,141,234,401,836,3,18,4294967295,33.59,688.60,100.00,0.00,3170.54,1
261948,141,233,401,837,3,19,4294967295,33.59,688.60,100.00,0.00,3170.54,1
262944,141,234,401,837,6,25,4294967295,33.59,688.60,100.00,0.00,3170.54,1
263940,141,234,401,837,4,20,4294967295,33.59,688.60,100.00,0.00,3170.54,1
264936,141,234,400,837,3,23,4294967295,33.59,688.60,100.00,0.00,3170.54,1
265932,141,233,400,838,4,19,4294967295,33.59,688.60,100.00,0.00,3170.54,1
266928,140,234,400,838,6,22,4294967295,33.59,688.60,100.00,0.00,3170.54,1
267924,141,234,401,837,3,19,4294967295,33.59,688.60,100.00,0.00,3170.54,1
268920,141,234,401,837,4,23,4294967295,33.59,688.60,100.00,0.00,3170.54,1
269916,141,234,400,837,4,21,4294967295,33.59,688.60,100.00,0.00,3170.54,1
270912,140,234,401,837,11,32,4294967295,33.59,688.60,100.00,0.00,3170.54,1
271908,141,234,401,837,4,21,4294967295,33.59,688.60,100.00,0.00,3170.54,1
272904,140,234,401,837,7,24,4294967295,33.59,688.60,100.00,0.00,3170.54,1
273900,140,234,400,837,10,27,4294967295,33.59,688.60,100.00,0.00,3170.54,1
274896,140,234,401,837,10,30,4294967295,33.59,688.60,100.00,0.00,3170.54,1
275892,140,234,400,838,11,29,4294967295,33.59,688.60,100.00,0.00,3170.54,1
276888,140,234,401,837,11,29,4294967295,33.59,688.60,100.00,0.00,3170.54,1
277884,140,235,401,837,9,27,4294967295,33.59,688.60,100.00,0.00,3170.54,1
278880,140,234,400,837,11,29,4294967295,33.59,688.60,100.00,0.00,3170.54,1
279876,140,234,401,838,11,30,4294967295,33.59,688.60,100.00,0.00,3170.54,1
280872,139,235,400,838,12,27,4294967295,33.59,688.60,100.00,0.00,3170.54,1
281868,139,235,400,837,14,29,4294967295,33.59,688.60,100.00,0.00,3170.54,1
282864,140,235,401,838,13,30,4294967295,33.59,688.60,100.00,0.00,3170.54,1
283860,139,235,400,837,16,32,4294967295,33.59,688.60,100.00,0.00,3170.54,1
284856,139,234,400,838,19,37,4294967295,33.59,688.60,100.00,0.00,3170.54,1
285852,140,235,401,838,4,19,4294967295,33.59,688.60,100.00,0.00,3170.54,1
286848,140,235,401,837,5,21,4294967295,33.59,688.60,100.00,0.00,3170.54,1
287844,140,235,400,838,11,25,4294967295,33.59,688.60,100.00,0.00,3170.54,1
288840,140,235,401,837,16,27,4294967295,33.59,688.60,100.00,0.00,3170.54,1
289836,140,234,401,837,6,24,4294967295,33.59,688.60,100.00,0.00,3170.54,1
290832,140,235,401,838,7,29,4294967295,33.59,688.60,100.00,0.00,3170.54,1
291828,141,234,402,838,5,21,4294967295,33.59,688.60,100.00,0.00,3170.54,1
292824,141,235,400,837,5,21,4294967295,33.59,688.60,100.00,0.00,3170.54,1
293820,141,235,402,837,7,24,4294967295,33.59,688.60,100.00,0.00,3170.54,1
294816,139,234,401,838,13,29,4294967295,33.59,688.60,100.00,0.00,3170.54,1
295812,141,235,401,837,7,23,4294967295,33.59,688.60,100.00,0.00,3170.54,1
296808,140,235,400,837,14,34,4294967295,33.59,688.60,100.00,0.00,3170.54,1
297804,141,235,401,837,7,23,4294967295,33.59,688.60,100.00,0.00,3170.54,1
298800,140,235,401,837,9,25,4294967295,33.59,688.60,100.00,0.00,3170.54,1
299796,140,235,402,838,7,26,4294967295,33.59,688.60,100.00,0.00,3170.54,1
300792,141,236,402,837,7,26,4294967295,33.59,688.60,100.00,0.00,3170.54,1
301788,141,235,401,838,7,23,4294967295,33.59,688.60,100.00,0.00,3170.54,1
302784,140,235,401,837,13,34,4294967295,33.59,688.60,100.00,0.00,3170.54,1
303780,140,236,401,837,8,24,4294967295,33.59,688.60,100.00,0.00,3170.54,1
304776,140,235,401,837,12,32,4294967295,33.59,688.60,100.00,0.00,3170.54,1
305772,140,236,400,838,13,30,4294967295,33.59,688.60,100.00,0.00,3170.54,1
306768,140,235,401,837,13,30,4294967295,33.59,688.60,100.00,0.00,3170.54,1
307764,140,235,402,837,11,30,4294967295,33.59,688.60,100.00,0.00,3170.54,1
308760,139,236,401,838,9,25,4294967295,33.59,688.60,100.00,0.00,3170.54,1
309756,140,236,401,838,9,24,4294967295,33.59,688.60,100.00,0.00,3170.54,1
310752,141,235,402,837,6,23,4294967295,33.59,688.60,100.00,0.00,3170.54,1
311748,141,235,401,838,7,23,4294967295,33.59,688.60,100.00,0.00,3170.54,1
312744,141,236,401,838,8,24,4294967295,33.59,688.60,100.00,0.00,3170.54,1
313740,141,235,402,838,7,24,4294967295,33.59,688.60,100.00,0.00,3170.54,1
314736,140,236,402,838,9,25,4294967295,33.59,688.60,100.00,0.00,3170.54,1
315732,140,236,401,838,6,22,4294967295,33.59,688.60,100.00,0.00,3170.54,1
316728,141,236,401,838,8,26,4294967295,33.59,688.60,100.00,0.00,3170.54,1
317724,141,236,402,838,7,24,4294967295,33.59,688.60,100.00,0.00,3170.54,1
318720,141,236,402,838,8,26,4294967295,33.59,688.60,100.00,0.00,3170.54,1
319716,140,236,401,838,16,31,4294967295,33.59,688.60,100.00,0.00,3170.54,1
320712,141,236,402,837,7,23,4294967295,33.59,688.60,100.00,0.00,3170.54,1
321708,141,235,402,839,7,24,4294967295,33.59,688.60,100.00,0.00,3170.54,1
322704,141,236,402,838,7,25,4294967295,33.59,688.60,100.00,0.00,3170.54,1
323700,141,236,402,838,6,24,4294967295,33.59,688.60,100.00,0.00,3170.54,1
324696,141,235,402,837,9,26,4294967295,33.59,688.60,100.00,0.00,3170.54,1
325692,141,236,401,838,13,26,4294967295,33.59,688.60,100.00,0.00,3170.54,1
326688,141,237,402,838,9,27,4294967295,33.59,688.60,100.00,0.00,3170.54,1
327684,141,236,402,838,10,27,4294967295,33.59,688.60,100.00,0.00,3170.54,1
328680,141,236,402,838,9,27,4294967295,33.59,688.60,100.00,0.00,3170.54,1
329676,141,236,402,838,9,28,4294967295,33.59,688.60,100.00,0.00,3170.54,1
330672,140,237,401,838,12,30,4294967295,33.59,688.60,100.00,0.00,3170.54,1
331668,140,236,401,838,12,31,4294967295,33.59,688.60,100.00,0.00,3170.54,1
332664,140,236,402,838,14,30,4294967295,33.59,688.60,100.00,0.00,3170.54,1
333660,141,237,402,838,10,26,4294967295,33.59,688.60,100.00,0.00,3170.54,1
334656,141,237,403,838,4,19,4294967295,33.59,688.60,100.00,0.00,3170.54,1
335652,142,236,402,838,4,19,4294967295,33.59,688.60,100.00,0.00,3170.54,1
336648,142,236,403,838,3,19,4294967295,33.59,688.60,100.00,0.00,3170.54,1
337644,142,236,402,839,4,19,4294967295,33.59,688.60,100.00,0.00,3170.54,1
338640,142,236,402,838,3,19,4294967295,33.59,688.60,100.00,0.00,3170.54,1
339636,142,237,402,839,4,20,4294967295,33.59,688.60,100.00,0.00,3170.54,1
340632,141,236,403,838,4,20,4294967295,33.59,688.60,100.00,0.00,3170.54,1
341628,142,236,403,838,4,20,4294967295,33.59,688.60,100.00,0.00,3170.54,1
342624,142,237,402,838,4,20,4294967295,33.59,688.60,100.00,0.00,3170.54,1
343620,142,236,403,838,4,21,4294967295,33.59,688.60,100.00,0.00,3170.54,1
344616,142,236,402,839,4,20,4294967295,33.59,688.60,100.00,0.00,3170.54,1
345612,142,236,402,838,4,21,4294967295,33.59,688.60,100.00,0.00,3170.54,1
346608,142,236,403,839,4,21,4294967295,33.59,688.60,100.00,0.00,3170.54,1
347604,142,237,403,839,5,22,4294967295,33.59,688.60,100.00,0.00,3170.54,1
348600,142,236,403,838,4,21,4294967295,33.59,688.60,100.00,0.00,3170.54,1
349596,143,236,402,838,4,21,4294967295,33.59,688.60,100.00,0.00,3170.54,1
350592,143,237,403,838,5,23,4294967295,33.59,688.60,100.00,0.00,3170.54,1
351588,143,236,403,838,4,22,4294967295,33.59,688.60,100.00,0.00,3170.54,1
352584,142,237,403,838,5,23,4294967295,33.59,688.60,100.00,0.00,3170.54,1
353580,142,236,403,839,5,22,4294967295,33.59,688.60,100.00,0.00,3170.54,1
354576,143,237,402,838,6,23,4294967295,33.59,688.60,100.00,0.00,3170.54,1
355572,142,237,402,839,5,22,4294967295,33.59,688.60,100.00,0.00,3170.54,1
356568,143,237,402,838,5,23,4294967295,33.59,688.60,100.00,0.00,3170.54,1
357564,143,236,402,839,6,21,4294967295,33.59,688.60,100.00,0.00,3170.54,1
358560,143,237,403,838,5,21,4294967295,33.59,688.60,100.00,0.00,3170.54,1
359556,143,237,403,839,6,21,4294967295,33.59,688.60,100.00,0.00,3170.54,1
360552,142,236,403,838,4,21,4294967295,33.59,688.60,100.00,0.00,3170.54,1
361548,143,237,403,839,4,21,4294967295,33.59,688.60,100.00,0.00,3170.54,1
362544,143,237,403,839,4,21,4294967295,33.59,688.60,100.00,0.00,3170.54,1
363540,143,237,403,839,6,21,4294967295,33.59,688.60,100.00,0.00,3170.54,1
364536,143,237,403,838,4,21,4294967295,33.59,688.60,100.00,0.00,3170.54,1
365532,143,237,403,838,4,20,4294967295,33.59,688.60,100.00,0.00,3170.54,1
366528,143,237,403,839,4,20,4294967295,33.59,688.60,100.00,0.00,3170.54,1
367524,142,237,403,838,4,21,4294967295,33.59,688.60,100.00,0.00,3170.54,1
368520,143,237,403,838,4,21,4294967295,33.59,688.60,100.00,0.00,3170.54,1
369516,143,237,403,839,4,21,4294967295,33.59,688.60,100.00,0.00,3170.54,1
370512,143,237,403,838,4,21,4294967295,33.59,688.60,100.00,0.00,3170.54,1
371508,143,237,403,839,4,21,4294967295,33.59,688.60,100.00,0.00,3170.54,1
372504,143,237,402,839,4,21,4294967295,33.59,688.60,100.00,0.00,3170.54,1
373500,143,237,403,838,4,21,4294967295,33.59,688.60,100.00,0.00,3170.54,1
374496,142,237,403,839,4,21,4294967295,33.59,688.60,100.00,0.00,3170.54,1
375492,142,237,402,839,5,21,4294967295,33.59,688.60,100.00,0.00,3170.54,1
376488,143,237,403,839,5,21,4294967295,33.59,688.60,100.00,0.00,3170.54,1
377484,143,237,403,839,6,23,4294967295,33.59,688.60,100.00,0.00,3170.54,1
378480,143,237,403,839,5,22,4294967295,33.59,688.60,100.00,0.00,3170.54,1
379476,142,237,403,839,5,21,4294967295,33.59,688.60,100.00,0.00,3170.54,1
380472,143,237,403,839,5,21,4294967295,33.59,688.60,100.00,0.00,3170.54,1
381468,143,238,403,839,5,22,4294967295,33.59,688.60,100.00,0.00,3170.54,1
382464,142,238,403,838,7,25,4294967295,33.59,688.60,100.00,0.00,3170.54,1
383460,142,237,403,839,5,22,4294967295,33.59,688.60,100.00,0.00,3170.54,1
384456,142,238,402,839,5,22,4294967295,33.59,688.60,100.00,0.00,3170.54,1
385452,142,237,402,839,4,22,4294967295,33.59,688.60,100.00,0.00,3170.54,1
386448,142,237,403,839,5,22,4294967295,33.59,688.60,100.00,0.00,3170.54,1
387444,142,237,403,838,5,21,4294967295,33.59,688.60,100.00,0.00,3170.54,1
388440,143,237,402,838,5,21,4294967295,33.59,688.60,100.00,0.00,3170.54,1
389436,143,237,402,838,4,21,4294967295,33.59,688.60,100.00,0.00,3170.54,1
390432,144,237,403,839,5,21,4294967295,33.59,688.60,100.00,0.00,3170.54,1
391428,143,237,402,839,4,21,4294967295,33.59,688.60,100.00,0.00,3170.54,1
392424,143,237,403,838,4,21,4294967295,33.59,688.60,100.00,0.00,3170.54,1
393420,143,237,403,839,5,21,4294967295,33.59,688.60,100.00,0.00,3170.54,1
394416,143,238,403,839,4,21,4294967295,33.59,688.60,100.00,0.00,3170.54,1
395412,143,238,403,839,5,21,4294967295,33.59,688.60,100.00,0.00,3170.54,1
396408,143,238,403,839,5,21,4294967295,33.59,688.60,100.00,0.00,3170.54,1
397404,143,237,404,839,5,21,4294967295,33.59,688.60,100.00,0.00,3170.54,1
398400,143,238,403,839,5,21,4294967295,33.59,688.60,100.00,0.00,3170.54,1
399396,144,238,403,839,4,21,4294967295,33.59,688.60,100.00,0.00,3170.54,1
400392,143,238,403,839,5,21,4294967295,33.59,688.60,100.00,0.00,3170.54,1
401388,143,238,403,839,5,21,4294967295,33.59,688.60,100.00,0.00,3170.54,1
402384,143,238,403,839,5,21,4294967295,33.59,688.60,100.00,0.00,3170.54,1
403380,143,238,403,839,5,22,4294967295,33.59,688.60,100.00,0.00,3170.54,1
404376,144,238,404,840,5,21,4294967295,33.59,688.60,100.00,0.00,3170.54,1
405372,144,238,403,839,5,21,4294967295,33.59,688.60,100.00,0.00,3170.54,1
406368,143,238,403,839,5,20,4294967295,33.59,688.60,100.00,0.00,3170.54,1
407364,143,238,404,839,5,21,4294967295,33.59,688.60,100.00,0.00,3170.54,1
408360,143,238,404,838,4,21,4294967295,33.59,688.60,100.00,0.00,3170.54,1
409356,144,238,404,839,5,21,4294967295,33.59,688.60,100.00,0.00,3170.54,1
410352,143,238,404,839,5,21,4294967295,33.59,688.60,100.00,0.00,3170.54,1
411348,143,238,404,840,5,21,4294967295,33.59,688.60,100.00,0.00,3170.54,1
412344,144,238,404,839,5,21,4294967295,33.59,688.60,100.00,0.00,3170.54,1
413340,143,238,404,839,5,21,4294967295,33.59,688.60,100.00,0.00,3170.54,1
414336,144,238,404,839,5,21,4294967295,33.59,688.60,100.00,0.00,3170.54,1
415332,144,238,404,840,5,21,4294967295,33.59,688.60,100.00,0.00,3170.54,1
416328,144,238,405,839,5,21,4294967295,33.59,688.60,100.00,0.00,3170.54,1
417324,144,238,404,839,4,21,4294967295,33.59,688.60,100.00,0.00,3170.54,1
418320,144,238,404,839,4,22,4294967295,33.59,688.60,100.00,0.00,3170.54,1
419316,144,239,404,839,5,21,4294967295,33.59,688.60,100.00,0.00,3170.54,1
420312,144,239,404,840,5,21,4294967295,33.59,688.60,100.00,0.00,3170.54,1
421308,144,239,404,839,4,21,4294967295,33.59,688.60,100.00,0.00,3170.54,1
422304,144,239,404,839,5,21,4294967295,33.59,688.60,100.00,0.00,3170.54,1
423300,144,239,405,839,5,21,4294967295,33.59,688.60,100.00,0.00,3170.54,1
424296,143,238,405,840,5,21,4294967295,33.59,688.60,100.00,0.00,3170.54,1
425292,144,239,405,839,4,21,4294967295,33.59,688.60,100.00,0.00,3170.54,1
426288,144,238,404,839,5,22,4294967295,33.59,688.60,100.00,0.00,3170.54,1
427284,144,238,404,840,5,21,4294967295,33.59,688.60,100.00,0.00,3170.54,1
428280,144,239,405,839,5,21,4294967295,33.59,688.60,100.00,0.00,3170.54,1
429276,144,239,405,839,5,21,4294967295,33.59,688.60,100.00,0.00,3170.54,1
430272,145,239,404,840,5,21,4294967295,33.59,688.60,100.00,0.00,3170.54,1
431268,144,239,404,840,5,21,4294967295,33.59,688.60,100.00,0.00,3170.54,1
432264,145,239,405,839,5,21,4294967295,33.59,688.60,100.00,0.00,3170.54,1
433260,144,239,405,839,5,21,4294967295,33.59,688.60,100.00,0.00,3170.54,1
434256,144,239,405,839,7,21,4294967295,33.59,688.60,100.00,0.00,3170.54,1
435252,144,239,405,839,5,21,4294967295,33.59,688.60,100.00,0.00,3170.54,1
436248,144,239,404,840,5,21,4294967295,33.59,688.60,100.00,0.00,3170.54,1
437244,144,239,405,840,5,21,4294967295,33.59,688.60,100.00,0.00,3170.54,1
438240,145,239,405,840,5,21,4294967295,33.59,688.60,100.00,0.00,3170.54,1
439236,144,240,405,839,5,20,4294967295,33.59,688.60,100.00,0.00,3170.54,1
440232,144,239,404,839,5,21,4294967295,33.59,688.60,100.00,0.00,3170.54,1
441228,145,239,405,839,4,21,4294967295,33.59,688.60,100.00,0.00,3170.54,1
442224,145,240,404,839,4,21,4294967295,33.59,688.60,100.00,0.00,3170.54,1
443220,144,240,405,840,5,21,4294967295,33.59,688.60,100.00,0.00,3170.54,1
444216,145,239,405,840,5,21,4294967295,33.59,688.60,100.00,0.00,3170.54,1
445212,144,239,404,840,5,21,4294967295,33.59,688.60,100.00,0.00,3170.54,1
446208,145,240,405,839,4,21,4294967295,33.59,688.60,100.00,0.00,3170.54,1
447204,144,240,405,839,5,21,4294967295,33.59,688.60,100.00,0.00,3170.54,1
448200,144,240,405,840,7,21,4294967295,33.59,688.60,100.00,0.00,3170.54,1
449196,144,239,404,839,5,21,4294967295,33.59,688.60,100.00,0.00,3170.54,1
450192,143,240,404,839,5,21,4294967295,33.59,688.60,100.00,0.00,3170.54,1
451188,145,239,404,839,5,21,4294967295,33.59,688.60,100.00,0.00,3170.54,1
452184,144,240,405,839,5,21,4294967295,33.59,688.60,100.00,0.00,3170.54,1
453180,145,239,404,840,5,21,4294967295,33.59,688.60,100.00,0.00,3170.54,1
454176,145,240,404,839,5,21,4294967295,33.59,688.60,100.00,0.00,3170.54,1
455172,145,240,404,839,5,20,4294967295,33.59,688.60,100.00,0.00,3170.54,1
456168,144,239,405,839,5,21,4294967295,33.59,688.60,100.00,0.00,3170.54,1
457164,144,240,405,839,5,22,4294967295,33.59,688.60,100.00,0.00,3170.54,1
458160,145,239,405,839,5,21,4294967295,33.59,688.60,100.00,0.00,3170.54,1
459156,145,240,405,840,5,21,4294967295,33.59,688.60,100.00,0.00,3170.54,1
460152,144,240,405,839,5,22,4294967295,33.59,688.60,100.00,0.00,3170.54,1
461148,144,240,405,840,5,21,4294967295,33.59,688.60,100.00,0.00,3170.54,1
462144,144,240,405,839,5,22,4294967295,33.59,688.60,100.00,0.00,3170.54,1
463140,145,240,404,839,5,21,4294967295,33.59,688.60,100.00,0.00,3170.54,1
464136,144,239,404,839,5,21,4294967295,33.59,688.60,100.00,0.00,3170.54,1
465132,144,239,405,840,5,21,4294967295,33.59,688.60,100.00,0.00,3170.54,1
466128,145,240,405,840,5,22,4294967295,33.59,688.60,100.00,0.00,3170.54,1
467124,144,240,405,840,5,20,4294967295,33.59,688.60,100.00,0.00,3170.54,1
468120,144,240,405,840,5,21,4294967295,33.59,688.60,100.00,0.00,3170.54,1
469116,145,240,404,840,5,22,4294967295,33.59,688.60,100.00,0.00,3170.54,1
470112,145,240,405,839,4,21,4294967295,33.59,688.60,100.00,0.00,3170.54,1
471108,144,240,405,840,5,21,4294967295,33.59,688.60,100.00,0.00,3170.54,1
472104,145,240,405,840,5,21,4294967295,33.59,688.60,100.00,0.00,3170.54,1
473100,144,240,405,840,5,21,4294967295,33.59,688.60,100.00,0.00,3170.54,1
474096,144,240,405,840,5,21,4294967295,33.59,688.60,100.00,0.00,3170.54,1
475092,144,240,405,840,5,21,4294967295,33.59,688.60,100.00,0.00,3170.54,1
476088,145,241,405,840,5,21,4294967295,33.59,688.60,100.00,0.00,3170.54,1
477084,145,240,405,840,5,21,4294967295,33.59,688.60,100.00,0.00,3170.54,1
478080,145,240,405,840,5,21,4294967295,33.59,688.60,100.00,0.00,3170.54,1
479076,145,240,405,840,5,21,4294967295,33.59,688.60,100.00,0.00,3170.54,1
480072,144,241,404,839,5,22,4294967295,33.59,688.60,100.00,0.00,3170.54,1
481068,145,240,405,840,4,21,4294967295,33.59,688.60,100.00,0.00,3170.54,1
482064,145,241,405,840,5,20,4294967295,33.59,688.60,100.00,0.00,3170.54,1
483060,145,240,404,840,5,21,4294967295,33.59,688.60,100.00,0.00,3170.54,1
484056,145,241,405,840,5,22,4294967295,33.59,688.60,100.00,0.00,3170.54,1
485052,145,240,405,840,5,22,4294967295,33.59,688.60,100.00,0.00,3170.54,1
486048,145,240,404,840,5,22,4294967295,33.59,688.60,100.00,0.00,3170.54,1
487044,144,241,406,840,4,22,4294967295,33.59,688.60,100.00,0.00,3170.54,1
488040,145,240,405,840,5,22,4294967295,33.59,688.60,100.00,0.00,3170.54,1
489036,145,241,405,840,5,22,4294967295,33.59,688.60,100.00,0.00,3170.54,1
490032,145,240,404,840,5,21,4294967295,33.59,688.60,100.00,0.00,3170.54,1
491028,145,241,405,840,6,22,4294967295,33.59,688.60,100.00,0.00,3170.54,1
492024,145,241,405,840,6,22,4294967295,33.59,688.60,100.00,0.00,3170.54,1
493020,144,241,405,840,5,22,4294967295,33.59,688.60,100.00,0.00,3170.54,1
494016,145,241,405,840,5,21,4294967295,33.59,688.60,100.00,0.00,3170.54,1
495012,144,240,405,840,6,21,4294967295,33.59,688.60,100.00,0.00,3170.54,1
496008,145,240,404,840,5,22,4294967295,33.59,688.60,100.00,0.00,3170.54,1
497004,145,241,405,840,5,22,4294967295,33.59,688.60,100.00,0.00,3170.54,1
498000,145,241,405,839,5,22,4294967295,33.59,688.60,100.00,0.00,3170.54,1
498996,145,240,404,839,5,21,4294967295,33.59,688.60,100.00,0.00,3170.54,1
499992,144,241,404,839,6,22,4294967295,33.59,688.60,100.00,0.00,3170.54,1
500988,143,241,403,840,6,22,4294967295,33.59,688.60,100.00,0.00,3170.54,1
501984,144,240,403,839,5,22,4294967295,33.59,688.60,100.00,0.00,3170.54,1
502980,144,241,402,840,5,21,4294967295,33.59,688.60,100.00,0.00,3170.54,1
503976,144,241,403,839,5,22,4294967295,33.59,688.60,100.00,0.00,3170.54,1
504972,144,241,403,840,5,21,4294967295,33.59,688.60,100.00,0.00,3170.54,1
505968,143,240,402,839,5,22,4294967295,33.59,688.60,100.00,0.00,3170.54,1
506964,144,240,402,839,5,21,4294967295,33.59,688.60,100.00,0.00,3170.54,1
507960,143,240,403,839,5,21,4294967295,33.59,688.60,100.00,0.00,3170.54,1
508956,144,240,402,839,5,21,4294967295,33.59,688.60,100.00,0.00,3170.54,1
509952,143,240,403,839,5,21,4294967295,33.59,688.60,100.00,0.00,3170.54,1
510948,144,241,402,839,5,21,4294967295,33.59,688.60,100.00,0.00,3170.54,1
511944,143,241,402,839,6,21,4294967295,33.59,688.60,100.00,0.00,3170.54,1
512940,143,240,402,839,5,21,4294967295,33.59,688.60,100.00,0.00,3170.54,1
513936,143,240,402,839,5,21,4294967295,33.59,688.60,100.00,0.00,3170.54,1
514932,143,240,402,839,5,20,4294967295,33.59,688.60,100.00,0.00,3170.54,1
515928,143,240,402,840,5,21,4294967295,33.59,688.60,100.00,0.00,3170.54,1
516924,143,240,402,839,7,22,4294967295,33.59,688.60,100.00,0.00,3170.54,1
517920,143,240,402,839,5,22,4294967295,33.59,688.60,100.00,0.00,3170.54,1
518916,143,240,401,839,5,22,4294967295,33.59,688.60,100.00,0.00,3170.54,1
519912,143,240,401,839,5,22,4294967295,33.59,688.60,100.00,0.00,3170.54,1
520908,143,240,401,839,5,22,4294967295,33.59,688.60,100.00,0.00,3170.54,1
521904,143,240,401,840,6,23,4294967295,33.59,688.60,100.00,0.00,3170.54,1
522900,143,240,401,839,6,23,4294967295,33.59,688.60,100.00,0.00,3170.54,1
523896,143,241,401,840,6,23,4294967295,33.59,688.60,100.00,0.00,3170.54,1
524892,143,241,401,840,6,23,4294967295,33.59,688.60,100.00,0.00,3170.54,1
525888,143,240,401,840,7,24,4294967295,33.59,688.60,100.00,0.00,3170.54,1
526884,143,241,401,840,6,23,4294967295,33.59,688.60,100.00,0.00,3170.54,1
527880,142,240,401,840,6,23,4294967295,33.59,688.60,100.00,0.00,3170.54,1
528876,143,240,400,839,6,23,4294967295,33.59,688.60,100.00,0.00,3170.54,1
529872,143,240,401,840,8,24,4294967295,33.59,688.60,100.00,0.00,3170.54,1
530868,142,240,401,840,7,25,4294967295,33.59,688.60,100.00,0.00,3170.54,1
531864,142,240,400,840,9,25,4294967295,33.59,688.60,100.00,0.00,3170.54,1
532860,143,240,400,840,7,24,4294967295,33.59,688.60,100.00,0.00,3170.54,1
533856,142,240,400,839,10,24,4294967295,33.59,688.60,100.00,0.00,3170.54,1
534852,142,240,400,840,7,24,4294967295,33.59,688.60,100.00,0.00,3170.54,1
535848,142,240,401,840,8,25,4294967295,33.59,688.60,100.00,0.00,3170.54,1
536844,142,240,400,840,7,24,4294967295,33.59,688.60,100.00,0.00,3170.54,1
537840,141,240,400,840,8,25,4294967295,33.59,688.60,100.00,0.00,3170.54,1
538836,142,241,400,840,8,24,4294967295,33.59,688.60,100.00,0.00,3170.54,1
539832,142,240,400,840,7,23,4294967295,33.59,688.60,100.00,0.00,3170.54,1
540828,142,240,400,840,7,24,4294967295,33.59,688.60,100.00,0.00,3170.54,1
541824,142,240,400,840,7,23,4294967295,33.59,688.60,100.00,0.00,3170.54,1
542820,141,241,400,840,7,24,4294967295,33.59,688.60,100.00,0.00,3170.54,1
543816,142,240,400,840,7,24,4294967295,33.59,688.60,100.00,0.00,3170.54,1
544812,142,240,399,841,7,23,4294967295,33.59,688.60,100.00,0.00,3170.54,1
545808,142,240,399,840,7,24,4294967295,33.59,688.60,100.00,0.00,3170.54,1
546804,142,241,400,840,7,24,4294967295,33.59,688.60,100.00,0.00,3170.54,1
547800,141,240,400,840,7,23,4294967295,33.59,688.60,100.00,0.00,3170.54,1
548796,142,240,400,840,7,24,4294967295,33.59,688.60,100.00,0.00,3170.54,1
549792,142,240,399,840,7,24,4294967295,33.59,688.60,100.00,0.00,3170.54,1
550788,141,240,400,841,7,24,4294967295,33.59,688.60,100.00,0.00,3170.54,1
551784,141,241,400,840,7,24,4294967295,33.59,688.60,100.00,0.00,3170.54,1
552780,142,240,400,840,7,24,4294967295,33.59,688.60,100.00,0.00,3170.54,1
553776,141,241,400,841,7,24,4294967295,33.59,688.60,100.00,0.00,3170.54,1
554772,141,240,400,841,7,24,4294967295,33.59,688.60,100.00,0.00,3170.54,1
555768,142,241,400,841,8,24,4294967295,33.59,688.60,100.00,0.00,3170.54,1
556764,142,241,400,841,6,24,4294967295,33.59,688.60,100.00,0.00,3170.54,1
557760,141,241,399,840,7,24,4294967295,33.59,688.60,100.00,0.00,3170.54,1
558756,142,241,400,840,9,25,4294967295,33.59,688.60,100.00,0.00,3170.54,1
559752,141,240,400,841,8,25,4294967295,33.59,688.60,100.00,0.00,3170.54,1
560748,141,240,399,841,8,24,4294967295,33.59,688.60,100.00,0.00,3170.54,1
561744,142,240,399,841,8,24,4294967295,33.59,688.60,100.00,0.00,3170.54,1
562740,142,240,400,841,8,24,4294967295,33.59,688.60,100.00,0.00,3170.54,1
563736,141,241,400,841,8,25,4294967295,33.59,688.60,100.00,0.00,3170.54,1
564732,141,240,400,841,8,25,4294967295,33.59,688.60,100.00,0.00,3170.54,1
565728,141,241,400,841,8,25,4294967295,33.59,688.60,100.00,0.00,3170.54,1
566724,141,240,400,841,9,25,4294967295,33.59,688.60,100.00,0.00,3170.54,1
567720,141,241,399,841,7,25,4294967295,33.59,688.60,100.00,0.00,3170.54,1
568716,141,241,399,842,8,25,4294967295,33.59,688.60,100.00,0.00,3170.54,1
569712,141,241,400,841,12,30,4294967295,33.59,688.60,100.00,0.00,3170.54,1
570708,140,240,399,841,14,31,4294967295,33.59,688.60,100.00,0.00,3170.54,1
571704,140,241,399,841,15,31,4294967295,33.59,688.60,100.00,0.00,3170.54,1
572700,140,241,399,841,13,31,4294967295,33.59,688.60,100.00,0.00,3170.54,1
573696,140,241,398,840,14,29,4294967295,33.59,688.60,100.00,0.00,3170.54,1
574692,140,241,399,841,14,31,4294967295,33.59,688.60,100.00,0.00,3170.54,1
575688,139,240,399,841,14,30,4294967295,33.59,688.60,100.00,0.00,3170.54,1
576684,140,241,399,841,13,31,4294967295,33.59,688.60,100.00,0.00,3170.54,1
577680,140,241,399,841,15,30,4294967295,33.59,688.60,100.00,0.00,3170.54,1
578676,140,241,399,840,15,30,4294967295,33.59,688.60,100.00,0.00,3170.54,1
579672,140,241,399,841,15,32,4294967295,33.59,688.60,100.00,0.00,3170.54,1
580668,139,241,399,841,16,31,4294967295,33.59,688.60,100.00,0.00,3170.54,1
581664,139,241,399,841,16,32,4294967295,33.59,688.60,100.00,0.00,3170.54,1
582660,139,241,398,841,20,32,4294967295,33.59,688.60,100.00,0.00,3170.54,1
583656,139,241,398,841,16,32,4294967295,33.59,688.60,100.00,0.00,3170.54,1
584652,139,240,398,841,16,32,4294967295,33.59,688.60,100.00,0.00,3170.54,1
585648,139,241,398,841,16,31,4294967295,33.59,688.60,100.00,0.00,3170.54,1
586644,139,241,399,840,16,32,4294967295,33.59,688.60,100.00,0.00,3170.54,1
587640,139,241,398,841,14,31,4294967295,33.59,688.60,100.00,0.00,3170.54,1
588636,139,241,399,841,17,32,4294967295,33.59,688.60,100.00,0.00,3170.54,1
589632,139,241,399,841,22,31,4294967295,33.59,688.60,100.00,0.00,3170.54,1
590628,139,241,399,841,17,32,4294967295,33.59,688.60,100.00,0.00,3170.54,1
591624,139,242,398,840,16,33,4294967295,33.59,688.60,100.00,0.00,3170.54,1
592620,139,242,398,841,17,32,4294967295,33.59,688.60,100.00,0.00,3170.54,1
593616,139,241,398,841,17,34,4294967295,33.59,688.60,100.00,0.00,3170.54,1
594612,139,241,398,841,17,32,4294967295,33.59,688.60,100.00,0.00,3170.54,1
595608,139,242,399,840,17,32,4294967295,33.59,688.60,100.00,0.00,3170.54,1
596604,138,242,398,841,17,32,4294967295,33.59,688.60,100.00,0.00,3170.54,1
597600,139,241,399,841,17,32,4294967295,33.59,688.60,100.00,0.00,3170.54,1
598596,138,242,398,842,17,32,4294967295,33.59,688.60,100.00,0.00,3170.54,1
599592,139,241,398,841,18,33,4294967295,33.59,688.60,100.00,0.00,3170.54,1
0,138,241,398,841,18,35,4294967295,33.59,688.60,100.00,0.00,3170.54,1
996,138,241,398,841,18,33,4294967295,33.59,688.60,100.00,0.00,3170.54,1
1992,138,242,399,840,18,34,4294967295,33.59,688.60,100.00,0.00,3170.54,1
2988,138,242,399,840,18,36,4294967295,33.59,688.60,100.00,0.00,3170.54,1
3984,138,242,398,840,19,33,4294967295,33.59,688.60,100.00,0.00,3170.54,1
4980,138,241,398,841,18,34,4294967295,33.59,688.60,100.00,0.00,3170.54,1
5976,138,241,398,841,20,35,4294967295,33.59,688.60,100.00,0.00,3170.54,1
6972,138,242,398,841,20,34,4294967295,33.59,688.60,100.00,0.00,3170.54,1
7968,138,242,398,841,21,35,4294967295,33.59,688.60,100.00,0.00,3170.54,1
8964,138,242,398,840,20,34,4294967295,33.59,688.60,100.00,0.00,3170.54,1
9960,138,242,398,840,20,35,4294967295,33.59,688.60,100.00,0.00,3170.54,1
10956,138,242,398,841,18,34,4294967295,33.59,688.60,100.00,0.00,3170.54,1
11952,138,241,398,841,20,35,4294967295,33.59,688.60,100.00,0.00,3170.54,1
12948,138,242,398,841,18,36,4294967295,33.59,688.60,100.00,0.00,3170.54,1
13944,137,241,398,840,22,36,4294967295,33.59,688.60,100.00,0.00,3170.54,1
14940,138,241,398,840,24,36,4294967295,33.59,688.60,100.00,0.00,3170.54,1
15936,137,242,398,841,21,36,4294967295,33.59,688.60,100.00,0.00,3170.54,1
16932,137,242,397,841,22,37,4294967295,33.59,688.60,100.00,0.00,3170.54,1
17928,137,241,397,841,23,38,4294967295,33.59,688.60,100.00,0.00,3170.54,1
18924,137,242,398,841,26,39,4294967295,33.59,688.60,100.00,0.00,3170.54,1
19920,138,241,399,841,9,23,4294967295,33.59,688.60,100.00,0.00,3170.54,1
20916,138,242,398,842,6,21,4294967295,33.59,688.60,100.00,0.00,3170.54,1
21912,138,242,399,841,5,19,4294967295,33.59,688.60,100.00,0.00,3170.54,1
22908,140,241,398,841,7,20,4294967295,33.59,688.60,100.00,0.00,3170.54,1
23904,140,240,398,841,5,21,4294967295,33.59,688.60,100.00,0.00,3170.54,1
24900,141,241,399,841,4,19,4294967295,33.59,688.60,100.00,0.00,3170.54,1
25896,140,241,398,841,7,21,4294967295,33.59,688.60,100.00,0.00,3170.54,1
26892,141,241,399,841,4,19,4294967295,33.59,688.60,100.00,0.00,3170.54,1
27888,141,241,399,842,4,21,4294967295,33.59,688.60,100.00,0.00,3170.54,1
28884,141,241,399,841,6,24,4294967295,33.59,688.60,100.00,0.00,3170.54,1
29880,141,241,400,841,5,22,4294967295,33.59,688.60,100.00,0.00,3170.54,1
30876,141,241,399,841,4,21,4294967295,33.59,688.60,100.00,0.00,3170.54,1
31872,141,241,400,842,4,22,4294967295,33.59,688.60,100.00,0.00,3170.54,1
32868,141,241,399,840,5,22,4294967295,33.59,688.60,100.00,0.00,3170.54,1
33864,141,241,399,840,5,21,4294967295,33.59,688.60,100.00,0.00,3170.54,1
34860,142,240,400,841,5,23,4294967295,33.59,688.60,100.00,0.00,3170.54,1
35856,142,241,399,841,7,26,4294967295,33.59,688.60,100.00,0.00,3170.54,1
