timestamp,NO2,C2H50H,VOC,CO,Alcohol,LPG,Benzene,Temperature,Pressure,Humidity,Gas_Resistance,Altitude,State15,4294967295,33.59,688.60,100.00,0.00,3170.54,1
107568,144,246,354,804,1,15,4294967295,33.59,688.60,100.00,0.00,3170.54,1
108564,144,246,354,804,1,14,4294967295,33.59,688.60,100.00,0.00,3170.54,1
109560,144,246,355,804,1,15,4294967295,33.59,688.60,100.00,0.00,3170.54,1
110556,145,246,355,804,1,15,4294967295,33.59,688.60,100.00,0.00,3170.54,1
111552,145,245,355,804,1,15,4294967295,33.59,688.60,100.00,0.00,3170.54,1
112548,146,245,355,804,1,15,4294967295,33.59,688.60,100.00,0.00,3170.54,1
113544,146,244,356,804,1,16,4294967295,33.59,688.60,100.00,0.00,3170.54,1
114540,147,244,356,804,1,15,4294967295,33.59,688.60,100.00,0.00,3170.54,1
115536,147,244,356,804,1,15,4294967295,33.59,688.60,100.00,0.00,3170.54,1
116532,147,243,356,804,1,16,4294967295,33.59,688.60,100.00,0.00,3170.54,1
117528,148,243,356,804,1,16,4294967295,33.59,688.60,100.00,0.00,3170.54,1
118524,147,243,356,804,1,16,4294967295,33.59,688.60,100.00,0.00,3170.54,1
119520,148,242,356,803,1,16,4294967295,33.59,688.60,100.00,0.00,3170.54,1
120516,148,241,357,804,1,17,4294967295,33.59,688.60,100.00,0.00,3170.54,1
121512,149,241,356,804,1,16,4294967295,33.59,688.60,100.00,0.00,3170.54,1
122508,149,242,357,804,1,16,4294967295,33.59,688.60,100.00,0.00,3170.54,1
123504,149,241,357,804,1,16,4294967295,33.59,688.60,100.00,0.00,3170.54,1
124500,150,241,357,804,1,17,4294967295,33.59,688.60,100.00,0.00,3170.54,1
125496,150,241,357,805,1,17,4294967295,33.59,688.60,100.00,0.00,3170.54,1
126492,150,240,357,804,1,17,4294967295,33.59,688.60,100.00,0.00,3170.54,1
127488,150,240,357,804,1,16,4294967295,33.59,688.60,100.00,0.00,3170.54,1
128484,150,240,357,805,1,17,4294967295,33.59,688.60,100.00,0.00,3170.54,1
129480,151,240,358,805,1,17,4294967295,33.59,688.60,100.00,0.00,3170.54,1
130476,151,239,357,804,1,16,4294967295,33.59,688.60,100.00,0.00,3170.54,1
131472,152,239,357,805,1,17,4294967295,33.59,688.60,100.00,0.00,3170.54,1
132468,151,239,357,805,1,17,4294967295,33.59,688.60,100.00,0.00,3170.54,1
133464,152,239,358,805,1,17,4294967295,33.59,688.60,100.00,0.00,3170.54,1
134460,152,238,357,804,1,17,4294967295,33.59,688.60,100.00,0.00,3170.54,1
135456,152,238,357,805,1,17,4294967295,33.59,688.60,100.00,0.00,3170.54,1
136452,153,238,358,805,1,17,4294967295,33.59,688.60,100.00,0.00,3170.54,1
137448,153,237,358,805,1,18,4294967295,33.59,688.60,100.00,0.00,3170.54,1
138444,154,237,357,805,1,18,4294967295,33.59,688.60,100.00,0.00,3170.54,1
139440,154,236,358,805,1,18,4294967295,33.59,688.60,100.00,0.00,3170.54,1
140436,154,237,358,805,1,18,4294967295,33.59,688.60,100.00,0.00,3170.54,1
141432,154,237,358,805,1,18,4294967295,33.59,688.60,100.00,0.00,3170.54,1
142428,154,237,358,806,2,18,4294967295,33.59,688.60,100.00,0.00,3170.54,1
143424,154,236,358,805,1,18,4294967295,33.59,688.60,100.00,0.00,3170.54,1
144420,155,235,358,805,1,19,4294967295,33.59,688.60,100.00,0.00,3170.54,1
145416,156,235,359,806,1,18,4294967295,33.59,688.60,100.00,0.00,3170.54,1
146412,156,236,359,806,1,18,4294967295,33.59,688.60,100.00,0.00,3170.54,1
147408,156,235,358,806,1,18,4294967295,33.59,688.60,100.00,0.00,3170.54,1
148404,156,235,359,806,1,18,4294967295,33.59,688.60,100.00,0.00,3170.54,1
149400,157,234,359,807,1,18,4294967295,33.59,688.60,100.00,0.00,3170.54,1
150396,156,235,359,806,1,18,4294967295,33.59,688.60,100.00,0.00,3170.54,1
151392,157,235,359,807,1,19,4294967295,33.59,688.60,100.00,0.00,3170.54,1
152388,158,235,360,806,1,20,4294967295,33.59,688.60,100.00,0.00,3170.54,1
153384,157,234,360,806,1,19,4294967295,33.59,688.60,100.00,0.00,3170.54,1
154380,158,234,360,806,1,18,4294967295,33.59,688.60,100.00,0.00,3170.54,1
155376,158,234,360,807,1,19,4294967295,33.59,688.60,100.00,0.00,3170.54,1
156372,159,234,360,807,1,20,4294967295,33.59,688.60,100.00,0.00,3170.54,1
157368,159,234,360,806,1,19,4294967295,33.59,688.60,100.00,0.00,3170.54,1
158364,159,233,360,807,1,18,4294967295,33.59,688.60,100.00,0.00,3170.54,1
159360,160,233,360,807,1,19,4294967295,33.59,688.60,100.00,0.00,3170.54,1
160356,160,233,361,807,1,19,4294967295,33.59,688.60,100.00,0.00,3170.54,1
161352,160,233,362,807,1,19,4294967295,33.59,688.60,100.00,0.00,3170.54,1
162348,160,233,361,807,1,19,4294967295,33.59,688.60,100.00,0.00,3170.54,1
163344,161,232,361,807,1,19,4294967295,33.59,688.60,100.00,0.00,3170.54,1
164340,161,232,362,807,1,19,4294967295,33.59,688.60,100.00,0.00,3170.54,1
165336,162,232,362,807,1,19,4294967295,33.59,688.60,100.00,0.00,3170.54,1
166332,162,232,362,807,1,19,4294967295,33.59,688.60,100.00,0.00,3170.54,1
167328,162,232,362,808,1,19,4294967295,33.59,688.60,100.00,0.00,3170.54,1
168324,162,232,363,808,1,19,4294967295,33.59,688.60,100.00,0.00,3170.54,1
169320,163,231,363,808,1,18,4294967295,33.59,688.60,100.00,0.00,3170.54,1
170316,163,231,363,808,1,18,4294967295,33.59,688.60,100.00,0.00,3170.54,1
171312,163,232,363,808,1,19,4294967295,33.59,688.60,100.00,0.00,3170.54,1
172308,163,231,363,808,1,20,4294967295,33.59,688.60,100.00,0.00,3170.54,1
173304,164,231,364,808,1,19,4294967295,33.59,688.60,100.00,0.00,3170.54,1
174300,164,231,364,808,1,19,4294967295,33.59,688.60,100.00,0.00,3170.54,1
175296,165,231,364,808,1,20,4294967295,33.59,688.60,100.00,0.00,3170.54,1
176292,165,231,364,808,1,20,4294967295,33.59,688.60,100.00,0.00,3170.54,1
177288,165,231,365,808,1,20,4294967295,33.59,688.60,100.00,0.00,3170.54,1
178284,166,231,365,808,1,19,4294967295,33.59,688.60,100.00,0.00,3170.54,1
179280,166,230,365,809,1,20,4294967295,33.59,688.60,100.00,0.00,3170.54,1
180276,167,230,365,808,1,20,4294967295,33.59,688.60,100.00,0.00,3170.54,1
181272,167,229,366,809,1,20,4294967295,33.59,688.60,100.00,0.00,3170.54,1
182268,168,230,366,808,1,20,4294967295,33.59,688.60,100.00,0.00,3170.54,1
183264,168,230,366,809,1,20,4294967295,33.59,688.60,100.00,0.00,3170.54,1
184260,168,229,366,809,1,20,4294967295,33.59,688.60,100.00,0.00,3170.54,1
185256,168,230,367,809,2,20,4294967295,33.59,688.60,100.00,0.00,3170.54,1
186252,169,230,367,810,1,20,4294967295,33.59,688.60,100.00,0.00,3170.54,1
187248,170,229,368,809,1,20,4294967295,33.59,688.60,100.00,0.00,3170.54,1
188244,170,229,368,808,1,20,4294967295,33.59,688.60,100.00,0.00,3170.54,1
189240,170,229,368,809,1,20,4294967295,33.59,688.60,100.00,0.00,3170.54,1
190236,170,229,368,809,1,20,4294967295,33.59,688.60,100.00,0.00,3170.54,1
191232,171,229,369,809,1,20,4294967295,33.59,688.60,100.00,0.00,3170.54,1
192228,172,229,369,809,1,20,4294967295,33.59,688.60,100.00,0.00,3170.54,1
193224,172,229,369,809,1,20,4294967295,33.59,688.60,100.00,0.00,3170.54,1
194220,172,229,369,810,1,20,4294967295,33.59,688.60,100.00,0.00,3170.54,1
195216,173,229,370,810,1,20,4294967295,33.59,688.60,100.00,0.00,3170.54,1
196212,173,229,370,810,1,20,4294967295,33.59,688.60,100.00,0.00,3170.54,1
197208,173,229,370,810,1,20,4294967295,33.59,688.60,100.00,0.00,3170.54,1
198204,173,228,372,810,1,21,4294967295,33.59,688.60,100.00,0.00,3170.54,1
199200,174,228,371,810,1,21,4294967295,33.59,688.60,100.00,0.00,3170.54,1
200196,174,229,371,810,1,20,4294967295,33.59,688.60,100.00,0.00,3170.54,1
201192,175,228,372,810,1,21,4294967295,33.59,688.60,100.00,0.00,3170.54,1
202188,175,228,373,810,1,21,4294967295,33.59,688.60,100.00,0.00,3170.54,1
203184,175,228,373,810,1,20,4294967295,33.59,688.60,100.00,0.00,3170.54,1
204180,176,228,373,810,1,21,4294967295,33.59,688.60,100.00,0.00,3170.54,1
205176,176,228,374,811,1,21,4294967295,33.59,688.60,100.00,0.00,3170.54,1
206172,176,228,374,810,1,22,4294967295,33.59,688.60,100.00,0.00,3170.54,1
207168,176,228,374,810,1,21,4294967295,33.59,688.60,100.00,0.00,3170.54,1
208164,177,228,375,810,1,20,4294967295,33.59,688.60,100.00,0.00,3170.54,1
209160,177,228,375,811,1,21,4294967295,33.59,688.60,100.00,0.00,3170.54,1
210156,177,228,376,810,1,21,4294967295,33.59,688.60,100.00,0.00,3170.54,1
211152,178,228,376,811,1,21,4294967295,33.59,688.60,100.00,0.00,3170.54,1
212148,179,228,376,811,1,21,4294967295,33.59,688.60,100.00,0.00,3170.54,1
213144,179,227,377,811,1,21,4294967295,33.59,688.60,100.00,0.00,3170.54,1
214140,180,227,377,811,1,21,4294967295,33.59,688.60,100.00,0.00,3170.54,1
215136,180,228,378,812,1,21,4294967295,33.59,688.60,100.00,0.00,3170.54,1
216132,180,227,378,811,2,21,4294967295,33.59,688.60,100.00,0.00,3170.54,1
217128,181,228,378,811,1,21,4294967295,33.59,688.60,100.00,0.00,3170.54,1
218124,181,227,379,812,1,21,4294967295,33.59,688.60,100.00,0.00,3170.54,1
219120,182,227,379,812,1,21,4294967295,33.59,688.60,100.00,0.00,3170.54,1
220116,182,227,380,812,2,21,4294967295,33.59,688.60,100.00,0.00,3170.54,1
221112,183,227,380,813,1,21,4294967295,33.59,688.60,100.00,0.00,3170.54,1
222108,183,228,381,812,1,21,4294967295,33.59,688.60,100.00,0.00,3170.54,1
223104,184,227,381,812,1,21,4294967295,33.59,688.60,100.00,0.00,3170.54,1
224100,184,228,382,813,1,21,4294967295,33.59,688.60,100.00,0.00,3170.54,1
225096,185,228,382,813,1,21,4294967295,33.59,688.60,100.00,0.00,3170.54,1
226092,184,227,383,813,1,21,4294967295,33.59,688.60,100.00,0.00,3170.54,1
227088,184,227,383,813,1,21,4294967295,33.59,688.60,100.00,0.00,3170.54,1
228084,184,227,384,813,1,22,4294967295,33.59,688.60,100.00,0.00,3170.54,1
229080,186,228,384,814,1,21,4294967295,33.59,688.60,100.00,0.00,3170.54,1
230076,186,227,385,813,1,23,4294967295,33.59,688.60,100.00,0.00,3170.54,1
231072,186,227,385,813,1,21,4294967295,33.59,688.60,100.00,0.00,3170.54,1
232068,187,228,386,813,1,20,4294967295,33.59,688.60,100.00,0.00,3170.54,1
233064,187,227,386,814,1,21,4294967295,33.59,688.60,100.00,0.00,3170.54,1
234060,187,228,387,814,1,21,4294967295,33.59,688.60,100.00,0.00,3170.54,1
235056,187,227,387,814,1,21,4294967295,33.59,688.60,100.00,0.00,3170.54,1
236052,187,228,388,814,1,21,4294967295,33.59,688.60,100.00,0.00,3170.54,1
237048,189,227,388,815,1,21,4294967295,33.59,688.60,100.00,0.00,3170.54,1
238044,189,228,389,814,1,21,4294967295,33.59,688.60,100.00,0.00,3170.54,1
239040,189,228,390,815,1,21,4294967295,33.59,688.60,100.00,0.00,3170.54,1
240036,189,227,389,815,1,21,4294967295,33.59,688.60,100.00,0.00,3170.54,1
241032,190,228,390,814,1,22,4294967295,33.59,688.60,100.00,0.00,3170.54,1
242028,190,228,391,814,1,21,4294967295,33.59,688.60,100.00,0.00,3170.54,1
243024,191,228,392,815,1,21,4294967295,33.59,688.60,100.00,0.00,3170.54,1
244020,191,228,392,815,1,21,4294967295,33.59,688.60,100.00,0.00,3170.54,1
245016,192,228,392,815,1,21,4294967295,33.59,688.60,100.00,0.00,3170.54,1
246012,192,228,393,815,1,21,4294967295,33.59,688.60,100.00,0.00,3170.54,1
247008,193,228,394,815,1,23,4294967295,33.59,688.60,100.00,0.00,3170.54,1
248004,193,228,394,815,1,22,4294967295,33.59,688.60,100.00,0.00,3170.54,1
249000,193,228,395,816,1,21,4294967295,33.59,688.60,100.00,0.00,3170.54,1
249996,194,228,395,815,1,22,4294967295,33.59,688.60,100.00,0.00,3170.54,1
250992,194,228,396,815,1,22,4294967295,33.59,688.60,100.00,0.00,3170.54,1
251988,195,228,397,816,1,21,4294967295,33.59,688.60,100.00,0.00,3170.54,1
252984,196,228,396,816,1,22,4294967295,33.59,688.60,100.00,0.00,3170.54,1
253980,196,228,398,816,1,22,4294967295,33.59,688.60,100.00,0.00,3170.54,1
254976,196,228,398,816,1,21,4294967295,33.59,688.60,100.00,0.00,3170.54,1
255972,197,228,399,815,1,21,4294967295,33.59,688.60,100.00,0.00,3170.54,1
256968,196,229,400,816,1,21,4294967295,33.59,688.60,100.00,0.00,3170.54,1
257964,197,228,400,816,1,22,4294967295,33.59,688.60,100.00,0.00,3170.54,1
258960,197,228,400,815,1,21,4294967295,33.59,688.60,100.00,0.00,3170.54,1
259956,198,228,401,816,1,22,4294967295,33.59,688.60,100.00,0.00,3170.54,1
260952,199,229,402,817,1,21,4294967295,33.59,688.60,100.00,0.00,3170.54,1
261948,199,229,402,816,1,21,4294967295,33.59,688.60,100.00,0.00,3170.54,1
262944,199,228,402,816,1,21,4294967295,33.59,688.60,100.00,0.00,3170.54,1
263940,200,229,403,817,1,21,4294967295,33.59,688.60,100.00,0.00,3170.54,1
264936,200,229,404,817,1,21,4294967295,33.59,688.60,100.00,0.00,3170.54,1
265932,201,229,405,817,1,22,4294967295,33.59,688.60,100.00,0.00,3170.54,1
266928,201,229,405,817,1,21,4294967295,33.59,688.60,100.00,0.00,3170.54,1
267924,201,229,405,817,1,21,4294967295,33.59,688.60,100.00,0.00,3170.54,1
268920,202,229,406,817,1,21,4294967295,33.59,688.60,100.00,0.00,3170.54,1
269916,202,229,406,817,1,21,4294967295,33.59,688.60,100.00,0.00,3170.54,1
270912,203,229,407,817,1,22,4294967295,33.59,688.60,100.00,0.00,3170.54,1
271908,202,229,408,818,1,21,4294967295,33.59,688.60,100.00,0.00,3170.54,1
272904,203,229,408,817,1,21,4294967295,33.59,688.60,100.00,0.00,3170.54,1
273900,204,229,408,818,1,21,4294967295,33.59,688.60,100.00,0.00,3170.54,1
274896,204,230,409,818,1,22,4294967295,33.59,688.60,100.00,0.00,3170.54,1
275892,204,230,410,817,1,21,4294967295,33.59,688.60,100.00,0.00,3170.54,1
276888,205,230,411,818,2,21,4294967295,33.59,688.60,100.00,0.00,3170.54,1
277884,204,229,410,818,1,22,4294967295,33.59,688.60,100.00,0.00,3170.54,1
278880,205,229,411,817,1,22,4294967295,33.59,688.60,100.00,0.00,3170.54,1
279876,206,230,412,817,1,22,4294967295,33.59,688.60,100.00,0.00,3170.54,1
280872,206,230,413,818,1,22,4294967295,33.59,688.60,100.00,0.00,3170.54,1
281868,206,230,413,818,1,22,4294967295,33.59,688.60,100.00,0.00,3170.54,1
282864,206,229,414,818,1,22,4294967295,33.59,688.60,100.00,0.00,3170.54,1
283860,207,230,414,818,1,22,4294967295,33.59,688.60,100.00,0.00,3170.54,1
284856,207,230,415,819,1,21,4294967295,33.59,688.60,100.00,0.00,3170.54,1
285852,208,230,416,818,1,22,4294967295,33.59,688.60,100.00,0.00,3170.54,1
286848,208,231,416,819,1,21,4294967295,33.59,688.60,100.00,0.00,3170.54,1
287844,209,231,416,819,1,22,4294967295,33.59,688.60,100.00,0.00,3170.54,1
288840,209,230,417,818,1,23,4294967295,33.59,688.60,100.00,0.00,3170.54,1
289836,210,230,418,818,1,21,4294967295,33.59,688.60,100.00,0.00,3170.54,1
290832,210,231,418,819,1,22,4294967295,33.59,688.60,100.00,0.00,3170.54,1
291828,210,231,419,818,1,22,4294967295,33.59,688.60,100.00,0.00,3170.54,1
292824,211,230,420,819,1,21,4294967295,33.59,688.60,100.00,0.00,3170.54,1
293820,210,231,420,819,1,22,4294967295,33.59,688.60,100.00,0.00,3170.54,1
294816,211,231,421,820,1,21,4294967295,33.59,688.60,100.00,0.00,3170.54,1
295812,212,231,421,820,1,21,4294967295,33.59,688.60,100.00,0.00,3170.54,1
296808,211,232,422,820,1,22,4294967295,33.59,688.60,100.00,0.00,3170.54,1
297804,212,232,422,819,1,22,4294967295,33.59,688.60,100.00,0.00,3170.54,1
298800,213,231,423,819,1,22,4294967295,33.59,688.60,100.00,0.00,3170.54,1
299796,213,232,424,820,1,22,4294967295,33.59,688.60,100.00,0.00,3170.54,1
300792,213,232,425,820,1,21,4294967295,33.59,688.60,100.00,0.00,3170.54,1
301788,214,232,424,819,1,22,4294967295,33.59,688.60,100.00,0.00,3170.54,1
302784,214,232,425,820,1,21,4294967295,33.59,688.60,100.00,0.00,3170.54,1
303780,214,232,426,820,1,21,4294967295,33.59,688.60,100.00,0.00,3170.54,1
304776,215,232,427,820,1,22,4294967295,33.59,688.60,100.00,0.00,3170.54,1
305772,214,232,427,820,1,22,4294967295,33.59,688.60,100.00,0.00,3170.54,1
306768,214,232,428,820,1,21,4294967295,33.59,688.60,100.00,0.00,3170.54,1
307764,215,232,428,820,1,22,4294967295,33.59,688.60,100.00,0.00,3170.54,1
308760,215,232,429,820,1,21,4294967295,33.59,688.60,100.00,0.00,3170.54,1
309756,216,233,429,820,1,21,4294967295,33.59,688.60,100.00,0.00,3170.54,1
310752,216,233,430,820,1,21,4294967295,33.59,688.60,100.00,0.00,3170.54,1
311748,216,233,431,820,1,22,4294967295,33.59,688.60,100.00,0.00,3170.54,1
312744,217,233,431,821,1,21,4294967295,33.59,688.60,100.00,0.00,3170.54,1
313740,217,233,431,820,1,22,4294967295,33.59,688.60,100.00,0.00,3170.54,1
314736,217,233,432,822,1,22,4294967295,33.59,688.60,100.00,0.00,3170.54,1
315732,217,233,432,821,1,21,4294967295,33.59,688.60,100.00,0.00,3170.54,1
316728,218,234,433,821,1,21,4294967295,33.59,688.60,100.00,0.00,3170.54,1
317724,218,233,433,821,1,21,4294967295,33.59,688.60,100.00,0.00,3170.54,1
318720,219,233,434,821,1,22,4294967295,33.59,688.60,100.00,0.00,3170.54,1
319716,219,234,435,821,1,22,4294967295,33.59,688.60,100.00,0.00,3170.54,1
320712,219,234,435,821,1,22,4294967295,33.59,688.60,100.00,0.00,3170.54,1
321708,220,234,435,821,1,22,4294967295,33.59,688.60,100.00,0.00,3170.54,1
322704,220,234,436,821,2,22,4294967295,33.59,688.60,100.00,0.00,3170.54,1
323700,220,234,437,822,1,21,4294967295,33.59,688.60,100.00,0.00,3170.54,1
324696,221,234,437,822,1,22,4294967295,33.59,688.60,100.00,0.00,3170.54,1
325692,220,234,438,821,1,21,4294967295,33.59,688.60,100.00,0.00,3170.54,1
326688,221,235,438,821,1,22,4294967295,33.59,688.60,100.00,0.00,3170.54,1
327684,221,234,439,821,1,22,4294967295,33.59,688.60,100.00,0.00,3170.54,1
328680,222,234,439,822,1,22,4294967295,33.59,688.60,100.00,0.00,3170.54,1
329676,222,235,440,821,1,21,4294967295,33.59,688.60,100.00,0.00,3170.54,1
330672,222,235,440,822,1,21,4294967295,33.59,688.60,100.00,0.00,3170.54,1
331668,223,235,441,822,1,21,4294967295,33.59,688.60,100.00,0.00,3170.54,1
332664,222,236,442,822,1,21,4294967295,33.59,688.60,100.00,0.00,3170.54,1
333660,222,235,442,822,1,21,4294967295,33.59,688.60,100.00,0.00,3170.54,1
334656,223,236,442,822,1,21,4294967295,33.59,688.60,100.00,0.00,3170.54,1
335652,224,235,442,822,1,21,4294967295,33.59,688.60,100.00,0.00,3170.54,1
336648,224,236,443,822,2,23,4294967295,33.59,688.60,100.00,0.00,3170.54,1
337644,224,236,444,823,1,21,4294967295,33.59,688.60,100.00,0.00,3170.54,1
338640,225,236,445,822,1,21,4294967295,33.59,688.60,100.00,0.00,3170.54,1
339636,224,236,445,823,1,21,4294967295,33.59,688.60,100.00,0.00,3170.54,1
340632,225,237,446,823,1,20,4294967295,33.59,688.60,100.00,0.00,3170.54,1
341628,226,237,446,823,1,22,4294967295,33.59,688.60,100.00,0.00,3170.54,1
342624,226,237,446,823,1,21,4294967295,33.59,688.60,100.00,0.00,3170.54,1
343620,226,236,447,823,1,21,4294967295,33.59,688.60,100.00,0.00,3170.54,1
344616,226,237,448,823,1,21,4294967295,33.59,688.60,100.00,0.00,3170.54,1
345612,226,237,448,823,1,21,4294967295,33.59,688.60,100.00,0.00,3170.54,1
346608,227,237,448,823,1,21,4294967295,33.59,688.60,100.00,0.00,3170.54,1
347604,227,237,449,823,1,21,4294967295,33.59,688.60,100.00,0.00,3170.54,1
348600,227,237,449,823,1,21,4294967295,33.59,688.60,100.00,0.00,3170.54,1
349596,227,238,450,822,1,21,4294967295,33.59,688.60,100.00,0.00,3170.54,1
350592,227,238,451,823,1,23,4294967295,33.59,688.60,100.00,0.00,3170.54,1
351588,228,238,451,823,1,21,4294967295,33.59,688.60,100.00,0.00,3170.54,1
352584,228,238,451,823,1,21,4294967295,33.59,688.60,100.00,0.00,3170.54,1
353580,229,238,451,823,1,22,4294967295,33.59,688.60,100.00,0.00,3170.54,1
354576,228,238,452,823,1,21,4294967295,33.59,688.60,100.00,0.00,3170.54,1
355572,229,238,452,823,1,22,4294967295,33.59,688.60,100.00,0.00,3170.54,1
356568,228,239,452,823,1,21,4294967295,33.59,688.60,100.00,0.00,3170.54,1
357564,230,239,453,824,1,21,4294967295,33.59,688.60,100.00,0.00,3170.54,1
358560,230,239,452,823,1,21,4294967295,33.59,688.60,100.00,0.00,3170.54,1
359556,229,239,453,824,1,21,4294967295,33.59,688.60,100.00,0.00,3170.54,1
360552,230,239,454,823,1,22,4294967295,33.59,688.60,100.00,0.00,3170.54,1
361548,230,240,455,824,1,21,4294967295,33.59,688.60,100.00,0.00,3170.54,1
362544,230,240,455,823,1,21,4294967295,33.59,688.60,100.00,0.00,3170.54,1
363540,230,240,455,824,1,21,4294967295,33.59,688.60,100.00,0.00,3170.54,1
364536,231,240,455,824,1,21,4294967295,33.59,688.60,100.00,0.00,3170.54,1
365532,231,239,455,824,1,21,4294967295,33.59,688.60,100.00,0.00,3170.54,1
366528,231,240,456,824,1,21,4294967295,33.59,688.60,100.00,0.00,3170.54,1
367524,232,241,456,824,1,21,4294967295,33.59,688.60,100.00,0.00,3170.54,1
368520,232,241,456,825,1,22,4294967295,33.59,688.60,100.00,0.00,3170.54,1
369516,232,240,457,824,1,21,4294967295,33.59,688.60,100.00,0.00,3170.54,1
370512,232,241,458,824,1,21,4294967295,33.59,688.60,100.00,0.00,3170.54,1
371508,232,241,457,824,1,21,4294967295,33.59,688.60,100.00,0.00,3170.54,1
372504,233,241,457,824,1,22,4294967295,33.59,688.60,100.00,0.00,3170.54,1
373500,232,241,458,825,1,21,4294967295,33.59,688.60,100.00,0.00,3170.54,1
374496,232,242,458,826,1,22,4294967295,33.59,688.60,100.00,0.00,3170.54,1
375492,233,242,459,825,1,21,4294967295,33.59,688.60,100.00,0.00,3170.54,1
376488,234,241,459,824,1,21,4294967295,33.59,688.60,100.00,0.00,3170.54,1
377484,234,242,460,825,1,22,4294967295,33.59,688.60,100.00,0.00,3170.54,1
378480,235,242,460,825,1,22,4294967295,33.59,688.60,100.00,0.00,3170.54,1
379476,234,242,461,825,1,21,4294967295,33.59,688.60,100.00,0.00,3170.54,1
380472,234,242,461,825,1,21,4294967295,33.59,688.60,100.00,0.00,3170.54,1
381468,235,243,461,826,1,22,4294967295,33.59,688.60,100.00,0.00,3170.54,1
382464,235,243,462,825,1,21,4294967295,33.59,688.60,100.00,0.00,3170.54,1
383460,236,243,463,825,1,21,4294967295,33.59,688.60,100.00,0.00,3170.54,1
384456,235,243,463,825,1,21,4294967295,33.59,688.60,100.00,0.00,3170.54,1
385452,235,243,463,825,1,22,4294967295,33.59,688.60,100.00,0.00,3170.54,1
386448,235,243,464,825,1,22,4294967295,33.59,688.60,100.00,0.00,3170.54,1
387444,236,244,464,825,1,21,4294967295,33.59,688.60,100.00,0.00,3170.54,1
388440,236,244,465,826,1,21,4294967295,33.59,688.60,100.00,0.00,3170.54,1
389436,237,244,464,826,1,23,4294967295,33.59,688.60,100.00,0.00,3170.54,1
390432,237,244,466,826,1,21,4294967295,33.59,688.60,100.00,0.00,3170.54,1
391428,236,244,466,826,1,23,4294967295,33.59,688.60,100.00,0.00,3170.54,1
392424,238,244,466,826,1,22,4294967295,33.59,688.60,100.00,0.00,3170.54,1
393420,237,244,466,826,1,22,4294967295,33.59,688.60,100.00,0.00,3170.54,1
394416,238,245,467,825,1,22,4294967295,33.59,688.60,100.00,0.00,3170.54,1
395412,238,245,466,825,1,22,4294967295,33.59,688.60,100.00,0.00,3170.54,1
396408,238,245,467,826,1,22,4294967295,33.59,688.60,100.00,0.00,3170.54,1
397404,238,245,467,826,1,22,4294967295,33.59,688.60,100.00,0.00,3170.54,1
398400,238,245,468,826,1,22,4294967295,33.59,688.60,100.00,0.00,3170.54,1
399396,239,246,468,826,1,22,4294967295,33.59,688.60,100.00,0.00,3170.54,1
400392,239,246,469,826,1,22,4294967295,33.59,688.60,100.00,0.00,3170.54,1
401388,239,246,469,825,1,22,4294967295,33.59,688.60,100.00,0.00,3170.54,1
402384,240,246,469,827,1,22,4294967295,33.59,688.60,100.00,0.00,3170.54,1
403380,240,246,470,827,1,20,4294967295,33.59,688.60,100.00,0.00,3170.54,1
404376,240,247,470,826,1,22,4294967295,33.59,688.60,100.00,0.00,3170.54,1
405372,240,247,471,827,1,23,4294967295,33.59,688.60,100.00,0.00,3170.54,1
406368,240,246,471,827,1,22,4294967295,33.59,688.60,100.00,0.00,3170.54,1
407364,240,246,471,826,1,21,4294967295,33.59,688.60,100.00,0.00,3170.54,1
408360,241,247,472,827,1,22,4294967295,33.59,688.60,100.00,0.00,3170.54,1
409356,241,247,472,826,1,22,4294967295,33.59,688.60,100.00,0.00,3170.54,1
410352,241,247,473,826,1,22,4294967295,33.59,688.60,100.00,0.00,3170.54,1
411348,241,248,473,827,1,22,4294967295,33.59,688.60,100.00,0.00,3170.54,1
412344,242,247,473,827,1,22,4294967295,33.59,688.60,100.00,0.00,3170.54,1
413340,242,248,474,827,1,22,4294967295,33.59,688.60,100.00,0.00,3170.54,1
414336,242,248,474,828,2,22,4294967295,33.59,688.60,100.00,0.00,3170.54,1
415332,242,249,474,827,1,21,4294967295,33.59,688.60,100.00,0.00,3170.54,1
416328,242,248,474,827,1,21,4294967295,33.59,688.60,100.00,0.00,3170.54,1
417324,242,248,475,827,1,22,4294967295,33.59,688.60,100.00,0.00,3170.54,1
418320,243,249,475,827,1,22,4294967295,33.59,688.60,100.00,0.00,3170.54,1
419316,243,248,475,827,1,21,4294967295,33.59,688.60,100.00,0.00,3170.54,1
420312,243,249,476,827,2,22,4294967295,33.59,688.60,100.00,0.00,3170.54,1
421308,244,249,477,828,1,21,4294967295,33.59,688.60,100.00,0.00,3170.54,1
422304,243,249,477,827,1,22,4294967295,33.59,688.60,100.00,0.00,3170.54,1
423300,244,250,476,828,1,22,4294967295,33.59,688.60,100.00,0.00,3170.54,1
424296,244,250,477,828,1,22,4294967295,33.59,688.60,100.00,0.00,3170.54,1
425292,243,250,478,828,1,21,4294967295,33.59,688.60,100.00,0.00,3170.54,1
426288,245,250,479,828,1,22,4294967295,33.59,688.60,100.00,0.00,3170.54,1
427284,244,250,479,829,1,21,4294967295,33.59,688.60,100.00,0.00,3170.54,1
428280,245,251,479,828,1,22,4294967295,33.59,688.60,100.00,0.00,3170.54,1
429276,244,250,479,828,1,21,4294967295,33.59,688.60,100.00,0.00,3170.54,1
430272,245,250,480,828,1,21,4294967295,33.59,688.60,100.00,0.00,3170.54,1
431268,245,251,480,828,1,22,4294967295,33.59,688.60,100.00,0.00,3170.54,1
432264,245,251,479,828,2,22,4294967295,33.59,688.60,100.00,0.00,3170.54,1
433260,245,251,479,828,1,21,4294967295,33.59,688.60,100.00,0.00,3170.54,1
434256,245,251,480,829,2,22,4294967295,33.59,688.60,100.00,0.00,3170.54,1
435252,246,252,481,828,1,21,4294967295,33.59,688.60,100.00,0.00,3170.54,1
436248,246,251,481,829,1,22,4294967295,33.59,688.60,100.00,0.00,3170.54,1
437244,246,252,482,829,1,21,4294967295,33.59,688.60,100.00,0.00,3170.54,1
438240,247,252,482,829,1,22,4294967295,33.59,688.60,100.00,0.00,3170.54,1
439236,247,252,483,829,1,21,4294967295,33.59,688.60,100.00,0.00,3170.54,1
440232,247,252,482,829,1,21,4294967295,33.59,688.60,100.00,0.00,3170.54,1
441228,246,253,483,829,1,22,4294967295,33.59,688.60,100.00,0.00,3170.54,1
442224,247,252,483,829,1,22,4294967295,33.59,688.60,100.00,0.00,3170.54,1
443220,247,253,484,829,1,22,4294967295,33.59,688.60,100.00,0.00,3170.54,1
444216,247,253,484,829,1,21,4294967295,33.59,688.60,100.00,0.00,3170.54,1
445212,248,254,485,829,1,21,4294967295,33.59,688.60,100.00,0.00,3170.54,1
446208,248,254,484,829,1,22,4294967295,33.59,688.60,100.00,0.00,3170.54,1
447204,248,254,484,829,1,22,4294967295,33.59,688.60,100.00,0.00,3170.54,1
448200,248,254,485,830,1,22,4294967295,33.59,688.60,100.00,0.00,3170.54,1
449196,248,254,485,830,1,22,4294967295,33.59,688.60,100.00,0.00,3170.54,1
450192,248,254,485,829,1,22,4294967295,33.59,688.60,100.00,0.00,3170.54,1
451188,248,254,486,830,1,21,4294967295,33.59,688.60,100.00,0.00,3170.54,1
452184,249,255,486,830,1,21,4294967295,33.59,688.60,100.00,0.00,3170.54,1
453180,249,255,487,829,1,22,4294967295,33.59,688.60,100.00,0.00,3170.54,1
454176,249,254,487,830,1,21,4294967295,33.59,688.60,100.00,0.00,3170.54,1
455172,249,255,487,829,1,22,4294967295,33.59,688.60,100.00,0.00,3170.54,1
456168,249,255,488,830,1,21,4294967295,33.59,688.60,100.00,0.00,3170.54,1
457164,249,256,487,830,1,22,4294967295,33.59,688.60,100.00,0.00,3170.54,1
458160,250,256,488,829,1,22,4294967295,33.59,688.60,100.00,0.00,3170.54,1
459156,250,256,488,830,1,22,4294967295,33.59,688.60,100.00,0.00,3170.54,1
460152,249,256,488,830,1,21,4294967295,33.59,688.60,100.00,0.00,3170.54,1
461148,250,257,489,830,1,21,4294967295,33.59,688.60,100.00,0.00,3170.54,1
462144,251,257,489,830,1,22,4294967295,33.59,688.60,100.00,0.00,3170.54,1
463140,250,256,490,830,1,21,4294967295,33.59,688.60,100.00,0.00,3170.54,1
464136,250,257,489,831,1,22,4294967295,33.59,688.60,100.00,0.00,3170.54,1
465132,251,257,491,830,1,22,4294967295,33.59,688.60,100.00,0.00,3170.54,1
466128,250,257,490,831,1,22,4294967295,33.59,688.60,100.00,0.00,3170.54,1
467124,251,257,491,830,1,21,4294967295,33.59,688.60,100.00,0.00,3170.54,1
468120,251,258,491,831,1,21,4294967295,33.59,688.60,100.00,0.00,3170.54,1
469116,251,257,491,830,1,22,4294967295,33.59,688.60,100.00,0.00,3170.54,1
470112,251,257,492,831,1,22,4294967295,33.59,688.60,100.00,0.00,3170.54,1
471108,252,258,492,831,1,22,4294967295,33.59,688.60,100.00,0.00,3170.54,1
472104,253,258,492,831,1,21,4294967295,33.59,688.60,100.00,0.00,3170.54,1
473100,252,258,492,831,1,22,4294967295,33.59,688.60,100.00,0.00,3170.54,1
474096,252,259,492,831,1,21,4294967295,33.59,688.60,100.00,0.00,3170.54,1
475092,252,259,493,830,1,22,4294967295,33.59,688.60,100.00,0.00,3170.54,1
476088,253,259,492,830,1,22,4294967295,33.59,688.60,100.00,0.00,3170.54,1
477084,253,259,493,831,1,22,4294967295,33.59,688.60,100.00,0.00,3170.54,1
478080,253,259,493,831,1,22,4294967295,33.59,688.60,100.00,0.00,3170.54,1
479076,253,259,493,830,1,21,4294967295,33.59,688.60,100.00,0.00,3170.54,1
480072,253,260,493,831,1,22,4294967295,33.59,688.60,100.00,0.00,3170.54,1
481068,252,259,493,831,1,22,4294967295,33.59,688.60,100.00,0.00,3170.54,1
482064,253,260,493,831,1,22,4294967295,33.59,688.60,100.00,0.00,3170.54,1
483060,254,260,494,831,1,21,4294967295,33.59,688.60,100.00,0.00,3170.54,1
484056,253,260,495,831,1,22,4294967295,33.59,688.60,100.00,0.00,3170.54,1
485052,254,260,495,832,1,22,4294967295,33.59,688.60,100.00,0.00,3170.54,1
486048,254,261,495,831,1,21,4294967295,33.59,688.60,100.00,0.00,3170.54,1
487044,254,261,495,831,1,22,4294967295,33.59,688.60,100.00,0.00,3170.54,1
488040,254,261,495,832,1,22,4294967295,33.59,688.60,100.00,0.00,3170.54,1
489036,255,261,496,832,1,22,4294967295,33.59,688.60,100.00,0.00,3170.54,1
490032,254,261,497,831,1,22,4294967295,33.59,688.60,100.00,0.00,3170.54,1
491028,255,261,497,831,1,21,4294967295,33.59,688.60,100.00,0.00,3170.54,1
492024,254,262,496,831,1,21,4294967295,33.59,688.60,100.00,0.00,3170.54,1
493020,255,262,497,831,1,22,4294967295,33.59,688.60,100.00,0.00,3170.54,1
494016,255,262,497,832,1,22,4294967295,33.59,688.60,100.00,0.00,3170.54,1
495012,255,262,497,832,1,23,4294967295,33.59,688.60,100.00,0.00,3170.54,1
496008,256,262,498,832,1,22,4294967295,33.59,688.60,100.00,0.00,3170.54,1
497004,256,263,498,832,1,21,4294967295,33.59,688.60,100.00,0.00,3170.54,1
498000,255,263,498,832,1,22,4294967295,33.59,688.60,100.00,0.00,3170.54,1
498996,256,262,499,832,1,22,4294967295,33.59,688.60,100.00,0.00,3170.54,1
499992,256,263,498,832,1,22,4294967295,33.59,688.60,100.00,0.00,3170.54,1
500988,256,263,499,833,1,22,4294967295,33.59,688.60,100.00,0.00,3170.54,1
501984,257,263,499,832,1,24,4294967295,33.59,688.60,100.00,0.00,3170.54,1
502980,256,263,499,833,1,22,4294967295,33.59,688.60,100.00,0.00,3170.54,1
503976,256,264,500,833,1,22,4294967295,33.59,688.60,100.00,0.00,3170.54,1
504972,256,264,500,832,1,21,4294967295,33.59,688.60,100.00,0.00,3170.54,1
505968,256,264,500,832,1,22,4294967295,33.59,688.60,100.00,0.00,3170.54,1
506964,256,264,500,833,1,22,4294967295,33.59,688.60,100.00,0.00,3170.54,1
507960,256,265,500,833,1,22,4294967295,33.59,688.60,100.00,0.00,3170.54,1
508956,256,265,501,833,1,22,4294967295,33.59,688.60,100.00,0.00,3170.54,1
509952,257,265,501,833,1,22,4294967295,33.59,688.60,100.00,0.00,3170.54,1
510948,257,265,501,833,1,21,4294967295,33.59,688.60,100.00,0.00,3170.54,1
511944,257,265,501,833,1,22,4294967295,33.59,688.60,100.00,0.00,3170.54,1
512940,256,265,500,833,1,22,4294967295,33.59,688.60,100.00,0.00,3170.54,1
513936,257,266,501,833,1,22,4294967295,33.59,688.60,100.00,0.00,3170.54,1
514932,257,266,501,833,1,22,4294967295,33.59,688.60,100.00,0.00,3170.54,1
515928,257,265,501,833,1,22,4294967295,33.59,688.60,100.00,0.00,3170.54,1
516924,258,266,502,833,1,22,4294967295,33.59,688.60,100.00,0.00,3170.54,1
517920,258,266,502,833,1,22,4294967295,33.59,688.60,100.00,0.00,3170.54,1
518916,258,266,501,834,1,22,4294967295,33.59,688.60,100.00,0.00,3170.54,1
519912,258,267,502,833,1,22,4294967295,33.59,688.60,100.00,0.00,3170.54,1
520908,259,266,502,833,1,22,4294967295,33.59,688.60,100.00,0.00,3170.54,1
521904,258,267,502,833,1,22,4294967295,33.59,688.60,100.00,0.00,3170.54,1
522900,258,267,502,833,1,22,4294967295,33.59,688.60,100.00,0.00,3170.54,1
523896,259,267,502,833,1,22,4294967295,33.59,688.60,100.00,0.00,3170.54,1
524892,258,268,503,833,1,22,4294967295,33.59,688.60,100.00,0.00,3170.54,1
525888,258,268,502,833,1,22,4294967295,33.59,688.60,100.00,0.00,3170.54,1
526884,259,268,503,833,1,22,4294967295,33.59,688.60,100.00,0.00,3170.54,1
527880,259,268,503,833,1,22,4294967295,33.59,688.60,100.00,0.00,3170.54,1
528876,259,268,503,834,1,21,4294967295,33.59,688.60,100.00,0.00,3170.54,1
529872,259,269,503,834,1,22,4294967295,33.59,688.60,100.00,0.00,3170.54,1
530868,259,268,503,834,1,22,4294967295,33.59,688.60,100.00,0.00,3170.54,1
531864,259,269,504,834,1,22,4294967295,33.59,688.60,100.00,0.00,3170.54,1
532860,259,269,504,834,1,22,4294967295,33.59,688.60,100.00,0.00,3170.54,1
533856,259,269,504,834,1,22,4294967295,33.59,688.60,100.00,0.00,3170.54,1
534852,260,269,505,833,1,22,4294967295,33.59,688.60,100.00,0.00,3170.54,1
535848,260,269,505,834,1,22,4294967295,33.59,688.60,100.00,0.00,3170.54,1
536844,260,270,505,835,1,22,4294967295,33.59,688.60,100.00,0.00,3170.54,1
537840,261,269,505,835,1,22,4294967295,33.59,688.60,100.00,0.00,3170.54,1
538836,260,270,506,834,1,22,4294967295,33.59,688.60,100.00,0.00,3170.54,1
539832,260,270,505,834,1,22,4294967295,33.59,688.60,100.00,0.00,3170.54,1
540828,260,270,506,835,1,22,4294967295,33.59,688.60,100.00,0.00,3170.54,1
541824,261,270,506,834,1,22,4294967295,33.59,688.60,100.00,0.00,3170.54,1
542820,260,270,507,834,1,22,4294967295,33.59,688.60,100.00,0.00,3170.54,1
543816,260,271,507,834,1,22,4294967295,33.59,688.60,100.00,0.00,3170.54,1
544812,261,271,507,835,1,23,4294967295,33.59,688.60,100.00,0.00,3170.54,1
545808,261,271,508,835,1,22,4294967295,33.59,688.60,100.00,0.00,3170.54,1
546804,261,271,508,835,1,22,4294967295,33.59,688.60,100.00,0.00,3170.54,1
547800,261,271,507,835,1,22,4294967295,33.59,688.60,100.00,0.00,3170.54,1
548796,262,271,508,836,1,22,4294967295,33.59,688.60,100.00,0.00,3170.54,1
549792,262,271,509,835,1,22,4294967295,33.59,688.60,100.00,0.00,3170.54,1
550788,262,272,509,836,1,21,4294967295,33.59,688.60,100.00,0.00,3170.54,1
551784,262,272,509,835,1,22,4294967295,33.59,688.60,100.00,0.00,3170.54,1
552780,262,272,510,836,1,22,4294967295,33.59,688.60,100.00,0.00,3170.54,1
553776,262,272,510,835,1,22,4294967295,33.59,688.60,100.00,0.00,3170.54,1
554772,262,273,510,836,1,21,4294967295,33.59,688.60,100.00,0.00,3170.54,1
555768,262,273,510,835,1,22,4294967295,33.59,688.60,100.00,0.00,3170.54,1
556764,262,273,511,836,1,23,4294967295,33.59,688.60,100.00,0.00,3170.54,1
557760,262,272,511,836,1,22,4294967295,33.59,688.60,100.00,0.00,3170.54,1
558756,262,274,511,836,1,23,4294967295,33.59,688.60,100.00,0.00,3170.54,1
559752,263,274,511,835,1,22,4294967295,33.59,688.60,100.00,0.00,3170.54,1
560748,262,273,511,836,1,23,4294967295,33.59,688.60,100.00,0.00,3170.54,1
561744,263,274,512,837,2,22,4294967295,33.59,688.60,100.00,0.00,3170.54,1
562740,263,274,512,838,1,22,4294967295,33.59,688.60,100.00,0.00,3170.54,1
563736,264,274,512,837,1,22,4294967295,33.59,688.60,100.00,0.00,3170.54,1
564732,263,274,513,838,1,22,4294967295,33.59,688.60,100.00,0.00,3170.54,1
565728,263,275,513,837,2,22,4294967295,33.59,688.60,100.00,0.00,3170.54,1
566724,264,274,513,837,2,22,4294967295,33.59,688.60,100.00,0.00,3170.54,1
567720,264,274,514,838,1,24,4294967295,33.59,688.60,100.00,0.00,3170.54,1
568716,264,275,513,838,1,22,4294967295,33.59,688.60,100.00,0.00,3170.54,1
569712,264,275,513,838,1,23,4294967295,33.59,688.60,100.00,0.00,3170.54,1
570708,264,276,514,838,1,23,4294967295,33.59,688.60,100.00,0.00,3170.54,1
571704,264,276,514,838,1,22,4294967295,33.59,688.60,100.00,0.00,3170.54,1
572700,264,276,514,838,1,22,4294967295,33.59,688.60,100.00,0.00,3170.54,1
573696,264,276,514,838,2,23,4294967295,33.59,688.60,100.00,0.00,3170.54,1
574692,264,276,514,838,1,22,4294967295,33.59,688.60,100.00,0.00,3170.54,1
575688,265,276,514,838,1,21,4294967295,33.59,688.60,100.00,0.00,3170.54,1
576684,264,277,514,839,1,22,4294967295,33.59,688.60,100.00,0.00,3170.54,1
577680,265,276,515,839,1,22,4294967295,33.59,688.60,100.00,0.00,3170.54,1
578676,265,277,515,838,1,22,4294967295,33.59,688.60,100.00,0.00,3170.54,1
579672,265,277,515,838,1,23,4294967295,33.59,688.60,100.00,0.00,3170.54,1
580668,265,277,515,839,1,23,4294967295,33.59,688.60,100.00,0.00,3170.54,1
581664,265,277,515,839,1,23,4294967295,33.59,688.60,100.00,0.00,3170.54,1
582660,266,277,516,839,2,22,4294967295,33.59,688.60,100.00,0.00,3170.54,1
583656,265,278,516,839,1,23,4294967295,33.59,688.60,100.00,0.00,3170.54,1
584652,266,278,516,839,1,21,4294967295,33.59,688.60,100.00,0.00,3170.54,1
585648,266,277,516,839,1,23,4294967295,33.59,688.60,100.00,0.00,3170.54,1
586644,266,279,516,839,1,23,4294967295,33.59,688.60,100.00,0.00,3170.54,1
587640,266,278,517,838,1,23,4294967295,33.59,688.60,100.00,0.00,3170.54,1
588636,266,279,516,839,1,22,4294967295,33.59,688.60,100.00,0.00,3170.54,1
589632,265,279,516,839,1,22,4294967295,33.59,688.60,100.00,0.00,3170.54,1
590628,266,278,516,839,1,22,4294967295,33.59,688.60,100.00,0.00,3170.54,1
591624,265,279,515,839,1,22,4294967295,33.59,688.60,100.00,0.00,3170.54,1
592620,265,279,515,839,1,22,4294967295,33.59,688.60,100.00,0.00,3170.54,1
593616,265,279,516,839,1,23,4294967295,33.59,688.60,100.00,0.00,3170.54,1
594612,265,279,516,839,1,22,4294967295,33.59,688.60,100.00,0.00,3170.54,1
595608,265,279,516,840,1,23,4294967295,33.59,688.60,100.00,0.00,3170.54,1
596604,265,280,517,840,2,23,4294967295,33.59,688.60,100.00,0.00,3170.54,1
597600,265,280,517,839,1,23,4294967295,33.59,688.60,100.00,0.00,3170.54,1
598596,266,280,516,840,1,22,4294967295,33.59,688.60,100.00,0.00,3170.54,1
599592,266,280,517,840,1,24,4294967295,33.59,688.60,100.00,0.00,3170.54,1
0,266,281,518,841,1,23,4294967295,33.59,688.60,100.00,0.00,3170.54,1
996,267,281,518,840,2,23,4294967295,33.59,688.60,100.00,0.00,3170.54,1
1992,267,281,519,840,1,23,4294967295,33.59,688.60,100.00,0.00,3170.54,1
2988,267,281,519,841,1,23,4294967295,33.59,688.60,100.00,0.00,3170.54,1
3984,267,281,519,841,1,23,4294967295,33.59,688.60,100.00,0.00,3170.54,1
4980,267,282,519,841,1,22,4294967295,33.59,688.60,100.00,0.00,3170.54,1
5976,267,282,520,840,1,23,4294967295,33.59,688.60,100.00,0.00,3170.54,1
6972,267,282,520,841,1,23,4294967295,33.59,688.60,100.00,0.00,3170.54,1
7968,268,282,520,840,1,23,4294967295,33.59,688.60,100.00,0.00,3170.54,1
8964,268,282,520,840,1,23,4294967295,33.59,688.60,100.00,0.00,3170.54,1
9960,268,282,521,841,1,22,4294967295,33.59,688.60,100.00,0.00,3170.54,1
10956,269,282,521,842,1,23,4294967295,33.59,688.60,100.00,0.00,3170.54,1
11952,268,283,521,841,1,22,4294967295,33.59,688.60,100.00,0.00,3170.54,1
12948,268,283,521,841,1,22,4294967295,33.59,688.60,100.00,0.00,3170.54,1
13944,269,283,522,841,2,22,4294967295,33.59,688.60,100.00,0.00,3170.54,1
14940,269,283,522,840,1,23,4294967295,33.59,688.60,100.00,0.00,3170.54,1
15936,269,283,523,841,1,23,4294967295,33.59,688.60,100.00,0.00,3170.54,1
16932,269,284,523,841,1,24,4294967295,33.59,688.60,100.00,0.00,3170.54,1
17928,269,284,523,841,1,23,4294967295,33.59,688.60,100.00,0.00,3170.54,1
18924,269,284,523,842,1,22,4294967295,33.59,688.60,100.00,0.00,3170.54,1
19920,269,284,523,842,1,23,4294967295,33.59,688.60,100.00,0.00,3170.54,1
20916,269,284,523,841,1,23,4294967295,33.59,688.60,100.00,0.00,3170.54,1
21912,269,284,524,841,1,22,4294967295,33.59,688.60,100.00,0.00,3170.54,1
22908,269,285,524,841,1,23,4294967295,33.59,688.60,100.00,0.00,3170.54,1
23904,270,285,525,842,1,23,4294967295,33.59,688.60,100.00,0.00,3170.54,1
24900,269,285,524,842,1,23,4294967295,33.59,688.60,100.00,0.00,3170.54,1
25896,269,285,524,843,1,22,4294967295,33.59,688.60,100.00,0.00,3170.54,1
26892,269,286,525,842,1,23,4294967295,33.59,688.60,100.00,0.00,3170.54,1
27888,270,285,525,842,1,22,4294967295,33.59,688.60,100.00,0.00,3170.54,1
28884,269,286,525,842,1,23,4294967295,33.59,688.60,100.00,0.00,3170.54,1
29880,270,285,525,842,1,23,4294967295,33.59,688.60,100.00,0.00,3170.54,1
30876,270,286,526,842,1,23,4294967295,33.59,688.60,100.00,0.00,3170.54,1
31872,271,286,526,842,1,22,4294967295,33.59,688.60,100.00,0.00,3170.54,1
32868,270,286,526,842,1,22,4294967295,33.59,688.60,100.00,0.00,3170.54,1
33864,271,286,526,842,1,22,4294967295,33.59,688.60,100.00,0.00,3170.54,1
34860,271,286,527,842,1,23,4294967295,33.59,688.60,100.00,0.00,3170.54,1
35856,271,286,527,842,1,22,4294967295,33.59,688.60,100.00,0.00,3170.54,1
36852,271,286,526,843,1,23,4294967295,33.59,688.60,100.00,0.00,3170.54,1
37848,271,287,528,843,1,23,4294967295,33.59,688.60,100.00,0.00,3170.54,1
38844,271,286,527,843,1,23,4294967295,33.59,688.60,100.00,0.00,3170.54,1
39840,271,287,527,842,1,23,4294967295,33.59,688.60,100.00,0.00,3170.54,1
40836,271,287,527,843,1,23,4294967295,33.59,688.60,100.00,0.00,3170.54,1
41832,271,287,527,843,1,23,4294967295,33.59,688.60,100.00,0.00,3170.54,1
42828,271,288,527,843,1,23,4294967295,33.59,688.60,100.00,0.00,3170.54,1
43824,271,288,528,843,1,23,4294967295,33.59,688.60,100.00,0.00,3170.54,1
44820,271,288,528,843,1,23,4294967295,33.59,688.60,100.00,0.00,3170.54,1
45816,272,288,529,844,1,23,4294967295,33.59,688.60,100.00,0.00,3170.54,1
46812,271,288,529,843,1,23,4294967295,33.59,688.60,100.00,0.00,3170.54,1
47808,271,288,529,843,1,23,4294967295,33.59,688.60,100.00,0.00,3170.54,1
48804,272,288,529,843,1,23,4294967295,33.59,688.60,100.00,0.00,3170.54,1
49800,271,289,530,843,1,22,4294967295,33.59,688.60,100.00,0.00,3170.54,1
50796,272,289,529,844,1,23,4294967295,33.59,688.60,100.00,0.00,3170.54,1
51792,271,289,530,844,1,23,4294967295,33.59,688.60,100.00,0.00,3170.54,1
52788,272,289,530,843,1,23,4294967295,33.59,688.60,100.00,0.00,3170.54,1
53784,272,290,530,843,1,23,4294967295,33.59,688.60,100.00,0.00,3170.54,1
54780,272,289,530,843,1,23,4294967295,33.59,688.60,100.00,0.00,3170.54,1
55776,272,290,530,844,1,23,4294967295,33.59,688.60,100.00,0.00,3170.54,1
56772,272,290,531,844,2,23,4294967295,33.59,688.60,100.00,0.00,3170.54,1
57768,272,290,530,845,1,23,4294967295,33.59,688.60,100.00,0.00,3170.54,1
58764,273,291,531,844,1,23,4294967295,33.59,688.60,100.00,0.00,3170.54,1
59760,272,290,531,844,1,24,4294967295,33.59,688.60,100.00,0.00,3170.54,1
60756,273,291,531,844,1,23,4294967295,33.59,688.60,100.00,0.00,3170.54,1
61752,273,290,531,844,1,24,4294967295,33.59,688.60,100.00,0.00,3170.54,1
62748,273,291,531,844,1,23,4294967295,33.59,688.60,100.00,0.00,3170.54,1
63744,273,290,531,845,1,22,4294967295,33.59,688.60,100.00,0.00,3170.54,1
64740,272,291,531,844,1,23,4294967295,33.59,688.60,100.00,0.00,3170.54,1
65736,273,291,532,844,2,22,4294967295,33.59,688.60,100.00,0.00,3170.54,1
66732,274,291,532,844,1,23,4294967295,33.59,688.60,100.00,0.00,3170.54,1
67728,273,292,532,845,1,24,4294967295,33.59,688.60,100.00,0.00,3170.54,1
68724,273,292,532,844,1,22,4294967295,33.59,688.60,100.00,0.00,3170.54,1
69720,273,292,532,844,2,23,4294967295,33.59,688.60,100.00,0.00,3170.54,1
70716,273,292,532,845,1,23,4294967295,33.59,688.60,100.00,0.00,3170.54,1
71712,273,292,532,845,2,23,4294967295,33.59,688.60,100.00,0.00,3170.54,1
72708,273,293,533,845,1,23,4294967295,33.59,688.60,100.00,0.00,3170.54,1
73704,273,292,533,845,1,23,4294967295,33.59,688.60,100.00,0.00,3170.54,1
74700,274,292,534,844,1,23,4294967295,33.59,688.60,100.00,0.00,3170.54,1
75696,274,293,533,845,1,23,4294967295,33.59,688.60,100.00,0.00,3170.54,1
76692,274,293,533,845,1,23,4294967295,33.59,688.60,100.00,0.00,3170.54,1
77688,274,293,533,845,1,23,4294967295,33.59,688.60,100.00,0.00,3170.54,1
78684,273,293,534,845,1,25,4294967295,33.59,688.60,100.00,0.00,3170.54,1
79680,274,294,533,845,1,23,4294967295,33.59,688.60,100.00,0.00,3170.54,1
80676,274,293,533,845,1,23,4294967295,33.59,688.60,100.00,0.00,3170.54,1
81672,274,293,533,845,1,23,4294967295,33.59,688.60,100.00,0.00,3170.54,1
82668,274,294,533,845,1,23,4294967295,33.59,688.60,100.00,0.00,3170.54,1
83664,274,295,533,845,1,23,4294967295,33.59,688.60,100.00,0.00,3170.54,1
84660,274,294,533,845,1,23,4294967295,33.59,688.60,100.00,0.00,3170.54,1
85656,274,294,534,845,1,24,4294967295,33.59,688.60,100.00,0.00,3170.54,1
86652,274,294,533,845,1,24,4294967295,33.59,688.60,100.00,0.00,3170.54,1
87648,274,294,533,845,1,24,4294967295,33.59,688.60,100.00,0.00,3170.54,1
88644,274,294,533,846,1,23,4294967295,33.59,688.60,100.00,0.00,3170.54,1
89640,273,295,534,845,1,24,4294967295,33.59,688.60,100.00,0.00,3170.54,1
90636,274,295,534,846,1,23,4294967295,33.59,688.60,100.00,0.00,3170.54,1
91632,274,295,534,845,1,22,4294967295,33.59,688.60,100.00,0.00,3170.54,1
92628,274,295,535,846,1,24,4294967295,33.59,688.60,100.00,0.00,3170.54,1
93624,274,295,534,845,1,23,4294967295,33.59,688.60,100.00,0.00,3170.54,1
94620,274,295,534,845,1,23,4294967295,33.59,688.60,100.00,0.00,3170.54,1
95616,274,296,535,846,1,22,4294967295,33.59,688.60,100.00,0.00,3170.54,1
96612,274,296,535,846,1,23,4294967295,33.59,688.60,100.00,0.00,3170.54,1
97608,274,296,536,846,1,23,4294967295,33.59,688.60,100.00,0.00,3170.54,1
98604,274,296,536,846,1,24,4294967295,33.59,688.60,100.00,0.00,3170.54,1
99600,274,296,536,846,1,23,4294967295,33.59,688.60,100.00,0.00,3170.54,1
100596,275,297,536,847,1,23,4294967295,33.59,688.60,100.00,0.00,3170.54,1
101592,274,297,536,847,1,23,4294967295,33.59,688.60,100.00,0.00,3170.54,1
102588,275,297,537,847,1,23,4294967295,33.59,688.60,100.00,0.00,3170.54,1
103584,275,297,537,847,1,24,4294967295,33.59,688.60,100.00,0.00,3170.54,1
104580,275,297,536,846,1,23,4294967295,33.59,688.60,100.00,0.00,3170.54,1
105576,274,297,537,847,1,22,4294967295,33.59,688.60,100.00,0.00,3170.54,1
106572,275,297,537,846,1,23,4294967295,33.59,688.60,100.00,0.00,3170.54,1
107568,276,297,537,847,1,23,4294967295,33.59,688.60,100.00,0.00,3170.54,1
108564,275,298,537,846,1,23,4294967295,33.59,688.60,100.00,0.00,3170.54,1
109560,276,297,537,847,1,25,4294967295,33.59,688.60,100.00,0.00,3170.54,1
110556,276,298,538,847,2,23,4294967295,33.59,688.60,100.00,0.00,3170.54,1
111552,275,298,538,847,1,23,4294967295,33.59,688.60,100.00,0.00,3170.54,1
112548,276,298,539,847,1,23,4294967295,33.59,688.60,100.00,0.00,3170.54,1
113544,276,298,538,847,1,23,4294967295,33.59,688.60,100.00,0.00,3170.54,1
114540,276,299,538,847,1,24,4294967295,33.59,688.60,100.00,0.00,3170.54,1
115536,276,299,539,847,1,24,4294967295,33.59,688.60,100.00,0.00,3170.54,1
116532,276,299,539,847,1,23,4294967295,33.59,688.60,100.00,0.00,3170.54,1
117528,276,299,539,848,1,23,4294967295,33.59,688.60,100.00,0.00,3170.54,1
118524,276,299,539,847,1,23,4294967295,33.59,688.60,100.00,0.00,3170.54,1
119520,277,299,539,847,1,23,4294967295,33.59,688.60,100.00,0.00,3170.54,1
120516,276,299,539,847,1,23,4294967295,33.59,688.60,100.00,0.00,3170.54,1
121512,277,300,540,847,1,23,4294967295,33.59,688.60,100.00,0.00,3170.54,1
122508,276,300,540,847,1,23,4294967295,33.59,688.60,100.00,0.00,3170.54,1
123504,277,300,540,848,1,23,4294967295,33.59,688.60,100.00,0.00,3170.54,1
124500,277,300,540,848,1,24,4294967295,33.59,688.60,100.00,0.00,3170.54,1
125496,277,300,540,848,1,23,4294967295,33.59,688.60,100.00,0.00,3170.54,1
126492,277,300,541,848,2,23,4294967295,33.59,688.60,100.00,0.00,3170.54,1
127488,277,301,541,847,2,23,4294967295,33.59,688.60,100.00,0.00,3170.54,1
128484,278,300,541,848,1,23,4294967295,33.59,688.60,100.00,0.00,3170.54,1
129480,278,301,542,848,1,23,4294967295,33.59,688.60,100.00,0.00,3170.54,1
130476,278,301,541,848,1,24,4294967295,33.59,688.60,100.00,0.00,3170.54,1
131472,277,301,541,847,1,24,4294967295,33.59,688.60,100.00,0.00,3170.54,1
132468,278,301,541,848,1,23,4294967295,33.59,688.60,100.00,0.00,3170.54,1
133464,278,301,542,848,2,23,4294967295,33.59,688.60,100.00,0.00,3170.54,1
134460,278,302,542,848,1,24,4294967295,33.59,688.60,100.00,0.00,3170.54,1
135456,278,301,542,848,1,23,4294967295,33.59,688.60,100.00,0.00,3170.54,1
136452,278,302,542,848,1,23,4294967295,33.59,688.60,100.00,0.00,3170.54,1
137448,278,302,542,849,1,24,4294967295,33.59,688.60,100.00,0.00,3170.54,1
138444,278,303,543,848,2,24,4294967295,33.59,688.60,100.00,0.00,3170.54,1
139440,278,302,543,848,1,24,4294967295,33.59,688.60,100.00,0.00,3170.54,1
140436,278,302,543,848,1,24,4294967295,33.59,688.60,100.00,0.00,3170.54,1
141432,279,303,543,848,1,24,4294967295,33.59,688.60,100.00,0.00,3170.54,1
142428,278,303,543,848,1,23,4294967295,33.59,688.60,100.00,0.00,3170.54,1
143424,279,303,544,849,1,23,4294967295,33.59,688.60,100.00,0.00,3170.54,1
144420,279,303,544,848,1,23,4294967295,33.59,688.60,100.00,0.00,3170.54,1
145416,279,304,545,849,1,23,4294967295,33.59,688.60,100.00,0.00,3170.54,1
146412,279,303,544,849,2,24,4294967295,33.59,688.60,100.00,0.00,3170.54,1
147408,279,304,545,848,1,24,4294967295,33.59,688.60,100.00,0.00,3170.54,1
148404,279,304,545,849,1,24,4294967295,33.59,688.60,100.00,0.00,3170.54,1
149400,279,304,545,849,1,23,4294967295,33.59,688.60,100.00,0.00,3170.54,1
150396,278,303,545,849,1,23,4294967295,33.59,688.60,100.00,0.00,3170.54,1
151392,279,304,545,849,1,23,4294967295,33.59,688.60,100.00,0.00,3170.54,1
152388,280,304,545,849,1,22,4294967295,33.59,688.60,100.00,0.00,3170.54,1
153384,279,305,546,849,1,23,4294967295,33.59,688.60,100.00,0.00,3170.54,1
154380,280,305,545,849,1,23,4294967295,33.59,688.60,100.00,0.00,3170.54,1
155376,279,304,546,850,1,24,4294967295,33.59,688.60,100.00,0.00,3170.54,1
156372,279,304,546,849,1,24,4294967295,33.59,688.60,100.00,0.00,3170.54,1
157368,280,305,545,849,1,24,4294967295,33.59,688.60,100.00,0.00,3170.54,1
158364,279,305,546,850,1,23,4294967295,33.59,688.60,100.00,0.00,3170.54,1
159360,279,305,546,849,1,23,4294967295,33.59,688.60,100.00,0.00,3170.54,1
160356,279,305,547,849,1,23,4294967295,33.59,688.60,100.00,0.00,3170.54,1
161352,280,306,547,850,1,23,4294967295,33.59,688.60,100.00,0.00,3170.54,1
162348,280,306,547,849,1,24,4294967295,33.59,688.60,100.00,0.00,3170.54,1
163344,280,306,547,849,2,23,4294967295,33.59,688.60,100.00,0.00,3170.54,1
164340,280,306,547,850,1,24,4294967295,33.59,688.60,100.00,0.00,3170.54,1
165336,280,306,547,849,1,24,4294967295,33.59,688.60,100.00,0.00,3170.54,1
166332,280,306,547,850,1,24,4294967295,33.59,688.60,100.00,0.00,3170.54,1
167328,280,306,547,849,2,24,4294967295,33.59,688.60,100.00,0.00,3170.54,1
168324,281,307,547,849,1,24,4294967295,33.59,688.60,100.00,0.00,3170.54,1
169320,280,307,548,849,1,23,4294967295,33.59,688.60,100.00,0.00,3170.54,1
170316,280,307,547,850,1,23,4294967295,33.59,688.60,100.00,0.00,3170.54,1
171312,280,307,548,850,1,24,4294967295,33.59,688.60,100.00,0.00,3170.54,1
172308,281,307,548,850,1,25,4294967295,33.59,688.60,100.00,0.00,3170.54,1
173304,281,307,548,850,1,24,4294967295,33.59,688.60,100.00,0.00,3170.54,1
174300,281,308,548,850,2,24,4294967295,33.59,688.60,100.00,0.00,3170.54,1
175296,281,308,548,850,1,24,4294967295,33.59,688.60,100.00,0.00,3170.54,1
176292,280,307,549,850,1,23,4294967295,33.59,688.60,100.00,0.00,3170.54,1
177288,281,307,549,850,1,24,4294967295,33.59,688.60,100.00,0.00,3170.54,1
178284,281,308,548,851,2,24,4294967295,33.59,688.60,100.00,0.00,3170.54,1
179280,280,308,549,851,1,24,4294967295,33.59,688.60,100.00,0.00,3170.54,1
180276,281,308,549,851,1,24,4294967295,33.59,688.60,100.00,0.00,3170.54,1
181272,280,308,549,851,1,24,4294967295,33.59,688.60,100.00,0.00,3170.54,1
182268,281,308,550,851,1,24,4294967295,33.59,688.60,100.00,0.00,3170.54,1
183264,282,309,549,851,2,24,4294967295,33.59,688.60,100.00,0.00,3170.54,1
184260,282,309,550,851,2,24,4294967295,33.59,688.60,100.00,0.00,3170.54,1
185256,281,309,550,851,1,24,4294967295,33.59,688.60,100.00,0.00,3170.54,1
186252,282,309,550,851,1,24,4294967295,33.59,688.60,100.00,0.00,3170.54,1
187248,281,309,550,851,1,24,4294967295,33.59,688.60,100.00,0.00,3170.54,1
188244,281,309,550,851,2,24,4294967295,33.59,688.60,100.00,0.00,3170.54,1
189240,282,310,550,851,1,23,4294967295,33.59,688.60,100.00,0.00,3170.54,1
190236,282,310,550,851,1,24,4294967295,33.59,688.60,100.00,0.00,3170.54,1
191232,282,310,551,851,2,24,4294967295,33.59,688.60,100.00,0.00,3170.54,1
192228,282,310,551,851,1,24,4294967295,33.59,688.60,100.00,0.00,3170.54,1
193224,282,310,550,851,1,24,4294967295,33.59,688.60,100.00,0.00,3170.54,1
194220,283,310,551,851,1,24,4294967295,33.59,688.60,100.00,0.00,3170.54,1
195216,282,310,551,851,2,24,4294967295,33.59,688.60,100.00,0.00,3170.54,1
196212,282,311,550,851,2,24,4294967295,33.59,688.60,100.00,0.00,3170.54,1
197208,282,310,552,851,1,23,4294967295,33.59,688.60,100.00,0.00,3170.54,1
198204,282,311,552,851,1,24,4294967295,33.59,688.60,100.00,0.00,3170.54,1
199200,283,311,551,851,1,23,4294967295,33.59,688.60,100.00,0.00,3170.54,1
200196,282,312,552,851,1,24,4294967295,33.59,688.60,100.00,0.00,3170.54,1
201192,283,312,552,851,1,23,4294967295,33.59,688.60,100.00,0.00,3170.54,1
202188,282,312,552,852,1,24,4294967295,33.59,688.60,100.00,0.00,3170.54,1
203184,283,312,552,851,2,26,4294967295,33.59,688.60,100.00,0.00,3170.54,1
204180,282,312,552,852,1,24,4294967295,33.59,688.60,100.00,0.00,3170.54,1
205176,283,312,552,851,1,25,4294967295,33.59,688.60,100.00,0.00,3170.54,1
206172,283,312,553,851,1,24,4294967295,33.59,688.60,100.00,0.00,3170.54,1
207168,283,313,553,852,1,24,4294967295,33.59,688.60,100.00,0.00,3170.54,1
208164,283,313,552,852,1,24,4294967295,33.59,688.60,100.00,0.00,3170.54,1
209160,284,312,553,852,1,25,4294967295,33.59,688.60,100.00,0.00,3170.54,1
210156,284,313,553,852,1,24,4294967295,33.59,688.60,100.00,0.00,3170.54,1
211152,283,312,553,852,1,24,4294967295,33.59,688.60,100.00,0.00,3170.54,1
212148,283,313,553,852,1,23,4294967295,33.59,688.60,100.00,0.00,3170.54,1
213144,284,313,552,851,1,24,4294967295,33.59,688.60,100.00,0.00,3170.54,1
214140,283,313,553,852,1,24,4294967295,33.59,688.60,100.00,0.00,3170.54,1
215136,283,314,554,852,1,24,4294967295,33.59,688.60,100.00,0.00,3170.54,1
216132,283,314,553,852,1,24,4294967295,33.59,688.60,100.00,0.00,3170.54,1
217128,284,314,554,852,1,25,4294967295,33.59,688.60,100.00,0.00,3170.54,1
218124,283,314,554,852,1,25,4294967295,33.59,688.60,100.00,0.00,3170.54,1
219120,284,314,554,852,1,24,4294967295,33.59,688.60,100.00,0.00,3170.54,1
220116,284,314,554,852,1,24,4294967295,33.59,688.60,100.00,0.00,3170.54,1
221112,283,314,554,853,1,25,4294967295,33.59,688.60,100.00,0.00,3170.54,1
222108,284,314,554,852,1,25,4294967295,33.59,688.60,100.00,0.00,3170.54,1
223104,284,314,554,852,2,24,4294967295,33.59,688.60,100.00,0.00,3170.54,1
224100,284,314,554,852,1,24,4294967295,33.59,688.60,100.00,0.00,3170.54,1
225096,284,314,554,852,2,25,4294967295,33.59,688.60,100.00,0.00,3170.54,1
226092,284,315,555,852,1,24,4294967295,33.59,688.60,100.00,0.00,3170.54,1
227088,284,314,554,852,1,24,4294967295,33.59,688.60,100.00,0.00,3170.54,1
228084,284,315,555,852,1,24,4294967295,33.59,688.60,100.00,0.00,3170.54,1
229080,284,315,555,853,1,24,4294967295,33.59,688.60,100.00,0.00,3170.54,1
230076,284,316,555,852,1,24,4294967295,33.59,688.60,100.00,0.00,3170.54,1
231072,284,315,555,852,1,24,4294967295,33.59,688.60,100.00,0.00,3170.54,1
232068,284,316,554,853,1,24,4294967295,33.59,688.60,100.00,0.00,3170.54,1
233064,285,316,555,853,2,23,4294967295,33.59,688.60,100.00,0.00,3170.54,1
234060,284,316,555,853,1,24,4294967295,33.59,688.60,100.00,0.00,3170.54,1
235056,284,316,556,852,1,24,4294967295,33.59,688.60,100.00,0.00,3170.54,1
236052,284,316,556,852,1,24,4294967295,33.59,688.60,100.00,0.00,3170.54,1
237048,284,316,555,853,1,26,4294967295,33.59,688.60,100.00,0.00,3170.54,1
238044,284,316,556,853,1,25,4294967295,33.59,688.60,100.00,0.00,3170.54,1
239040,284,317,556,853,1,24,4294967295,33.59,688.60,100.00,0.00,3170.54,1
240036,284,317,556,853,1,25,4294967295,33.59,688.60,100.00,0.00,3170.54,1
241032,284,317,556,853,1,24,4294967295,33.59,688.60,100.00,0.00,3170.54,1
242028,284,316,556,853,1,24,4294967295,33.59,688.60,100.00,0.00,3170.54,1
243024,284,317,556,853,1,25,4294967295,33.59,688.60,100.00,0.00,3170.54,1
244020,284,317,556,853,1,24,4294967295,33.59,688.60,100.00,0.00,3170.54,1
245016,285,318,557,853,1,25,4294967295,33.59,688.60,100.00,0.00,3170.54,1
246012,285,318,556,853,1,25,4294967295,33.59,688.60,100.00,0.00,3170.54,1
247008,284,317,556,853,2,25,4294967295,33.59,688.60,100.00,0.00,3170.54,1
248004,285,317,556,854,2,25,4294967295,33.59,688.60,100.00,0.00,3170.54,1
249000,285,318,557,853,1,24,4294967295,33.59,688.60,100.00,0.00,3170.54,1
249996,286,318,557,853,1,25,4294967295,33.59,688.60,100.00,0.00,3170.54,1
250992,284,318,557,854,1,25,4294967295,33.59,688.60,100.00,0.00,3170.54,1
251988,285,318,557,854,1,24,4294967295,33.59,688.60,100.00,0.00,3170.54,1
252984,285,319,558,854,1,25,4294967295,33.59,688.60,100.00,0.00,3170.54,1
253980,285,318,557,854,1,25,4294967295,33.59,688.60,100.00,0.00,3170.54,1
254976,285,318,557,854,1,22,4294967295,33.59,688.60,100.00,0.00,3170.54,1
255972,285,318,558,854,1,25,4294967295,33.59,688.60,100.00,0.00,3170.54,1
256968,286,319,558,854,1,26,4294967295,33.59,688.60,100.00,0.00,3170.54,1
257964,285,319,558,854,1,25,4294967295,33.59,688.60,100.00,0.00,3170.54,1
258960,285,319,558,854,1,24,4294967295,33.59,688.60,100.00,0.00,3170.54,1
259956,285,319,558,853,1,24,4294967295,33.59,688.60,100.00,0.00,3170.54,1
260952,285,320,558,854,1,25,4294967295,33.59,688.60,100.00,0.00,3170.54,1
261948,286,320,558,853,1,25,4294967295,33.59,688.60,100.00,0.00,3170.54,1
262944,285,319,559,854,1,25,4294967295,33.59,688.60,100.00,0.00,3170.54,1
263940,287,319,558,854,1,25,4294967295,33.59,688.60,100.00,0.00,3170.54,1
264936,286,320,558,854,1,25,4294967295,33.59,688.60,100.00,0.00,3170.54,1
265932,286,320,559,854,1,25,4294967295,33.59,688.60,100.00,0.00,3170.54,1
266928,286,320,559,854,2,26,4294967295,33.59,688.60,100.00,0.00,3170.54,1
267924,286,321,559,855,1,25,4294967295,33.59,688.60,100.00,0.00,3170.54,1
268920,286,320,559,855,1,25,4294967295,33.59,688.60,100.00,0.00,3170.54,1
269916,286,321,558,854,1,25,4294967295,33.59,688.60,100.00,0.00,3170.54,1
270912,286,320,560,855,1,24,4294967295,33.59,688.60,100.00,0.00,3170.54,1
271908,286,321,560,854,2,25,4294967295,33.59,688.60,100.00,0.00,3170.54,1
272904,287,322,559,854,1,25,4294967295,33.59,688.60,100.00,0.00,3170.54,1
273900,286,321,560,855,1,24,4294967295,33.59,688.60,100.00,0.00,3170.54,1
274896,286,321,560,855,1,24,4294967295,33.59,688.60,100.00,0.00,3170.54,1
275892,287,321,560,855,2,25,4294967295,33.59,688.60,100.00,0.00,3170.54,1
276888,287,321,559,855,1,25,4294967295,33.59,688.60,100.00,0.00,3170.54,1
277884,287,322,560,855,1,25,4294967295,33.59,688.60,100.00,0.00,3170.54,1
278880,287,322,560,855,1,25,4294967295,33.59,688.60,100.00,0.00,3170.54,1
279876,287,322,560,855,1,25,4294967295,33.59,688.60,100.00,0.00,3170.54,1
280872,287,322,561,855,1,26,4294967295,33.59,688.60,100.00,0.00,3170.54,1
281868,287,322,560,855,1,24,4294967295,33.59,688.60,100.00,0.00,3170.54,1
282864,287,323,561,854,2,25,4294967295,33.59,688.60,100.00,0.00,3170.54,1
283860,287,322,561,855,1,25,4294967295,33.59,688.60,100.00,0.00,3170.54,1
284856,287,322,561,855,1,24,4294967295,33.59,688.60,100.00,0.00,3170.54,1
285852,287,322,561,854,1,25,4294967295,33.59,688.60,100.00,0.00,3170.54,1
286848,288,323,561,855,2,25,4294967295,33.59,688.60,100.00,0.00,3170.54,1
287844,287,323,562,855,1,25,4294967295,33.59,688.60,100.00,0.00,3170.54,1
288840,288,323,561,855,1,25,4294967295,33.59,688.60,100.00,0.00,3170.54,1
289836,287,323,561,855,1,24,4294967295,33.59,688.60,100.00,0.00,3170.54,1
290832,287,323,561,855,1,25,4294967295,33.59,688.60,100.00,0.00,3170.54,1
291828,288,323,561,855,1,25,4294967295,33.59,688.60,100.00,0.00,3170.54,1
292824,287,323,562,854,1,25,4294967295,33.59,688.60,100.00,0.00,3170.54,1
293820,288,324,562,856,1,25,4294967295,33.59,688.60,100.00,0.00,3170.54,1
294816,287,324,563,855,1,24,4294967295,33.59,688.60,100.00,0.00,3170.54,1
295812,288,324,562,855,1,25,4294967295,33.59,688.60,100.00,0.00,3170.54,1
296808,288,324,562,855,1,24,4294967295,33.59,688.60,100.00,0.00,3170.54,1
297804,288,324,562,855,1,25,4294967295,33.59,688.60,100.00,0.00,3170.54,1
298800,288,324,563,856,1,25,4294967295,33.59,688.60,100.00,0.00,3170.54,1
299796,288,325,563,856,1,25,4294967295,33.59,688.60,100.00,0.00,3170.54,1
300792,288,324,563,856,1,25,4294967295,33.59,688.60,100.00,0.00,3170.54,1
301788,289,325,563,856,2,25,4294967295,33.59,688.60,100.00,0.00,3170.54,1
302784,288,325,563,856,1,25,4294967295,33.59,688.60,100.00,0.00,3170.54,1
303780,289,325,563,856,1,25,4294967295,33.59,688.60,100.00,0.00,3170.54,1
304776,288,325,563,856,1,25,4294967295,33.59,688.60,100.00,0.00,3170.54,1
305772,289,326,563,856,1,25,4294967295,33.59,688.60,100.00,0.00,3170.54,1
306768,289,326,563,856,1,25,4294967295,33.59,688.60,100.00,0.00,3170.54,1
307764,289,325,563,856,1,24,4294967295,33.59,688.60,100.00,0.00,3170.54,1
308760,289,325,564,856,1,25,4294967295,33.59,688.60,100.00,0.00,3170.54,1
309756,289,326,563,856,1,26,4294967295,33.59,688.60,100.00,0.00,3170.54,1
310752,288,327,564,856,1,25,4294967295,33.59,688.60,100.00,0.00,3170.54,1
311748,289,327,564,856,1,25,4294967295,33.59,688.60,100.00,0.00,3170.54,1
312744,289,326,565,856,1,27,4294967295,33.59,688.60,100.00,0.00,3170.54,1
313740,289,326,564,857,1,26,4294967295,33.59,688.60,100.00,0.00,3170.54,1
314736,289,326,564,857,1,25,4294967295,33.59,688.60,100.00,0.00,3170.54,1
315732,289,327,564,856,1,25,4294967295,33.59,688.60,100.00,0.00,3170.54,1
316728,289,326,565,856,1,24,4294967295,33.59,688.60,100.00,0.00,3170.54,1
317724,289,327,564,857,1,25,4294967295,33.59,688.60,100.00,0.00,3170.54,1
318720,289,327,565,856,1,25,4294967295,33.59,688.60,100.00,0.00,3170.54,1
319716,289,327,565,856,1,25,4294967295,33.59,688.60,100.00,0.00,3170.54,1
320712,290,327,565,856,1,25,4294967295,33.59,688.60,100.00,0.00,3170.54,1
321708,290,328,565,856,1,25,4294967295,33.59,688.60,100.00,0.00,3170.54,1
322704,290,328,566,857,2,25,4294967295,33.59,688.60,100.00,0.00,3170.54,1
323700,289,328,565,857,2,26,4294967295,33.59,688.60,100.00,0.00,3170.54,1
324696,290,328,566,856,1,25,4294967295,33.59,688.60,100.00,0.00,3170.54,1
325692,289,328,566,857,1,25,4294967295,33.59,688.60,100.00,0.00,3170.54,1
326688,289,328,566,856,1,26,4294967295,33.59,688.60,100.00,0.00,3170.54,1
327684,290,328,566,856,2,25,4294967295,33.59,688.60,100.00,0.00,3170.54,1
328680,289,329,566,856,1,25,4294967295,33.59,688.60,100.00,0.00,3170.54,1
329676,290,329,566,856,1,25,4294967295,33.59,688.60,100.00,0.00,3170.54,1
330672,290,328,566,856,1,25,4294967295,33.59,688.60,100.00,0.00,3170.54,1
331668,290,329,567,857,1,25,4294967295,33.59,688.60,100.00,0.00,3170.54,1
332664,290,329,567,856,1,25,4294967295,33.59,688.60,100.00,0.00,3170.54,1
333660,290,329,566,857,1,25,4294967295,33.59,688.60,100.00,0.00,3170.54,1
334656,290,328,567,857,1,25,4294967295,33.59,688.60,100.00,0.00,3170.54,1
335652,290,330,566,858,1,25,4294967295,33.59,688.60,100.00,0.00,3170.54,1
336648,290,329,567,857,2,25,4294967295,33.59,688.60,100.00,0.00,3170.54,1
337644,290,330,567,857,1,25,4294967295,33.59,688.60,100.00,0.00,3170.54,1
338640,290,330,567,857,1,25,4294967295,33.59,688.60,100.00,0.00,3170.54,1
339636,290,330,567,857,1,25,4294967295,33.59,688.60,100.00,0.00,3170.54,1
340632,291,330,567,857,1,25,4294967295,33.59,688.60,100.00,0.00,3170.54,1
341628,290,330,568,858,2,26,4294967295,33.59,688.60,100.00,0.00,3170.54,1
342624,290,330,567,858,1,24,4294967295,33.59,688.60,100.00,0.00,3170.54,1
343620,290,331,567,857,1,25,4294967295,33.59,688.60,100.00,0.00,3170.54,1
344616,291,331,567,857,2,27,4294967295,33.59,688.60,100.00,0.00,3170.54,1
345612,291,331,567,857,1,25,4294967295,33.59,688.60,100.00,0.00,3170.54,1
346608,290,331,568,857,1,25,4294967295,33.59,688.60,100.00,0.00,3170.54,1
347604,291,330,568,857,1,25,4294967295,33.59,688.60,100.00,0.00,3170.54,1
348600,291,331,568,857,1,25,4294967295,33.59,688.60,100.00,0.00,3170.54,1
349596,291,331,568,857,1,25,4294967295,33.59,688.60,100.00,0.00,3170.54,1
350592,291,331,569,857,1,25,4294967295,33.59,688.60,100.00,0.00,3170.54,1
351588,291,331,568,858,1,25,4294967295,33.59,688.60,100.00,0.00,3170.54,1
352584,291,332,569,857,1,25,4294967295,33.59,688.60,100.00,0.00,3170.54,1
353580,291,331,568,857,1,26,4294967295,33.59,688.60,100.00,0.00,3170.54,1
354576,292,332,569,858,1,25,4294967295,33.59,688.60,100.00,0.00,3170.54,1
355572,291,331,569,858,1,24,4294967295,33.59,688.60,100.00,0.00,3170.54,1
356568,291,332,569,858,1,25,4294967295,33.59,688.60,100.00,0.00,3170.54,1
357564,292,332,569,858,1,25,4294967295,33.59,688.60,100.00,0.00,3170.54,1
358560,292,332,569,858,1,25,4294967295,33.59,688.60,100.00,0.00,3170.54,1
359556,291,332,569,858,1,25,4294967295,33.59,688.60,100.00,0.00,3170.54,1
360552,292,332,569,858,1,25,4294967295,33.59,688.60,100.00,0.00,3170.54,1
361548,292,333,570,858,1,25,4294967295,33.59,688.60,100.00,0.00,3170.54,1
362544,292,332,569,858,1,25,4294967295,33.59,688.60,100.00,0.00,3170.54,1
363540,292,333,570,858,1,25,4294967295,33.59,688.60,100.00,0.00,3170.54,1
364536,291,332,570,858,1,25,4294967295,33.59,688.60,100.00,0.00,3170.54,1
365532,292,334,570,859,2,26,4294967295,33.59,688.60,100.00,0.00,3170.54,1
366528,292,334,569,859,1,25,4294967295,33.59,688.60,100.00,0.00,3170.54,1
367524,292,333,570,858,1,25,4294967295,33.59,688.60,100.00,0.00,3170.54,1
368520,292,334,570,858,2,25,4294967295,33.59,688.60,100.00,0.00,3170.54,1
369516,292,333,570,859,1,26,4294967295,33.59,688.60,100.00,0.00,3170.54,1
370512,292,334,570,858,1,25,4294967295,33.59,688.60,100.00,0.00,3170.54,1
371508,292,334,570,858,1,25,4294967295,33.59,688.60,100.00,0.00,3170.54,1
372504,292,334,571,859,1,25,4294967295,33.59,688.60,100.00,0.00,3170.54,1
373500,292,334,571,858,1,25,4294967295,33.59,688.60,100.00,0.00,3170.54,1
374496,292,335,571,858,1,24,4294967295,33.59,688.60,100.00,0.00,3170.54,1
375492,292,335,570,858,1,25,4294967295,33.59,688.60,100.00,0.00,3170.54,1
376488,292,335,570,858,1,25,4294967295,33.59,688.60,100.00,0.00,3170.54,1
377484,292,335,571,858,1,25,4294967295,33.59,688.60,100.00,0.00,3170.54,1
378480,293,335,570,858,1,25,4294967295,33.59,688.60,100.00,0.00,3170.54,1
379476,292,335,571,858,1,25,4294967295,33.59,688.60,100.00,0.00,3170.54,1
380472,292,335,571,859,1,26,4294967295,33.59,688.60,100.00,0.00,3170.54,1
381468,292,335,572,858,1,24,4294967295,33.59,688.60,100.00,0.00,3170.54,1
382464,292,335,571,859,1,26,4294967295,33.59,688.60,100.00,0.00,3170.54,1
383460,292,336,571,858,1,24,4294967295,33.59,688.60,100.00,0.00,3170.54,1
384456,293,335,571,859,1,25,4294967295,33.59,688.60,100.00,0.00,3170.54,1
385452,293,336,572,859,1,25,4294967295,33.59,688.60,100.00,0.00,3170.54,1
386448,292,336,572,859,1,25,4294967295,33.59,688.60,100.00,0.00,3170.54,1
387444,293,336,571,859,1,25,4294967295,33.59,688.60,100.00,0.00,3170.54,1
388440,292,336,571,858,1,26,4294967295,33.59,688.60,100.00,0.00,3170.54,1
389436,292,336,572,858,1,25,4294967295,33.59,688.60,100.00,0.00,3170.54,1
390432,293,337,572,859,1,25,4294967295,33.59,688.60,100.00,0.00,3170.54,1
391428,293,337,572,858,1,25,4294967295,33.59,688.60,100.00,0.00,3170.54,1
392424,293,336,571,859,1,25,4294967295,33.59,688.60,100.00,0.00,3170.54,1
393420,292,337,571,859,1,25,4294967295,33.59,688.60,100.00,0.00,3170.54,1
394416,293,337,572,859,1,25,4294967295,33.59,688.60,100.00,0.00,3170.54,1
395412,293,336,571,859,1,24,4294967295,33.59,688.60,100.00,0.00,3170.54,1
396408,293,337,571,859,1,25,4294967295,33.59,688.60,100.00,0.00,3170.54,1
397404,293,337,572,859,1,25,4294967295,33.59,688.60,100.00,0.00,3170.54,1
398400,293,337,572,859,1,25,4294967295,33.59,688.60,100.00,0.00,3170.54,1
399396,292,338,572,860,1,25,4294967295,33.59,688.60,100.00,0.00,3170.54,1
400392,292,337,572,859,1,25,4294967295,33.59,688.60,100.00,0.00,3170.54,1
401388,293,338,572,859,1,25,4294967295,33.59,688.60,100.00,0.00,3170.54,1
402384,293,338,573,859,1,25,4294967295,33.59,688.60,100.00,0.00,3170.54,1
403380,293,338,573,859,1,25,4294967295,33.59,688.60,100.00,0.00,3170.54,1
404376,293,338,573,859,1,24,4294967295,33.59,688.60,100.00,0.00,3170.54,1
405372,293,338,573,859,1,25,4294967295,33.59,688.60,100.00,0.00,3170.54,1
406368,294,338,573,859,1,25,4294967295,33.59,688.60,100.00,0.00,3170.54,1
407364,293,338,573,860,1,25,4294967295,33.59,688.60,100.00,0.00,3170.54,1
408360,294,338,573,859,1,25,4294967295,33.59,688.60,100.00,0.00,3170.54,1
409356,293,339,572,859,1,25,4294967295,33.59,688.60,100.00,0.00,3170.54,1
410352,293,338,573,859,1,25,4294967295,33.59,688.60,100.00,0.00,3170.54,1
411348,293,339,573,859,1,25,4294967295,33.59,688.60,100.00,0.00,3170.54,1
412344,293,338,573,859,1,25,4294967295,33.59,688.60,100.00,0.00,3170.54,1
413340,293,339,572,859,1,25,4294967295,33.59,688.60,100.00,0.00,3170.54,1
414336,293,339,572,859,1,25,4294967295,33.59,688.60,100.00,0.00,3170.54,1
415332,294,339,572,860,1,25,4294967295,33.59,688.60,100.00,0.00,3170.54,1
416328,294,339,573,860,1,24,4294967295,33.59,688.60,100.00,0.00,3170.54,1
417324,293,339,573,860,1,25,4294967295,33.59,688.60,100.00,0.00,3170.54,1
418320,293,339,573,859,1,25,4294967295,33.59,688.60,100.00,0.00,3170.54,1
419316,293,340,573,859,1,25,4294967295,33.59,688.60,100.00,0.00,3170.54,1
420312,293,340,573,860,1,25,4294967295,33.59,688.60,100.00,0.00,3170.54,1
421308,293,340,573,860,1,25,4294967295,33.59,688.60,100.00,0.00,3170.54,1
422304,293,340,573,860,1,25,4294967295,33.59,688.60,100.00,0.00,3170.54,1
423300,293,340,573,860,1,25,4294967295,33.59,688.60,100.00,0.00,3170.54,1
424296,294,340,573,860,1,25,4294967295,33.59,688.60,100.00,0.00,3170.54,1
425292,294,340,573,859,1,25,4294967295,33.59,688.60,100.00,0.00,3170.54,1
426288,294,340,573,860,1,25,4294967295,33.59,688.60,100.00,0.00,3170.54,1
427284,293,341,573,860,1,25,4294967295,33.59,688.60,100.00,0.00,3170.54,1
428280,293,341,573,860,1,25,4294967295,33.59,688.60,100.00,0.00,3170.54,1
429276,294,341,574,860,1,25,4294967295,33.59,688.60,100.00,0.00,3170.54,1
430272,293,341,573,860,1,25,4294967295,33.59,688.60,100.00,0.00,3170.54,1
431268,293,341,574,860,1,25,4294967295,33.59,688.60,100.00,0.00,3170.54,1
432264,293,341,573,860,1,24,4294967295,33.59,688.60,100.00,0.00,3170.54,1
433260,293,341,573,860,1,26,4294967295,33.59,688.60,100.00,0.00,3170.54,1
434256,293,342,574,860,1,25,4294967295,33.59,688.60,100.00,0.00,3170.54,1
435252,294,341,573,860,1,25,4294967295,33.59,688.60,100.00,0.00,3170.54,1
436248,293,341,573,860,1,26,4294967295,33.59,688.60,100.00,0.00,3170.54,1
437244,294,341,573,860,1,25,4294967295,33.59,688.60,100.00,0.00,3170.54,1
438240,293,342,573,860,1,25,4294967295,33.59,688.60,100.00,0.00,3170.54,1
439236,293,342,573,860,1,25,4294967295,33.59,688.60,100.00,0.00,3170.54,1
440232,293,342,573,860,1,26,4294967295,33.59,688.60,100.00,0.00,3170.54,1
441228,293,341,574,860,1,25,4294967295,33.59,688.60,100.00,0.00,3170.54,1
442224,294,342,573,860,1,25,4294967295,33.59,688.60,100.00,0.00,3170.54,1
443220,294,343,574,861,1,25,4294967295,33.59,688.60,100.00,0.00,3170.54,1
444216,293,342,573,861,1,25,4294967295,33.59,688.60,100.00,0.00,3170.54,1
445212,294,342,573,860,1,25,4294967295,33.59,688.60,100.00,0.00,3170.54,1
446208,294,343,573,860,1,25,4294967295,33.59,688.60,100.00,0.00,3170.54,1
447204,293,343,573,860,1,25,4294967295,33.59,688.60,100.00,0.00,3170.54,1
448200,294,343,573,860,1,25,4294967295,33.59,688.60,100.00,0.00,3170.54,1
449196,294,343,573,861,1,25,4294967295,33.59,688.60,100.00,0.00,3170.54,1
450192,294,343,573,860,1,27,4294967295,33.59,688.60,100.00,0.00,3170.54,1
451188,294,343,574,860,1,25,4294967295,33.59,688.60,100.00,0.00,3170.54,1
452184,294,343,573,861,1,24,4294967295,33.59,688.60,100.00,0.00,3170.54,1
453180,294,343,573,860,1,25,4294967295,33.59,688.60,100.00,0.00,3170.54,1
454176,294,344,573,861,1,25,4294967295,33.59,688.60,100.00,0.00,3170.54,1
455172,294,344,574,861,1,25,4294967295,33.59,688.60,100.00,0.00,3170.54,1
456168,295,343,573,861,1,25,4294967295,33.59,688.60,100.00,0.00,3170.54,1
457164,294,344,574,860,2,25,4294967295,33.59,688.60,100.00,0.00,3170.54,1
458160,293,344,574,860,1,26,4294967295,33.59,688.60,100.00,0.00,3170.54,1
459156,295,344,574,860,1,25,4294967295,33.59,688.60,100.00,0.00,3170.54,1
460152,294,344,574,861,1,25,4294967295,33.59,688.60,100.00,0.00,3170.54,1
461148,294,344,575,861,1,25,4294967295,33.59,688.60,100.00,0.00,3170.54,1
462144,294,344,574,861,1,25,4294967295,33.59,688.60,100.00,0.00,3170.54,1
463140,294,345,575,861,1,25,4294967295,33.59,688.60,100.00,0.00,3170.54,1
464136,295,344,575,860,1,25,4294967295,33.59,688.60,100.00,0.00,3170.54,1
465132,295,344,575,861,1,25,4294967295,33.59,688.60,100.00,0.00,3170.54,1
466128,295,344,575,861,1,25,4294967295,33.59,688.60,100.00,0.00,3170.54,1
467124,295,345,575,860,1,25,4294967295,33.59,688.60,100.00,0.00,3170.54,1
468120,294,345,575,861,1,25,4294967295,33.59,688.60,100.00,0.00,3170.54,1
469116,295,344,575,861,1,25,4294967295,33.59,688.60,100.00,0.00,3170.54,1
470112,295,345,576,861,1,26,4294967295,33.59,688.60,100.00,0.00,3170.54,1
471108,294,346,575,861,1,27,4294967295,33.59,688.60,100.00,0.00,3170.54,1
472104,294,345,575,861,1,26,4294967295,33.59,688.60,100.00,0.00,3170.54,1
473100,295,346,576,861,1,25,4294967295,33.59,688.60,100.00,0.00,3170.54,1
474096,294,345,576,861,1,25,4294967295,33.59,688.60,100.00,0.00,3170.54,1
475092,294,345,575,861,1,25,4294967295,33.59,688.60,100.00,0.00,3170.54,1
476088,294,345,575,861,1,25,4294967295,33.59,688.60,100.00,0.00,3170.54,1
477084,295,346,576,861,1,25,4294967295,33.59,688.60,100.00,0.00,3170.54,1
478080,295,346,576,861,1,26,4294967295,33.59,688.60,100.00,0.00,3170.54,1
479076,295,345,575,861,1,25,4294967295,33.59,688.60,100.00,0.00,3170.54,1
480072,295,346,576,862,1,25,4294967295,33.59,688.60,100.00,0.00,3170.54,1
481068,295,346,576,861,1,25,4294967295,33.59,688.60,100.00,0.00,3170.54,1
482064,294,347,576,861,1,25,4294967295,33.59,688.60,100.00,0.00,3170.54,1
483060,295,347,577,861,1,25,4294967295,33.59,688.60,100.00,0.00,3170.54,1
484056,294,347,576,861,1,25,4294967295,33.59,688.60,100.00,0.00,3170.54,1
485052,295,347,577,861,1,25,4294967295,33.59,688.60,100.00,0.00,3170.54,1
486048,295,347,576,862,1,25,4294967295,33.59,688.60,100.00,0.00,3170.54,1
487044,295,347,576,862,1,26,4294967295,33.59,688.60,100.00,0.00,3170.54,1
488040,295,347,577,861,2,23,4294967295,33.59,688.60,100.00,0.00,3170.54,1
489036,295,347,577,862,1,25,4294967295,33.59,688.60,100.00,0.00,3170.54,1
490032,295,347,577,861,1,25,4294967295,33.59,688.60,100.00,0.00,3170.54,1
491028,295,347,577,861,1,25,4294967295,33.59,688.60,100.00,0.00,3170.54,1
492024,296,347,578,862,1,24,4294967295,33.59,688.60,100.00,0.00,3170.54,1
493020,295,348,577,861,1,26,4294967295,33.59,688.60,100.00,0.00,3170.54,1
494016,296,348,577,861,1,25,4294967295,33.59,688.60,100.00,0.00,3170.54,1
495012,295,348,578,862,1,25,4294967295,33.59,688.60,100.00,0.00,3170.54,1
496008,296,347,577,862,1,25,4294967295,33.59,688.60,100.00,0.00,3170.54,1
497004,296,348,578,862,1,25,4294967295,33.59,688.60,100.00,0.00,3170.54,1
498000,296,348,577,863,1,25,4294967295,33.59,688.60,100.00,0.00,3170.54,1
498996,296,348,578,862,1,25,4294967295,33.59,688.60,100.00,0.00,3170.54,1
499992,296,349,578,862,1,25,4294967295,33.59,688.60,100.00,0.00,3170.54,1
500988,296,348,579,862,1,25,4294967295,33.59,688.60,100.00,0.00,3170.54,1
501984,296,348,578,862,1,25,4294967295,33.59,688.60,100.00,0.00,3170.54,1
502980,296,348,579,862,1,25,4294967295,33.59,688.60,100.00,0.00,3170.54,1
503976,296,349,579,863,1,25,4294967295,33.59,688.60,100.00,0.00,3170.54,1
504972,296,349,579,862,1,26,4294967295,33.59,688.60,100.00,0.00,3170.54,1
505968,296,349,578,862,1,26,4294967295,33.59,688.60,100.00,0.00,3170.54,1
506964,296,349,579,862,1,25,4294967295,33.59,688.60,100.00,0.00,3170.54,1
507960,296,349,579,862,1,25,4294967295,33.59,688.60,100.00,0.00,3170.54,1
508956,296,349,579,862,1,25,4294967295,33.59,688.60,100.00,0.00,3170.54,1
509952,296,350,578,862,1,25,4294967295,33.59,688.60,100.00,0.00,3170.54,1
510948,296,349,578,862,1,25,4294967295,33.59,688.60,100.00,0.00,3170.54,1
511944,296,350,578,863,1,25,4294967295,33.59,688.60,100.00,0.00,3170.54,1
512940,296,349,579,863,1,25,4294967295,33.59,688.60,100.00,0.00,3170.54,1
513936,297,349,579,862,1,25,4294967295,33.59,688.60,100.00,0.00,3170.54,1
514932,296,349,579,863,1,26,4294967295,33.59,688.60,100.00,0.00,3170.54,1
515928,296,350,579,862,1,26,4294967295,33.59,688.60,100.00,0.00,3170.54,1
516924,296,350,578,862,1,25,4294967295,33.59,688.60,100.00,0.00,3170.54,1
517920,296,350,579,863,2,26,4294967295,33.59,688.60,100.00,0.00,3170.54,1
518916,296,350,579,862,1,25,4294967295,33.59,688.60,100.00,0.00,3170.54,1
519912,296,350,580,862,1,25,4294967295,33.59,688.60,100.00,0.00,3170.54,1
520908,296,350,579,863,1,26,4294967295,33.59,688.60,100.00,0.00,3170.54,1
521904,296,351,579,862,1,26,4294967295,33.59,688.60,100.00,0.00,3170.54,1
522900,297,351,579,862,1,26,4294967295,33.59,688.60,100.00,0.00,3170.54,1
523896,296,351,580,863,1,25,4294967295,33.59,688.60,100.00,0.00,3170.54,1
524892,296,350,580,862,1,26,4294967295,33.59,688.60,100.00,0.00,3170.54,1
525888,297,351,579,863,1,26,4294967295,33.59,688.60,100.00,0.00,3170.54,1
526884,297,351,580,862,1,26,4294967295,33.59,688.60,100.00,0.00,3170.54,1
527880,296,351,579,862,1,25,4294967295,33.59,688.60,100.00,0.00,3170.54,1
528876,296,351,580,863,1,26,4294967295,33.59,688.60,100.00,0.00,3170.54,1
529872,297,351,580,862,1,25,4294967295,33.59,688.60,100.00,0.00,3170.54,1
530868,297,352,581,863,1,25,4294967295,33.59,688.60,100.00,0.00,3170.54,1
531864,297,352,580,862,1,25,4294967295,33.59,688.60,100.00,0.00,3170.54,1
532860,296,352,581,863,1,26,4294967295,33.59,688.60,100.00,0.00,3170.54,1
533856,297,352,581,863,1,26,4294967295,33.59,688.60,100.00,0.00,3170.54,1
534852,297,352,581,863,1,25,4294967295,33.59,688.60,100.00,0.00,3170.54,1
535848,297,352,581,863,1,26,4294967295,33.59,688.60,100.00,0.00,3170.54,1
536844,297,352,581,862,1,26,4294967295,33.59,688.60,100.00,0.00,3170.54,1
537840,297,352,581,862,1,26,4294967295,33.59,688.60,100.00,0.00,3170.54,1
538836,296,352,581,863,1,26,4294967295,33.59,688.60,100.00,0.00,3170.54,1
539832,297,352,580,862,1,26,4294967295,33.59,688.60,100.00,0.00,3170.54,1
540828,297,352,581,862,1,26,4294967295,33.59,688.60,100.00,0.00,3170.54,1
541824,297,352,581,863,1,25,4294967295,33.59,688.60,100.00,0.00,3170.54,1
542820,297,352,581,862,1,25,4294967295,33.59,688.60,100.00,0.00,3170.54,1
543816,297,352,581,863,1,25,4294967295,33.59,688.60,100.00,0.00,3170.54,1
544812,296,352,581,863,1,25,4294967295,33.59,688.60,100.00,0.00,3170.54,1
545808,297,353,581,863,1,25,4294967295,33.59,688.60,100.00,0.00,3170.54,1
546804,297,352,582,863,1,26,4294967295,33.59,688.60,100.00,0.00,3170.54,1
547800,297,353,581,863,1,26,4294967295,33.59,688.60,100.00,0.00,3170.54,1
548796,297,353,581,863,2,25,4294967295,33.59,688.60,100.00,0.00,3170.54,1
549792,297,353,581,863,1,26,4294967295,33.59,688.60,100.00,0.00,3170.54,1
550788,296,353,581,863,2,26,4294967295,33.59,688.60,100.00,0.00,3170.54,1
551784,297,354,581,863,1,26,4294967295,33.59,688.60,100.00,0.00,3170.54,1
552780,297,354,581,863,1,26,4294967295,33.59,688.60,100.00,0.00,3170.54,1
553776,297,353,582,863,1,25,4294967295,33.59,688.60,100.00,0.00,3170.54,1
554772,297,353,582,862,1,26,4294967295,33.59,688.60,100.00,0.00,3170.54,1
555768,298,353,582,863,1,26,4294967295,33.59,688.60,100.00,0.00,3170.54,1
556764,297,353,582,863,1,26,4294967295,33.59,688.60,100.00,0.00,3170.54,1
557760,297,354,581,863,1,26,4294967295,33.59,688.60,100.00,0.00,3170.54,1
558756,298,353,582,863,1,26,4294967295,33.59,688.60,100.00,0.00,3170.54,1
559752,298,354,582,864,1,26,4294967295,33.59,688.60,100.00,0.00,3170.54,1
560748,298,354,582,863,1,26,4294967295,33.59,688.60,100.00,0.00,3170.54,1
561744,298,354,582,864,1,26,4294967295,33.59,688.60,100.00,0.00,3170.54,1
562740,297,354,582,863,1,26,4294967295,33.59,688.60,100.00,0.00,3170.54,1
563736,297,354,583,864,1,26,4294967295,33.59,688.60,100.00,0.00,3170.54,1
564732,297,354,583,863,1,26,4294967295,33.59,688.60,100.00,0.00,3170.54,1
565728,298,355,582,864,1,26,4294967295,33.59,688.60,100.00,0.00,3170.54,1
566724,298,355,582,863,1,26,4294967295,33.59,688.60,100.00,0.00,3170.54,1
567720,298,355,582,863,1,26,4294967295,33.59,688.60,100.00,0.00,3170.54,1
568716,298,354,582,864,1,26,4294967295,33.59,688.60,100.00,0.00,3170.54,1
569712,298,355,582,864,1,26,4294967295,33.59,688.60,100.00,0.00,3170.54,1
570708,298,355,583,864,1,26,4294967295,33.59,688.60,100.00,0.00,3170.54,1
571704,298,356,582,864,1,24,4294967295,33.59,688.60,100.00,0.00,3170.54,1
572700,298,355,582,864,1,26,4294967295,33.59,688.60,100.00,0.00,3170.54,1
573696,298,356,582,863,1,28,4294967295,33.59,688.60,100.00,0.00,3170.54,1
574692,297,356,582,864,1,26,4294967295,33.59,688.60,100.00,0.00,3170.54,1
575688,298,356,582,864,1,26,4294967295,33.59,688.60,100.00,0.00,3170.54,1
576684,298,355,583,864,1,26,4294967295,33.59,688.60,100.00,0.00,3170.54,1
577680,299,356,582,863,1,27,4294967295,33.59,688.60,100.00,0.00,3170.54,1
578676,298,355,582,864,1,26,4294967295,33.59,688.60,100.00,0.00,3170.54,1
579672,298,356,583,864,1,26,4294967295,33.59,688.60,100.00,0.00,3170.54,1
580668,298,356,583,864,1,26,4294967295,33.59,688.60,100.00,0.00,3170.54,1
581664,298,356,583,864,1,26,4294967295,33.59,688.60,100.00,0.00,3170.54,1
582660,298,356,583,864,1,28,4294967295,33.59,688.60,100.00,0.00,3170.54,1
583656,298,357,583,864,1,26,4294967295,33.59,688.60,100.00,0.00,3170.54,1
584652,299,357,583,864,1,26,4294967295,33.59,688.60,100.00,0.00,3170.54,1
585648,298,357,583,864,1,26,4294967295,33.59,688.60,100.00,0.00,3170.54,1
586644,298,356,584,864,1,26,4294967295,33.59,688.60,100.00,0.00,3170.54,1
587640,298,357,583,864,1,27,4294967295,33.59,688.60,100.00,0.00,3170.54,1
588636,298,357,583,864,1,26,4294967295,33.59,688.60,100.00,0.00,3170.54,1
589632,298,357,584,864,1,26,4294967295,33.59,688.60,100.00,0.00,3170.54,1
590628,299,357,584,865,1,26,4294967295,33.59,688.60,100.00,0.00,3170.54,1
591624,299,357,583,864,1,25,4294967295,33.59,688.60,100.00,0.00,3170.54,1
592620,299,357,584,865,1,26,4294967295,33.59,688.60,100.00,0.00,3170.54,1
593616,298,357,584,865,1,26,4294967295,33.59,688.60,100.00,0.00,3170.54,1
594612,299,357,584,864,1,26,4294967295,33.59,688.60,100.00,0.00,3170.54,1
595608,298,358,584,864,1,26,4294967295,33.59,688.60,100.00,0.00,3170.54,1
596604,299,358,584,864,1,26,4294967295,33.59,688.60,100.00,0.00,3170.54,1
597600,299,358,584,865,1,26,4294967295,33.59,688.60,100.00,0.00,3170.54,1
598596,298,358,584,864,1,26,4294967295,33.59,688.60,100.00,0.00,3170.54,1
599592,299,358,584,864,1,26,4294967295,33.59,688.60,100.00,0.00,3170.54,1
0,299,358,584,865,1,26,4294967295,33.59,688.60,100.00,0.00,3170.54,1
996,299,358,584,865,1,26,4294967295,33.59,688.60,100.00,0.00,3170.54,1
1992,299,358,584,865,1,25,4294967295,33.59,688.60,100.00,0.00,3170.54,1
2988,299,358,585,864,1,26,4294967295,33.59,688.60,100.00,0.00,3170.54,1
3984,298,358,584,865,1,26,4294967295,33.59,688.60,100.00,0.00,3170.54,1
4980,298,358,584,864,1,26,4294967295,33.59,688.60,100.00,0.00,3170.54,1
5976,299,358,584,864,1,26,4294967295,33.59,688.60,100.00,0.00,3170.54,1
6972,298,359,584,865,1,26,4294967295,33.59,688.60,100.00,0.00,3170.54,1
7968,298,359,584,864,1,25,4294967295,33.59,688.60,100.00,0.00,3170.54,1
8964,299,359,584,865,1,26,4294967295,33.59,688.60,100.00,0.00,3170.54,1
9960,299,359,583,864,1,26,4294967295,33.59,688.60,100.00,0.00,3170.54,1
10956,299,359,583,864,1,26,4294967295,33.59,688.60,100.00,0.00,3170.54,1
11952,298,359,584,864,1,26,4294967295,33.59,688.60,100.00,0.00,3170.54,1
12948,299,359,583,864,1,26,4294967295,33.59,688.60,100.00,0.00,3170.54,1
13944,298,359,583,864,1,26,4294967295,33.59,688.60,100.00,0.00,3170.54,1
14940,298,359,582,864,1,26,4294967295,33.59,688.60,100.00,0.00,3170.54,1
15936,298,360,583,864,1,26,4294967295,33.59,688.60,100.00,0.00,3170.54,1
16932,298,360,583,864,1,26,4294967295,33.59,688.60,100.00,0.00,3170.54,1
17928,298,360,583,864,1,26,4294967295,33.59,688.60,100.00,0.00,3170.54,1
18924,298,360,583,865,1,26,4294967295,33.59,688.60,100.00,0.00,3170.54,1
19920,298,360,583,864,1,26,4294967295,33.59,688.60,100.00,0.00,3170.54,1
20916,299,360,583,865,1,26,4294967295,33.59,688.60,100.00,0.00,3170.54,1
21912,299,360,584,864,2,26,4294967295,33.59,688.60,100.00,0.00,3170.54,1
22908,299,360,584,865,1,26,4294967295,33.59,688.60,100.00,0.00,3170.54,1
23904,299,360,583,865,1,26,4294967295,33.59,688.60,100.00,0.00,3170.54,1
24900,299,360,583,865,1,26,4294967295,33.59,688.60,100.00,0.00,3170.54,1
25896,299,360,584,865,1,26,4294967295,33.59,688.60,100.00,0.00,3170.54,1
26892,298,361,584,864,1,27,4294967295,33.59,688.60,100.00,0.00,3170.54,1
27888,299,361,583,864,1,26,4294967295,33.59,688.60,100.00,0.00,3170.54,1
28884,298,361,584,865,1,26,4294967295,33.59,688.60,100.00,0.00,3170.54,1
29880,299,361,584,865,1,26,4294967295,33.59,688.60,100.00,0.00,3170.54,1
30876,298,361,585,865,1,26,4294967295,33.59,688.60,100.00,0.00,3170.54,1
31872,299,361,584,865,1,26,4294967295,33.59,688.60,100.00,0.00,3170.54,1
32868,299,361,584,864,1,27,4294967295,33.59,688.60,100.00,0.00,3170.54,1
33864,299,361,585,864,1,27,4294967295,33.59,688.60,100.00,0.00,3170.54,1
34860,299,361,585,865,1,26,4294967295,33.59,688.60,100.00,0.00,3170.54,1
35856,298,361,585,865,1,27,4294967295,33.59,688.60,100.00,0.00,3170.54,1
36852,299,361,585,865,1,26,4294967295,33.59,688.60,100.00,0.00,3170.54,1
37848,298,361,585,865,1,27,4294967295,33.59,688.60,100.00,0.00,3170.54,1
38844,299,362,585,865,1,26,4294967295,33.59,688.60,100.00,0.00,3170.54,1
39840,299,362,585,865,1,26,4294967295,33.59,688.60,100.00,0.00,3170.54,1
40836,299,362,585,865,1,26,4294967295,33.59,688.60,100.00,0.00,3170.54,1
41832,299,362,585,865,1,26,4294967295,33.59,688.60,100.00,0.00,3170.54,1
42828,299,362,585,865,1,26,4294967295,33.59,688.60,100.00,0.00,3170.54,1
43824,299,362,585,865,1,26,4294967295,33.59,688.60,100.00,0.00,3170.54,1
44820,300,362,585,865,1,27,4294967295,33.59,688.60,100.00,0.00,3170.54,1
45816,299,362,585,865,1,26,4294967295,33.59,688.60,100.00,0.00,3170.54,1
46812,300,363,586,865,1,26,4294967295,33.59,688.60,100.00,0.00,3170.54,1
47808,299,363,586,865,1,27,4294967295,33.59,688.60,100.00,0.00,3170.54,1
48804,299,363,586,865,1,26,4294967295,33.59,688.60,100.00,0.00,3170.54,1
49800,299,363,586,865,1,26,4294967295,33.59,688.60,100.00,0.00,3170.54,1
50796,299,362,586,866,1,27,4294967295,33.59,688.60,100.00,0.00,3170.54,1
51792,299,363,586,866,1,26,4294967295,33.59,688.60,100.00,0.00,3170.54,1
52788,299,363,587,865,2,26,4294967295,33.59,688.60,100.00,0.00,3170.54,1
53784,300,363,586,865,1,26,4294967295,33.59,688.60,100.00,0.00,3170.54,1
54780,299,363,587,866,1,26,4294967295,33.59,688.60,100.00,0.00,3170.54,1
55776,300,363,587,865,1,27,4294967295,33.59,688.60,100.00,0.00,3170.54,1
56772,300,363,587,866,1,27,4294967295,33.59,688.60,100.00,0.00,3170.54,1
57768,300,363,587,865,1,26,4294967295,33.59,688.60,100.00,0.00,3170.54,1
58764,300,363,587,866,1,27,4294967295,33.59,688.60,100.00,0.00,3170.54,1
59760,300,363,587,866,1,27,4294967295,33.59,688.60,100.00,0.00,3170.54,1
60756,300,363,587,865,1,26,4294967295,33.59,688.60,100.00,0.00,3170.54,1
61752,299,363,587,866,1,26,4294967295,33.59,688.60,100.00,0.00,3170.54,1
62748,299,363,587,866,1,27,4294967295,33.59,688.60,100.00,0.00,3170.54,1
63744,300,364,587,866,1,26,4294967295,33.59,688.60,100.00,0.00,3170.54,1
64740,300,364,587,866,1,26,4294967295,33.59,688.60,100.00,0.00,3170.54,1
65736,300,364,588,865,1,26,4294967295,33.59,688.60,100.00,0.00,3170.54,1
66732,300,364,588,866,1,27,4294967295,33.59,688.60,100.00,0.00,3170.54,1
67728,300,364,588,866,1,27,4294967295,33.59,688.60,100.00,0.00,3170.54,1
68724,300,364,588,866,1,25,4294967295,33.59,688.60,100.00,0.00,3170.54,1
69720,300,364,588,866,1,27,4294967295,33.59,688.60,100.00,0.00,3170.54,1
70716,300,365,588,866,1,27,4294967295,33.59,688.60,100.00,0.00,3170.54,1
71712,300,364,588,865,1,27,4294967295,33.59,688.60,100.00,0.00,3170.54,1
72708,300,364,588,866,1,27,4294967295,33.59,688.60,100.00,0.00,3170.54,1
73704,300,365,588,866,1,25,4294967295,33.59,688.60,100.00,0.00,3170.54,1
74700,300,365,589,866,1,27,4294967295,33.59,688.60,100.00,0.00,3170.54,1
75696,301,365,588,866,1,28,4294967295,33.59,688.60,100.00,0.00,3170.54,1
76692,301,365,589,866,1,26,4294967295,33.59,688.60,100.00,0.00,3170.54,1
77688,301,365,589,866,1,26,4294967295,33.59,688.60,100.00,0.00,3170.54,1
78684,300,365,589,866,1,26,4294967295,33.59,688.60,100.00,0.00,3170.54,1
79680,301,365,589,867,1,27,4294967295,33.59,688.60,100.00,0.00,3170.54,1
80676,301,365,589,867,1,27,4294967295,33.59,688.60,100.00,0.00,3170.54,1
81672,300,365,589,867,1,25,4294967295,33.59,688.60,100.00,0.00,3170.54,1
82668,301,366,589,866,1,26,4294967295,33.59,688.60,100.00,0.00,3170.54,1
83664,300,366,590,866,1,26,4294967295,33.59,688.60,100.00,0.00,3170.54,1
84660,300,366,589,866,1,26,4294967295,33.59,688.60,100.00,0.00,3170.54,1
85656,300,365,589,867,1,27,4294967295,33.59,688.60,100.00,0.00,3170.54,1
86652,301,366,590,866,1,26,4294967295,33.59,688.60,100.00,0.00,3170.54,1
87648,301,365,589,866,1,27,4294967295,33.59,688.60,100.00,0.00,3170.54,1
88644,301,366,589,867,1,26,4294967295,33.59,688.60,100.00,0.00,3170.54,1
89640,300,366,589,866,1,27,4294967295,33.59,688.60,100.00,0.00,3170.54,1
90636,301,366,589,866,1,27,4294967295,33.59,688.60,100.00,0.00,3170.54,1
91632,301,366,590,866,1,27,4294967295,33.59,688.60,100.00,0.00,3170.54,1
92628,301,367,590,866,1,27,4294967295,33.59,688.60,100.00,0.00,3170.54,1
93624,301,367,590,866,1,28,4294967295,33.59,688.60,100.00,0.00,3170.54,1
94620,301,367,590,866,1,27,4294967295,33.59,688.60,100.00,0.00,3170.54,1
95616,301,366,590,867,1,26,4294967295,33.59,688.60,100.00,0.00,3170.54,1
96612,302,366,591,866,1,27,4294967295,33.59,688.60,100.00,0.00,3170.54,1
97608,302,366,590,867,1,26,4294967295,33.59,688.60,100.00,0.00,3170.54,1
98604,301,367,591,866,1,27,4294967295,33.59,688.60,100.00,0.00,3170.54,1
99600,301,367,591,866,1,26,4294967295,33.59,688.60,100.00,0.00,3170.54,1
100596,301,367,590,867,1,27,4294967295,33.59,688.60,100.00,0.00,3170.54,1
101592,301,367,591,867,1,26,4294967295,33.59,688.60,100.00,0.00,3170.54,1
102588,301,367,591,866,1,29,4294967295,33.59,688.60,100.00,0.00,3170.54,1
103584,302,367,591,866,1,26,4294967295,33.59,688.60,100.00,0.00,3170.54,1
104580,301,368,591,867,1,27,4294967295,33.59,688.60,100.00,0.00,3170.54,1
105576,301,368,591,867,1,27,4294967295,33.59,688.60,100.00,0.00,3170.54,1
106572,301,367,591,866,1,27,4294967295,33.59,688.60,100.00,0.00,3170.54,1
107568,302,368,592,867,1,27,4294967295,33.59,688.60,100.00,0.00,3170.54,1
108564,302,368,591,867,1,27,4294967295,33.59,688.60,100.00,0.00,3170.54,1
109560,302,368,591,867,2,26,4294967295,33.59,688.60,100.00,0.00,3170.54,1
110556,302,368,591,867,1,27,4294967295,33.59,688.60,100.00,0.00,3170.54,1
111552,301,368,591,867,1,27,4294967295,33.59,688.60,100.00,0.00,3170.54,1
112548,301,368,591,867,1,27,4294967295,33.59,688.60,100.00,0.00,3170.54,1
113544,301,368,591,867,1,27,4294967295,33.59,688.60,100.00,0.00,3170.54,1
114540,301,368,592,867,1,27,4294967295,33.59,688.60,100.00,0.00,3170.54,1
115536,301,368,592,867,1,27,4294967295,33.59,688.60,100.00,0.00,3170.54,1
116532,302,368,592,867,1,26,4294967295,33.59,688.60,100.00,0.00,3170.54,1
117528,302,368,592,866,1,27,4294967295,33.59,688.60,100.00,0.00,3170.54,1
