timestamp,NO2,C2H50H,VOC,CO,Alcohol,LPG,Benzene,Temperature,Pressure,Humidity,Gas_Resistance,Altitude,State24,38,4294967295,33.59,688.60,100.00,0.00,3170.54,1
193224,369,357,689,858,19,33,4294967295,33.59,688.60,100.00,0.00,3170.54,1
194220,379,363,694,859,9,22,4294967295,33.59,688.60,100.00,0.00,3170.54,1
195216,378,369,689,860,7,22,4294967295,33.59,688.60,100.00,0.00,3170.54,1
196212,375,374,681,860,5,17,4294967295,33.59,688.60,100.00,0.00,3170.54,1
197208,373,380,675,860,4,17,4294967295,33.59,688.60,100.00,0.00,3170.54,1
198204,370,383,668,861,3,18,4294967295,33.59,688.60,100.00,0.00,3170.54,1
199200,366,385,662,861,5,25,4294967295,33.59,688.60,100.00,0.00,3170.54,1
200196,362,387,656,862,4,17,4294967295,33.59,688.60,100.00,0.00,3170.54,1
201192,359,388,651,861,2,16,4294967295,33.59,688.60,100.00,0.00,3170.54,1
202188,357,390,647,862,3,17,4294967295,33.59,688.60,100.00,0.00,3170.54,1
203184,356,394,642,862,4,17,4294967295,33.59,688.60,100.00,0.00,3170.54,1
204180,355,396,638,863,5,22,4294967295,33.59,688.60,100.00,0.00,3170.54,1
205176,357,400,635,863,2,17,4294967295,33.59,688.60,100.00,0.00,3170.54,1
206172,360,404,633,864,4,17,4294967295,33.59,688.60,100.00,0.00,3170.54,1
207168,362,410,632,864,4,18,4294967295,33.59,688.60,100.00,0.00,3170.54,1
208164,366,417,631,864,2,17,4294967295,33.59,688.60,100.00,0.00,3170.54,1
209160,371,424,630,865,3,19,4294967295,33.59,688.60,100.00,0.00,3170.54,1
210156,377,433,630,866,4,21,4294967295,33.59,688.60,100.00,0.00,3170.54,1
211152,384,441,631,867,3,21,4294967295,33.59,688.60,100.00,0.00,3170.54,1
212148,389,450,632,868,3,20,4294967295,33.59,688.60,100.00,0.00,3170.54,1
213144,393,458,633,869,4,23,4294967295,33.59,688.60,100.00,0.00,3170.54,1
214140,396,466,632,870,3,20,4294967295,33.59,688.60,100.00,0.00,3170.54,1
215136,399,474,633,870,5,22,4294967295,33.59,688.60,100.00,0.00,3170.54,1
216132,401,481,633,871,3,21,4294967295,33.59,688.60,100.00,0.00,3170.54,1
217128,402,487,633,872,3,22,4294967295,33.59,688.60,100.00,0.00,3170.54,1
218124,403,493,633,872,3,22,4294967295,33.59,688.60,100.00,0.00,3170.54,1
219120,403,497,633,873,3,21,4294967295,33.59,688.60,100.00,0.00,3170.54,1
220116,405,502,633,874,3,21,4294967295,33.59,688.60,100.00,0.00,3170.54,1
221112,406,506,634,874,3,20,4294967295,33.59,688.60,100.00,0.00,3170.54,1
222108,408,509,634,875,2,20,4294967295,33.59,688.60,100.00,0.00,3170.54,1
223104,411,512,636,876,5,23,4294967295,33.59,688.60,100.00,0.00,3170.54,1
224100,412,513,637,878,3,21,4294967295,33.59,688.60,100.00,0.00,3170.54,1
225096,414,514,640,877,3,21,4294967295,33.59,688.60,100.00,0.00,3170.54,1
226092,415,516,640,878,4,23,4294967295,33.59,688.60,100.00,0.00,3170.54,1
227088,416,518,641,879,3,21,4294967295,33.59,688.60,100.00,0.00,3170.54,1
228084,418,520,642,879,3,21,4294967295,33.59,688.60,100.00,0.00,3170.54,1
229080,418,521,644,880,3,23,4294967295,33.59,688.60,100.00,0.00,3170.54,1
230076,419,523,645,880,3,22,4294967295,33.59,688.60,100.00,0.00,3170.54,1
231072,419,524,646,881,3,21,4294967295,33.59,688.60,100.00,0.00,3170.54,1
232068,418,525,646,881,4,21,4294967295,33.59,688.60,100.00,0.00,3170.54,1
233064,418,526,648,881,3,22,4294967295,33.59,688.60,100.00,0.00,3170.54,1
234060,419,527,648,880,3,21,4294967295,33.59,688.60,100.00,0.00,3170.54,1
235056,420,529,649,882,3,25,4294967295,33.59,688.60,100.00,0.00,3170.54,1
236052,421,530,650,882,4,24,4294967295,33.59,688.60,100.00,0.00,3170.54,1
237048,423,531,650,883,3,21,4294967295,33.59,688.60,100.00,0.00,3170.54,1
238044,425,533,653,883,3,21,4294967295,33.59,688.60,100.00,0.00,3170.54,1
239040,428,535,654,884,3,22,4294967295,33.59,688.60,100.00,0.00,3170.54,1
240036,431,538,656,884,4,23,4294967295,33.59,688.60,100.00,0.00,3170.54,1
241032,433,539,658,885,4,25,4294967295,33.59,688.60,100.00,0.00,3170.54,1
242028,434,541,659,885,4,25,4294967295,33.59,688.60,100.00,0.00,3170.54,1
243024,433,542,660,885,4,24,4294967295,33.59,688.60,100.00,0.00,3170.54,1
244020,432,543,661,885,3,22,4294967295,33.59,688.60,100.00,0.00,3170.54,1
245016,431,543,661,885,3,23,4294967295,33.59,688.60,100.00,0.00,3170.54,1
246012,428,543,661,886,21,47,4294967295,33.59,688.60,100.00,0.00,3170.54,1
247008,427,545,661,886,14,38,4294967295,33.59,688.60,100.00,0.00,3170.54,1
248004,426,547,662,886,12,35,4294967295,33.59,688.60,100.00,0.00,3170.54,1
249000,426,549,662,887,12,35,4294967295,33.59,688.60,100.00,0.00,3170.54,1
249996,426,551,662,887,12,36,4294967295,33.59,688.60,100.00,0.00,3170.54,1
250992,426,552,662,887,12,35,4294967295,33.59,688.60,100.00,0.00,3170.54,1
251988,426,553,663,887,12,34,4294967295,33.59,688.60,100.00,0.00,3170.54,1
252984,427,554,663,888,11,34,4294967295,33.59,688.60,100.00,0.00,3170.54,1
253980,428,556,664,888,11,34,4294967295,33.59,688.60,100.00,0.00,3170.54,1
254976,429,557,665,888,13,35,4294967295,33.59,688.60,100.00,0.00,3170.54,1
255972,429,557,665,889,12,34,4294967295,33.59,688.60,100.00,0.00,3170.54,1
256968,429,558,665,889,12,34,4294967295,33.59,688.60,100.00,0.00,3170.54,1
257964,428,558,665,889,12,33,4294967295,33.59,688.60,100.00,0.00,3170.54,1
258960,426,559,666,889,12,32,4294967295,33.59,688.60,100.00,0.00,3170.54,1
259956,424,560,666,889,14,33,4294967295,33.59,688.60,100.00,0.00,3170.54,1
260952,423,560,668,889,12,32,4294967295,33.59,688.60,100.00,0.00,3170.54,1
261948,424,560,669,889,12,33,4294967295,33.59,688.60,100.00,0.00,3170.54,1
262944,424,561,670,889,13,34,4294967295,33.59,688.60,100.00,0.00,3170.54,1
263940,424,562,669,889,12,33,4294967295,33.59,688.60,100.00,0.00,3170.54,1
264936,425,562,670,890,12,34,4294967295,33.59,688.60,100.00,0.00,3170.54,1
265932,426,564,670,890,11,34,4294967295,33.59,688.60,100.00,0.00,3170.54,1
266928,428,566,671,891,12,34,4294967295,33.59,688.60,100.00,0.00,3170.54,1
267924,430,567,672,891,13,35,4294967295,33.59,688.60,100.00,0.00,3170.54,1
268920,432,568,673,891,14,35,4294967295,33.59,688.60,100.00,0.00,3170.54,1
269916,433,570,674,891,14,36,4294967295,33.59,688.60,100.00,0.00,3170.54,1
270912,432,571,674,891,16,36,4294967295,33.59,688.60,100.00,0.00,3170.54,1
271908,432,572,674,891,14,37,4294967295,33.59,688.60,100.00,0.00,3170.54,1
272904,431,573,675,891,23,45,4294967295,33.59,688.60,100.00,0.00,3170.54,1
273900,431,574,676,892,22,45,4294967295,33.59,688.60,100.00,0.00,3170.54,1
274896,431,576,676,892,16,37,4294967295,33.59,688.60,100.00,0.00,3170.54,1
275892,430,576,676,892,15,39,4294967295,33.59,688.60,100.00,0.00,3170.54,1
276888,428,576,676,892,15,36,4294967295,33.59,688.60,100.00,0.00,3170.54,1
277884,428,577,676,892,15,36,4294967295,33.59,688.60,100.00,0.00,3170.54,1
278880,426,577,674,892,15,36,4294967295,33.59,688.60,100.00,0.00,3170.54,1
279876,423,577,672,892,16,38,4294967295,33.59,688.60,100.00,0.00,3170.54,1
280872,419,578,671,891,17,39,4294967295,33.59,688.60,100.00,0.00,3170.54,1
281868,416,577,668,891,24,47,4294967295,33.59,688.60,100.00,0.00,3170.54,1
282864,417,577,669,891,3,21,4294967295,33.59,688.60,100.00,0.00,3170.54,1
283860,417,578,669,891,3,21,4294967295,33.59,688.60,100.00,0.00,3170.54,1
284856,418,579,670,891,2,19,4294967295,33.59,688.60,100.00,0.00,3170.54,1
285852,420,579,671,891,2,20,4294967295,33.59,688.60,100.00,0.00,3170.54,1
286848,421,581,672,891,2,21,4294967295,33.59,688.60,100.00,0.00,3170.54,1
287844,423,581,674,891,2,21,4294967295,33.59,688.60,100.00,0.00,3170.54,1
288840,424,583,674,891,2,22,4294967295,33.59,688.60,100.00,0.00,3170.54,1
289836,426,583,676,891,2,22,4294967295,33.59,688.60,100.00,0.00,3170.54,1
290832,428,584,677,891,2,22,4294967295,33.59,688.60,100.00,0.00,3170.54,1
291828,430,585,677,892,2,22,4294967295,33.59,688.60,100.00,0.00,3170.54,1
292824,433,587,678,892,2,22,4294967295,33.59,688.60,100.00,0.00,3170.54,1
293820,435,587,679,893,2,22,4294967295,33.59,688.60,100.00,0.00,3170.54,1
294816,436,588,680,892,2,23,4294967295,33.59,688.60,100.00,0.00,3170.54,1
295812,438,590,680,893,2,23,4294967295,33.59,688.60,100.00,0.00,3170.54,1
296808,438,591,681,893,2,23,4294967295,33.59,688.60,100.00,0.00,3170.54,1
297804,440,592,682,893,2,24,4294967295,33.59,688.60,100.00,0.00,3170.54,1
298800,442,593,683,894,2,24,4294967295,33.59,688.60,100.00,0.00,3170.54,1
299796,445,595,684,893,3,23,4294967295,33.59,688.60,100.00,0.00,3170.54,1
300792,447,596,686,894,3,24,4294967295,33.59,688.60,100.00,0.00,3170.54,1
301788,449,597,687,894,2,24,4294967295,33.59,688.60,100.00,0.00,3170.54,1
302784,451,599,688,895,3,24,4294967295,33.59,688.60,100.00,0.00,3170.54,1
303780,454,601,689,896,2,24,4294967295,33.59,688.60,100.00,0.00,3170.54,1
304776,457,602,690,896,3,25,4294967295,33.59,688.60,100.00,0.00,3170.54,1
305772,460,603,692,896,4,25,4294967295,33.59,688.60,100.00,0.00,3170.54,1
306768,463,605,693,898,3,26,4294967295,33.59,688.60,100.00,0.00,3170.54,1
307764,463,606,694,897,3,27,4294967295,33.59,688.60,100.00,0.00,3170.54,1
308760,464,607,694,897,4,26,4294967295,33.59,688.60,100.00,0.00,3170.54,1
309756,464,608,695,898,3,26,4294967295,33.59,688.60,100.00,0.00,3170.54,1
310752,464,608,696,898,3,25,4294967295,33.59,688.60,100.00,0.00,3170.54,1
311748,464,609,697,899,3,25,4294967295,33.59,688.60,100.00,0.00,3170.54,1
312744,464,609,698,898,3,24,4294967295,33.59,688.60,100.00,0.00,3170.54,1
313740,464,610,699,899,3,24,4294967295,33.59,688.60,100.00,0.00,3170.54,1
314736,464,611,700,899,2,24,4294967295,33.59,688.60,100.00,0.00,3170.54,1
315732,464,610,701,899,2,23,4294967295,33.59,688.60,100.00,0.00,3170.54,1
316728,465,611,702,899,3,24,4294967295,33.59,688.60,100.00,0.00,3170.54,1
317724,467,612,704,899,2,25,4294967295,33.59,688.60,100.00,0.00,3170.54,1
318720,468,613,705,899,2,23,4294967295,33.59,688.60,100.00,0.00,3170.54,1
319716,470,613,705,900,2,23,4294967295,33.59,688.60,100.00,0.00,3170.54,1
320712,471,614,707,900,2,24,4294967295,33.59,688.60,100.00,0.00,3170.54,1
321708,474,614,708,900,2,24,4294967295,33.59,688.60,100.00,0.00,3170.54,1
322704,475,615,709,901,3,23,4294967295,33.59,688.60,100.00,0.00,3170.54,1
323700,478,616,711,902,2,24,4294967295,33.59,688.60,100.00,0.00,3170.54,1
324696,481,616,712,902,3,24,4294967295,33.59,688.60,100.00,0.00,3170.54,1
325692,482,617,714,902,2,24,4294967295,33.59,688.60,100.00,0.00,3170.54,1
326688,485,618,714,902,3,24,4294967295,33.59,688.60,100.00,0.00,3170.54,1
327684,487,618,716,903,2,23,4294967295,33.59,688.60,100.00,0.00,3170.54,1
328680,488,619,717,903,6,30,4294967295,33.59,688.60,100.00,0.00,3170.54,1
329676,490,619,718,904,3,24,4294967295,33.59,688.60,100.00,0.00,3170.54,1
330672,493,620,720,904,4,24,4294967295,33.59,688.60,100.00,0.00,3170.54,1
331668,496,621,722,904,3,24,4294967295,33.59,688.60,100.00,0.00,3170.54,1
332664,498,621,723,905,3,24,4294967295,33.59,688.60,100.00,0.00,3170.54,1
333660,500,622,725,906,3,24,4294967295,33.59,688.60,100.00,0.00,3170.54,1
334656,502,623,726,906,3,25,4294967295,33.59,688.60,100.00,0.00,3170.54,1
335652,502,624,727,906,3,24,4294967295,33.59,688.60,100.00,0.00,3170.54,1
336648,503,625,728,907,2,23,4294967295,33.59,688.60,100.00,0.00,3170.54,1
337644,503,626,728,907,2,23,4294967295,33.59,688.60,100.00,0.00,3170.54,1
338640,504,626,729,908,2,23,4294967295,33.59,688.60,100.00,0.00,3170.54,1
339636,504,627,730,908,2,23,4294967295,33.59,688.60,100.00,0.00,3170.54,1
340632,504,627,730,908,2,23,4294967295,33.59,688.60,100.00,0.00,3170.54,1
341628,504,628,730,908,2,24,4294967295,33.59,688.60,100.00,0.00,3170.54,1
342624,504,628,730,908,2,23,4294967295,33.59,688.60,100.00,0.00,3170.54,1
343620,504,629,729,908,3,22,4294967295,33.59,688.60,100.00,0.00,3170.54,1
344616,505,630,731,909,2,22,4294967295,33.59,688.60,100.00,0.00,3170.54,1
345612,505,630,731,910,2,22,4294967295,33.59,688.60,100.00,0.00,3170.54,1
346608,505,631,730,910,2,22,4294967295,33.59,688.60,100.00,0.00,3170.54,1
347604,504,631,729,911,2,22,4294967295,33.59,688.60,100.00,0.00,3170.54,1
348600,503,632,728,910,2,23,4294967295,33.59,688.60,100.00,0.00,3170.54,1
349596,502,633,727,910,2,22,4294967295,33.59,688.60,100.00,0.00,3170.54,1
350592,501,633,726,911,2,22,4294967295,33.59,688.60,100.00,0.00,3170.54,1
351588,500,634,725,911,2,22,4294967295,33.59,688.60,100.00,0.00,3170.54,1
352584,497,635,724,911,3,24,4294967295,33.59,688.60,100.00,0.00,3170.54,1
353580,496,635,722,911,3,24,4294967295,33.59,688.60,100.00,0.00,3170.54,1
354576,494,635,722,910,2,23,4294967295,33.59,688.60,100.00,0.00,3170.54,1
355572,493,636,722,911,2,22,4294967295,33.59,688.60,100.00,0.00,3170.54,1
356568,492,637,721,911,2,23,4294967295,33.59,688.60,100.00,0.00,3170.54,1
357564,491,637,721,911,2,23,4294967295,33.59,688.60,100.00,0.00,3170.54,1
358560,491,638,720,911,2,22,4294967295,33.59,688.60,100.00,0.00,3170.54,1
359556,493,639,720,910,2,23,4294967295,33.59,688.60,100.00,0.00,3170.54,1
360552,494,640,721,912,2,22,4294967295,33.59,688.60,100.00,0.00,3170.54,1
361548,496,641,722,912,2,22,4294967295,33.59,688.60,100.00,0.00,3170.54,1
362544,499,642,723,912,2,22,4294967295,33.59,688.60,100.00,0.00,3170.54,1
363540,502,642,725,912,2,22,4294967295,33.59,688.60,100.00,0.00,3170.54,1
364536,505,642,726,912,2,22,4294967295,33.59,688.60,100.00,0.00,3170.54,1
365532,508,643,728,912,2,22,4294967295,33.59,688.60,100.00,0.00,3170.54,1
366528,510,643,729,913,2,21,4294967295,33.59,688.60,100.00,0.00,3170.54,1
367524,512,644,731,912,2,22,4294967295,33.59,688.60,100.00,0.00,3170.54,1
368520,513,646,732,913,2,22,4294967295,33.59,688.60,100.00,0.00,3170.54,1
369516,514,646,735,914,2,22,4294967295,33.59,688.60,100.00,0.00,3170.54,1
370512,515,647,735,914,2,21,4294967295,33.59,688.60,100.00,0.00,3170.54,1
371508,516,648,737,914,2,21,4294967295,33.59,688.60,100.00,0.00,3170.54,1
372504,517,648,738,915,2,21,4294967295,33.59,688.60,100.00,0.00,3170.54,1
373500,517,649,739,915,2,23,4294967295,33.59,688.60,100.00,0.00,3170.54,1
374496,518,649,741,915,2,22,4294967295,33.59,688.60,100.00,0.00,3170.54,1
375492,519,650,741,915,2,22,4294967295,33.59,688.60,100.00,0.00,3170.54,1
376488,520,650,742,916,1,22,4294967295,33.59,688.60,100.00,0.00,3170.54,1
377484,522,650,743,916,2,21,4294967295,33.59,688.60,100.00,0.00,3170.54,1
378480,523,651,744,916,2,21,4294967295,33.59,688.60,100.00,0.00,3170.54,1
379476,524,652,745,917,2,21,4294967295,33.59,688.60,100.00,0.00,3170.54,1
380472,525,652,746,917,2,21,4294967295,33.59,688.60,100.00,0.00,3170.54,1
381468,527,652,747,917,2,21,4294967295,33.59,688.60,100.00,0.00,3170.54,1
382464,527,652,748,917,2,21,4294967295,33.59,688.60,100.00,0.00,3170.54,1
383460,529,653,749,918,2,21,4294967295,33.59,688.60,100.00,0.00,3170.54,1
384456,529,653,749,918,2,21,4294967295,33.59,688.60,100.00,0.00,3170.54,1
385452,529,653,749,918,2,21,4294967295,33.59,688.60,100.00,0.00,3170.54,1
386448,528,653,749,918,2,21,4294967295,33.59,688.60,100.00,0.00,3170.54,1
387444,527,653,748,919,2,22,4294967295,33.59,688.60,100.00,0.00,3170.54,1
388440,528,655,748,918,2,23,4294967295,33.59,688.60,100.00,0.00,3170.54,1
389436,527,655,749,919,2,22,4294967295,33.59,688.60,100.00,0.00,3170.54,1
390432,528,655,749,919,2,22,4294967295,33.59,688.60,100.00,0.00,3170.54,1
391428,528,656,750,919,2,22,4294967295,33.59,688.60,100.00,0.00,3170.54,1
392424,529,656,750,919,2,22,4294967295,33.59,688.60,100.00,0.00,3170.54,1
393420,530,656,750,919,2,21,4294967295,33.59,688.60,100.00,0.00,3170.54,1
394416,531,657,749,920,2,21,4294967295,33.59,688.60,100.00,0.00,3170.54,1
395412,531,657,750,919,2,21,4294967295,33.59,688.60,100.00,0.00,3170.54,1
396408,532,657,751,919,2,21,4294967295,33.59,688.60,100.00,0.00,3170.54,1
397404,532,658,751,920,2,22,4294967295,33.59,688.60,100.00,0.00,3170.54,1
398400,532,658,750,920,2,22,4294967295,33.59,688.60,100.00,0.00,3170.54,1
399396,532,659,750,920,2,22,4294967295,33.59,688.60,100.00,0.00,3170.54,1
400392,533,659,750,921,2,22,4294967295,33.59,688.60,100.00,0.00,3170.54,1
401388,534,659,750,920,2,21,4294967295,33.59,688.60,100.00,0.00,3170.54,1
402384,534,660,751,921,3,22,4294967295,33.59,688.60,100.00,0.00,3170.54,1
403380,533,660,751,921,31,54,4294967295,33.59,688.60,100.00,0.00,3170.54,1
404376,535,661,752,921,2,19,4294967295,33.59,688.60,100.00,0.00,3170.54,1
405372,535,661,752,922,1,19,4294967295,33.59,688.60,100.00,0.00,3170.54,1
406368,536,662,753,921,2,19,4294967295,33.59,688.60,100.00,0.00,3170.54,1
407364,535,663,753,921,2,19,4294967295,33.59,688.60,100.00,0.00,3170.54,1
408360,535,662,753,922,2,19,4294967295,33.59,688.60,100.00,0.00,3170.54,1
409356,535,663,753,921,2,19,4294967295,33.59,688.60,100.00,0.00,3170.54,1
410352,535,664,753,922,1,19,4294967295,33.59,688.60,100.00,0.00,3170.54,1
411348,536,664,754,923,1,19,4294967295,33.59,688.60,100.00,0.00,3170.54,1
412344,537,665,753,923,2,19,4294967295,33.59,688.60,100.00,0.00,3170.54,1
413340,539,665,754,923,1,19,4294967295,33.59,688.60,100.00,0.00,3170.54,1
414336,540,666,755,922,2,19,4294967295,33.59,688.60,100.00,0.00,3170.54,1
415332,541,666,755,923,1,19,4294967295,33.59,688.60,100.00,0.00,3170.54,1
416328,543,666,755,923,2,19,4294967295,33.59,688.60,100.00,0.00,3170.54,1
417324,542,667,755,923,2,19,4294967295,33.59,688.60,100.00,0.00,3170.54,1
418320,543,667,756,923,2,19,4294967295,33.59,688.60,100.00,0.00,3170.54,1
419316,543,668,755,923,2,20,4294967295,33.59,688.60,100.00,0.00,3170.54,1
420312,542,668,755,923,2,20,4294967295,33.59,688.60,100.00,0.00,3170.54,1
421308,543,668,756,924,1,19,4294967295,33.59,688.60,100.00,0.00,3170.54,1
422304,544,668,756,924,1,19,4294967295,33.59,688.60,100.00,0.00,3170.54,1
423300,545,669,758,924,1,19,4294967295,33.59,688.60,100.00,0.00,3170.54,1
424296,546,669,759,924,1,19,4294967295,33.59,688.60,100.00,0.00,3170.54,1
425292,547,669,760,925,2,19,4294967295,33.59,688.60,100.00,0.00,3170.54,1
426288,548,669,761,926,1,19,4294967295,33.59,688.60,100.00,0.00,3170.54,1
427284,549,670,762,925,1,19,4294967295,33.59,688.60,100.00,0.00,3170.54,1
428280,549,670,762,925,1,19,4294967295,33.59,688.60,100.00,0.00,3170.54,1
429276,549,670,763,925,2,19,4294967295,33.59,688.60,100.00,0.00,3170.54,1
430272,549,671,763,926,1,20,4294967295,33.59,688.60,100.00,0.00,3170.54,1
431268,550,670,764,925,1,19,4294967295,33.59,688.60,100.00,0.00,3170.54,1
432264,550,670,764,926,1,19,4294967295,33.59,688.60,100.00,0.00,3170.54,1
433260,551,671,765,926,1,20,4294967295,33.59,688.60,100.00,0.00,3170.54,1
434256,552,671,766,926,1,19,4294967295,33.59,688.60,100.00,0.00,3170.54,1
435252,552,671,766,926,2,19,4294967295,33.59,688.60,100.00,0.00,3170.54,1
436248,553,671,767,926,1,19,4294967295,33.59,688.60,100.00,0.00,3170.54,1
437244,554,672,768,927,1,20,4294967295,33.59,688.60,100.00,0.00,3170.54,1
438240,554,672,768,927,1,19,4294967295,33.59,688.60,100.00,0.00,3170.54,1
439236,556,673,769,927,2,19,4294967295,33.59,688.60,100.00,0.00,3170.54,1
440232,555,673,769,927,2,19,4294967295,33.59,688.60,100.00,0.00,3170.54,1
441228,555,674,770,928,2,19,4294967295,33.59,688.60,100.00,0.00,3170.54,1
442224,555,674,770,928,2,19,4294967295,33.59,688.60,100.00,0.00,3170.54,1
443220,555,674,770,928,1,19,4294967295,33.59,688.60,100.00,0.00,3170.54,1
444216,556,675,770,929,2,19,4294967295,33.59,688.60,100.00,0.00,3170.54,1
445212,556,675,771,928,1,19,4294967295,33.59,688.60,100.00,0.00,3170.54,1
446208,557,675,770,928,2,19,4294967295,33.59,688.60,100.00,0.00,3170.54,1
447204,556,675,771,928,2,19,4294967295,33.59,688.60,100.00,0.00,3170.54,1
448200,557,676,771,929,2,19,4294967295,33.59,688.60,100.00,0.00,3170.54,1
449196,558,676,772,929,1,19,4294967295,33.59,688.60,100.00,0.00,3170.54,1
450192,557,677,772,929,2,19,4294967295,33.59,688.60,100.00,0.00,3170.54,1
451188,557,677,772,929,2,19,4294967295,33.59,688.60,100.00,0.00,3170.54,1
452184,558,677,773,930,1,19,4294967295,33.59,688.60,100.00,0.00,3170.54,1
453180,558,677,772,930,2,19,4294967295,33.59,688.60,100.00,0.00,3170.54,1
454176,559,678,773,929,2,19,4294967295,33.59,688.60,100.00,0.00,3170.54,1
455172,560,678,773,930,2,19,4294967295,33.59,688.60,100.00,0.00,3170.54,1
456168,561,679,774,930,1,19,4294967295,33.59,688.60,100.00,0.00,3170.54,1
457164,561,678,774,930,1,19,4294967295,33.59,688.60,100.00,0.00,3170.54,1
458160,561,679,775,930,2,19,4294967295,33.59,688.60,100.00,0.00,3170.54,1
459156,561,679,775,930,1,19,4294967295,33.59,688.60,100.00,0.00,3170.54,1
460152,562,680,775,930,1,19,4294967295,33.59,688.60,100.00,0.00,3170.54,1
461148,563,680,776,931,1,19,4294967295,33.59,688.60,100.00,0.00,3170.54,1
462144,563,680,776,931,1,19,4294967295,33.59,688.60,100.00,0.00,3170.54,1
463140,563,681,777,931,1,19,4294967295,33.59,688.60,100.00,0.00,3170.54,1
464136,563,681,776,930,2,19,4294967295,33.59,688.60,100.00,0.00,3170.54,1
465132,563,681,777,931,2,19,4294967295,33.59,688.60,100.00,0.00,3170.54,1
466128,563,681,777,931,2,19,4294967295,33.59,688.60,100.00,0.00,3170.54,1
467124,563,682,777,931,2,19,4294967295,33.59,688.60,100.00,0.00,3170.54,1
468120,564,682,777,931,2,19,4294967295,33.59,688.60,100.00,0.00,3170.54,1
469116,563,681,777,932,1,19,4294967295,33.59,688.60,100.00,0.00,3170.54,1
470112,563,682,776,932,1,19,4294967295,33.59,688.60,100.00,0.00,3170.54,1
471108,562,683,776,931,2,19,4294967295,33.59,688.60,100.00,0.00,3170.54,1
472104,560,683,774,932,1,19,4294967295,33.59,688.60,100.00,0.00,3170.54,1
473100,558,683,773,931,2,19,4294967295,33.59,688.60,100.00,0.00,3170.54,1
474096,557,683,772,931,2,18,4294967295,33.59,688.60,100.00,0.00,3170.54,1
475092,557,684,773,931,1,19,4294967295,33.59,688.60,100.00,0.00,3170.54,1
476088,557,684,773,932,2,19,4294967295,33.59,688.60,100.00,0.00,3170.54,1
477084,556,685,773,931,1,18,4294967295,33.59,688.60,100.00,0.00,3170.54,1
478080,556,684,773,932,2,18,4294967295,33.59,688.60,100.00,0.00,3170.54,1
479076,557,685,772,932,1,18,4294967295,33.59,688.60,100.00,0.00,3170.54,1
480072,558,685,772,932,1,18,4294967295,33.59,688.60,100.00,0.00,3170.54,1
481068,558,686,773,931,1,18,4294967295,33.59,688.60,100.00,0.00,3170.54,1
482064,560,685,773,932,1,19,4294967295,33.59,688.60,100.00,0.00,3170.54,1
483060,560,686,774,932,2,18,4294967295,33.59,688.60,100.00,0.00,3170.54,1
484056,560,686,773,932,1,19,4294967295,33.59,688.60,100.00,0.00,3170.54,1
485052,559,687,772,932,2,18,4294967295,33.59,688.60,100.00,0.00,3170.54,1
486048,558,687,771,932,1,19,4294967295,33.59,688.60,100.00,0.00,3170.54,1
487044,557,686,771,932,1,19,4294967295,33.59,688.60,100.00,0.00,3170.54,1
488040,557,687,771,931,1,19,4294967295,33.59,688.60,100.00,0.00,3170.54,1
489036,556,688,770,931,2,18,4294967295,33.59,688.60,100.00,0.00,3170.54,1
490032,556,688,771,931,2,19,4294967295,33.59,688.60,100.00,0.00,3170.54,1
491028,557,688,771,932,1,18,4294967295,33.59,688.60,100.00,0.00,3170.54,1
492024,557,688,771,932,2,18,4294967295,33.59,688.60,100.00,0.00,3170.54,1
493020,558,688,772,932,1,19,4294967295,33.59,688.60,100.00,0.00,3170.54,1
494016,559,689,773,932,1,18,4294967295,33.59,688.60,100.00,0.00,3170.54,1
495012,559,689,773,931,1,19,4294967295,33.59,688.60,100.00,0.00,3170.54,1
496008,560,689,775,931,2,19,4294967295,33.59,688.60,100.00,0.00,3170.54,1
497004,561,689,776,932,1,19,4294967295,33.59,688.60,100.00,0.00,3170.54,1
498000,563,689,775,932,2,19,4294967295,33.59,688.60,100.00,0.00,3170.54,1
498996,563,690,776,932,1,18,4294967295,33.59,688.60,100.00,0.00,3170.54,1
499992,564,691,777,933,2,19,4294967295,33.59,688.60,100.00,0.00,3170.54,1
500988,564,690,777,933,2,18,4294967295,33.59,688.60,100.00,0.00,3170.54,1
501984,565,691,777,932,1,19,4294967295,33.59,688.60,100.00,0.00,3170.54,1
502980,565,691,777,932,1,18,4294967295,33.59,688.60,100.00,0.00,3170.54,1
503976,565,691,777,933,1,18,4294967295,33.59,688.60,100.00,0.00,3170.54,1
504972,565,691,777,933,1,18,4294967295,33.59,688.60,100.00,0.00,3170.54,1
505968,565,691,778,933,1,18,4294967295,33.59,688.60,100.00,0.00,3170.54,1
506964,565,691,779,933,1,19,4294967295,33.59,688.60,100.00,0.00,3170.54,1
507960,565,692,779,932,1,18,4294967295,33.59,688.60,100.00,0.00,3170.54,1
508956,566,691,779,934,1,18,4294967295,33.59,688.60,100.00,0.00,3170.54,1
509952,567,692,779,933,2,19,4294967295,33.59,688.60,100.00,0.00,3170.54,1
510948,567,692,780,933,1,19,4294967295,33.59,688.60,100.00,0.00,3170.54,1
511944,569,693,781,933,1,20,4294967295,33.59,688.60,100.00,0.00,3170.54,1
512940,570,693,781,933,2,19,4294967295,33.59,688.60,100.00,0.00,3170.54,1
513936,571,693,782,933,1,19,4294967295,33.59,688.60,100.00,0.00,3170.54,1
514932,572,693,782,934,1,18,4294967295,33.59,688.60,100.00,0.00,3170.54,1
515928,572,693,782,933,1,18,4294967295,33.59,688.60,100.00,0.00,3170.54,1
516924,572,693,782,934,2,19,4294967295,33.59,688.60,100.00,0.00,3170.54,1
517920,572,693,782,934,1,19,4294967295,33.59,688.60,100.00,0.00,3170.54,1
518916,572,694,781,934,1,18,4294967295,33.59,688.60,100.00,0.00,3170.54,1
519912,571,694,781,934,2,18,4294967295,33.59,688.60,100.00,0.00,3170.54,1
520908,569,694,779,935,1,18,4294967295,33.59,688.60,100.00,0.00,3170.54,1
521904,568,695,778,934,1,18,4294967295,33.59,688.60,100.00,0.00,3170.54,1
522900,567,694,776,934,1,19,4294967295,33.59,688.60,100.00,0.00,3170.54,1
523896,564,695,775,934,1,18,4294967295,33.59,688.60,100.00,0.00,3170.54,1
524892,563,694,774,934,1,18,4294967295,33.59,688.60,100.00,0.00,3170.54,1
525888,563,695,775,934,1,18,4294967295,33.59,688.60,100.00,0.00,3170.54,1
526884,562,695,773,934,1,17,4294967295,33.59,688.60,100.00,0.00,3170.54,1
527880,561,695,773,934,1,18,4294967295,33.59,688.60,100.00,0.00,3170.54,1
528876,559,695,772,934,1,18,4294967295,33.59,688.60,100.00,0.00,3170.54,1
529872,560,695,771,934,1,18,4294967295,33.59,688.60,100.00,0.00,3170.54,1
530868,559,696,771,933,1,18,4294967295,33.59,688.60,100.00,0.00,3170.54,1
531864,559,695,771,933,1,18,4294967295,33.59,688.60,100.00,0.00,3170.54,1
532860,558,696,771,933,1,18,4294967295,33.59,688.60,100.00,0.00,3170.54,1
533856,559,696,771,933,1,18,4294967295,33.59,688.60,100.00,0.00,3170.54,1
534852,559,696,770,934,1,18,4294967295,33.59,688.60,100.00,0.00,3170.54,1
535848,558,696,771,934,1,18,4294967295,33.59,688.60,100.00,0.00,3170.54,1
536844,559,696,771,934,1,18,4294967295,33.59,688.60,100.00,0.00,3170.54,1
537840,560,696,770,934,1,18,4294967295,33.59,688.60,100.00,0.00,3170.54,1
538836,561,696,770,933,1,18,4294967295,33.59,688.60,100.00,0.00,3170.54,1
539832,563,697,771,933,1,18,4294967295,33.59,688.60,100.00,0.00,3170.54,1
540828,565,697,771,933,1,18,4294967295,33.59,688.60,100.00,0.00,3170.54,1
541824,566,696,773,933,1,19,4294967295,33.59,688.60,100.00,0.00,3170.54,1
542820,568,696,773,933,1,18,4294967295,33.59,688.60,100.00,0.00,3170.54,1
543816,569,697,774,934,2,18,4294967295,33.59,688.60,100.00,0.00,3170.54,1
544812,569,697,775,934,1,18,4294967295,33.59,688.60,100.00,0.00,3170.54,1
545808,571,697,776,934,1,18,4294967295,33.59,688.60,100.00,0.00,3170.54,1
546804,573,697,776,934,1,18,4294967295,33.59,688.60,100.00,0.00,3170.54,1
547800,574,697,778,934,1,18,4294967295,33.59,688.60,100.00,0.00,3170.54,1
548796,575,697,778,935,1,18,4294967295,33.59,688.60,100.00,0.00,3170.54,1
549792,576,698,779,934,1,18,4294967295,33.59,688.60,100.00,0.00,3170.54,1
550788,577,698,781,935,1,18,4294967295,33.59,688.60,100.00,0.00,3170.54,1
551784,578,698,781,935,2,18,4294967295,33.59,688.60,100.00,0.00,3170.54,1
552780,578,698,781,935,2,18,4294967295,33.59,688.60,100.00,0.00,3170.54,1
553776,578,698,783,935,2,18,4294967295,33.59,688.60,100.00,0.00,3170.54,1
554772,579,698,783,935,2,18,4294967295,33.59,688.60,100.00,0.00,3170.54,1
555768,579,698,784,935,1,18,4294967295,33.59,688.60,100.00,0.00,3170.54,1
556764,579,698,785,936,2,18,4294967295,33.59,688.60,100.00,0.00,3170.54,1
557760,579,699,785,936,2,18,4294967295,33.59,688.60,100.00,0.00,3170.54,1
558756,579,699,785,935,1,17,4294967295,33.59,688.60,100.00,0.00,3170.54,1
559752,579,699,786,936,1,17,4294967295,33.59,688.60,100.00,0.00,3170.54,1
560748,579,699,786,936,2,18,4294967295,33.59,688.60,100.00,0.00,3170.54,1
561744,579,699,787,937,1,18,4294967295,33.59,688.60,100.00,0.00,3170.54,1
562740,580,699,787,936,2,18,4294967295,33.59,688.60,100.00,0.00,3170.54,1
563736,580,699,788,936,2,19,4294967295,33.59,688.60,100.00,0.00,3170.54,1
564732,580,700,787,936,1,18,4294967295,33.59,688.60,100.00,0.00,3170.54,1
565728,580,699,787,936,2,18,4294967295,33.59,688.60,100.00,0.00,3170.54,1
566724,581,700,788,937,2,18,4294967295,33.59,688.60,100.00,0.00,3170.54,1
567720,580,700,788,936,2,18,4294967295,33.59,688.60,100.00,0.00,3170.54,1
568716,581,700,789,936,2,18,4294967295,33.59,688.60,100.00,0.00,3170.54,1
569712,581,699,789,938,2,19,4294967295,33.59,688.60,100.00,0.00,3170.54,1
570708,581,700,789,937,2,18,4294967295,33.59,688.60,100.00,0.00,3170.54,1
571704,581,701,789,937,1,18,4294967295,33.59,688.60,100.00,0.00,3170.54,1
572700,581,700,790,937,2,18,4294967295,33.59,688.60,100.00,0.00,3170.54,1
573696,581,700,790,937,2,18,4294967295,33.59,688.60,100.00,0.00,3170.54,1
574692,580,700,790,937,2,18,4294967295,33.59,688.60,100.00,0.00,3170.54,1
575688,581,700,790,936,2,18,4294967295,33.59,688.60,100.00,0.00,3170.54,1
576684,581,701,791,937,2,18,4294967295,33.59,688.60,100.00,0.00,3170.54,1
577680,582,700,790,937,1,18,4294967295,33.59,688.60,100.00,0.00,3170.54,1
578676,581,701,791,937,2,18,4294967295,33.59,688.60,100.00,0.00,3170.54,1
579672,582,700,791,938,2,18,4294967295,33.59,688.60,100.00,0.00,3170.54,1
580668,582,701,791,937,2,18,4294967295,33.59,688.60,100.00,0.00,3170.54,1
581664,582,701,790,938,2,19,4294967295,33.59,688.60,100.00,0.00,3170.54,1
582660,582,701,792,937,2,19,4294967295,33.59,688.60,100.00,0.00,3170.54,1
583656,582,701,791,937,1,19,4294967295,33.59,688.60,100.00,0.00,3170.54,1
584652,582,701,792,937,2,19,4294967295,33.59,688.60,100.00,0.00,3170.54,1
585648,582,701,792,937,1,19,4294967295,33.59,688.60,100.00,0.00,3170.54,1
586644,583,701,792,938,2,19,4294967295,33.59,688.60,100.00,0.00,3170.54,1
587640,583,702,792,938,2,19,4294967295,33.59,688.60,100.00,0.00,3170.54,1
588636,584,702,793,938,2,19,4294967295,33.59,688.60,100.00,0.00,3170.54,1
589632,584,702,793,938,2,19,4294967295,33.59,688.60,100.00,0.00,3170.54,1
590628,585,703,792,938,1,19,4294967295,33.59,688.60,100.00,0.00,3170.54,1
591624,585,703,793,938,1,19,4294967295,33.59,688.60,100.00,0.00,3170.54,1
592620,585,703,792,939,2,20,4294967295,33.59,688.60,100.00,0.00,3170.54,1
593616,584,703,792,938,2,19,4294967295,33.59,688.60,100.00,0.00,3170.54,1
594612,585,704,793,939,2,20,4294967295,33.59,688.60,100.00,0.00,3170.54,1
595608,584,703,793,938,2,19,4294967295,33.59,688.60,100.00,0.00,3170.54,1
596604,585,704,793,938,2,19,4294967295,33.59,688.60,100.00,0.00,3170.54,1
597600,586,705,793,938,2,20,4294967295,33.59,688.60,100.00,0.00,3170.54,1
598596,585,705,793,939,2,19,4294967295,33.59,688.60,100.00,0.00,3170.54,1
599592,586,705,794,938,2,20,4294967295,33.59,688.60,100.00,0.00,3170.54,1
0,587,705,794,939,2,20,4294967295,33.59,688.60,100.00,0.00,3170.54,1
996,587,705,794,940,2,20,4294967295,33.59,688.60,100.00,0.00,3170.54,1
1992,588,706,794,939,2,20,4294967295,33.59,688.60,100.00,0.00,3170.54,1
2988,587,706,795,939,2,20,4294967295,33.59,688.60,100.00,0.00,3170.54,1
3984,588,706,795,939,2,20,4294967295,33.59,688.60,100.00,0.00,3170.54,1
4980,587,706,794,939,2,20,4294967295,33.59,688.60,100.00,0.00,3170.54,1
5976,587,706,794,939,2,19,4294967295,33.59,688.60,100.00,0.00,3170.54,1
6972,587,707,793,939,2,20,4294967295,33.59,688.60,100.00,0.00,3170.54,1
7968,586,707,794,938,2,19,4294967295,33.59,688.60,100.00,0.00,3170.54,1
8964,587,708,794,939,2,21,4294967295,33.59,688.60,100.00,0.00,3170.54,1
9960,585,707,793,939,2,20,4294967295,33.59,688.60,100.00,0.00,3170.54,1
10956,585,708,792,939,2,20,4294967295,33.59,688.60,100.00,0.00,3170.54,1
11952,585,707,793,939,2,20,4294967295,33.59,688.60,100.00,0.00,3170.54,1
12948,585,709,793,939,2,20,4294967295,33.59,688.60,100.00,0.00,3170.54,1
13944,586,708,793,940,2,20,4294967295,33.59,688.60,100.00,0.00,3170.54,1
14940,586,708,794,939,2,20,4294967295,33.59,688.60,100.00,0.00,3170.54,1
15936,586,708,793,939,2,21,4294967295,33.59,688.60,100.00,0.00,3170.54,1
16932,587,708,794,939,2,20,4294967295,33.59,688.60,100.00,0.00,3170.54,1
17928,586,709,793,940,2,21,4294967295,33.59,688.60,100.00,0.00,3170.54,1
18924,586,709,794,939,2,19,4294967295,33.59,688.60,100.00,0.00,3170.54,1
19920,586,709,794,939,2,20,4294967295,33.59,688.60,100.00,0.00,3170.54,1
20916,586,709,793,939,2,19,4294967295,33.59,688.60,100.00,0.00,3170.54,1
21912,586,709,794,939,2,20,4294967295,33.59,688.60,100.00,0.00,3170.54,1
22908,584,709,793,939,2,20,4294967295,33.59,688.60,100.00,0.00,3170.54,1
23904,585,709,793,939,2,20,4294967295,33.59,688.60,100.00,0.00,3170.54,1
24900,584,709,793,940,2,20,4294967295,33.59,688.60,100.00,0.00,3170.54,1
25896,585,710,794,939,2,20,4294967295,33.59,688.60,100.00,0.00,3170.54,1
26892,585,709,793,939,2,20,4294967295,33.59,688.60,100.00,0.00,3170.54,1
27888,586,710,793,940,2,20,4294967295,33.59,688.60,100.00,0.00,3170.54,1
28884,586,710,793,939,2,20,4294967295,33.59,688.60,100.00,0.00,3170.54,1
29880,586,711,792,939,2,21,4294967295,33.59,688.60,100.00,0.00,3170.54,1
30876,585,710,792,939,3,21,4294967295,33.59,688.60,100.00,0.00,3170.54,1
31872,584,711,792,939,2,20,4294967295,33.59,688.60,100.00,0.00,3170.54,1
32868,585,711,792,940,2,20,4294967295,33.59,688.60,100.00,0.00,3170.54,1
33864,585,710,792,939,2,20,4294967295,33.59,688.60,100.00,0.00,3170.54,1
34860,586,711,792,939,2,20,4294967295,33.59,688.60,100.00,0.00,3170.54,1
35856,586,711,792,939,2,20,4294967295,33.59,688.60,100.00,0.00,3170.54,1
36852,587,711,793,939,2,21,4294967295,33.59,688.60,100.00,0.00,3170.54,1
37848,586,711,792,940,2,21,4294967295,33.59,688.60,100.00,0.00,3170.54,1
38844,587,711,794,940,2,21,4294967295,33.59,688.60,100.00,0.00,3170.54,1
39840,586,711,794,939,2,21,4294967295,33.59,688.60,100.00,0.00,3170.54,1
40836,587,711,794,940,2,21,4294967295,33.59,688.60,100.00,0.00,3170.54,1
41832,587,711,795,939,2,20,4294967295,33.59,688.60,100.00,0.00,3170.54,1
42828,588,712,794,940,2,21,4294967295,33.59,688.60,100.00,0.00,3170.54,1
43824,588,711,795,939,2,21,4294967295,33.59,688.60,100.00,0.00,3170.54,1
44820,589,711,795,939,2,21,4294967295,33.59,688.60,100.00,0.00,3170.54,1
45816,590,712,796,940,2,21,4294967295,33.59,688.60,100.00,0.00,3170.54,1
46812,590,712,797,940,2,21,4294967295,33.59,688.60,100.00,0.00,3170.54,1
47808,591,712,796,940,2,21,4294967295,33.59,688.60,100.00,0.00,3170.54,1
48804,591,711,797,940,2,21,4294967295,33.59,688.60,100.00,0.00,3170.54,1
49800,592,712,797,940,2,21,4294967295,33.59,688.60,100.00,0.00,3170.54,1
50796,590,712,797,941,2,20,4294967295,33.59,688.60,100.00,0.00,3170.54,1
51792,590,712,797,940,2,20,4294967295,33.59,688.60,100.00,0.00,3170.54,1
52788,590,712,798,940,2,21,4294967295,33.59,688.60,100.00,0.00,3170.54,1
53784,590,712,798,941,2,21,4294967295,33.59,688.60,100.00,0.00,3170.54,1
54780,591,712,798,940,2,20,4294967295,33.59,688.60,100.00,0.00,3170.54,1
55776,591,712,799,940,2,20,4294967295,33.59,688.60,100.00,0.00,3170.54,1
56772,591,712,798,940,2,20,4294967295,33.59,688.60,100.00,0.00,3170.54,1
57768,591,712,799,940,2,19,4294967295,33.59,688.60,100.00,0.00,3170.54,1
58764,591,713,799,941,2,20,4294967295,33.59,688.60,100.00,0.00,3170.54,1
59760,592,713,800,941,2,20,4294967295,33.59,688.60,100.00,0.00,3170.54,1
60756,592,713,800,941,2,20,4294967295,33.59,688.60,100.00,0.00,3170.54,1
61752,592,713,799,940,2,20,4294967295,33.59,688.60,100.00,0.00,3170.54,1
62748,593,712,800,941,2,20,4294967295,33.59,688.60,100.00,0.00,3170.54,1
63744,594,713,800,941,2,20,4294967295,33.59,688.60,100.00,0.00,3170.54,1
64740,594,713,800,941,2,20,4294967295,33.59,688.60,100.00,0.00,3170.54,1
65736,594,713,800,940,1,21,4294967295,33.59,688.60,100.00,0.00,3170.54,1
66732,595,714,799,942,2,20,4294967295,33.59,688.60,100.00,0.00,3170.54,1
67728,593,713,800,942,2,20,4294967295,33.59,688.60,100.00,0.00,3170.54,1
68724,593,714,800,941,2,20,4294967295,33.59,688.60,100.00,0.00,3170.54,1
69720,594,714,801,940,2,20,4294967295,33.59,688.60,100.00,0.00,3170.54,1
70716,594,715,801,940,2,20,4294967295,33.59,688.60,100.00,0.00,3170.54,1
71712,594,714,801,942,2,20,4294967295,33.59,688.60,100.00,0.00,3170.54,1
72708,594,714,800,941,2,21,4294967295,33.59,688.60,100.00,0.00,3170.54,1
73704,595,715,801,942,2,20,4294967295,33.59,688.60,100.00,0.00,3170.54,1
74700,594,714,800,941,2,20,4294967295,33.59,688.60,100.00,0.00,3170.54,1
75696,594,715,800,941,2,21,4294967295,33.59,688.60,100.00,0.00,3170.54,1
76692,595,714,801,942,2,20,4294967295,33.59,688.60,100.00,0.00,3170.54,1
77688,596,714,800,941,2,21,4294967295,33.59,688.60,100.00,0.00,3170.54,1
78684,596,715,801,941,2,21,4294967295,33.59,688.60,100.00,0.00,3170.54,1
79680,596,714,800,942,2,20,4294967295,33.59,688.60,100.00,0.00,3170.54,1
80676,596,715,801,942,2,22,4294967295,33.59,688.60,100.00,0.00,3170.54,1
81672,595,715,802,941,2,20,4294967295,33.59,688.60,100.00,0.00,3170.54,1
82668,596,714,802,941,2,21,4294967295,33.59,688.60,100.00,0.00,3170.54,1
83664,597,715,802,942,2,20,4294967295,33.59,688.60,100.00,0.00,3170.54,1
84660,596,716,803,941,2,21,4294967295,33.59,688.60,100.00,0.00,3170.54,1
85656,597,716,803,942,2,21,4294967295,33.59,688.60,100.00,0.00,3170.54,1
86652,597,716,802,941,2,21,4294967295,33.59,688.60,100.00,0.00,3170.54,1
87648,597,716,803,942,2,20,4294967295,33.59,688.60,100.00,0.00,3170.54,1
88644,597,716,804,943,2,21,4294967295,33.59,688.60,100.00,0.00,3170.54,1
89640,598,716,803,942,2,21,4294967295,33.59,688.60,100.00,0.00,3170.54,1
90636,599,716,804,942,2,21,4294967295,33.59,688.60,100.00,0.00,3170.54,1
91632,598,716,803,943,2,21,4294967295,33.59,688.60,100.00,0.00,3170.54,1
92628,599,717,803,942,2,21,4294967295,33.59,688.60,100.00,0.00,3170.54,1
93624,598,716,803,942,2,21,4294967295,33.59,688.60,100.00,0.00,3170.54,1
94620,597,717,803,942,2,21,4294967295,33.59,688.60,100.00,0.00,3170.54,1
95616,597,717,802,942,2,21,4294967295,33.59,688.60,100.00,0.00,3170.54,1
96612,597,717,802,942,2,21,4294967295,33.59,688.60,100.00,0.00,3170.54,1
97608,596,717,801,942,2,21,4294967295,33.59,688.60,100.00,0.00,3170.54,1
98604,597,717,802,943,2,20,4294967295,33.59,688.60,100.00,0.00,3170.54,1
99600,597,717,802,941,2,21,4294967295,33.59,688.60,100.00,0.00,3170.54,1
100596,596,717,802,943,2,21,4294967295,33.59,688.60,100.00,0.00,3170.54,1
101592,596,717,801,943,2,20,4294967295,33.59,688.60,100.00,0.00,3170.54,1
102588,597,717,801,943,2,21,4294967295,33.59,688.60,100.00,0.00,3170.54,1
103584,597,717,801,942,2,21,4294967295,33.59,688.60,100.00,0.00,3170.54,1
104580,597,717,801,943,2,21,4294967295,33.59,688.60,100.00,0.00,3170.54,1
105576,596,718,801,943,2,21,4294967295,33.59,688.60,100.00,0.00,3170.54,1
106572,596,718,802,942,2,21,4294967295,33.59,688.60,100.00,0.00,3170.54,1
107568,597,718,801,943,2,21,4294967295,33.59,688.60,100.00,0.00,3170.54,1
108564,596,719,802,942,2,21,4294967295,33.59,688.60,100.00,0.00,3170.54,1
109560,597,718,802,943,2,21,4294967295,33.59,688.60,100.00,0.00,3170.54,1
110556,598,718,802,942,2,21,4294967295,33.59,688.60,100.00,0.00,3170.54,1
111552,597,718,803,943,2,20,4294967295,33.59,688.60,100.00,0.00,3170.54,1
112548,597,718,802,943,2,20,4294967295,33.59,688.60,100.00,0.00,3170.54,1
113544,597,719,802,942,1,20,4294967295,33.59,688.60,100.00,0.00,3170.54,1
114540,597,718,802,942,2,20,4294967295,33.59,688.60,100.00,0.00,3170.54,1
115536,597,719,802,942,2,20,4294967295,33.59,688.60,100.00,0.00,3170.54,1
116532,596,719,803,942,2,20,4294967295,33.59,688.60,100.00,0.00,3170.54,1
117528,597,718,802,943,2,21,4294967295,33.59,688.60,100.00,0.00,3170.54,1
118524,596,719,803,942,2,21,4294967295,33.59,688.60,100.00,0.00,3170.54,1
119520,596,719,803,943,2,21,4294967295,33.59,688.60,100.00,0.00,3170.54,1
120516,596,719,803,943,2,21,4294967295,33.59,688.60,100.00,0.00,3170.54,1
121512,596,719,803,942,2,21,4294967295,33.59,688.60,100.00,0.00,3170.54,1
122508,596,719,803,943,1,21,4294967295,33.59,688.60,100.00,0.00,3170.54,1
123504,596,719,803,942,2,21,4294967295,33.59,688.60,100.00,0.00,3170.54,1
124500,597,719,803,942,2,21,4294967295,33.59,688.60,100.00,0.00,3170.54,1
125496,598,719,803,942,2,21,4294967295,33.59,688.60,100.00,0.00,3170.54,1
126492,599,719,803,943,1,20,4294967295,33.59,688.60,100.00,0.00,3170.54,1
127488,598,719,804,942,2,21,4294967295,33.59,688.60,100.00,0.00,3170.54,1
128484,599,719,804,943,2,22,4294967295,33.59,688.60,100.00,0.00,3170.54,1
129480,599,719,804,943,2,20,4294967295,33.59,688.60,100.00,0.00,3170.54,1
130476,600,719,804,942,2,22,4294967295,33.59,688.60,100.00,0.00,3170.54,1
131472,599,719,804,943,2,20,4294967295,33.59,688.60,100.00,0.00,3170.54,1
132468,600,719,804,943,1,20,4294967295,33.59,688.60,100.00,0.00,3170.54,1
133464,599,719,805,943,1,21,4294967295,33.59,688.60,100.00,0.00,3170.54,1
134460,599,719,805,942,1,20,4294967295,33.59,688.60,100.00,0.00,3170.54,1
135456,599,719,806,942,2,21,4294967295,33.59,688.60,100.00,0.00,3170.54,1
136452,600,718,805,943,1,20,4294967295,33.59,688.60,100.00,0.00,3170.54,1
137448,600,719,805,943,2,21,4294967295,33.59,688.60,100.00,0.00,3170.54,1
138444,600,719,806,943,2,21,4294967295,33.59,688.60,100.00,0.00,3170.54,1
139440,600,719,806,942,2,20,4294967295,33.59,688.60,100.00,0.00,3170.54,1
140436,602,720,807,943,2,21,4294967295,33.59,688.60,100.00,0.00,3170.54,1
141432,602,719,807,943,2,20,4294967295,33.59,688.60,100.00,0.00,3170.54,1
142428,602,719,806,944,1,21,4294967295,33.59,688.60,100.00,0.00,3170.54,1
143424,603,719,807,942,2,20,4294967295,33.59,688.60,100.00,0.00,3170.54,1
144420,603,720,807,943,2,20,4294967295,33.59,688.60,100.00,0.00,3170.54,1
145416,603,720,807,943,2,21,4294967295,33.59,688.60,100.00,0.00,3170.54,1
146412,603,719,807,944,2,21,4294967295,33.59,688.60,100.00,0.00,3170.54,1
147408,602,720,807,944,2,21,4294967295,33.59,688.60,100.00,0.00,3170.54,1
148404,602,720,807,943,2,20,4294967295,33.59,688.60,100.00,0.00,3170.54,1
149400,601,721,807,943,2,20,4294967295,33.59,688.60,100.00,0.00,3170.54,1
150396,602,720,806,944,2,20,4294967295,33.59,688.60,100.00,0.00,3170.54,1
151392,602,721,805,943,1,22,4294967295,33.59,688.60,100.00,0.00,3170.54,1
152388,601,721,805,943,2,21,4294967295,33.59,688.60,100.00,0.00,3170.54,1
153384,600,721,805,944,2,20,4294967295,33.59,688.60,100.00,0.00,3170.54,1
154380,600,721,805,943,1,21,4294967295,33.59,688.60,100.00,0.00,3170.54,1
155376,600,722,805,943,1,20,4294967295,33.59,688.60,100.00,0.00,3170.54,1
156372,600,721,805,944,1,20,4294967295,33.59,688.60,100.00,0.00,3170.54,1
157368,600,722,804,943,2,20,4294967295,33.59,688.60,100.00,0.00,3170.54,1
158364,601,722,804,943,2,20,4294967295,33.59,688.60,100.00,0.00,3170.54,1
159360,600,722,804,943,2,20,4294967295,33.59,688.60,100.00,0.00,3170.54,1
160356,600,722,805,943,2,20,4294967295,33.59,688.60,100.00,0.00,3170.54,1
161352,601,722,805,943,1,20,4294967295,33.59,688.60,100.00,0.00,3170.54,1
162348,601,722,805,944,1,20,4294967295,33.59,688.60,100.00,0.00,3170.54,1
163344,601,722,805,944,1,20,4294967295,33.59,688.60,100.00,0.00,3170.54,1
164340,602,723,805,943,2,20,4294967295,33.59,688.60,100.00,0.00,3170.54,1
165336,602,722,806,944,1,20,4294967295,33.59,688.60,100.00,0.00,3170.54,1
166332,601,723,805,943,2,20,4294967295,33.59,688.60,100.00,0.00,3170.54,1
167328,601,723,805,944,1,21,4294967295,33.59,688.60,100.00,0.00,3170.54,1
168324,601,722,805,943,2,20,4294967295,33.59,688.60,100.00,0.00,3170.54,1
169320,600,722,805,944,1,20,4294967295,33.59,688.60,100.00,0.00,3170.54,1
170316,600,723,804,944,2,20,4294967295,33.59,688.60,100.00,0.00,3170.54,1
171312,600,723,803,943,2,20,4294967295,33.59,688.60,100.00,0.00,3170.54,1
172308,599,723,802,943,2,20,4294967295,33.59,688.60,100.00,0.00,3170.54,1
173304,599,723,802,943,2,20,4294967295,33.59,688.60,100.00,0.00,3170.54,1
174300,600,722,802,943,1,21,4294967295,33.59,688.60,100.00,0.00,3170.54,1
175296,600,723,802,943,2,20,4294967295,33.59,688.60,100.00,0.00,3170.54,1
176292,600,723,802,944,2,20,4294967295,33.59,688.60,100.00,0.00,3170.54,1
177288,600,723,802,944,1,20,4294967295,33.59,688.60,100.00,0.00,3170.54,1
178284,601,723,803,943,1,21,4294967295,33.59,688.60,100.00,0.00,3170.54,1
179280,602,723,802,943,2,20,4294967295,33.59,688.60,100.00,0.00,3170.54,1
180276,601,723,803,943,2,21,4294967295,33.59,688.60,100.00,0.00,3170.54,1
181272,602,723,803,944,2,20,4294967295,33.59,688.60,100.00,0.00,3170.54,1
182268,602,723,804,944,2,21,4294967295,33.59,688.60,100.00,0.00,3170.54,1
183264,603,723,803,944,2,20,4294967295,33.59,688.60,100.00,0.00,3170.54,1
184260,603,724,804,944,1,21,4294967295,33.59,688.60,100.00,0.00,3170.54,1
185256,603,723,805,943,2,20,4294967295,33.59,688.60,100.00,0.00,3170.54,1
186252,603,724,805,944,2,20,4294967295,33.59,688.60,100.00,0.00,3170.54,1
187248,604,724,805,944,2,20,4294967295,33.59,688.60,100.00,0.00,3170.54,1
188244,604,724,806,944,2,20,4294967295,33.59,688.60,100.00,0.00,3170.54,1
189240,604,724,807,944,2,20,4294967295,33.59,688.60,100.00,0.00,3170.54,1
190236,604,724,806,944,1,20,4294967295,33.59,688.60,100.00,0.00,3170.54,1
191232,605,724,807,943,2,20,4294967295,33.59,688.60,100.00,0.00,3170.54,1
192228,604,724,807,944,2,20,4294967295,33.59,688.60,100.00,0.00,3170.54,1
193224,605,724,808,944,1,20,4294967295,33.59,688.60,100.00,0.00,3170.54,1
194220,605,724,807,944,1,20,4294967295,33.59,688.60,100.00,0.00,3170.54,1
195216,605,724,807,944,2,20,4294967295,33.59,688.60,100.00,0.00,3170.54,1
196212,605,725,807,945,1,20,4294967295,33.59,688.60,100.00,0.00,3170.54,1
197208,604,724,806,945,1,19,4294967295,33.59,688.60,100.00,0.00,3170.54,1
198204,604,725,806,944,2,20,4294967295,33.59,688.60,100.00,0.00,3170.54,1
199200,603,724,806,944,2,20,4294967295,33.59,688.60,100.00,0.00,3170.54,1
200196,604,724,806,943,1,20,4294967295,33.59,688.60,100.00,0.00,3170.54,1
201192,604,724,805,943,2,20,4294967295,33.59,688.60,100.00,0.00,3170.54,1
202188,603,724,805,944,2,20,4294967295,33.59,688.60,100.00,0.00,3170.54,1
203184,603,724,805,944,2,20,4294967295,33.59,688.60,100.00,0.00,3170.54,1
204180,603,724,805,944,2,20,4294967295,33.59,688.60,100.00,0.00,3170.54,1
205176,604,724,805,944,2,20,4294967295,33.59,688.60,100.00,0.00,3170.54,1
206172,604,725,805,945,1,20,4294967295,33.59,688.60,100.00,0.00,3170.54,1
207168,604,725,806,944,1,22,4294967295,33.59,688.60,100.00,0.00,3170.54,1
208164,604,725,806,944,1,20,4294967295,33.59,688.60,100.00,0.00,3170.54,1
209160,605,724,806,945,1,20,4294967295,33.59,688.60,100.00,0.00,3170.54,1
210156,604,724,807,944,1,19,4294967295,33.59,688.60,100.00,0.00,3170.54,1
211152,605,725,807,944,2,20,4294967295,33.59,688.60,100.00,0.00,3170.54,1
212148,605,725,807,945,1,20,4294967295,33.59,688.60,100.00,0.00,3170.54,1
213144,606,724,807,944,2,19,4294967295,33.59,688.60,100.00,0.00,3170.54,1
214140,606,725,807,945,2,20,4294967295,33.59,688.60,100.00,0.00,3170.54,1
215136,606,725,807,945,1,20,4294967295,33.59,688.60,100.00,0.00,3170.54,1
216132,606,725,807,944,2,20,4294967295,33.59,688.60,100.00,0.00,3170.54,1
217128,606,725,807,945,1,20,4294967295,33.59,688.60,100.00,0.00,3170.54,1
218124,607,725,807,944,2,20,4294967295,33.59,688.60,100.00,0.00,3170.54,1
219120,606,725,807,945,2,20,4294967295,33.59,688.60,100.00,0.00,3170.54,1
220116,606,725,807,944,2,20,4294967295,33.59,688.60,100.00,0.00,3170.54,1
221112,606,725,807,944,1,20,4294967295,33.59,688.60,100.00,0.00,3170.54,1
222108,606,725,807,944,2,20,4294967295,33.59,688.60,100.00,0.00,3170.54,1
223104,606,726,808,945,1,20,4294967295,33.59,688.60,100.00,0.00,3170.54,1
224100,607,726,808,944,1,20,4294967295,33.59,688.60,100.00,0.00,3170.54,1
225096,607,726,808,945,1,21,4294967295,33.59,688.60,100.00,0.00,3170.54,1
226092,607,726,808,944,2,20,4294967295,33.59,688.60,100.00,0.00,3170.54,1
227088,607,726,808,944,2,19,4294967295,33.59,688.60,100.00,0.00,3170.54,1
228084,607,726,809,945,2,20,4294967295,33.59,688.60,100.00,0.00,3170.54,1
229080,607,726,809,945,2,19,4294967295,33.59,688.60,100.00,0.00,3170.54,1
230076,608,726,810,945,1,19,4294967295,33.59,688.60,100.00,0.00,3170.54,1
231072,608,726,810,945,1,20,4294967295,33.59,688.60,100.00,0.00,3170.54,1
232068,608,726,810,944,2,20,4294967295,33.59,688.60,100.00,0.00,3170.54,1
233064,607,726,810,945,1,20,4294967295,33.59,688.60,100.00,0.00,3170.54,1
234060,608,726,811,945,1,20,4294967295,33.59,688.60,100.00,0.00,3170.54,1
235056,608,726,811,945,1,21,4294967295,33.59,688.60,100.00,0.00,3170.54,1
236052,609,727,811,944,1,20,4294967295,33.59,688.60,100.00,0.00,3170.54,1
237048,609,727,811,946,1,20,4294967295,33.59,688.60,100.00,0.00,3170.54,1
238044,608,726,811,945,2,20,4294967295,33.59,688.60,100.00,0.00,3170.54,1
239040,609,727,812,945,1,20,4294967295,33.59,688.60,100.00,0.00,3170.54,1
240036,609,727,812,945,1,20,4294967295,33.59,688.60,100.00,0.00,3170.54,1
241032,609,727,812,945,1,20,4294967295,33.59,688.60,100.00,0.00,3170.54,1
242028,610,727,812,945,1,20,4294967295,33.59,688.60,100.00,0.00,3170.54,1
243024,610,727,812,945,2,20,4294967295,33.59,688.60,100.00,0.00,3170.54,1
244020,611,727,813,945,2,20,4294967295,33.59,688.60,100.00,0.00,3170.54,1
245016,611,727,812,945,2,20,4294967295,33.59,688.60,100.00,0.00,3170.54,1
246012,611,727,813,945,2,20,4294967295,33.59,688.60,100.00,0.00,3170.54,1
247008,612,728,813,946,1,20,4294967295,33.59,688.60,100.00,0.00,3170.54,1
248004,611,727,813,946,1,20,4294967295,33.59,688.60,100.00,0.00,3170.54,1
249000,612,728,813,946,2,20,4294967295,33.59,688.60,100.00,0.00,3170.54,1
249996,613,728,814,946,1,20,4294967295,33.59,688.60,100.00,0.00,3170.54,1
250992,612,728,813,946,1,20,4294967295,33.59,688.60,100.00,0.00,3170.54,1
251988,612,728,813,946,1,20,4294967295,33.59,688.60,100.00,0.00,3170.54,1
252984,612,728,812,945,2,20,4294967295,33.59,688.60,100.00,0.00,3170.54,1
253980,611,728,813,946,1,20,4294967295,33.59,688.60,100.00,0.00,3170.54,1
254976,611,728,813,945,2,20,4294967295,33.59,688.60,100.00,0.00,3170.54,1
255972,610,728,812,946,2,21,4294967295,33.59,688.60,100.00,0.00,3170.54,1
256968,609,728,811,946,1,20,4294967295,33.59,688.60,100.00,0.00,3170.54,1
257964,609,728,811,945,2,20,4294967295,33.59,688.60,100.00,0.00,3170.54,1
258960,607,728,810,946,2,20,4294967295,33.59,688.60,100.00,0.00,3170.54,1
259956,606,728,809,945,2,20,4294967295,33.59,688.60,100.00,0.00,3170.54,1
260952,606,728,808,946,2,20,4294967295,33.59,688.60,100.00,0.00,3170.54,1
261948,605,728,807,946,2,20,4294967295,33.59,688.60,100.00,0.00,3170.54,1
262944,604,728,806,945,2,20,4294967295,33.59,688.60,100.00,0.00,3170.54,1
263940,604,729,806,946,1,19,4294967295,33.59,688.60,100.00,0.00,3170.54,1
264936,605,729,806,945,1,20,4294967295,33.59,688.60,100.00,0.00,3170.54,1
265932,604,728,806,945,2,20,4294967295,33.59,688.60,100.00,0.00,3170.54,1
266928,605,728,807,946,2,20,4294967295,33.59,688.60,100.00,0.00,3170.54,1
267924,606,728,806,946,1,20,4294967295,33.59,688.60,100.00,0.00,3170.54,1
268920,605,729,805,945,1,20,4294967295,33.59,688.60,100.00,0.00,3170.54,1
269916,606,729,806,945,2,20,4294967295,33.59,688.60,100.00,0.00,3170.54,1
270912,605,730,806,945,2,20,4294967295,33.59,688.60,100.00,0.00,3170.54,1
271908,606,729,806,945,1,20,4294967295,33.59,688.60,100.00,0.00,3170.54,1
272904,606,729,807,945,2,20,4294967295,33.59,688.60,100.00,0.00,3170.54,1
273900,606,729,807,945,2,20,4294967295,33.59,688.60,100.00,0.00,3170.54,1
274896,606,729,807,945,1,20,4294967295,33.59,688.60,100.00,0.00,3170.54,1
275892,606,729,807,945,1,20,4294967295,33.59,688.60,100.00,0.00,3170.54,1
276888,606,728,808,945,2,20,4294967295,33.59,688.60,100.00,0.00,3170.54,1
277884,606,728,808,945,1,20,4294967295,33.59,688.60,100.00,0.00,3170.54,1
278880,605,729,808,945,2,20,4294967295,33.59,688.60,100.00,0.00,3170.54,1
279876,605,729,807,945,1,19,4294967295,33.59,688.60,100.00,0.00,3170.54,1
280872,606,729,806,944,2,21,4294967295,33.59,688.60,100.00,0.00,3170.54,1
281868,606,728,807,945,2,20,4294967295,33.59,688.60,100.00,0.00,3170.54,1
282864,606,729,807,945,2,21,4294967295,33.59,688.60,100.00,0.00,3170.54,1
283860,605,729,807,944,2,20,4294967295,33.59,688.60,100.00,0.00,3170.54,1
284856,605,729,807,945,1,20,4294967295,33.59,688.60,100.00,0.00,3170.54,1
285852,605,729,806,945,2,20,4294967295,33.59,688.60,100.00,0.00,3170.54,1
286848,605,728,808,945,2,20,4294967295,33.59,688.60,100.00,0.00,3170.54,1
287844,606,729,808,945,2,20,4294967295,33.59,688.60,100.00,0.00,3170.54,1
288840,606,729,808,945,2,20,4294967295,33.59,688.60,100.00,0.00,3170.54,1
289836,606,729,808,945,2,20,4294967295,33.59,688.60,100.00,0.00,3170.54,1
290832,606,729,809,945,2,20,4294967295,33.59,688.60,100.00,0.00,3170.54,1
291828,607,729,809,945,2,20,4294967295,33.59,688.60,100.00,0.00,3170.54,1
292824,608,730,810,944,2,21,4294967295,33.59,688.60,100.00,0.00,3170.54,1
293820,608,729,811,945,2,20,4294967295,33.59,688.60,100.00,0.00,3170.54,1
294816,609,729,811,945,2,20,4294967295,33.59,688.60,100.00,0.00,3170.54,1
295812,609,729,811,945,2,20,4294967295,33.59,688.60,100.00,0.00,3170.54,1
296808,610,730,812,945,2,20,4294967295,33.59,688.60,100.00,0.00,3170.54,1
297804,610,729,811,945,2,20,4294967295,33.59,688.60,100.00,0.00,3170.54,1
298800,610,729,812,945,2,20,4294967295,33.59,688.60,100.00,0.00,3170.54,1
299796,611,729,811,945,2,21,4294967295,33.59,688.60,100.00,0.00,3170.54,1
300792,612,729,812,946,2,20,4294967295,33.59,688.60,100.00,0.00,3170.54,1
301788,612,730,813,946,2,20,4294967295,33.59,688.60,100.00,0.00,3170.54,1
302784,612,730,813,946,2,20,4294967295,33.59,688.60,100.00,0.00,3170.54,1
303780,612,729,812,946,2,20,4294967295,33.59,688.60,100.00,0.00,3170.54,1
304776,612,730,812,945,1,20,4294967295,33.59,688.60,100.00,0.00,3170.54,1
305772,612,730,812,946,2,20,4294967295,33.59,688.60,100.00,0.00,3170.54,1
306768,612,730,813,945,1,19,4294967295,33.59,688.60,100.00,0.00,3170.54,1
307764,612,730,812,945,1,22,4294967295,33.59,688.60,100.00,0.00,3170.54,1
308760,612,730,812,945,1,20,4294967295,33.59,688.60,100.00,0.00,3170.54,1
309756,613,730,812,946,2,20,4294967295,33.59,688.60,100.00,0.00,3170.54,1
310752,612,730,812,946,2,21,4294967295,33.59,688.60,100.00,0.00,3170.54,1
311748,612,730,811,945,2,20,4294967295,33.59,688.60,100.00,0.00,3170.54,1
312744,613,730,813,946,2,20,4294967295,33.59,688.60,100.00,0.00,3170.54,1
313740,613,730,812,945,2,20,4294967295,33.59,688.60,100.00,0.00,3170.54,1
314736,613,730,813,946,1,21,4294967295,33.59,688.60,100.00,0.00,3170.54,1
315732,614,730,812,946,2,20,4294967295,33.59,688.60,100.00,0.00,3170.54,1
316728,613,730,812,946,2,20,4294967295,33.59,688.60,100.00,0.00,3170.54,1
317724,613,730,812,946,2,20,4294967295,33.59,688.60,100.00,0.00,3170.54,1
318720,613,731,812,946,2,20,4294967295,33.59,688.60,100.00,0.00,3170.54,1
319716,613,730,813,946,2,21,4294967295,33.59,688.60,100.00,0.00,3170.54,1
320712,614,730,813,946,2,21,4294967295,33.59,688.60,100.00,0.00,3170.54,1
321708,614,731,813,945,2,20,4294967295,33.59,688.60,100.00,0.00,3170.54,1
322704,614,730,814,946,2,21,4294967295,33.59,688.60,100.00,0.00,3170.54,1
323700,615,730,814,946,2,21,4294967295,33.59,688.60,100.00,0.00,3170.54,1
324696,615,731,814,947,2,21,4294967295,33.59,688.60,100.00,0.00,3170.54,1
325692,614,731,814,945,1,21,4294967295,33.59,688.60,100.00,0.00,3170.54,1
326688,614,731,814,946,2,20,4294967295,33.59,688.60,100.00,0.00,3170.54,1
327684,615,730,814,945,2,20,4294967295,33.59,688.60,100.00,0.00,3170.54,1
328680,615,731,814,945,2,21,4294967295,33.59,688.60,100.00,0.00,3170.54,1
329676,615,731,815,946,1,21,4294967295,33.59,688.60,100.00,0.00,3170.54,1
330672,614,731,814,947,2,21,4294967295,33.59,688.60,100.00,0.00,3170.54,1
331668,615,731,815,947,2,21,4294967295,33.59,688.60,100.00,0.00,3170.54,1
332664,615,731,815,947,2,21,4294967295,33.59,688.60,100.00,0.00,3170.54,1
333660,615,731,816,946,2,21,4294967295,33.59,688.60,100.00,0.00,3170.54,1
334656,616,731,816,946,2,20,4294967295,33.59,688.60,100.00,0.00,3170.54,1
335652,615,731,816,947,2,21,4294967295,33.59,688.60,100.00,0.00,3170.54,1
336648,616,731,816,946,2,21,4294967295,33.59,688.60,100.00,0.00,3170.54,1
337644,616,731,816,947,2,21,4294967295,33.59,688.60,100.00,0.00,3170.54,1
338640,616,731,816,947,2,20,4294967295,33.59,688.60,100.00,0.00,3170.54,1
339636,616,731,817,947,2,21,4294967295,33.59,688.60,100.00,0.00,3170.54,1
340632,615,731,816,946,2,20,4294967295,33.59,688.60,100.00,0.00,3170.54,1
341628,615,732,815,946,2,20,4294967295,33.59,688.60,100.00,0.00,3170.54,1
342624,614,732,816,946,2,20,4294967295,33.59,688.60,100.00,0.00,3170.54,1
343620,614,732,814,946,2,20,4294967295,33.59,688.60,100.00,0.00,3170.54,1
344616,613,731,814,946,2,21,4294967295,33.59,688.60,100.00,0.00,3170.54,1
345612,612,732,814,946,2,20,4294967295,33.59,688.60,100.00,0.00,3170.54,1
346608,612,732,813,946,2,20,4294967295,33.59,688.60,100.00,0.00,3170.54,1
347604,612,731,813,947,2,20,4294967295,33.59,688.60,100.00,0.00,3170.54,1
348600,612,731,813,946,2,19,4294967295,33.59,688.60,100.00,0.00,3170.54,1
349596,611,731,813,946,2,21,4294967295,33.59,688.60,100.00,0.00,3170.54,1
350592,612,731,813,946,2,23,4294967295,33.59,688.60,100.00,0.00,3170.54,1
351588,613,732,813,946,2,21,4294967295,33.59,688.60,100.00,0.00,3170.54,1
352584,612,732,814,946,2,20,4294967295,33.59,688.60,100.00,0.00,3170.54,1
353580,613,732,813,946,2,21,4294967295,33.59,688.60,100.00,0.00,3170.54,1
354576,612,732,813,946,2,20,4294967295,33.59,688.60,100.00,0.00,3170.54,1
355572,612,732,814,946,2,20,4294967295,33.59,688.60,100.00,0.00,3170.54,1
356568,612,732,814,946,2,21,4294967295,33.59,688.60,100.00,0.00,3170.54,1
357564,613,732,815,947,2,20,4294967295,33.59,688.60,100.00,0.00,3170.54,1
358560,613,731,814,946,2,20,4294967295,33.59,688.60,100.00,0.00,3170.54,1
359556,612,731,815,946,2,20,4294967295,33.59,688.60,100.00,0.00,3170.54,1
360552,613,732,815,947,2,21,4294967295,33.59,688.60,100.00,0.00,3170.54,1
361548,613,731,815,947,1,21,4294967295,33.59,688.60,100.00,0.00,3170.54,1
362544,613,731,815,947,2,21,4294967295,33.59,688.60,100.00,0.00,3170.54,1
363540,615,731,815,946,2,21,4294967295,33.59,688.60,100.00,0.00,3170.54,1
364536,615,731,816,946,2,20,4294967295,33.59,688.60,100.00,0.00,3170.54,1
365532,615,732,816,946,1,21,4294967295,33.59,688.60,100.00,0.00,3170.54,1
366528,615,731,816,947,2,21,4294967295,33.59,688.60,100.00,0.00,3170.54,1
367524,615,732,817,947,2,21,4294967295,33.59,688.60,100.00,0.00,3170.54,1
368520,614,731,817,946,2,21,4294967295,33.59,688.60,100.00,0.00,3170.54,1
369516,615,732,817,947,2,21,4294967295,33.59,688.60,100.00,0.00,3170.54,1
370512,615,731,817,946,2,21,4294967295,33.59,688.60,100.00,0.00,3170.54,1
371508,615,731,817,947,2,21,4294967295,33.59,688.60,100.00,0.00,3170.54,1
372504,615,731,816,947,2,21,4294967295,33.59,688.60,100.00,0.00,3170.54,1
373500,614,731,817,947,2,21,4294967295,33.59,688.60,100.00,0.00,3170.54,1
374496,615,731,817,946,2,21,4294967295,33.59,688.60,100.00,0.00,3170.54,1
375492,616,732,817,946,2,20,4294967295,33.59,688.60,100.00,0.00,3170.54,1
376488,616,731,817,947,2,21,4294967295,33.59,688.60,100.00,0.00,3170.54,1
377484,616,731,817,946,2,20,4294967295,33.59,688.60,100.00,0.00,3170.54,1
378480,616,731,818,947,2,21,4294967295,33.59,688.60,100.00,0.00,3170.54,1
379476,616,731,818,946,2,21,4294967295,33.59,688.60,100.00,0.00,3170.54,1
380472,616,731,817,947,2,21,4294967295,33.59,688.60,100.00,0.00,3170.54,1
381468,616,732,817,947,2,21,4294967295,33.59,688.60,100.00,0.00,3170.54,1
382464,616,732,817,947,2,21,4294967295,33.59,688.60,100.00,0.00,3170.54,1
383460,616,732,817,946,2,21,4294967295,33.59,688.60,100.00,0.00,3170.54,1
384456,616,731,817,947,2,21,4294967295,33.59,688.60,100.00,0.00,3170.54,1
385452,616,731,817,947,2,21,4294967295,33.59,688.60,100.00,0.00,3170.54,1
386448,617,731,817,947,2,21,4294967295,33.59,688.60,100.00,0.00,3170.54,1
387444,616,732,816,947,2,21,4294967295,33.59,688.60,100.00,0.00,3170.54,1
388440,616,732,817,947,2,21,4294967295,33.59,688.60,100.00,0.00,3170.54,1
389436,616,732,817,947,2,21,4294967295,33.59,688.60,100.00,0.00,3170.54,1
390432,616,732,817,947,2,21,4294967295,33.59,688.60,100.00,0.00,3170.54,1
391428,616,731,817,947,1,21,4294967295,33.59,688.60,100.00,0.00,3170.54,1
392424,617,732,817,947,2,21,4294967295,33.59,688.60,100.00,0.00,3170.54,1
393420,617,731,818,946,2,21,4294967295,33.59,688.60,100.00,0.00,3170.54,1
394416,616,732,818,947,2,21,4294967295,33.59,688.60,100.00,0.00,3170.54,1
395412,617,732,818,947,2,21,4294967295,33.59,688.60,100.00,0.00,3170.54,1
396408,616,732,817,946,2,21,4294967295,33.59,688.60,100.00,0.00,3170.54,1
397404,617,732,818,947,2,20,4294967295,33.59,688.60,100.00,0.00,3170.54,1
398400,617,733,818,947,2,21,4294967295,33.59,688.60,100.00,0.00,3170.54,1
399396,617,732,819,947,2,21,4294967295,33.59,688.60,100.00,0.00,3170.54,1
400392,617,733,819,947,2,21,4294967295,33.59,688.60,100.00,0.00,3170.54,1
401388,618,733,818,947,2,21,4294967295,33.59,688.60,100.00,0.00,3170.54,1
402384,617,733,819,947,2,21,4294967295,33.59,688.60,100.00,0.00,3170.54,1
403380,618,733,819,947,2,21,4294967295,33.59,688.60,100.00,0.00,3170.54,1
404376,617,732,819,947,2,20,4294967295,33.59,688.60,100.00,0.00,3170.54,1
405372,618,733,818,947,2,21,4294967295,33.59,688.60,100.00,0.00,3170.54,1
406368,617,733,819,947,2,21,4294967295,33.59,688.60,100.00,0.00,3170.54,1
407364,617,733,819,947,2,21,4294967295,33.59,688.60,100.00,0.00,3170.54,1
408360,617,733,819,947,2,21,4294967295,33.59,688.60,100.00,0.00,3170.54,1
409356,617,733,819,947,2,21,4294967295,33.59,688.60,100.00,0.00,3170.54,1
410352,617,733,819,947,2,22,4294967295,33.59,688.60,100.00,0.00,3170.54,1
411348,617,734,819,947,2,21,4294967295,33.59,688.60,100.00,0.00,3170.54,1
412344,618,733,819,946,2,22,4294967295,33.59,688.60,100.00,0.00,3170.54,1
413340,617,734,818,946,2,21,4294967295,33.59,688.60,100.00,0.00,3170.54,1
414336,618,733,819,947,2,21,4294967295,33.59,688.60,100.00,0.00,3170.54,1
415332,619,734,819,947,2,21,4294967295,33.59,688.60,100.00,0.00,3170.54,1
416328,619,733,818,947,2,21,4294967295,33.59,688.60,100.00,0.00,3170.54,1
417324,619,734,819,947,2,21,4294967295,33.59,688.60,100.00,0.00,3170.54,1
418320,618,734,818,947,2,21,4294967295,33.59,688.60,100.00,0.00,3170.54,1
419316,618,734,818,947,2,22,4294967295,33.59,688.60,100.00,0.00,3170.54,1
420312,617,734,817,948,2,22,4294967295,33.59,688.60,100.00,0.00,3170.54,1
421308,617,734,817,947,2,21,4294967295,33.59,688.60,100.00,0.00,3170.54,1
422304,618,734,817,947,2,22,4294967295,33.59,688.60,100.00,0.00,3170.54,1
423300,617,734,817,947,2,21,4294967295,33.59,688.60,100.00,0.00,3170.54,1
424296,618,734,817,947,2,21,4294967295,33.59,688.60,100.00,0.00,3170.54,1
425292,619,735,817,948,2,21,4294967295,33.59,688.60,100.00,0.00,3170.54,1
426288,619,734,817,947,2,22,4294967295,33.59,688.60,100.00,0.00,3170.54,1
427284,620,735,817,947,2,21,4294967295,33.59,688.60,100.00,0.00,3170.54,1
428280,620,735,817,947,2,21,4294967295,33.59,688.60,100.00,0.00,3170.54,1
429276,620,735,817,947,1,21,4294967295,33.59,688.60,100.00,0.00,3170.54,1
430272,620,734,817,948,2,21,4294967295,33.59,688.60,100.00,0.00,3170.54,1
431268,620,735,818,948,2,21,4294967295,33.59,688.60,100.00,0.00,3170.54,1
432264,620,734,818,947,2,22,4294967295,33.59,688.60,100.00,0.00,3170.54,1
433260,620,734,818,947,2,21,4294967295,33.59,688.60,100.00,0.00,3170.54,1
434256,620,735,819,948,2,21,4294967295,33.59,688.60,100.00,0.00,3170.54,1
435252,621,735,819,947,2,23,4294967295,33.59,688.60,100.00,0.00,3170.54,1
436248,620,734,818,948,2,21,4294967295,33.59,688.60,100.00,0.00,3170.54,1
437244,620,735,819,947,2,21,4294967295,33.59,688.60,100.00,0.00,3170.54,1
438240,620,734,820,947,2,21,4294967295,33.59,688.60,100.00,0.00,3170.54,1
439236,620,735,820,948,2,21,4294967295,33.59,688.60,100.00,0.00,3170.54,1
440232,620,734,820,948,2,21,4294967295,33.59,688.60,100.00,0.00,3170.54,1
441228,620,735,820,947,2,22,4294967295,33.59,688.60,100.00,0.00,3170.54,1
442224,619,733,820,948,2,22,4294967295,33.59,688.60,100.00,0.00,3170.54,1
443220,619,734,821,948,2,22,4294967295,33.59,688.60,100.00,0.00,3170.54,1
444216,620,734,820,948,2,21,4294967295,33.59,688.60,100.00,0.00,3170.54,1
445212,620,734,821,948,2,22,4294967295,33.59,688.60,100.00,0.00,3170.54,1
446208,620,734,821,947,2,22,4294967295,33.59,688.60,100.00,0.00,3170.54,1
447204,620,734,821,948,2,21,4294967295,33.59,688.60,100.00,0.00,3170.54,1
448200,620,733,821,948,2,22,4294967295,33.59,688.60,100.00,0.00,3170.54,1
449196,620,734,821,948,2,22,4294967295,33.59,688.60,100.00,0.00,3170.54,1
450192,621,735,822,947,2,22,4294967295,33.59,688.60,100.00,0.00,3170.54,1
451188,621,734,821,948,2,22,4294967295,33.59,688.60,100.00,0.00,3170.54,1
452184,621,734,822,948,2,22,4294967295,33.59,688.60,100.00,0.00,3170.54,1
453180,621,734,822,948,2,22,4294967295,33.59,688.60,100.00,0.00,3170.54,1
454176,622,734,822,948,2,22,4294967295,33.59,688.60,100.00,0.00,3170.54,1
455172,621,734,822,948,2,21,4294967295,33.59,688.60,100.00,0.00,3170.54,1
456168,621,734,822,948,2,22,4294967295,33.59,688.60,100.00,0.00,3170.54,1
457164,622,734,823,948,2,22,4294967295,33.59,688.60,100.00,0.00,3170.54,1
458160,621,734,822,947,2,22,4294967295,33.59,688.60,100.00,0.00,3170.54,1
459156,622,734,822,948,5,31,4294967295,33.59,688.60,100.00,0.00,3170.54,1
460152,621,734,823,948,5,27,4294967295,33.59,688.60,100.00,0.00,3170.54,1
461148,621,734,822,947,2,21,4294967295,33.59,688.60,100.00,0.00,3170.54,1
462144,622,734,823,948,1,20,4294967295,33.59,688.60,100.00,0.00,3170.54,1
463140,622,735,822,948,1,20,4294967295,33.59,688.60,100.00,0.00,3170.54,1
464136,623,735,823,948,1,20,4294967295,33.59,688.60,100.00,0.00,3170.54,1
465132,622,734,822,949,1,21,4294967295,33.59,688.60,100.00,0.00,3170.54,1
466128,623,735,822,948,1,20,4294967295,33.59,688.60,100.00,0.00,3170.54,1
467124,623,735,822,948,1,20,4294967295,33.59,688.60,100.00,0.00,3170.54,1
468120,624,734,823,948,1,20,4294967295,33.59,688.60,100.00,0.00,3170.54,1
469116,624,734,823,948,1,21,4294967295,33.59,688.60,100.00,0.00,3170.54,1
470112,623,735,823,949,1,21,4294967295,33.59,688.60,100.00,0.00,3170.54,1
471108,624,735,823,949,1,20,4294967295,33.59,688.60,100.00,0.00,3170.54,1
472104,624,735,823,949,1,20,4294967295,33.59,688.60,100.00,0.00,3170.54,1
473100,625,735,824,948,1,20,4294967295,33.59,688.60,100.00,0.00,3170.54,1
474096,625,735,824,948,1,20,4294967295,33.59,688.60,100.00,0.00,3170.54,1
475092,624,735,824,949,1,22,4294967295,33.59,688.60,100.00,0.00,3170.54,1
476088,625,735,824,949,1,20,4294967295,33.59,688.60,100.00,0.00,3170.54,1
477084,625,735,824,948,1,20,4294967295,33.59,688.60,100.00,0.00,3170.54,1
478080,625,735,824,948,1,21,4294967295,33.59,688.60,100.00,0.00,3170.54,1
479076,625,735,824,948,1,21,4294967295,33.59,688.60,100.00,0.00,3170.54,1
480072,625,735,824,949,2,20,4294967295,33.59,688.60,100.00,0.00,3170.54,1
481068,625,735,824,948,1,21,4294967295,33.59,688.60,100.00,0.00,3170.54,1
482064,625,735,824,949,1,20,4294967295,33.59,688.60,100.00,0.00,3170.54,1
483060,625,735,824,948,1,20,4294967295,33.59,688.60,100.00,0.00,3170.54,1
484056,624,735,824,949,1,21,4294967295,33.59,688.60,100.00,0.00,3170.54,1
485052,624,735,824,949,1,20,4294967295,33.59,688.60,100.00,0.00,3170.54,1
486048,624,735,823,949,1,19,4294967295,33.59,688.60,100.00,0.00,3170.54,1
487044,624,735,824,948,1,20,4294967295,33.59,688.60,100.00,0.00,3170.54,1
488040,624,735,823,949,1,20,4294967295,33.59,688.60,100.00,0.00,3170.54,1
489036,624,735,823,948,1,20,4294967295,33.59,688.60,100.00,0.00,3170.54,1
490032,623,735,823,949,2,20,4294967295,33.59,688.60,100.00,0.00,3170.54,1
491028,623,735,823,949,1,20,4294967295,33.59,688.60,100.00,0.00,3170.54,1
492024,623,735,823,949,1,20,4294967295,33.59,688.60,100.00,0.00,3170.54,1
493020,622,735,823,949,1,20,4294967295,33.59,688.60,100.00,0.00,3170.54,1
494016,621,735,823,948,1,20,4294967295,33.59,688.60,100.00,0.00,3170.54,1
495012,621,735,822,949,1,21,4294967295,33.59,688.60,100.00,0.00,3170.54,1
496008,622,735,822,949,1,20,4294967295,33.59,688.60,100.00,0.00,3170.54,1
497004,621,735,821,949,1,20,4294967295,33.59,688.60,100.00,0.00,3170.54,1
498000,621,735,821,949,1,20,4294967295,33.59,688.60,100.00,0.00,3170.54,1
498996,622,735,821,948,1,20,4294967295,33.59,688.60,100.00,0.00,3170.54,1
499992,621,735,820,948,1,20,4294967295,33.59,688.60,100.00,0.00,3170.54,1
500988,621,735,821,948,1,20,4294967295,33.59,688.60,100.00,0.00,3170.54,1
501984,621,734,821,948,1,20,4294967295,33.59,688.60,100.00,0.00,3170.54,1
502980,621,735,820,949,1,21,4294967295,33.59,688.60,100.00,0.00,3170.54,1
503976,622,735,820,948,1,20,4294967295,33.59,688.60,100.00,0.00,3170.54,1
504972,621,735,821,948,1,20,4294967295,33.59,688.60,100.00,0.00,3170.54,1
505968,621,735,820,948,1,21,4294967295,33.59,688.60,100.00,0.00,3170.54,1
506964,621,735,821,949,1,20,4294967295,33.59,688.60,100.00,0.00,3170.54,1
507960,621,735,821,949,1,19,4294967295,33.59,688.60,100.00,0.00,3170.54,1
508956,621,735,821,949,1,19,4294967295,33.59,688.60,100.00,0.00,3170.54,1
509952,621,735,821,948,1,19,4294967295,33.59,688.60,100.00,0.00,3170.54,1
510948,621,735,820,948,1,19,4294967295,33.59,688.60,100.00,0.00,3170.54,1
511944,622,735,820,948,1,20,4294967295,33.59,688.60,100.00,0.00,3170.54,1
512940,620,735,821,949,1,20,4294967295,33.59,688.60,100.00,0.00,3170.54,1
513936,621,735,820,948,1,20,4294967295,33.59,688.60,100.00,0.00,3170.54,1
514932,621,735,820,948,1,20,4294967295,33.59,688.60,100.00,0.00,3170.54,1
515928,621,735,820,949,1,20,4294967295,33.59,688.60,100.00,0.00,3170.54,1
516924,621,736,820,949,1,20,4294967295,33.59,688.60,100.00,0.00,3170.54,1
517920,622,736,821,948,1,20,4294967295,33.59,688.60,100.00,0.00,3170.54,1
518916,621,735,820,948,1,19,4294967295,33.59,688.60,100.00,0.00,3170.54,1
519912,621,735,820,948,1,20,4294967295,33.59,688.60,100.00,0.00,3170.54,1
520908,622,736,819,949,1,20,4294967295,33.59,688.60,100.00,0.00,3170.54,1
521904,621,735,820,948,1,20,4294967295,33.59,688.60,100.00,0.00,3170.54,1
522900,620,736,820,948,2,19,4294967295,33.59,688.60,100.00,0.00,3170.54,1
523896,620,736,820,948,1,20,4294967295,33.59,688.60,100.00,0.00,3170.54,1
524892,620,736,820,948,1,21,4294967295,33.59,688.60,100.00,0.00,3170.54,1
525888,619,736,820,948,1,20,4294967295,33.59,688.60,100.00,0.00,3170.54,1
526884,620,736,818,949,1,19,4294967295,33.59,688.60,100.00,0.00,3170.54,1
527880,620,736,819,948,1,20,4294967295,33.59,688.60,100.00,0.00,3170.54,1
528876,619,736,819,948,1,19,4294967295,33.59,688.60,100.00,0.00,3170.54,1
529872,620,736,817,948,1,19,4294967295,33.59,688.60,100.00,0.00,3170.54,1
530868,619,737,817,948,1,19,4294967295,33.59,688.60,100.00,0.00,3170.54,1
531864,618,737,817,948,1,19,4294967295,33.59,688.60,100.00,0.00,3170.54,1
532860,618,736,816,948,1,19,4294967295,33.59,688.60,100.00,0.00,3170.54,1
533856,619,737,817,948,2,20,4294967295,33.59,688.60,100.00,0.00,3170.54,1
534852,619,737,817,948,1,19,4294967295,33.59,688.60,100.00,0.00,3170.54,1
535848,620,736,817,947,1,19,4294967295,33.59,688.60,100.00,0.00,3170.54,1
536844,621,737,817,948,1,20,4294967295,33.59,688.60,100.00,0.00,3170.54,1
537840,621,736,817,948,1,21,4294967295,33.59,688.60,100.00,0.00,3170.54,1
538836,621,736,818,948,1,19,4294967295,33.59,688.60,100.00,0.00,3170.54,1
539832,622,737,818,948,1,18,4294967295,33.59,688.60,100.00,0.00,3170.54,1
540828,622,737,818,948,1,19,4294967295,33.59,688.60,100.00,0.00,3170.54,1
541824,621,737,817,948,1,19,4294967295,33.59,688.60,100.00,0.00,3170.54,1
542820,622,737,817,947,1,19,4294967295,33.59,688.60,100.00,0.00,3170.54,1
543816,622,737,817,948,1,19,4294967295,33.59,688.60,100.00,0.00,3170.54,1
544812,621,737,817,948,1,20,4294967295,33.59,688.60,100.00,0.00,3170.54,1
545808,622,737,818,948,1,19,4294967295,33.59,688.60,100.00,0.00,3170.54,1
546804,622,737,818,948,1,20,4294967295,33.59,688.60,100.00,0.00,3170.54,1
547800,622,737,818,948,1,19,4294967295,33.59,688.60,100.00,0.00,3170.54,1
548796,622,738,819,948,1,20,4294967295,33.59,688.60,100.00,0.00,3170.54,1
549792,622,738,820,948,1,19,4294967295,33.59,688.60,100.00,0.00,3170.54,1
550788,622,737,820,948,1,19,4294967295,33.59,688.60,100.00,0.00,3170.54,1
551784,622,738,820,948,1,19,4294967295,33.59,688.60,100.00,0.00,3170.54,1
552780,623,737,821,948,1,19,4294967295,33.59,688.60,100.00,0.00,3170.54,1
553776,623,737,822,948,1,19,4294967295,33.59,688.60,100.00,0.00,3170.54,1
554772,624,738,822,948,1,19,4294967295,33.59,688.60,100.00,0.00,3170.54,1
555768,624,738,822,948,1,19,4294967295,33.59,688.60,100.00,0.00,3170.54,1
556764,624,738,823,948,1,19,4294967295,33.59,688.60,100.00,0.00,3170.54,1
557760,625,737,823,949,1,21,4294967295,33.59,688.60,100.00,0.00,3170.54,1
558756,624,737,823,948,1,19,4294967295,33.59,688.60,100.00,0.00,3170.54,1
559752,625,738,823,948,1,19,4294967295,33.59,688.60,100.00,0.00,3170.54,1
560748,626,738,823,948,1,19,4294967295,33.59,688.60,100.00,0.00,3170.54,1
561744,625,738,823,948,1,19,4294967295,33.59,688.60,100.00,0.00,3170.54,1
562740,625,738,823,949,1,19,4294967295,33.59,688.60,100.00,0.00,3170.54,1
563736,626,737,823,948,1,19,4294967295,33.59,688.60,100.00,0.00,3170.54,1
564732,625,737,824,948,1,19,4294967295,33.59,688.60,100.00,0.00,3170.54,1
565728,626,738,824,949,1,19,4294967295,33.59,688.60,100.00,0.00,3170.54,1
566724,626,737,824,949,1,19,4294967295,33.59,688.60,100.00,0.00,3170.54,1
567720,626,737,824,949,1,19,4294967295,33.59,688.60,100.00,0.00,3170.54,1
568716,626,738,824,949,1,19,4294967295,33.59,688.60,100.00,0.00,3170.54,1
569712,625,737,824,949,1,20,4294967295,33.59,688.60,100.00,0.00,3170.54,1
570708,626,737,824,948,1,19,4294967295,33.59,688.60,100.00,0.00,3170.54,1
571704,625,737,824,949,1,19,4294967295,33.59,688.60,100.00,0.00,3170.54,1
572700,625,737,824,949,1,19,4294967295,33.59,688.60,100.00,0.00,3170.54,1
573696,625,737,824,949,1,19,4294967295,33.59,688.60,100.00,0.00,3170.54,1
574692,625,737,824,949,2,19,4294967295,33.59,688.60,100.00,0.00,3170.54,1
575688,625,737,825,949,1,19,4294967295,33.59,688.60,100.00,0.00,3170.54,1
576684,625,737,824,949,1,20,4294967295,33.59,688.60,100.00,0.00,3170.54,1
577680,625,737,825,949,1,19,4294967295,33.59,688.60,100.00,0.00,3170.54,1
578676,625,738,824,949,1,19,4294967295,33.59,688.60,100.00,0.00,3170.54,1
579672,626,737,824,949,1,19,4294967295,33.59,688.60,100.00,0.00,3170.54,1
580668,626,737,824,949,1,18,4294967295,33.59,688.60,100.00,0.00,3170.54,1
581664,625,737,825,949,1,19,4294967295,33.59,688.60,100.00,0.00,3170.54,1
582660,626,738,824,948,1,19,4294967295,33.59,688.60,100.00,0.00,3170.54,1
583656,626,738,824,948,1,19,4294967295,33.59,688.60,100.00,0.00,3170.54,1
584652,626,737,825,948,1,19,4294967295,33.59,688.60,100.00,0.00,3170.54,1
585648,626,738,824,950,1,19,4294967295,33.59,688.60,100.00,0.00,3170.54,1
586644,627,737,824,948,1,19,4294967295,33.59,688.60,100.00,0.00,3170.54,1
587640,626,738,825,949,1,19,4294967295,33.59,688.60,100.00,0.00,3170.54,1
588636,626,738,824,948,1,19,4294967295,33.59,688.60,100.00,0.00,3170.54,1
589632,627,738,824,949,1,19,4294967295,33.59,688.60,100.00,0.00,3170.54,1
590628,625,739,824,948,1,19,4294967295,33.59,688.60,100.00,0.00,3170.54,1
591624,626,738,824,949,1,18,4294967295,33.59,688.60,100.00,0.00,3170.54,1
592620,626,738,824,949,1,20,4294967295,33.59,688.60,100.00,0.00,3170.54,1
593616,626,739,825,949,1,19,4294967295,33.59,688.60,100.00,0.00,3170.54,1
594612,626,738,825,949,1,19,4294967295,33.59,688.60,100.00,0.00,3170.54,1
595608,626,738,824,949,1,19,4294967295,33.59,688.60,100.00,0.00,3170.54,1
596604,627,738,824,949,1,19,4294967295,33.59,688.60,100.00,0.00,3170.54,1
597600,627,738,824,949,1,19,4294967295,33.59,688.60,100.00,0.00,3170.54,1
598596,627,738,825,949,1,19,4294967295,33.59,688.60,100.00,0.00,3170.54,1
599592,627,738,825,949,1,19,4294967295,33.59,688.60,100.00,0.00,3170.54,1
0,627,738,825,949,1,19,4294967295,33.59,688.60,100.00,0.00,3170.54,1
996,627,739,825,949,1,19,4294967295,33.59,688.60,100.00,0.00,3170.54,1
1992,626,739,825,949,1,19,4294967295,33.59,688.60,100.00,0.00,3170.54,1
2988,627,739,825,949,1,19,4294967295,33.59,688.60,100.00,0.00,3170.54,1
3984,626,739,825,949,1,19,4294967295,33.59,688.60,100.00,0.00,3170.54,1
4980,627,739,824,949,1,19,4294967295,33.59,688.60,100.00,0.00,3170.54,1
5976,627,739,825,949,1,19,4294967295,33.59,688.60,100.00,0.00,3170.54,1
6972,626,739,824,949,1,19,4294967295,33.59,688.60,100.00,0.00,3170.54,1
7968,627,739,824,949,1,19,4294967295,33.59,688.60,100.00,0.00,3170.54,1
8964,627,739,824,949,1,19,4294967295,33.59,688.60,100.00,0.00,3170.54,1
9960,626,739,823,949,1,19,4294967295,33.59,688.60,100.00,0.00,3170.54,1
10956,625,739,823,949,1,19,4294967295,33.59,688.60,100.00,0.00,3170.54,1
11952,625,739,823,948,1,19,4294967295,33.59,688.60,100.00,0.00,3170.54,1
12948,623,739,822,949,1,19,4294967295,33.59,688.60,100.00,0.00,3170.54,1
13944,624,739,821,949,1,19,4294967295,33.59,688.60,100.00,0.00,3170.54,1
14940,623,739,821,948,1,19,4294967295,33.59,688.60,100.00,0.00,3170.54,1
15936,622,738,822,949,1,19,4294967295,33.59,688.60,100.00,0.00,3170.54,1
16932,622,739,821,948,1,19,4294967295,33.59,688.60,100.00,0.00,3170.54,1
17928,622,739,821,948,1,19,4294967295,33.59,688.60,100.00,0.00,3170.54,1
18924,621,738,820,948,1,19,4294967295,33.59,688.60,100.00,0.00,3170.54,1
19920,622,739,819,948,1,19,4294967295,33.59,688.60,100.00,0.00,3170.54,1
20916,620,738,819,948,1,20,4294967295,33.59,688.60,100.00,0.00,3170.54,1
21912,620,739,818,948,1,19,4294967295,33.59,688.60,100.00,0.00,3170.54,1
22908,621,739,819,948,2,19,4294967295,33.59,688.60,100.00,0.00,3170.54,1
23904,621,739,818,949,1,19,4294967295,33.59,688.60,100.00,0.00,3170.54,1
24900,621,739,819,948,1,19,4294967295,33.59,688.60,100.00,0.00,3170.54,1
25896,621,739,819,948,1,19,4294967295,33.59,688.60,100.00,0.00,3170.54,1
26892,621,739,818,948,1,19,4294967295,33.59,688.60,100.00,0.00,3170.54,1
27888,621,739,820,948,1,19,4294967295,33.59,688.60,100.00,0.00,3170.54,1
28884,621,739,819,948,1,19,4294967295,33.59,688.60,100.00,0.00,3170.54,1
29880,621,739,820,948,1,18,4294967295,33.59,688.60,100.00,0.00,3170.54,1
30876,622,739,820,948,1,19,4294967295,33.59,688.60,100.00,0.00,3170.54,1
31872,623,739,820,948,1,19,4294967295,33.59,688.60,100.00,0.00,3170.54,1
32868,623,739,820,948,1,19,4294967295,33.59,688.60,100.00,0.00,3170.54,1
33864,623,739,820,948,1,19,4294967295,33.59,688.60,100.00,0.00,3170.54,1
34860,623,739,821,948,1,19,4294967295,33.59,688.60,100.00,0.00,3170.54,1
35856,623,740,821,948,1,19,4294967295,33.59,688.60,100.00,0.00,3170.54,1
36852,623,739,821,947,1,19,4294967295,33.59,688.60,100.00,0.00,3170.54,1
37848,623,739,821,948,1,19,4294967295,33.59,688.60,100.00,0.00,3170.54,1
38844,623,739,821,948,1,19,4294967295,33.59,688.60,100.00,0.00,3170.54,1
39840,624,739,822,948,1,19,4294967295,33.59,688.60,100.00,0.00,3170.54,1
40836,625,739,822,948,1,19,4294967295,33.59,688.60,100.00,0.00,3170.54,1
41832,625,740,823,948,1,19,4294967295,33.59,688.60,100.00,0.00,3170.54,1
42828,626,740,822,949,1,19,4294967295,33.59,688.60,100.00,0.00,3170.54,1
43824,626,739,822,948,1,19,4294967295,33.59,688.60,100.00,0.00,3170.54,1
44820,626,739,823,949,2,19,4294967295,33.59,688.60,100.00,0.00,3170.54,1
45816,626,739,823,948,1,19,4294967295,33.59,688.60,100.00,0.00,3170.54,1
46812,626,739,823,948,1,19,4294967295,33.59,688.60,100.00,0.00,3170.54,1
47808,626,740,823,948,1,19,4294967295,33.59,688.60,100.00,0.00,3170.54,1
48804,626,740,823,948,1,19,4294967295,33.59,688.60,100.00,0.00,3170.54,1
49800,626,740,823,949,1,19,4294967295,33.59,688.60,100.00,0.00,3170.54,1
50796,626,740,823,949,2,19,4294967295,33.59,688.60,100.00,0.00,3170.54,1
51792,626,740,823,948,1,19,4294967295,33.59,688.60,100.00,0.00,3170.54,1
52788,626,739,823,948,1,19,4294967295,33.59,688.60,100.00,0.00,3170.54,1
53784,626,739,824,948,1,19,4294967295,33.59,688.60,100.00,0.00,3170.54,1
54780,626,739,824,949,1,20,4294967295,33.59,688.60,100.00,0.00,3170.54,1
55776,627,740,824,948,1,19,4294967295,33.59,688.60,100.00,0.00,3170.54,1
56772,627,740,825,949,1,19,4294967295,33.59,688.60,100.00,0.00,3170.54,1
57768,627,740,825,949,1,19,4294967295,33.59,688.60,100.00,0.00,3170.54,1
58764,627,740,825,949,1,19,4294967295,33.59,688.60,100.00,0.00,3170.54,1
59760,627,740,824,948,1,19,4294967295,33.59,688.60,100.00,0.00,3170.54,1
60756,627,740,825,949,1,19,4294967295,33.59,688.60,100.00,0.00,3170.54,1
61752,628,740,825,948,1,19,4294967295,33.59,688.60,100.00,0.00,3170.54,1
62748,628,740,826,949,1,19,4294967295,33.59,688.60,100.00,0.00,3170.54,1
63744,627,739,825,948,1,19,4294967295,33.59,688.60,100.00,0.00,3170.54,1
64740,628,739,825,948,1,19,4294967295,33.59,688.60,100.00,0.00,3170.54,1
65736,628,740,826,949,1,19,4294967295,33.59,688.60,100.00,0.00,3170.54,1
66732,628,740,826,949,1,19,4294967295,33.59,688.60,100.00,0.00,3170.54,1
67728,629,740,826,949,1,19,4294967295,33.59,688.60,100.00,0.00,3170.54,1
68724,629,740,826,949,1,19,4294967295,33.59,688.60,100.00,0.00,3170.54,1
69720,629,740,826,948,1,19,4294967295,33.59,688.60,100.00,0.00,3170.54,1
70716,629,741,827,949,1,19,4294967295,33.59,688.60,100.00,0.00,3170.54,1
71712,629,740,826,950,1,19,4294967295,33.59,688.60,100.00,0.00,3170.54,1
72708,629,740,827,950,1,19,4294967295,33.59,688.60,100.00,0.00,3170.54,1
73704,630,741,827,949,1,19,4294967295,33.59,688.60,100.00,0.00,3170.54,1
74700,629,740,827,949,1,19,4294967295,33.59,688.60,100.00,0.00,3170.54,1
75696,629,741,827,949,1,19,4294967295,33.59,688.60,100.00,0.00,3170.54,1
76692,630,741,827,949,1,19,4294967295,33.59,688.60,100.00,0.00,3170.54,1
77688,630,741,828,949,1,19,4294967295,33.59,688.60,100.00,0.00,3170.54,1
78684,631,741,828,949,1,19,4294967295,33.59,688.60,100.00,0.00,3170.54,1
79680,631,741,827,949,1,19,4294967295,33.59,688.60,100.00,0.00,3170.54,1
80676,631,741,827,950,1,19,4294967295,33.59,688.60,100.00,0.00,3170.54,1
81672,630,741,828,949,1,19,4294967295,33.59,688.60,100.00,0.00,3170.54,1
82668,630,741,827,950,1,19,4294967295,33.59,688.60,100.00,0.00,3170.54,1
83664,631,740,828,949,1,19,4294967295,33.59,688.60,100.00,0.00,3170.54,1
84660,630,740,828,949,1,19,4294967295,33.59,688.60,100.00,0.00,3170.54,1
85656,630,741,828,950,1,19,4294967295,33.59,688.60,100.00,0.00,3170.54,1
86652,631,741,828,950,1,19,4294967295,33.59,688.60,100.00,0.00,3170.54,1
87648,630,741,828,949,1,19,4294967295,33.59,688.60,100.00,0.00,3170.54,1
88644,631,741,827,950,1,19,4294967295,33.59,688.60,100.00,0.00,3170.54,1
89640,631,741,828,949,1,19,4294967295,33.59,688.60,100.00,0.00,3170.54,1
90636,630,741,828,949,1,19,4294967295,33.59,688.60,100.00,0.00,3170.54,1
91632,631,741,828,950,1,19,4294967295,33.59,688.60,100.00,0.00,3170.54,1
92628,631,741,828,949,1,19,4294967295,33.59,688.60,100.00,0.00,3170.54,1
93624,631,742,828,950,1,19,4294967295,33.59,688.60,100.00,0.00,3170.54,1
94620,631,741,828,950,1,19,4294967295,33.59,688.60,100.00,0.00,3170.54,1
95616,632,741,828,950,1,19,4294967295,33.59,688.60,100.00,0.00,3170.54,1
96612,631,742,828,950,1,19,4294967295,33.59,688.60,100.00,0.00,3170.54,1
97608,631,741,828,950,1,19,4294967295,33.59,688.60,100.00,0.00,3170.54,1
98604,631,742,828,949,1,19,4294967295,33.59,688.60,100.00,0.00,3170.54,1
99600,631,741,829,950,1,19,4294967295,33.59,688.60,100.00,0.00,3170.54,1
100596,631,741,828,950,1,19,4294967295,33.59,688.60,100.00,0.00,3170.54,1
101592,631,742,828,950,1,19,4294967295,33.59,688.60,100.00,0.00,3170.54,1
102588,631,742,828,949,1,19,4294967295,33.59,688.60,100.00,0.00,3170.54,1
103584,632,742,829,950,1,19,4294967295,33.59,688.60,100.00,0.00,3170.54,1
104580,631,742,828,950,1,19,4294967295,33.59,688.60,100.00,0.00,3170.54,1
105576,632,742,829,950,1,19,4294967295,33.59,688.60,100.00,0.00,3170.54,1
106572,632,742,828,950,1,19,4294967295,33.59,688.60,100.00,0.00,3170.54,1
107568,632,741,828,951,1,19,4294967295,33.59,688.60,100.00,0.00,3170.54,1
108564,631,742,829,950,2,19,4294967295,33.59,688.60,100.00,0.00,3170.54,1
109560,632,742,828,950,1,19,4294967295,33.59,688.60,100.00,0.00,3170.54,1
110556,632,742,828,950,2,19,4294967295,33.59,688.60,100.00,0.00,3170.54,1
111552,631,741,828,950,1,19,4294967295,33.59,688.60,100.00,0.00,3170.54,1
112548,632,741,827,950,1,19,4294967295,33.59,688.60,100.00,0.00,3170.54,1
113544,631,742,827,950,1,19,4294967295,33.59,688.60,100.00,0.00,3170.54,1
114540,631,742,828,950,1,21,4294967295,33.59,688.60,100.00,0.00,3170.54,1
115536,631,742,827,950,1,19,4294967295,33.59,688.60,100.00,0.00,3170.54,1
116532,630,742,827,951,1,19,4294967295,33.59,688.60,100.00,0.00,3170.54,1
117528,631,742,827,950,1,19,4294967295,33.59,688.60,100.00,0.00,3170.54,1
118524,630,742,827,950,1,19,4294967295,33.59,688.60,100.00,0.00,3170.54,1
119520,630,742,827,950,1,19,4294967295,33.59,688.60,100.00,0.00,3170.54,1
120516,630,742,828,950,1,19,4294967295,33.59,688.60,100.00,0.00,3170.54,1
121512,631,742,827,950,1,19,4294967295,33.59,688.60,100.00,0.00,3170.54,1
122508,630,741,827,950,1,19,4294967295,33.59,688.60,100.00,0.00,3170.54,1
123504,630,742,828,950,1,19,4294967295,33.59,688.60,100.00,0.00,3170.54,1
124500,631,742,828,949,1,19,4294967295,33.59,688.60,100.00,0.00,3170.54,1
125496,631,742,828,950,1,19,4294967295,33.59,688.60,100.00,0.00,3170.54,1
126492,631,742,827,950,1,19,4294967295,33.59,688.60,100.00,0.00,3170.54,1
127488,631,743,827,950,1,19,4294967295,33.59,688.60,100.00,0.00,3170.54,1
128484,630,743,826,950,1,19,4294967295,33.59,688.60,100.00,0.00,3170.54,1
129480,629,742,826,950,1,19,4294967295,33.59,688.60,100.00,0.00,3170.54,1
130476,629,743,825,950,1,19,4294967295,33.59,688.60,100.00,0.00,3170.54,1
131472,629,743,825,950,1,19,4294967295,33.59,688.60,100.00,0.00,3170.54,1
132468,628,742,824,950,1,19,4294967295,33.59,688.60,100.00,0.00,3170.54,1
133464,628,742,824,950,1,19,4294967295,33.59,688.60,100.00,0.00,3170.54,1
134460,628,742,824,949,1,19,4294967295,33.59,688.60,100.00,0.00,3170.54,1
135456,628,743,824,949,1,19,4294967295,33.59,688.60,100.00,0.00,3170.54,1
136452,627,743,823,949,1,19,4294967295,33.59,688.60,100.00,0.00,3170.54,1
137448,627,743,823,949,1,19,4294967295,33.59,688.60,100.00,0.00,3170.54,1
138444,627,743,823,949,1,19,4294967295,33.59,688.60,100.00,0.00,3170.54,1
139440,627,742,824,950,1,19,4294967295,33.59,688.60,100.00,0.00,3170.54,1
140436,627,743,824,949,1,19,4294967295,33.59,688.60,100.00,0.00,3170.54,1
141432,627,742,824,949,1,19,4294967295,33.59,688.60,100.00,0.00,3170.54,1
142428,628,743,824,949,1,19,4294967295,33.59,688.60,100.00,0.00,3170.54,1
143424,628,742,824,950,1,19,4294967295,33.59,688.60,100.00,0.00,3170.54,1
144420,629,742,825,950,1,20,4294967295,33.59,688.60,100.00,0.00,3170.54,1
145416,628,743,824,950,1,19,4294967295,33.59,688.60,100.00,0.00,3170.54,1
146412,629,743,825,950,1,19,4294967295,33.59,688.60,100.00,0.00,3170.54,1
147408,629,742,825,949,1,19,4294967295,33.59,688.60,100.00,0.00,3170.54,1
148404,630,743,826,949,1,19,4294967295,33.59,688.60,100.00,0.00,3170.54,1
149400,630,743,826,949,1,19,4294967295,33.59,688.60,100.00,0.00,3170.54,1
150396,631,742,826,950,1,20,4294967295,33.59,688.60,100.00,0.00,3170.54,1
151392,630,743,826,949,1,19,4294967295,33.59,688.60,100.00,0.00,3170.54,1
152388,631,742,826,949,1,19,4294967295,33.59,688.60,100.00,0.00,3170.54,1
153384,630,742,827,950,1,19,4294967295,33.59,688.60,100.00,0.00,3170.54,1
154380,630,742,826,950,1,19,4294967295,33.59,688.60,100.00,0.00,3170.54,1
155376,630,743,827,949,1,19,4294967295,33.59,688.60,100.00,0.00,3170.54,1
156372,631,743,827,950,1,19,4294967295,33.59,688.60,100.00,0.00,3170.54,1
157368,632,742,827,950,1,19,4294967295,33.59,688.60,100.00,0.00,3170.54,1
158364,631,743,827,949,1,19,4294967295,33.59,688.60,100.00,0.00,3170.54,1
159360,631,743,828,950,1,19,4294967295,33.59,688.60,100.00,0.00,3170.54,1
160356,631,742,827,949,1,19,4294967295,33.59,688.60,100.00,0.00,3170.54,1
161352,631,743,827,950,1,19,4294967295,33.59,688.60,100.00,0.00,3170.54,1
162348,632,743,828,950,1,19,4294967295,33.59,688.60,100.00,0.00,3170.54,1
163344,631,743,827,949,1,19,4294967295,33.59,688.60,100.00,0.00,3170.54,1
164340,631,743,828,950,1,19,4294967295,33.59,688.60,100.00,0.00,3170.54,1
165336,632,742,828,950,1,19,4294967295,33.59,688.60,100.00,0.00,3170.54,1
166332,631,743,828,950,1,21,4294967295,33.59,688.60,100.00,0.00,3170.54,1
167328,632,742,829,950,1,19,4294967295,33.59,688.60,100.00,0.00,3170.54,1
168324,632,743,829,950,1,19,4294967295,33.59,688.60,100.00,0.00,3170.54,1
169320,632,743,828,950,1,19,4294967295,33.59,688.60,100.00,0.00,3170.54,1
170316,631,743,828,950,1,19,4294967295,33.59,688.60,100.00,0.00,3170.54,1
171312,631,742,828,951,1,19,4294967295,33.59,688.60,100.00,0.00,3170.54,1
172308,631,743,828,950,1,19,4294967295,33.59,688.60,100.00,0.00,3170.54,1
173304,632,743,829,950,1,19,4294967295,33.59,688.60,100.00,0.00,3170.54,1
174300,632,742,829,949,1,19,4294967295,33.59,688.60,100.00,0.00,3170.54,1
175296,631,743,828,950,1,19,4294967295,33.59,688.60,100.00,0.00,3170.54,1
176292,632,743,829,950,1,19,4294967295,33.59,688.60,100.00,0.00,3170.54,1
177288,632,743,828,950,1,19,4294967295,33.59,688.60,100.00,0.00,3170.54,1
178284,631,742,829,950,1,19,4294967295,33.59,688.60,100.00,0.00,3170.54,1
179280,631,743,828,949,1,19,4294967295,33.59,688.60,100.00,0.00,3170.54,1
180276,631,742,829,950,1,19,4294967295,33.59,688.60,100.00,0.00,3170.54,1
181272,632,742,829,950,1,19,4294967295,33.59,688.60,100.00,0.00,3170.54,1
182268,632,742,829,950,1,18,4294967295,33.59,688.60,100.00,0.00,3170.54,1
183264,631,742,828,950,1,19,4294967295,33.59,688.60,100.00,0.00,3170.54,1
184260,632,743,829,950,1,19,4294967295,33.59,688.60,100.00,0.00,3170.54,1
185256,631,742,829,950,1,19,4294967295,33.59,688.60,100.00,0.00,3170.54,1
186252,632,742,828,950,1,19,4294967295,33.59,688.60,100.00,0.00,3170.54,1
187248,632,742,830,950,1,19,4294967295,33.59,688.60,100.00,0.00,3170.54,1
188244,632,743,829,950,1,19,4294967295,33.59,688.60,100.00,0.00,3170.54,1
189240,632,742,830,950,1,19,4294967295,33.59,688.60,100.00,0.00,3170.54,1
190236,633,742,830,950,1,19,4294967295,33.59,688.60,100.00,0.00,3170.54,1
191232,632,743,829,951,1,19,4294967295,33.59,688.60,100.00,0.00,3170.54,1
192228,633,743,830,950,2,19,4294967295,33.59,688.60,100.00,0.00,3170.54,1
193224,633,742,829,951,1,19,4294967295,33.59,688.60,100.00,0.00,3170.54,1
194220,632,742,830,950,1,19,4294967295,33.59,688.60,100.00,0.00,3170.54,1
195216,633,743,830,950,1,19,4294967295,33.59,688.60,100.00,0.00,3170.54,1
196212,633,743,829,950,1,19,4294967295,33.59,688.60,100.00,0.00,3170.54,1
197208,633,743,830,951,1,19,4294967295,33.59,688.60,100.00,0.00,3170.54,1
198204,633,743,830,950,1,19,4294967295,33.59,688.60,100.00,0.00,3170.54,1
199200,633,743,829,950,1,19,4294967295,33.59,688.60,100.00,0.00,3170.54,1
200196,632,743,830,951,1,20,4294967295,33.59,688.60,100.00,0.00,3170.54,1
201192,633,743,829,951,1,19,4294967295,33.59,688.60,100.00,0.00,3170.54,1
202188,632,743,830,950,1,19,4294967295,33.59,688.60,100.00,0.00,3170.54,1
203184,633,743,829,950,1,19,4294967295,33.59,688.60,100.00,0.00,3170.54,1
204180,632,743,830,951,1,19,4294967295,33.59,688.60,100.00,0.00,3170.54,1
205176,633,743,829,950,1,19,4294967295,33.59,688.60,100.00,0.00,3170.54,1
206172,632,743,830,951,1,19,4294967295,33.59,688.60,100.00,0.00,3170.54,1
207168,633,743,829,950,1,19,4294967295,33.59,688.60,100.00,0.00,3170.54,1
208164,632,743,830,951,1,19,4294967295,33.59,688.60,100.00,0.00,3170.54,1
209160,633,743,829,950,1,19,4294967295,33.59,688.60,100.00,0.00,3170.54,1
210156,633,743,830,950,1,19,4294967295,33.59,688.60,100.00,0.00,3170.54,1
211152,633,744,830,950,1,19,4294967295,33.59,688.60,100.00,0.00,3170.54,1
212148,634,743,829,951,1,19,4294967295,33.59,688.60,100.00,0.00,3170.54,1
213144,634,744,829,950,1,19,4294967295,33.59,688.60,100.00,0.00,3170.54,1
214140,633,744,829,951,1,19,4294967295,33.59,688.60,100.00,0.00,3170.54,1
215136,633,744,829,951,1,19,4294967295,33.59,688.60,100.00,0.00,3170.54,1
216132,633,743,829,950,1,19,4294967295,33.59,688.60,100.00,0.00,3170.54,1
217128,633,743,828,950,1,19,4294967295,33.59,688.60,100.00,0.00,3170.54,1
218124,633,744,829,951,1,19,4294967295,33.59,688.60,100.00,0.00,3170.54,1
219120,632,744,828,951,1,19,4294967295,33.59,688.60,100.00,0.00,3170.54,1
220116,632,744,829,950,1,19,4294967295,33.59,688.60,100.00,0.00,3170.54,1
221112,632,744,829,951,1,19,4294967295,33.59,688.60,100.00,0.00,3170.54,1
222108,633,744,830,951,1,19,4294967295,33.59,688.60,100.00,0.00,3170.54,1
223104,634,744,830,950,1,19,4294967295,33.59,688.60,100.00,0.00,3170.54,1
224100,633,744,830,951,1,19,4294967295,33.59,688.60,100.00,0.00,3170.54,1
225096,633,743,830,950,1,19,4294967295,33.59,688.60,100.00,0.00,3170.54,1
226092,632,743,830,950,1,19,4294967295,33.59,688.60,100.00,0.00,3170.54,1
227088,633,744,830,950,1,19,4294967295,33.59,688.60,100.00,0.00,3170.54,1
228084,633,743,829,950,1,19,4294967295,33.59,688.60,100.00,0.00,3170.54,1
229080,632,743,830,950,1,20,4294967295,33.59,688.60,100.00,0.00,3170.54,1
230076,633,744,830,949,1,19,4294967295,33.59,688.60,100.00,0.00,3170.54,1
231072,633,744,830,950,1,17,4294967295,33.59,688.60,100.00,0.00,3170.54,1
232068,633,744,830,951,1,19,4294967295,33.59,688.60,100.00,0.00,3170.54,1
233064,633,744,830,950,1,19,4294967295,33.59,688.60,100.00,0.00,3170.54,1
234060,633,744,829,950,1,19,4294967295,33.59,688.60,100.00,0.00,3170.54,1
235056,634,744,830,950,1,19,4294967295,33.59,688.60,100.00,0.00,3170.54,1
236052,633,744,830,951,1,19,4294967295,33.59,688.60,100.00,0.00,3170.54,1
237048,634,744,830,951,1,19,4294967295,33.59,688.60,100.00,0.00,3170.54,1
238044,633,744,830,951,1,19,4294967295,33.59,688.60,100.00,0.00,3170.54,1
239040,634,744,830,950,1,19,4294967295,33.59,688.60,100.00,0.00,3170.54,1
240036,633,744,829,951,1,19,4294967295,33.59,688.60,100.00,0.00,3170.54,1
241032,633,744,830,950,1,19,4294967295,33.59,688.60,100.00,0.00,3170.54,1
242028,633,744,830,951,1,19,4294967295,33.59,688.60,100.00,0.00,3170.54,1
243024,633,744,830,951,1,19,4294967295,33.59,688.60,100.00,0.00,3170.54,1
244020,633,744,830,951,1,19,4294967295,33.59,688.60,100.00,0.00,3170.54,1
245016,633,744,830,950,1,19,4294967295,33.59,688.60,100.00,0.00,3170.54,1
246012,633,744,830,950,1,19,4294967295,33.59,688.60,100.00,0.00,3170.54,1
247008,633,744,829,950,1,19,4294967295,33.59,688.60,100.00,0.00,3170.54,1
248004,632,744,830,950,1,19,4294967295,33.59,688.60,100.00,0.00,3170.54,1
249000,633,744,829,950,1,19,4294967295,33.59,688.60,100.00,0.00,3170.54,1
249996,633,744,828,950,1,19,4294967295,33.59,688.60,100.00,0.00,3170.54,1
250992,633,744,829,951,1,19,4294967295,33.59,688.60,100.00,0.00,3170.54,1
251988,633,744,829,950,1,19,4294967295,33.59,688.60,100.00,0.00,3170.54,1
252984,632,744,829,951,1,19,4294967295,33.59,688.60,100.00,0.00,3170.54,1
253980,632,744,828,950,1,18,4294967295,33.59,688.60,100.00,0.00,3170.54,1
254976,632,744,828,950,1,19,4294967295,33.59,688.60,100.00,0.00,3170.54,1
255972,632,744,828,951,1,19,4294967295,33.59,688.60,100.00,0.00,3170.54,1
256968,631,744,829,950,1,19,4294967295,33.59,688.60,100.00,0.00,3170.54,1
257964,633,744,829,950,1,18,4294967295,33.59,688.60,100.00,0.00,3170.54,1
258960,632,744,828,950,1,19,4294967295,33.59,688.60,100.00,0.00,3170.54,1
259956,633,744,829,950,1,19,4294967295,33.59,688.60,100.00,0.00,3170.54,1
260952,633,744,829,951,1,19,4294967295,33.59,688.60,100.00,0.00,3170.54,1
261948,633,744,829,950,1,19,4294967295,33.59,688.60,100.00,0.00,3170.54,1
262944,634,744,829,951,1,19,4294967295,33.59,688.60,100.00,0.00,3170.54,1
263940,634,744,829,950,1,19,4294967295,33.59,688.60,100.00,0.00,3170.54,1
264936,634,744,829,951,1,19,4294967295,33.59,688.60,100.00,0.00,3170.54,1
265932,634,744,830,950,1,19,4294967295,33.59,688.60,100.00,0.00,3170.54,1
266928,634,744,829,950,1,18,4294967295,33.59,688.60,100.00,0.00,3170.54,1
267924,635,745,829,951,1,19,4294967295,33.59,688.60,100.00,0.00,3170.54,1
268920,634,744,829,951,1,19,4294967295,33.59,688.60,100.00,0.00,3170.54,1
269916,633,744,829,951,1,19,4294967295,33.59,688.60,100.00,0.00,3170.54,1
270912,633,744,829,951,1,19,4294967295,33.59,688.60,100.00,0.00,3170.54,1
271908,634,744,829,950,1,19,4294967295,33.59,688.60,100.00,0.00,3170.54,1
272904,633,744,829,950,1,19,4294967295,33.59,688.60,100.00,0.00,3170.54,1
273900,634,744,829,951,1,19,4294967295,33.59,688.60,100.00,0.00,3170.54,1
274896,633,744,830,950,1,19,4294967295,33.59,688.60,100.00,0.00,3170.54,1
275892,633,744,829,951,1,19,4294967295,33.59,688.60,100.00,0.00,3170.54,1
276888,633,744,829,950,2,19,4294967295,33.59,688.60,100.00,0.00,3170.54,1
277884,633,744,830,951,1,19,4294967295,33.59,688.60,100.00,0.00,3170.54,1
278880,634,744,829,951,1,19,4294967295,33.59,688.60,100.00,0.00,3170.54,1
279876,634,744,829,950,1,19,4294967295,33.59,688.60,100.00,0.00,3170.54,1
280872,634,744,830,950,1,19,4294967295,33.59,688.60,100.00,0.00,3170.54,1
281868,633,744,830,950,1,19,4294967295,33.59,688.60,100.00,0.00,3170.54,1
282864,634,744,830,950,1,19,4294967295,33.59,688.60,100.00,0.00,3170.54,1
283860,634,744,830,950,1,19,4294967295,33.59,688.60,100.00,0.00,3170.54,1
284856,634,743,829,950,1,19,4294967295,33.59,688.60,100.00,0.00,3170.54,1
285852,634,744,830,950,1,19,4294967295,33.59,688.60,100.00,0.00,3170.54,1
286848,633,744,829,950,1,19,4294967295,33.59,688.60,100.00,0.00,3170.54,1
287844,634,744,830,950,1,19,4294967295,33.59,688.60,100.00,0.00,3170.54,1
288840,634,744,829,950,1,18,4294967295,33.59,688.60,100.00,0.00,3170.54,1
289836,633,743,829,950,1,19,4294967295,33.59,688.60,100.00,0.00,3170.54,1
290832,634,744,830,950,1,19,4294967295,33.59,688.60,100.00,0.00,3170.54,1
291828,633,744,830,951,1,19,4294967295,33.59,688.60,100.00,0.00,3170.54,1
292824,634,743,829,951,1,19,4294967295,33.59,688.60,100.00,0.00,3170.54,1
293820,632,743,830,950,1,19,4294967295,33.59,688.60,100.00,0.00,3170.54,1
294816,633,743,829,950,1,19,4294967295,33.59,688.60,100.00,0.00,3170.54,1
295812,632,743,829,951,1,19,4294967295,33.59,688.60,100.00,0.00,3170.54,1
296808,633,743,829,950,1,19,4294967295,33.59,688.60,100.00,0.00,3170.54,1
297804,632,743,829,951,2,19,4294967295,33.59,688.60,100.00,0.00,3170.54,1
298800,633,743,830,950,1,19,4294967295,33.59,688.60,100.00,0.00,3170.54,1
299796,632,743,830,951,1,19,4294967295,33.59,688.60,100.00,0.00,3170.54,1
300792,632,743,830,951,1,18,4294967295,33.59,688.60,100.00,0.00,3170.54,1
301788,633,743,829,951,1,19,4294967295,33.59,688.60,100.00,0.00,3170.54,1
302784,632,742,830,951,1,19,4294967295,33.59,688.60,100.00,0.00,3170.54,1
303780,633,742,829,950,1,19,4294967295,33.59,688.60,100.00,0.00,3170.54,1
304776,632,742,829,950,1,19,4294967295,33.59,688.60,100.00,0.00,3170.54,1
305772,632,742,829,950,1,19,4294967295,33.59,688.60,100.00,0.00,3170.54,1
306768,632,742,829,950,1,19,4294967295,33.59,688.60,100.00,0.00,3170.54,1
307764,631,742,829,950,1,19,4294967295,33.59,688.60,100.00,0.00,3170.54,1
308760,631,741,829,950,1,19,4294967295,33.59,688.60,100.00,0.00,3170.54,1
309756,632,742,828,950,1,19,4294967295,33.59,688.60,100.00,0.00,3170.54,1
