{
 "__note_stimuli_formatting": "<stimuli><percentage of total mixture> or just <stimuli> if not measuring a mixture.",
 "__note_time_unit options": "seconds, minutes, milliseconds",
 "baudrate": 115200,
 "data_dir": "./data/genji-ko/2025-11-23-morning",
 "date": "2025-11-23 11:17:44.159357",
 "enviroment": "",
 "file": "12-channel.py",
 "memo": "sample in container without sensor for 5 minutes, then box over sensor for 10",
 "port": "/dev/cu.SLAB_USBtoUART",
 "start_time": "2025-11-23 11:07:43.359457",
 "stimuli1": "chienan",
 "stimuli2": "",
 "stimuli3": "",
 "time": "600.0",
 "time_units": "seconds"
}