timestamp,NO2,C2H5OH,VOC,CO,Alcohol,LPG,Benzene,Temperature,Pressure,Humidity,Gas_Resistance,Altitude,State454176,239,495,527,876,1,14,4294967295,33.59,688.60,100.00,0.00,3170.54,1
455172,239,494,526,877,1,13,4294967295,33.59,688.60,100.00,0.00,3170.54,1
456168,239,493,525,876,1,13,4294967295,33.59,688.60,100.00,0.00,3170.54,1
457164,239,493,524,876,1,14,4294967295,33.59,688.60,100.00,0.00,3170.54,1
458160,239,491,523,876,1,13,4294967295,33.59,688.60,100.00,0.00,3170.54,1
459156,240,491,523,876,1,14,4294967295,33.59,688.60,100.00,0.00,3170.54,1
460152,240,489,522,876,1,14,4294967295,33.59,688.60,100.00,0.00,3170.54,1
461148,240,489,520,876,1,13,4294967295,33.59,688.60,100.00,0.00,3170.54,1
462144,239,488,520,875,1,14,4294967295,33.59,688.60,100.00,0.00,3170.54,1
463140,240,487,519,876,1,14,4294967295,33.59,688.60,100.00,0.00,3170.54,1
464136,241,485,518,875,1,14,4294967295,33.59,688.60,100.00,0.00,3170.54,1
465132,240,484,518,874,1,14,4294967295,33.59,688.60,100.00,0.00,3170.54,1
466128,240,483,517,874,1,14,4294967295,33.59,688.60,100.00,0.00,3170.54,1
467124,240,483,516,873,1,14,4294967295,33.59,688.60,100.00,0.00,3170.54,1
468120,240,482,515,874,1,14,4294967295,33.59,688.60,100.00,0.00,3170.54,1
469116,241,481,514,873,1,14,4294967295,33.59,688.60,100.00,0.00,3170.54,1
470112,240,480,514,874,1,13,4294967295,33.59,688.60,100.00,0.00,3170.54,1
471108,240,480,513,874,1,14,4294967295,33.59,688.60,100.00,0.00,3170.54,1
472104,241,479,512,873,1,14,4294967295,33.59,688.60,100.00,0.00,3170.54,1
473100,241,478,511,872,1,14,4294967295,33.59,688.60,100.00,0.00,3170.54,1
474096,240,478,511,872,1,14,4294967295,33.59,688.60,100.00,0.00,3170.54,1
475092,240,477,511,872,1,14,4294967295,33.59,688.60,100.00,0.00,3170.54,1
476088,241,475,510,872,1,14,4294967295,33.59,688.60,100.00,0.00,3170.54,1
477084,241,475,510,872,1,14,4294967295,33.59,688.60,100.00,0.00,3170.54,1
478080,242,474,509,872,1,14,4294967295,33.59,688.60,100.00,0.00,3170.54,1
479076,241,473,509,872,1,14,4294967295,33.59,688.60,100.00,0.00,3170.54,1
480072,242,473,508,872,1,14,4294967295,33.59,688.60,100.00,0.00,3170.54,1
481068,242,471,507,872,1,15,4294967295,33.59,688.60,100.00,0.00,3170.54,1
482064,242,471,506,871,1,14,4294967295,33.59,688.60,100.00,0.00,3170.54,1
483060,242,470,505,871,1,14,4294967295,33.59,688.60,100.00,0.00,3170.54,1
484056,241,469,505,871,1,14,4294967295,33.59,688.60,100.00,0.00,3170.54,1
485052,242,468,505,870,1,14,4294967295,33.59,688.60,100.00,0.00,3170.54,1
486048,243,468,505,870,1,14,4294967295,33.59,688.60,100.00,0.00,3170.54,1
487044,243,466,504,871,1,14,4294967295,33.59,688.60,100.00,0.00,3170.54,1
488040,244,466,503,871,1,15,4294967295,33.59,688.60,100.00,0.00,3170.54,1
489036,243,465,503,871,1,14,4294967295,33.59,688.60,100.00,0.00,3170.54,1
490032,243,465,503,870,1,15,4294967295,33.59,688.60,100.00,0.00,3170.54,1
491028,245,464,502,869,1,14,4294967295,33.59,688.60,100.00,0.00,3170.54,1
492024,244,463,501,870,1,14,4294967295,33.59,688.60,100.00,0.00,3170.54,1
493020,245,463,501,869,1,14,4294967295,33.59,688.60,100.00,0.00,3170.54,1
494016,244,462,500,869,1,14,4294967295,33.59,688.60,100.00,0.00,3170.54,1
495012,244,461,499,870,1,14,4294967295,33.59,688.60,100.00,0.00,3170.54,1
496008,245,460,499,869,1,14,4294967295,33.59,688.60,100.00,0.00,3170.54,1
497004,245,459,499,869,1,15,4294967295,33.59,688.60,100.00,0.00,3170.54,1
498000,245,459,498,869,1,14,4294967295,33.59,688.60,100.00,0.00,3170.54,1
498996,246,458,498,868,1,15,4294967295,33.59,688.60,100.00,0.00,3170.54,1
499992,247,457,498,868,1,14,4294967295,33.59,688.60,100.00,0.00,3170.54,1
500988,247,457,497,868,1,14,4294967295,33.59,688.60,100.00,0.00,3170.54,1
501984,247,456,497,868,1,15,4294967295,33.59,688.60,100.00,0.00,3170.54,1
502980,247,455,497,867,1,15,4294967295,33.59,688.60,100.00,0.00,3170.54,1
503976,249,455,496,868,1,14,4294967295,33.59,688.60,100.00,0.00,3170.54,1
504972,249,454,495,868,1,15,4294967295,33.59,688.60,100.00,0.00,3170.54,1
505968,249,454,496,868,1,15,4294967295,33.59,688.60,100.00,0.00,3170.54,1
506964,250,452,495,867,1,15,4294967295,33.59,688.60,100.00,0.00,3170.54,1
507960,249,452,495,867,1,15,4294967295,33.59,688.60,100.00,0.00,3170.54,1
508956,250,452,495,867,1,14,4294967295,33.59,688.60,100.00,0.00,3170.54,1
509952,251,451,495,866,1,15,4294967295,33.59,688.60,100.00,0.00,3170.54,1
510948,252,450,495,867,1,15,4294967295,33.59,688.60,100.00,0.00,3170.54,1
511944,252,449,494,867,1,15,4294967295,33.59,688.60,100.00,0.00,3170.54,1
512940,253,449,493,867,1,15,4294967295,33.59,688.60,100.00,0.00,3170.54,1
513936,253,449,494,866,1,14,4294967295,33.59,688.60,100.00,0.00,3170.54,1
514932,253,448,494,866,1,15,4294967295,33.59,688.60,100.00,0.00,3170.54,1
515928,254,447,493,866,1,14,4294967295,33.59,688.60,100.00,0.00,3170.54,1
516924,255,446,492,866,1,15,4294967295,33.59,688.60,100.00,0.00,3170.54,1
517920,255,446,492,866,1,16,4294967295,33.59,688.60,100.00,0.00,3170.54,1
518916,256,445,492,865,1,15,4294967295,33.59,688.60,100.00,0.00,3170.54,1
519912,255,445,492,865,1,15,4294967295,33.59,688.60,100.00,0.00,3170.54,1
520908,256,444,492,865,1,15,4294967295,33.59,688.60,100.00,0.00,3170.54,1
521904,257,443,492,866,1,15,4294967295,33.59,688.60,100.00,0.00,3170.54,1
522900,257,443,492,865,1,15,4294967295,33.59,688.60,100.00,0.00,3170.54,1
523896,259,442,492,865,1,15,4294967295,33.59,688.60,100.00,0.00,3170.54,1
524892,258,442,491,864,1,15,4294967295,33.59,688.60,100.00,0.00,3170.54,1
525888,259,441,492,865,1,15,4294967295,33.59,688.60,100.00,0.00,3170.54,1
526884,260,441,491,865,1,15,4294967295,33.59,688.60,100.00,0.00,3170.54,1
527880,260,440,491,865,1,15,4294967295,33.59,688.60,100.00,0.00,3170.54,1
528876,261,440,492,865,1,15,4294967295,33.59,688.60,100.00,0.00,3170.54,1
529872,262,438,491,865,1,15,4294967295,33.59,688.60,100.00,0.00,3170.54,1
530868,263,438,491,865,1,15,4294967295,33.59,688.60,100.00,0.00,3170.54,1
531864,264,438,491,864,1,15,4294967295,33.59,688.60,100.00,0.00,3170.54,1
532860,264,438,491,863,1,16,4294967295,33.59,688.60,100.00,0.00,3170.54,1
533856,265,437,491,863,1,15,4294967295,33.59,688.60,100.00,0.00,3170.54,1
534852,265,437,491,864,1,15,4294967295,33.59,688.60,100.00,0.00,3170.54,1
535848,266,436,492,863,1,15,4294967295,33.59,688.60,100.00,0.00,3170.54,1
536844,266,436,491,864,1,16,4294967295,33.59,688.60,100.00,0.00,3170.54,1
537840,267,435,491,864,1,15,4294967295,33.59,688.60,100.00,0.00,3170.54,1
538836,267,434,491,863,1,15,4294967295,33.59,688.60,100.00,0.00,3170.54,1
539832,267,435,491,863,1,15,4294967295,33.59,688.60,100.00,0.00,3170.54,1
540828,268,434,491,863,1,15,4294967295,33.59,688.60,100.00,0.00,3170.54,1
541824,268,434,491,863,1,15,4294967295,33.59,688.60,100.00,0.00,3170.54,1
542820,270,433,491,863,1,15,4294967295,33.59,688.60,100.00,0.00,3170.54,1
543816,270,432,490,863,1,15,4294967295,33.59,688.60,100.00,0.00,3170.54,1
544812,271,432,491,863,1,15,4294967295,33.59,688.60,100.00,0.00,3170.54,1
545808,271,430,491,863,1,15,4294967295,33.59,688.60,100.00,0.00,3170.54,1
546804,271,431,491,862,1,15,4294967295,33.59,688.60,100.00,0.00,3170.54,1
547800,271,431,491,863,1,15,4294967295,33.59,688.60,100.00,0.00,3170.54,1
548796,273,430,491,863,1,15,4294967295,33.59,688.60,100.00,0.00,3170.54,1
549792,273,429,491,862,1,15,4294967295,33.59,688.60,100.00,0.00,3170.54,1
550788,273,429,491,863,1,15,4294967295,33.59,688.60,100.00,0.00,3170.54,1
551784,274,429,491,863,1,15,4294967295,33.59,688.60,100.00,0.00,3170.54,1
552780,274,428,491,862,1,15,4294967295,33.59,688.60,100.00,0.00,3170.54,1
553776,275,427,491,861,1,15,4294967295,33.59,688.60,100.00,0.00,3170.54,1
554772,275,427,491,861,1,16,4294967295,33.59,688.60,100.00,0.00,3170.54,1
555768,276,427,491,861,1,15,4294967295,33.59,688.60,100.00,0.00,3170.54,1
556764,275,426,491,861,1,15,4294967295,33.59,688.60,100.00,0.00,3170.54,1
557760,277,426,491,861,1,15,4294967295,33.59,688.60,100.00,0.00,3170.54,1
558756,278,425,491,861,1,15,4294967295,33.59,688.60,100.00,0.00,3170.54,1
559752,276,424,491,861,1,15,4294967295,33.59,688.60,100.00,0.00,3170.54,1
560748,277,424,490,861,1,16,4294967295,33.59,688.60,100.00,0.00,3170.54,1
561744,277,424,490,861,1,16,4294967295,33.59,688.60,100.00,0.00,3170.54,1
562740,277,424,490,861,1,15,4294967295,33.59,688.60,100.00,0.00,3170.54,1
563736,277,423,490,860,1,16,4294967295,33.59,688.60,100.00,0.00,3170.54,1
564732,277,423,490,860,1,16,4294967295,33.59,688.60,100.00,0.00,3170.54,1
565728,277,422,490,860,1,15,4294967295,33.59,688.60,100.00,0.00,3170.54,1
566724,277,421,490,860,1,15,4294967295,33.59,688.60,100.00,0.00,3170.54,1
567720,278,422,490,861,1,16,4294967295,33.59,688.60,100.00,0.00,3170.54,1
568716,279,421,490,859,1,16,4294967295,33.59,688.60,100.00,0.00,3170.54,1
569712,279,420,490,860,1,16,4294967295,33.59,688.60,100.00,0.00,3170.54,1
570708,280,420,490,860,1,16,4294967295,33.59,688.60,100.00,0.00,3170.54,1
571704,280,420,490,860,1,16,4294967295,33.59,688.60,100.00,0.00,3170.54,1
572700,281,419,490,860,1,16,4294967295,33.59,688.60,100.00,0.00,3170.54,1
573696,281,419,491,859,1,16,4294967295,33.59,688.60,100.00,0.00,3170.54,1
574692,282,418,491,860,1,16,4294967295,33.59,688.60,100.00,0.00,3170.54,1
575688,282,418,491,860,1,16,4294967295,33.59,688.60,100.00,0.00,3170.54,1
576684,283,418,491,860,1,17,4294967295,33.59,688.60,100.00,0.00,3170.54,1
577680,283,417,490,859,1,16,4294967295,33.59,688.60,100.00,0.00,3170.54,1
578676,283,417,491,860,1,16,4294967295,33.59,688.60,100.00,0.00,3170.54,1
579672,284,417,490,859,1,16,4294967295,33.59,688.60,100.00,0.00,3170.54,1
580668,284,417,491,859,1,16,4294967295,33.59,688.60,100.00,0.00,3170.54,1
581664,285,416,491,859,1,16,4294967295,33.59,688.60,100.00,0.00,3170.54,1
582660,285,416,491,859,1,16,4294967295,33.59,688.60,100.00,0.00,3170.54,1
583656,285,416,492,859,1,16,4294967295,33.59,688.60,100.00,0.00,3170.54,1
584652,286,415,492,859,1,16,4294967295,33.59,688.60,100.00,0.00,3170.54,1
585648,286,414,491,859,1,16,4294967295,33.59,688.60,100.00,0.00,3170.54,1
586644,287,414,492,859,1,16,4294967295,33.59,688.60,100.00,0.00,3170.54,1
587640,287,414,492,859,1,15,4294967295,33.59,688.60,100.00,0.00,3170.54,1
588636,287,414,492,859,1,15,4294967295,33.59,688.60,100.00,0.00,3170.54,1
589632,288,413,491,859,1,15,4294967295,33.59,688.60,100.00,0.00,3170.54,1
590628,289,413,493,859,1,15,4294967295,33.59,688.60,100.00,0.00,3170.54,1
591624,289,412,492,858,1,15,4294967295,33.59,688.60,100.00,0.00,3170.54,1
592620,290,413,493,858,1,15,4294967295,33.59,688.60,100.00,0.00,3170.54,1
593616,290,412,492,858,1,15,4294967295,33.59,688.60,100.00,0.00,3170.54,1
594612,290,412,493,858,1,15,4294967295,33.59,688.60,100.00,0.00,3170.54,1
595608,291,412,492,858,1,16,4294967295,33.59,688.60,100.00,0.00,3170.54,1
596604,291,411,493,858,1,15,4294967295,33.59,688.60,100.00,0.00,3170.54,1
597600,291,410,493,859,1,15,4294967295,33.59,688.60,100.00,0.00,3170.54,1
598596,292,410,493,858,1,15,4294967295,33.59,688.60,100.00,0.00,3170.54,1
599592,293,410,494,858,1,15,4294967295,33.59,688.60,100.00,0.00,3170.54,1
0,293,409,494,858,1,15,4294967295,33.59,688.60,100.00,0.00,3170.54,1
996,295,409,494,857,1,15,4294967295,33.59,688.60,100.00,0.00,3170.54,1
1992,295,409,495,858,1,16,4294967295,33.59,688.60,100.00,0.00,3170.54,1
2988,295,408,494,858,1,16,4294967295,33.59,688.60,100.00,0.00,3170.54,1
3984,296,408,495,858,1,15,4294967295,33.59,688.60,100.00,0.00,3170.54,1
4980,296,408,495,857,1,16,4294967295,33.59,688.60,100.00,0.00,3170.54,1
5976,297,407,495,857,1,16,4294967295,33.59,688.60,100.00,0.00,3170.54,1
6972,297,407,495,858,1,16,4294967295,33.59,688.60,100.00,0.00,3170.54,1
7968,298,407,495,857,1,16,4294967295,33.59,688.60,100.00,0.00,3170.54,1
8964,298,406,495,858,1,16,4294967295,33.59,688.60,100.00,0.00,3170.54,1
9960,298,406,496,857,1,16,4294967295,33.59,688.60,100.00,0.00,3170.54,1
10956,298,406,495,857,1,15,4294967295,33.59,688.60,100.00,0.00,3170.54,1
11952,297,406,496,857,1,16,4294967295,33.59,688.60,100.00,0.00,3170.54,1
12948,297,405,496,857,2,16,4294967295,33.59,688.60,100.00,0.00,3170.54,1
13944,297,406,495,856,1,16,4294967295,33.59,688.60,100.00,0.00,3170.54,1
14940,297,405,495,857,1,16,4294967295,33.59,688.60,100.00,0.00,3170.54,1
15936,297,404,495,856,1,15,4294967295,33.59,688.60,100.00,0.00,3170.54,1
16932,298,404,496,856,1,16,4294967295,33.59,688.60,100.00,0.00,3170.54,1
17928,297,404,496,856,1,16,4294967295,33.59,688.60,100.00,0.00,3170.54,1
18924,298,403,495,856,1,16,4294967295,33.59,688.60,100.00,0.00,3170.54,1
19920,299,403,496,857,1,15,4294967295,33.59,688.60,100.00,0.00,3170.54,1
20916,299,403,495,856,1,16,4294967295,33.59,688.60,100.00,0.00,3170.54,1
21912,299,403,496,856,1,16,4294967295,33.59,688.60,100.00,0.00,3170.54,1
22908,298,402,496,856,1,16,4294967295,33.59,688.60,100.00,0.00,3170.54,1
23904,300,403,496,856,1,15,4294967295,33.59,688.60,100.00,0.00,3170.54,1
24900,299,402,496,856,1,16,4294967295,33.59,688.60,100.00,0.00,3170.54,1
25896,300,401,497,856,1,16,4294967295,33.59,688.60,100.00,0.00,3170.54,1
26892,300,402,496,856,1,15,4294967295,33.59,688.60,100.00,0.00,3170.54,1
27888,300,401,496,856,1,15,4294967295,33.59,688.60,100.00,0.00,3170.54,1
28884,300,401,497,855,1,15,4294967295,33.59,688.60,100.00,0.00,3170.54,1
29880,300,401,496,856,1,16,4294967295,33.59,688.60,100.00,0.00,3170.54,1
30876,301,400,497,856,1,15,4294967295,33.59,688.60,100.00,0.00,3170.54,1
31872,301,400,496,856,1,16,4294967295,33.59,688.60,100.00,0.00,3170.54,1
32868,301,401,497,856,1,15,4294967295,33.59,688.60,100.00,0.00,3170.54,1
33864,302,400,497,855,1,16,4294967295,33.59,688.60,100.00,0.00,3170.54,1
34860,302,400,497,856,1,16,4294967295,33.59,688.60,100.00,0.00,3170.54,1
35856,302,399,497,855,1,15,4294967295,33.59,688.60,100.00,0.00,3170.54,1
36852,302,399,498,856,1,16,4294967295,33.59,688.60,100.00,0.00,3170.54,1
37848,303,399,498,855,1,16,4294967295,33.59,688.60,100.00,0.00,3170.54,1
38844,303,398,498,855,1,16,4294967295,33.59,688.60,100.00,0.00,3170.54,1
39840,305,399,499,856,1,15,4294967295,33.59,688.60,100.00,0.00,3170.54,1
40836,305,398,499,855,1,16,4294967295,33.59,688.60,100.00,0.00,3170.54,1
41832,305,398,499,855,1,16,4294967295,33.59,688.60,100.00,0.00,3170.54,1
42828,305,398,499,856,1,17,4294967295,33.59,688.60,100.00,0.00,3170.54,1
43824,307,398,499,855,1,16,4294967295,33.59,688.60,100.00,0.00,3170.54,1
44820,306,397,499,855,1,16,4294967295,33.59,688.60,100.00,0.00,3170.54,1
45816,307,397,499,855,1,16,4294967295,33.59,688.60,100.00,0.00,3170.54,1
46812,306,397,500,855,1,15,4294967295,33.59,688.60,100.00,0.00,3170.54,1
47808,307,397,500,855,1,16,4294967295,33.59,688.60,100.00,0.00,3170.54,1
48804,308,397,500,855,1,16,4294967295,33.59,688.60,100.00,0.00,3170.54,1
49800,308,397,500,854,1,16,4294967295,33.59,688.60,100.00,0.00,3170.54,1
50796,307,397,500,854,1,16,4294967295,33.59,688.60,100.00,0.00,3170.54,1
51792,307,396,499,854,1,16,4294967295,33.59,688.60,100.00,0.00,3170.54,1
52788,305,395,499,854,1,16,4294967295,33.59,688.60,100.00,0.00,3170.54,1
53784,304,395,498,853,1,16,4294967295,33.59,688.60,100.00,0.00,3170.54,1
54780,302,394,496,853,1,16,4294967295,33.59,688.60,100.00,0.00,3170.54,1
55776,300,394,496,854,1,16,4294967295,33.59,688.60,100.00,0.00,3170.54,1
56772,300,394,496,853,1,16,4294967295,33.59,688.60,100.00,0.00,3170.54,1
57768,299,393,496,853,1,16,4294967295,33.59,688.60,100.00,0.00,3170.54,1
58764,300,393,496,853,1,16,4294967295,33.59,688.60,100.00,0.00,3170.54,1
59760,299,392,496,853,1,16,4294967295,33.59,688.60,100.00,0.00,3170.54,1
60756,301,392,496,853,1,16,4294967295,33.59,688.60,100.00,0.00,3170.54,1
61752,301,392,496,854,1,16,4294967295,33.59,688.60,100.00,0.00,3170.54,1
62748,301,391,496,854,1,16,4294967295,33.59,688.60,100.00,0.00,3170.54,1
63744,302,391,496,853,1,16,4294967295,33.59,688.60,100.00,0.00,3170.54,1
64740,302,391,497,853,1,16,4294967295,33.59,688.60,100.00,0.00,3170.54,1
65736,303,391,498,853,1,16,4294967295,33.59,688.60,100.00,0.00,3170.54,1
66732,303,390,497,853,1,16,4294967295,33.59,688.60,100.00,0.00,3170.54,1
67728,304,390,498,852,1,16,4294967295,33.59,688.60,100.00,0.00,3170.54,1
68724,304,390,498,852,1,16,4294967295,33.59,688.60,100.00,0.00,3170.54,1
69720,305,390,498,853,1,16,4294967295,33.59,688.60,100.00,0.00,3170.54,1
70716,306,389,499,853,1,15,4294967295,33.59,688.60,100.00,0.00,3170.54,1
71712,306,389,499,853,1,16,4294967295,33.59,688.60,100.00,0.00,3170.54,1
72708,307,390,499,852,1,15,4294967295,33.59,688.60,100.00,0.00,3170.54,1
73704,307,389,500,852,1,15,4294967295,33.59,688.60,100.00,0.00,3170.54,1
74700,307,389,500,853,1,16,4294967295,33.59,688.60,100.00,0.00,3170.54,1
75696,307,389,500,852,2,16,4294967295,33.59,688.60,100.00,0.00,3170.54,1
76692,308,388,501,852,1,15,4294967295,33.59,688.60,100.00,0.00,3170.54,1
77688,310,388,501,852,1,15,4294967295,33.59,688.60,100.00,0.00,3170.54,1
78684,310,388,501,852,1,15,4294967295,33.59,688.60,100.00,0.00,3170.54,1
79680,310,388,501,852,1,17,4294967295,33.59,688.60,100.00,0.00,3170.54,1
80676,311,389,502,852,1,16,4294967295,33.59,688.60,100.00,0.00,3170.54,1
81672,311,388,502,852,1,16,4294967295,33.59,688.60,100.00,0.00,3170.54,1
82668,312,389,503,853,1,16,4294967295,33.59,688.60,100.00,0.00,3170.54,1
83664,312,388,503,853,1,16,4294967295,33.59,688.60,100.00,0.00,3170.54,1
84660,313,388,504,852,1,16,4294967295,33.59,688.60,100.00,0.00,3170.54,1
85656,314,388,504,853,1,16,4294967295,33.59,688.60,100.00,0.00,3170.54,1
86652,314,387,504,853,1,16,4294967295,33.59,688.60,100.00,0.00,3170.54,1
87648,314,388,505,852,1,16,4294967295,33.59,688.60,100.00,0.00,3170.54,1
88644,314,388,505,852,1,16,4294967295,33.59,688.60,100.00,0.00,3170.54,1
89640,315,387,505,853,1,18,4294967295,33.59,688.60,100.00,0.00,3170.54,1
90636,315,387,505,852,1,16,4294967295,33.59,688.60,100.00,0.00,3170.54,1
91632,316,387,506,853,1,16,4294967295,33.59,688.60,100.00,0.00,3170.54,1
92628,316,387,505,853,1,16,4294967295,33.59,688.60,100.00,0.00,3170.54,1
93624,316,387,506,852,1,15,4294967295,33.59,688.60,100.00,0.00,3170.54,1
94620,317,387,506,852,1,16,4294967295,33.59,688.60,100.00,0.00,3170.54,1
95616,318,387,506,852,1,16,4294967295,33.59,688.60,100.00,0.00,3170.54,1
96612,318,387,507,852,1,16,4294967295,33.59,688.60,100.00,0.00,3170.54,1
97608,317,387,506,852,1,16,4294967295,33.59,688.60,100.00,0.00,3170.54,1
98604,317,387,507,852,1,16,4294967295,33.59,688.60,100.00,0.00,3170.54,1
99600,318,386,508,853,1,16,4294967295,33.59,688.60,100.00,0.00,3170.54,1
100596,319,387,507,852,1,16,4294967295,33.59,688.60,100.00,0.00,3170.54,1
101592,319,386,508,853,1,16,4294967295,33.59,688.60,100.00,0.00,3170.54,1
102588,319,386,508,853,1,15,4294967295,33.59,688.60,100.00,0.00,3170.54,1
103584,319,387,508,852,1,16,4294967295,33.59,688.60,100.00,0.00,3170.54,1
104580,319,386,508,852,1,16,4294967295,33.59,688.60,100.00,0.00,3170.54,1
105576,319,386,509,852,1,16,4294967295,33.59,688.60,100.00,0.00,3170.54,1
106572,321,386,508,852,1,16,4294967295,33.59,688.60,100.00,0.00,3170.54,1
107568,319,386,509,852,1,15,4294967295,33.59,688.60,100.00,0.00,3170.54,1
108564,320,386,509,853,1,16,4294967295,33.59,688.60,100.00,0.00,3170.54,1
109560,321,385,509,852,1,16,4294967295,33.59,688.60,100.00,0.00,3170.54,1
110556,322,386,510,852,1,16,4294967295,33.59,688.60,100.00,0.00,3170.54,1
111552,322,385,510,852,1,17,4294967295,33.59,688.60,100.00,0.00,3170.54,1
112548,321,386,510,852,1,16,4294967295,33.59,688.60,100.00,0.00,3170.54,1
113544,322,385,510,852,1,16,4294967295,33.59,688.60,100.00,0.00,3170.54,1
114540,322,385,511,852,1,16,4294967295,33.59,688.60,100.00,0.00,3170.54,1
115536,322,385,511,852,1,15,4294967295,33.59,688.60,100.00,0.00,3170.54,1
116532,323,385,511,852,1,16,4294967295,33.59,688.60,100.00,0.00,3170.54,1
117528,323,385,511,853,1,16,4294967295,33.59,688.60,100.00,0.00,3170.54,1
118524,323,385,511,852,1,16,4294967295,33.59,688.60,100.00,0.00,3170.54,1
119520,323,385,511,853,1,16,4294967295,33.59,688.60,100.00,0.00,3170.54,1
120516,323,385,512,853,1,16,4294967295,33.59,688.60,100.00,0.00,3170.54,1
121512,323,385,512,853,1,15,4294967295,33.59,688.60,100.00,0.00,3170.54,1
122508,324,385,512,853,1,16,4294967295,33.59,688.60,100.00,0.00,3170.54,1
123504,324,384,512,853,1,16,4294967295,33.59,688.60,100.00,0.00,3170.54,1
124500,324,385,513,853,1,15,4294967295,33.59,688.60,100.00,0.00,3170.54,1
125496,324,385,513,852,1,16,4294967295,33.59,688.60,100.00,0.00,3170.54,1
126492,325,384,512,852,1,16,4294967295,33.59,688.60,100.00,0.00,3170.54,1
127488,324,384,513,853,1,16,4294967295,33.59,688.60,100.00,0.00,3170.54,1
128484,324,384,512,853,1,16,4294967295,33.59,688.60,100.00,0.00,3170.54,1
129480,323,384,511,851,1,16,4294967295,33.59,688.60,100.00,0.00,3170.54,1
130476,321,384,511,851,1,16,4294967295,33.59,688.60,100.00,0.00,3170.54,1
131472,320,384,510,851,1,16,4294967295,33.59,688.60,100.00,0.00,3170.54,1
132468,319,383,510,851,1,16,4294967295,33.59,688.60,100.00,0.00,3170.54,1
133464,318,383,509,851,1,16,4294967295,33.59,688.60,100.00,0.00,3170.54,1
134460,317,382,508,851,1,16,4294967295,33.59,688.60,100.00,0.00,3170.54,1
135456,316,382,508,851,1,16,4294967295,33.59,688.60,100.00,0.00,3170.54,1
136452,316,381,508,850,1,16,4294967295,33.59,688.60,100.00,0.00,3170.54,1
137448,315,381,507,850,1,15,4294967295,33.59,688.60,100.00,0.00,3170.54,1
138444,315,381,507,851,1,16,4294967295,33.59,688.60,100.00,0.00,3170.54,1
139440,315,380,507,851,1,15,4294967295,33.59,688.60,100.00,0.00,3170.54,1
140436,314,381,507,850,1,16,4294967295,33.59,688.60,100.00,0.00,3170.54,1
141432,315,380,508,850,1,15,4294967295,33.59,688.60,100.00,0.00,3170.54,1
142428,315,380,507,850,1,15,4294967295,33.59,688.60,100.00,0.00,3170.54,1
143424,316,380,508,851,1,16,4294967295,33.59,688.60,100.00,0.00,3170.54,1
144420,316,380,508,849,1,15,4294967295,33.59,688.60,100.00,0.00,3170.54,1
145416,316,380,508,850,1,15,4294967295,33.59,688.60,100.00,0.00,3170.54,1
146412,317,380,508,850,1,16,4294967295,33.59,688.60,100.00,0.00,3170.54,1
147408,317,379,508,850,1,16,4294967295,33.59,688.60,100.00,0.00,3170.54,1
148404,317,379,509,850,1,16,4294967295,33.59,688.60,100.00,0.00,3170.54,1
149400,318,379,509,850,1,16,4294967295,33.59,688.60,100.00,0.00,3170.54,1
150396,319,379,510,850,1,16,4294967295,33.59,688.60,100.00,0.00,3170.54,1
151392,319,379,511,849,1,16,4294967295,33.59,688.60,100.00,0.00,3170.54,1
152388,320,379,511,849,1,17,4294967295,33.59,688.60,100.00,0.00,3170.54,1
153384,321,378,511,851,1,16,4294967295,33.59,688.60,100.00,0.00,3170.54,1
154380,321,379,511,850,1,16,4294967295,33.59,688.60,100.00,0.00,3170.54,1
155376,321,379,511,850,1,16,4294967295,33.59,688.60,100.00,0.00,3170.54,1
156372,322,379,512,851,1,16,4294967295,33.59,688.60,100.00,0.00,3170.54,1
157368,322,379,512,851,1,16,4294967295,33.59,688.60,100.00,0.00,3170.54,1
158364,323,379,512,850,1,16,4294967295,33.59,688.60,100.00,0.00,3170.54,1
159360,324,379,513,850,1,16,4294967295,33.59,688.60,100.00,0.00,3170.54,1
160356,324,379,514,851,1,16,4294967295,33.59,688.60,100.00,0.00,3170.54,1
161352,324,379,514,851,1,16,4294967295,33.59,688.60,100.00,0.00,3170.54,1
162348,325,379,514,851,1,16,4294967295,33.59,688.60,100.00,0.00,3170.54,1
163344,325,378,515,851,1,16,4294967295,33.59,688.60,100.00,0.00,3170.54,1
164340,325,379,515,851,1,16,4294967295,33.59,688.60,100.00,0.00,3170.54,1
165336,326,379,515,851,1,16,4294967295,33.59,688.60,100.00,0.00,3170.54,1
166332,327,378,516,851,1,16,4294967295,33.59,688.60,100.00,0.00,3170.54,1
167328,327,378,516,851,1,16,4294967295,33.59,688.60,100.00,0.00,3170.54,1
168324,327,379,516,851,1,16,4294967295,33.59,688.60,100.00,0.00,3170.54,1
169320,327,379,516,850,1,16,4294967295,33.59,688.60,100.00,0.00,3170.54,1
170316,326,379,516,851,1,16,4294967295,33.59,688.60,100.00,0.00,3170.54,1
171312,326,378,515,851,1,16,4294967295,33.59,688.60,100.00,0.00,3170.54,1
172308,326,378,516,851,1,16,4294967295,33.59,688.60,100.00,0.00,3170.54,1
173304,327,378,517,851,1,16,4294967295,33.59,688.60,100.00,0.00,3170.54,1
174300,328,378,517,851,1,15,4294967295,33.59,688.60,100.00,0.00,3170.54,1
175296,327,378,517,850,1,15,4294967295,33.59,688.60,100.00,0.00,3170.54,1
176292,327,378,517,850,1,15,4294967295,33.59,688.60,100.00,0.00,3170.54,1
177288,328,378,517,851,1,15,4294967295,33.59,688.60,100.00,0.00,3170.54,1
178284,328,379,517,851,1,16,4294967295,33.59,688.60,100.00,0.00,3170.54,1
179280,328,378,518,851,1,15,4294967295,33.59,688.60,100.00,0.00,3170.54,1
180276,328,379,518,850,1,15,4294967295,33.59,688.60,100.00,0.00,3170.54,1
181272,328,379,518,851,1,15,4294967295,33.59,688.60,100.00,0.00,3170.54,1
182268,329,378,519,851,1,16,4294967295,33.59,688.60,100.00,0.00,3170.54,1
183264,329,378,518,851,1,16,4294967295,33.59,688.60,100.00,0.00,3170.54,1
184260,329,379,519,851,1,15,4294967295,33.59,688.60,100.00,0.00,3170.54,1
185256,329,379,519,850,1,15,4294967295,33.59,688.60,100.00,0.00,3170.54,1
186252,330,379,519,851,1,15,4294967295,33.59,688.60,100.00,0.00,3170.54,1
187248,331,378,520,851,1,16,4294967295,33.59,688.60,100.00,0.00,3170.54,1
188244,331,378,520,851,1,15,4294967295,33.59,688.60,100.00,0.00,3170.54,1
189240,331,378,520,851,1,15,4294967295,33.59,688.60,100.00,0.00,3170.54,1
190236,331,378,521,850,1,15,4294967295,33.59,688.60,100.00,0.00,3170.54,1
191232,331,379,521,851,1,15,4294967295,33.59,688.60,100.00,0.00,3170.54,1
192228,332,379,521,851,1,15,4294967295,33.59,688.60,100.00,0.00,3170.54,1
193224,331,378,520,851,1,15,4294967295,33.59,688.60,100.00,0.00,3170.54,1
194220,332,378,520,851,1,15,4294967295,33.59,688.60,100.00,0.00,3170.54,1
195216,332,379,522,852,1,16,4294967295,33.59,688.60,100.00,0.00,3170.54,1
196212,333,378,522,851,1,15,4294967295,33.59,688.60,100.00,0.00,3170.54,1
197208,333,378,522,851,1,15,4294967295,33.59,688.60,100.00,0.00,3170.54,1
198204,333,379,521,851,1,15,4294967295,33.59,688.60,100.00,0.00,3170.54,1
199200,334,378,522,851,1,15,4294967295,33.59,688.60,100.00,0.00,3170.54,1
200196,334,379,522,851,1,15,4294967295,33.59,688.60,100.00,0.00,3170.54,1
201192,334,378,522,851,1,16,4294967295,33.59,688.60,100.00,0.00,3170.54,1
202188,334,379,522,851,1,16,4294967295,33.59,688.60,100.00,0.00,3170.54,1
203184,334,378,523,851,1,15,4294967295,33.59,688.60,100.00,0.00,3170.54,1
204180,335,378,523,851,1,16,4294967295,33.59,688.60,100.00,0.00,3170.54,1
205176,335,379,524,850,1,16,4294967295,33.59,688.60,100.00,0.00,3170.54,1
206172,334,378,524,850,1,15,4294967295,33.59,688.60,100.00,0.00,3170.54,1
207168,335,378,523,851,1,16,4294967295,33.59,688.60,100.00,0.00,3170.54,1
208164,335,378,524,850,1,16,4294967295,33.59,688.60,100.00,0.00,3170.54,1
209160,335,379,524,851,1,16,4294967295,33.59,688.60,100.00,0.00,3170.54,1
210156,335,378,525,851,1,16,4294967295,33.59,688.60,100.00,0.00,3170.54,1
211152,335,378,525,851,1,16,4294967295,33.59,688.60,100.00,0.00,3170.54,1
212148,336,378,525,851,1,15,4294967295,33.59,688.60,100.00,0.00,3170.54,1
213144,336,378,525,850,1,16,4294967295,33.59,688.60,100.00,0.00,3170.54,1
214140,336,378,524,851,1,16,4294967295,33.59,688.60,100.00,0.00,3170.54,1
215136,336,379,525,851,1,16,4294967295,33.59,688.60,100.00,0.00,3170.54,1
216132,336,379,526,851,1,16,4294967295,33.59,688.60,100.00,0.00,3170.54,1
217128,336,378,525,851,1,16,4294967295,33.59,688.60,100.00,0.00,3170.54,1
218124,336,378,526,851,1,16,4294967295,33.59,688.60,100.00,0.00,3170.54,1
219120,336,378,526,851,2,16,4294967295,33.59,688.60,100.00,0.00,3170.54,1
220116,336,379,526,851,1,16,4294967295,33.59,688.60,100.00,0.00,3170.54,1
221112,337,379,526,851,1,16,4294967295,33.59,688.60,100.00,0.00,3170.54,1
222108,337,379,526,851,1,16,4294967295,33.59,688.60,100.00,0.00,3170.54,1
223104,337,378,527,851,1,15,4294967295,33.59,688.60,100.00,0.00,3170.54,1
224100,337,379,527,851,1,16,4294967295,33.59,688.60,100.00,0.00,3170.54,1
225096,337,378,527,851,1,15,4294967295,33.59,688.60,100.00,0.00,3170.54,1
226092,338,379,527,850,1,15,4294967295,33.59,688.60,100.00,0.00,3170.54,1
227088,337,378,527,851,1,16,4294967295,33.59,688.60,100.00,0.00,3170.54,1
228084,338,378,528,850,1,16,4294967295,33.59,688.60,100.00,0.00,3170.54,1
229080,338,378,527,851,1,16,4294967295,33.59,688.60,100.00,0.00,3170.54,1
230076,338,379,528,851,1,15,4294967295,33.59,688.60,100.00,0.00,3170.54,1
231072,338,378,528,851,1,16,4294967295,33.59,688.60,100.00,0.00,3170.54,1
232068,338,378,528,851,1,16,4294967295,33.59,688.60,100.00,0.00,3170.54,1
233064,338,379,528,850,1,16,4294967295,33.59,688.60,100.00,0.00,3170.54,1
234060,338,378,529,851,1,16,4294967295,33.59,688.60,100.00,0.00,3170.54,1
235056,338,378,528,851,1,15,4294967295,33.59,688.60,100.00,0.00,3170.54,1
236052,339,378,529,850,1,15,4294967295,33.59,688.60,100.00,0.00,3170.54,1
237048,338,379,529,851,1,15,4294967295,33.59,688.60,100.00,0.00,3170.54,1
238044,339,378,528,851,1,16,4294967295,33.59,688.60,100.00,0.00,3170.54,1
239040,337,378,528,851,1,16,4294967295,33.59,688.60,100.00,0.00,3170.54,1
240036,337,378,527,851,1,16,4294967295,33.59,688.60,100.00,0.00,3170.54,1
241032,337,378,527,850,1,16,4294967295,33.59,688.60,100.00,0.00,3170.54,1
242028,337,378,528,851,1,16,4294967295,33.59,688.60,100.00,0.00,3170.54,1
243024,337,378,528,851,1,16,4294967295,33.59,688.60,100.00,0.00,3170.54,1
244020,336,378,528,851,1,16,4294967295,33.59,688.60,100.00,0.00,3170.54,1
245016,337,378,528,851,1,16,4294967295,33.59,688.60,100.00,0.00,3170.54,1
246012,337,378,528,850,1,16,4294967295,33.59,688.60,100.00,0.00,3170.54,1
247008,337,378,529,850,1,16,4294967295,33.59,688.60,100.00,0.00,3170.54,1
248004,338,378,528,850,1,15,4294967295,33.59,688.60,100.00,0.00,3170.54,1
249000,338,378,529,850,1,15,4294967295,33.59,688.60,100.00,0.00,3170.54,1
249996,337,378,528,850,1,16,4294967295,33.59,688.60,100.00,0.00,3170.54,1
250992,338,378,529,850,1,16,4294967295,33.59,688.60,100.00,0.00,3170.54,1
251988,338,378,529,851,1,15,4294967295,33.59,688.60,100.00,0.00,3170.54,1
252984,337,378,530,850,1,15,4294967295,33.59,688.60,100.00,0.00,3170.54,1
253980,338,379,530,850,1,16,4294967295,33.59,688.60,100.00,0.00,3170.54,1
254976,339,378,530,850,1,16,4294967295,33.59,688.60,100.00,0.00,3170.54,1
255972,339,379,530,850,1,16,4294967295,33.59,688.60,100.00,0.00,3170.54,1
256968,339,378,530,850,1,16,4294967295,33.59,688.60,100.00,0.00,3170.54,1
257964,339,378,530,850,1,15,4294967295,33.59,688.60,100.00,0.00,3170.54,1
258960,339,378,530,850,1,16,4294967295,33.59,688.60,100.00,0.00,3170.54,1
259956,339,378,530,851,1,16,4294967295,33.59,688.60,100.00,0.00,3170.54,1
260952,339,378,531,850,1,16,4294967295,33.59,688.60,100.00,0.00,3170.54,1
261948,340,379,531,851,1,15,4294967295,33.59,688.60,100.00,0.00,3170.54,1
262944,340,379,532,850,1,16,4294967295,33.59,688.60,100.00,0.00,3170.54,1
263940,340,378,531,849,1,16,4294967295,33.59,688.60,100.00,0.00,3170.54,1
264936,340,378,531,850,1,16,4294967295,33.59,688.60,100.00,0.00,3170.54,1
265932,339,378,531,851,1,16,4294967295,33.59,688.60,100.00,0.00,3170.54,1
266928,339,378,531,850,1,15,4294967295,33.59,688.60,100.00,0.00,3170.54,1
267924,339,378,531,850,1,16,4294967295,33.59,688.60,100.00,0.00,3170.54,1
268920,339,378,531,851,1,15,4294967295,33.59,688.60,100.00,0.00,3170.54,1
269916,339,378,531,851,1,15,4294967295,33.59,688.60,100.00,0.00,3170.54,1
270912,339,378,531,850,1,15,4294967295,33.59,688.60,100.00,0.00,3170.54,1
271908,339,378,531,850,1,16,4294967295,33.59,688.60,100.00,0.00,3170.54,1
272904,339,378,532,849,1,15,4294967295,33.59,688.60,100.00,0.00,3170.54,1
273900,339,378,532,850,1,16,4294967295,33.59,688.60,100.00,0.00,3170.54,1
274896,340,378,532,850,1,17,4294967295,33.59,688.60,100.00,0.00,3170.54,1
275892,340,378,533,851,1,16,4294967295,33.59,688.60,100.00,0.00,3170.54,1
276888,340,378,532,850,1,16,4294967295,33.59,688.60,100.00,0.00,3170.54,1
277884,340,378,532,850,1,16,4294967295,33.59,688.60,100.00,0.00,3170.54,1
278880,340,378,532,850,1,16,4294967295,33.59,688.60,100.00,0.00,3170.54,1
279876,340,378,532,850,1,16,4294967295,33.59,688.60,100.00,0.00,3170.54,1
280872,339,378,532,850,1,16,4294967295,33.59,688.60,100.00,0.00,3170.54,1
281868,339,378,532,850,1,16,4294967295,33.59,688.60,100.00,0.00,3170.54,1
282864,339,378,532,850,1,16,4294967295,33.59,688.60,100.00,0.00,3170.54,1
283860,339,378,531,849,1,16,4294967295,33.59,688.60,100.00,0.00,3170.54,1
284856,339,378,532,849,1,16,4294967295,33.59,688.60,100.00,0.00,3170.54,1
285852,339,378,531,850,1,16,4294967295,33.59,688.60,100.00,0.00,3170.54,1
286848,339,378,531,850,1,16,4294967295,33.59,688.60,100.00,0.00,3170.54,1
287844,338,378,531,850,1,16,4294967295,33.59,688.60,100.00,0.00,3170.54,1
288840,339,378,531,849,1,16,4294967295,33.59,688.60,100.00,0.00,3170.54,1
289836,338,378,531,850,2,16,4294967295,33.59,688.60,100.00,0.00,3170.54,1
290832,338,378,531,849,1,16,4294967295,33.59,688.60,100.00,0.00,3170.54,1
291828,337,378,530,850,1,15,4294967295,33.59,688.60,100.00,0.00,3170.54,1
292824,337,378,530,849,1,16,4294967295,33.59,688.60,100.00,0.00,3170.54,1
293820,336,378,531,849,1,15,4294967295,33.59,688.60,100.00,0.00,3170.54,1
294816,336,378,530,849,1,16,4294967295,33.59,688.60,100.00,0.00,3170.54,1
295812,336,378,530,849,1,16,4294967295,33.59,688.60,100.00,0.00,3170.54,1
296808,337,378,530,849,1,16,4294967295,33.59,688.60,100.00,0.00,3170.54,1
297804,336,378,531,850,1,16,4294967295,33.59,688.60,100.00,0.00,3170.54,1
298800,337,378,530,849,1,16,4294967295,33.59,688.60,100.00,0.00,3170.54,1
299796,336,378,530,849,1,16,4294967295,33.59,688.60,100.00,0.00,3170.54,1
300792,337,378,531,849,1,16,4294967295,33.59,688.60,100.00,0.00,3170.54,1
301788,338,378,530,849,1,15,4294967295,33.59,688.60,100.00,0.00,3170.54,1
302784,337,378,532,848,1,16,4294967295,33.59,688.60,100.00,0.00,3170.54,1
303780,338,378,532,849,1,16,4294967295,33.59,688.60,100.00,0.00,3170.54,1
304776,338,378,532,849,1,16,4294967295,33.59,688.60,100.00,0.00,3170.54,1
305772,338,378,532,849,1,16,4294967295,33.59,688.60,100.00,0.00,3170.54,1
306768,339,378,532,849,1,16,4294967295,33.59,688.60,100.00,0.00,3170.54,1
307764,339,378,532,849,1,16,4294967295,33.59,688.60,100.00,0.00,3170.54,1
308760,339,378,533,849,1,16,4294967295,33.59,688.60,100.00,0.00,3170.54,1
309756,340,378,533,848,1,16,4294967295,33.59,688.60,100.00,0.00,3170.54,1
310752,340,378,532,849,1,16,4294967295,33.59,688.60,100.00,0.00,3170.54,1
311748,340,379,533,849,1,16,4294967295,33.59,688.60,100.00,0.00,3170.54,1
312744,340,378,534,849,1,16,4294967295,33.59,688.60,100.00,0.00,3170.54,1
313740,340,379,534,849,1,16,4294967295,33.59,688.60,100.00,0.00,3170.54,1
314736,340,378,533,850,1,16,4294967295,33.59,688.60,100.00,0.00,3170.54,1
315732,341,378,534,849,1,16,4294967295,33.59,688.60,100.00,0.00,3170.54,1
316728,341,378,534,850,1,16,4294967295,33.59,688.60,100.00,0.00,3170.54,1
317724,341,378,535,849,1,15,4294967295,33.59,688.60,100.00,0.00,3170.54,1
318720,341,378,535,850,1,16,4294967295,33.59,688.60,100.00,0.00,3170.54,1
319716,341,378,534,849,1,16,4294967295,33.59,688.60,100.00,0.00,3170.54,1
320712,342,378,535,849,1,16,4294967295,33.59,688.60,100.00,0.00,3170.54,1
321708,341,378,535,849,1,16,4294967295,33.59,688.60,100.00,0.00,3170.54,1
322704,342,378,535,849,1,15,4294967295,33.59,688.60,100.00,0.00,3170.54,1
323700,342,378,536,849,1,16,4294967295,33.59,688.60,100.00,0.00,3170.54,1
324696,341,378,535,849,1,16,4294967295,33.59,688.60,100.00,0.00,3170.54,1
325692,342,378,536,849,1,16,4294967295,33.59,688.60,100.00,0.00,3170.54,1
326688,343,378,536,849,1,16,4294967295,33.59,688.60,100.00,0.00,3170.54,1
327684,342,379,536,849,1,16,4294967295,33.59,688.60,100.00,0.00,3170.54,1
328680,342,378,536,849,1,16,4294967295,33.59,688.60,100.00,0.00,3170.54,1
329676,342,379,536,848,1,16,4294967295,33.59,688.60,100.00,0.00,3170.54,1
330672,342,379,536,849,1,16,4294967295,33.59,688.60,100.00,0.00,3170.54,1
331668,342,378,536,848,1,16,4294967295,33.59,688.60,100.00,0.00,3170.54,1
332664,342,379,536,849,1,16,4294967295,33.59,688.60,100.00,0.00,3170.54,1
333660,343,378,536,849,1,16,4294967295,33.59,688.60,100.00,0.00,3170.54,1
334656,342,379,537,849,1,16,4294967295,33.59,688.60,100.00,0.00,3170.54,1
335652,342,378,536,849,1,16,4294967295,33.59,688.60,100.00,0.00,3170.54,1
336648,343,378,536,849,1,16,4294967295,33.59,688.60,100.00,0.00,3170.54,1
337644,342,378,536,849,1,16,4294967295,33.59,688.60,100.00,0.00,3170.54,1
338640,342,378,537,849,1,15,4294967295,33.59,688.60,100.00,0.00,3170.54,1
339636,343,379,537,849,1,16,4294967295,33.59,688.60,100.00,0.00,3170.54,1
340632,343,378,537,849,1,16,4294967295,33.59,688.60,100.00,0.00,3170.54,1
341628,342,378,536,849,1,16,4294967295,33.59,688.60,100.00,0.00,3170.54,1
342624,343,379,537,849,1,16,4294967295,33.59,688.60,100.00,0.00,3170.54,1
343620,342,379,537,849,1,16,4294967295,33.59,688.60,100.00,0.00,3170.54,1
344616,343,379,537,849,1,16,4294967295,33.59,688.60,100.00,0.00,3170.54,1
345612,343,378,539,848,1,16,4294967295,33.59,688.60,100.00,0.00,3170.54,1
346608,343,379,538,849,1,16,4294967295,33.59,688.60,100.00,0.00,3170.54,1
347604,345,378,538,849,1,15,4294967295,33.59,688.60,100.00,0.00,3170.54,1
348600,344,378,538,849,1,16,4294967295,33.59,688.60,100.00,0.00,3170.54,1
349596,344,379,539,849,1,15,4294967295,33.59,688.60,100.00,0.00,3170.54,1
350592,344,379,539,849,1,16,4294967295,33.59,688.60,100.00,0.00,3170.54,1
351588,345,378,539,849,1,15,4294967295,33.59,688.60,100.00,0.00,3170.54,1
352584,345,379,539,849,1,16,4294967295,33.59,688.60,100.00,0.00,3170.54,1
353580,345,379,539,849,1,16,4294967295,33.59,688.60,100.00,0.00,3170.54,1
354576,345,379,540,850,1,16,4294967295,33.59,688.60,100.00,0.00,3170.54,1
355572,346,378,540,850,1,15,4294967295,33.59,688.60,100.00,0.00,3170.54,1
356568,346,379,540,849,1,16,4294967295,33.59,688.60,100.00,0.00,3170.54,1
357564,345,379,540,849,1,16,4294967295,33.59,688.60,100.00,0.00,3170.54,1
358560,346,379,540,849,1,15,4294967295,33.59,688.60,100.00,0.00,3170.54,1
359556,346,379,540,849,1,16,4294967295,33.59,688.60,100.00,0.00,3170.54,1
360552,345,379,540,848,1,16,4294967295,33.59,688.60,100.00,0.00,3170.54,1
361548,346,379,540,849,1,15,4294967295,33.59,688.60,100.00,0.00,3170.54,1
362544,346,379,541,849,1,16,4294967295,33.59,688.60,100.00,0.00,3170.54,1
363540,346,379,540,849,1,16,4294967295,33.59,688.60,100.00,0.00,3170.54,1
364536,346,379,541,849,1,16,4294967295,33.59,688.60,100.00,0.00,3170.54,1
365532,346,379,540,849,1,16,4294967295,33.59,688.60,100.00,0.00,3170.54,1
366528,346,379,541,849,1,16,4294967295,33.59,688.60,100.00,0.00,3170.54,1
367524,346,379,541,849,1,17,4294967295,33.59,688.60,100.00,0.00,3170.54,1
368520,346,379,541,849,1,15,4294967295,33.59,688.60,100.00,0.00,3170.54,1
369516,346,380,542,849,1,16,4294967295,33.59,688.60,100.00,0.00,3170.54,1
370512,346,379,542,849,1,16,4294967295,33.59,688.60,100.00,0.00,3170.54,1
371508,346,380,541,849,1,15,4294967295,33.59,688.60,100.00,0.00,3170.54,1
372504,345,380,541,849,1,15,4294967295,33.59,688.60,100.00,0.00,3170.54,1
373500,346,379,541,849,1,16,4294967295,33.59,688.60,100.00,0.00,3170.54,1
374496,346,380,542,849,1,16,4294967295,33.59,688.60,100.00,0.00,3170.54,1
375492,346,380,542,848,1,16,4294967295,33.59,688.60,100.00,0.00,3170.54,1
376488,345,379,542,849,1,16,4294967295,33.59,688.60,100.00,0.00,3170.54,1
377484,346,380,541,849,1,16,4294967295,33.59,688.60,100.00,0.00,3170.54,1
378480,346,380,542,849,1,16,4294967295,33.59,688.60,100.00,0.00,3170.54,1
379476,346,380,543,849,1,16,4294967295,33.59,688.60,100.00,0.00,3170.54,1
380472,347,380,542,849,1,16,4294967295,33.59,688.60,100.00,0.00,3170.54,1
381468,347,379,542,849,1,15,4294967295,33.59,688.60,100.00,0.00,3170.54,1
382464,347,380,543,849,1,15,4294967295,33.59,688.60,100.00,0.00,3170.54,1
383460,346,380,543,848,2,16,4294967295,33.59,688.60,100.00,0.00,3170.54,1
384456,347,379,543,849,1,15,4294967295,33.59,688.60,100.00,0.00,3170.54,1
385452,347,380,543,849,1,17,4294967295,33.59,688.60,100.00,0.00,3170.54,1
386448,347,380,544,849,1,15,4294967295,33.59,688.60,100.00,0.00,3170.54,1
387444,347,380,543,850,1,16,4294967295,33.59,688.60,100.00,0.00,3170.54,1
388440,347,380,544,849,1,16,4294967295,33.59,688.60,100.00,0.00,3170.54,1
389436,348,380,544,849,1,16,4294967295,33.59,688.60,100.00,0.00,3170.54,1
390432,347,380,544,848,1,16,4294967295,33.59,688.60,100.00,0.00,3170.54,1
391428,347,380,544,849,1,15,4294967295,33.59,688.60,100.00,0.00,3170.54,1
392424,348,380,543,849,1,16,4294967295,33.59,688.60,100.00,0.00,3170.54,1
393420,347,380,544,849,1,16,4294967295,33.59,688.60,100.00,0.00,3170.54,1
394416,348,380,545,849,1,16,4294967295,33.59,688.60,100.00,0.00,3170.54,1
395412,348,380,545,849,1,15,4294967295,33.59,688.60,100.00,0.00,3170.54,1
396408,348,380,545,849,2,15,4294967295,33.59,688.60,100.00,0.00,3170.54,1
397404,348,380,544,849,1,15,4294967295,33.59,688.60,100.00,0.00,3170.54,1
398400,348,380,545,849,1,16,4294967295,33.59,688.60,100.00,0.00,3170.54,1
399396,348,381,545,849,1,16,4294967295,33.59,688.60,100.00,0.00,3170.54,1
400392,349,381,545,849,1,16,4294967295,33.59,688.60,100.00,0.00,3170.54,1
401388,348,380,546,849,1,16,4294967295,33.59,688.60,100.00,0.00,3170.54,1
402384,348,380,546,849,1,16,4294967295,33.59,688.60,100.00,0.00,3170.54,1
403380,348,380,546,848,1,16,4294967295,33.59,688.60,100.00,0.00,3170.54,1
404376,349,381,546,849,1,16,4294967295,33.59,688.60,100.00,0.00,3170.54,1
405372,348,380,546,849,1,16,4294967295,33.59,688.60,100.00,0.00,3170.54,1
406368,349,381,546,849,1,15,4294967295,33.59,688.60,100.00,0.00,3170.54,1
407364,348,381,547,849,1,17,4294967295,33.59,688.60,100.00,0.00,3170.54,1
408360,349,380,547,849,1,16,4294967295,33.59,688.60,100.00,0.00,3170.54,1
409356,349,381,546,848,1,16,4294967295,33.59,688.60,100.00,0.00,3170.54,1
410352,349,381,546,849,1,16,4294967295,33.59,688.60,100.00,0.00,3170.54,1
411348,349,380,547,849,1,16,4294967295,33.59,688.60,100.00,0.00,3170.54,1
412344,350,381,547,849,1,16,4294967295,33.59,688.60,100.00,0.00,3170.54,1
413340,349,381,547,849,1,16,4294967295,33.59,688.60,100.00,0.00,3170.54,1
414336,348,381,547,849,1,16,4294967295,33.59,688.60,100.00,0.00,3170.54,1
415332,349,381,547,849,1,16,4294967295,33.59,688.60,100.00,0.00,3170.54,1
416328,349,381,548,849,1,16,4294967295,33.59,688.60,100.00,0.00,3170.54,1
417324,349,381,548,849,1,16,4294967295,33.59,688.60,100.00,0.00,3170.54,1
418320,349,381,548,849,1,15,4294967295,33.59,688.60,100.00,0.00,3170.54,1
419316,349,380,547,849,1,16,4294967295,33.59,688.60,100.00,0.00,3170.54,1
420312,349,381,548,849,1,16,4294967295,33.59,688.60,100.00,0.00,3170.54,1
421308,350,381,548,849,1,16,4294967295,33.59,688.60,100.00,0.00,3170.54,1
422304,349,381,548,849,1,16,4294967295,33.59,688.60,100.00,0.00,3170.54,1
423300,350,381,548,848,1,16,4294967295,33.59,688.60,100.00,0.00,3170.54,1
424296,349,381,548,849,1,16,4294967295,33.59,688.60,100.00,0.00,3170.54,1
425292,350,381,548,849,1,16,4294967295,33.59,688.60,100.00,0.00,3170.54,1
426288,350,381,548,848,1,16,4294967295,33.59,688.60,100.00,0.00,3170.54,1
427284,350,381,548,848,1,16,4294967295,33.59,688.60,100.00,0.00,3170.54,1
428280,350,381,548,849,1,16,4294967295,33.59,688.60,100.00,0.00,3170.54,1
429276,349,381,548,849,1,16,4294967295,33.59,688.60,100.00,0.00,3170.54,1
430272,348,382,547,849,1,16,4294967295,33.59,688.60,100.00,0.00,3170.54,1
431268,348,381,547,849,1,16,4294967295,33.59,688.60,100.00,0.00,3170.54,1
432264,347,381,546,849,1,16,4294967295,33.59,688.60,100.00,0.00,3170.54,1
433260,347,381,547,848,1,16,4294967295,33.59,688.60,100.00,0.00,3170.54,1
434256,345,381,547,849,1,16,4294967295,33.59,688.60,100.00,0.00,3170.54,1
435252,347,382,546,849,1,16,4294967295,33.59,688.60,100.00,0.00,3170.54,1
436248,345,381,547,848,1,16,4294967295,33.59,688.60,100.00,0.00,3170.54,1
437244,346,381,546,848,1,16,4294967295,33.59,688.60,100.00,0.00,3170.54,1
438240,345,380,545,848,1,16,4294967295,33.59,688.60,100.00,0.00,3170.54,1
439236,345,380,545,849,1,16,4294967295,33.59,688.60,100.00,0.00,3170.54,1
440232,343,380,545,848,1,16,4294967295,33.59,688.60,100.00,0.00,3170.54,1
441228,344,381,544,848,1,16,4294967295,33.59,688.60,100.00,0.00,3170.54,1
442224,343,381,545,848,1,16,4294967295,33.59,688.60,100.00,0.00,3170.54,1
443220,343,381,544,848,1,16,4294967295,33.59,688.60,100.00,0.00,3170.54,1
444216,344,381,545,848,1,16,4294967295,33.59,688.60,100.00,0.00,3170.54,1
445212,343,381,544,848,1,17,4294967295,33.59,688.60,100.00,0.00,3170.54,1
446208,343,381,545,848,1,16,4294967295,33.59,688.60,100.00,0.00,3170.54,1
447204,344,381,545,848,1,17,4294967295,33.59,688.60,100.00,0.00,3170.54,1
448200,344,381,545,848,1,16,4294967295,33.59,688.60,100.00,0.00,3170.54,1
449196,344,381,545,848,1,16,4294967295,33.59,688.60,100.00,0.00,3170.54,1
450192,344,380,545,848,1,16,4294967295,33.59,688.60,100.00,0.00,3170.54,1
451188,344,381,546,848,1,16,4294967295,33.59,688.60,100.00,0.00,3170.54,1
452184,345,381,545,848,1,16,4294967295,33.59,688.60,100.00,0.00,3170.54,1
453180,345,381,546,848,1,16,4294967295,33.59,688.60,100.00,0.00,3170.54,1
454176,345,381,546,848,2,16,4294967295,33.59,688.60,100.00,0.00,3170.54,1
455172,345,381,546,848,1,16,4294967295,33.59,688.60,100.00,0.00,3170.54,1
456168,345,381,546,848,1,16,4294967295,33.59,688.60,100.00,0.00,3170.54,1
457164,346,381,546,848,1,16,4294967295,33.59,688.60,100.00,0.00,3170.54,1
458160,346,381,546,848,1,16,4294967295,33.59,688.60,100.00,0.00,3170.54,1
459156,346,381,547,848,1,16,4294967295,33.59,688.60,100.00,0.00,3170.54,1
460152,346,381,546,848,1,16,4294967295,33.59,688.60,100.00,0.00,3170.54,1
461148,346,381,546,849,1,16,4294967295,33.59,688.60,100.00,0.00,3170.54,1
462144,346,382,547,848,1,16,4294967295,33.59,688.60,100.00,0.00,3170.54,1
463140,346,381,546,848,1,16,4294967295,33.59,688.60,100.00,0.00,3170.54,1
464136,346,381,546,848,1,16,4294967295,33.59,688.60,100.00,0.00,3170.54,1
465132,347,382,547,847,1,16,4294967295,33.59,688.60,100.00,0.00,3170.54,1
466128,347,381,547,848,1,16,4294967295,33.59,688.60,100.00,0.00,3170.54,1
467124,347,381,547,848,1,16,4294967295,33.59,688.60,100.00,0.00,3170.54,1
468120,347,381,548,848,1,16,4294967295,33.59,688.60,100.00,0.00,3170.54,1
469116,348,381,547,848,1,16,4294967295,33.59,688.60,100.00,0.00,3170.54,1
470112,348,381,548,847,1,16,4294967295,33.59,688.60,100.00,0.00,3170.54,1
471108,349,381,548,848,1,16,4294967295,33.59,688.60,100.00,0.00,3170.54,1
472104,348,382,549,848,1,16,4294967295,33.59,688.60,100.00,0.00,3170.54,1
473100,349,382,548,848,1,16,4294967295,33.59,688.60,100.00,0.00,3170.54,1
474096,348,381,549,849,1,16,4294967295,33.59,688.60,100.00,0.00,3170.54,1
475092,349,382,549,848,1,16,4294967295,33.59,688.60,100.00,0.00,3170.54,1
476088,348,381,549,848,1,16,4294967295,33.59,688.60,100.00,0.00,3170.54,1
477084,348,382,549,847,1,16,4294967295,33.59,688.60,100.00,0.00,3170.54,1
478080,349,382,549,847,1,16,4294967295,33.59,688.60,100.00,0.00,3170.54,1
479076,348,382,549,848,1,16,4294967295,33.59,688.60,100.00,0.00,3170.54,1
480072,349,382,549,848,1,16,4294967295,33.59,688.60,100.00,0.00,3170.54,1
481068,349,382,549,848,1,16,4294967295,33.59,688.60,100.00,0.00,3170.54,1
482064,350,382,550,848,1,16,4294967295,33.59,688.60,100.00,0.00,3170.54,1
483060,350,382,550,848,1,16,4294967295,33.59,688.60,100.00,0.00,3170.54,1
484056,349,382,550,848,1,16,4294967295,33.59,688.60,100.00,0.00,3170.54,1
485052,349,382,550,848,1,16,4294967295,33.59,688.60,100.00,0.00,3170.54,1
486048,349,382,550,849,1,16,4294967295,33.59,688.60,100.00,0.00,3170.54,1
487044,349,382,550,848,1,16,4294967295,33.59,688.60,100.00,0.00,3170.54,1
488040,350,382,550,847,1,16,4294967295,33.59,688.60,100.00,0.00,3170.54,1
489036,350,382,551,848,1,16,4294967295,33.59,688.60,100.00,0.00,3170.54,1
490032,350,382,551,848,1,16,4294967295,33.59,688.60,100.00,0.00,3170.54,1
491028,350,383,550,848,1,16,4294967295,33.59,688.60,100.00,0.00,3170.54,1
492024,350,383,551,848,1,16,4294967295,33.59,688.60,100.00,0.00,3170.54,1
493020,350,383,551,847,1,16,4294967295,33.59,688.60,100.00,0.00,3170.54,1
494016,350,383,550,848,1,16,4294967295,33.59,688.60,100.00,0.00,3170.54,1
495012,349,382,551,848,1,16,4294967295,33.59,688.60,100.00,0.00,3170.54,1
496008,351,383,551,848,1,15,4294967295,33.59,688.60,100.00,0.00,3170.54,1
497004,350,383,551,848,1,16,4294967295,33.59,688.60,100.00,0.00,3170.54,1
498000,351,382,551,848,1,16,4294967295,33.59,688.60,100.00,0.00,3170.54,1
498996,350,382,551,848,1,16,4294967295,33.59,688.60,100.00,0.00,3170.54,1
499992,351,383,551,848,1,16,4294967295,33.59,688.60,100.00,0.00,3170.54,1
500988,350,382,551,848,1,16,4294967295,33.59,688.60,100.00,0.00,3170.54,1
501984,351,382,551,848,1,16,4294967295,33.59,688.60,100.00,0.00,3170.54,1
502980,351,383,552,848,1,16,4294967295,33.59,688.60,100.00,0.00,3170.54,1
503976,351,382,552,849,1,15,4294967295,33.59,688.60,100.00,0.00,3170.54,1
504972,350,383,552,848,1,16,4294967295,33.59,688.60,100.00,0.00,3170.54,1
505968,351,383,552,848,1,16,4294967295,33.59,688.60,100.00,0.00,3170.54,1
506964,350,383,552,848,1,16,4294967295,33.59,688.60,100.00,0.00,3170.54,1
507960,350,383,552,848,1,15,4294967295,33.59,688.60,100.00,0.00,3170.54,1
508956,350,382,551,848,1,16,4294967295,33.59,688.60,100.00,0.00,3170.54,1
509952,350,383,552,848,1,16,4294967295,33.59,688.60,100.00,0.00,3170.54,1
510948,350,383,552,848,1,16,4294967295,33.59,688.60,100.00,0.00,3170.54,1
511944,350,383,552,848,1,16,4294967295,33.59,688.60,100.00,0.00,3170.54,1
512940,350,383,552,848,1,16,4294967295,33.59,688.60,100.00,0.00,3170.54,1
513936,349,383,552,847,1,16,4294967295,33.59,688.60,100.00,0.00,3170.54,1
514932,349,383,551,848,1,16,4294967295,33.59,688.60,100.00,0.00,3170.54,1
515928,350,384,551,848,1,16,4294967295,33.59,688.60,100.00,0.00,3170.54,1
516924,350,383,551,848,1,16,4294967295,33.59,688.60,100.00,0.00,3170.54,1
517920,349,383,551,848,1,16,4294967295,33.59,688.60,100.00,0.00,3170.54,1
518916,349,384,551,848,1,15,4294967295,33.59,688.60,100.00,0.00,3170.54,1
519912,349,383,552,847,1,15,4294967295,33.59,688.60,100.00,0.00,3170.54,1
520908,349,384,551,848,1,15,4294967295,33.59,688.60,100.00,0.00,3170.54,1
521904,350,384,552,848,1,15,4294967295,33.59,688.60,100.00,0.00,3170.54,1
522900,349,383,551,848,1,16,4294967295,33.59,688.60,100.00,0.00,3170.54,1
523896,349,384,551,848,1,16,4294967295,33.59,688.60,100.00,0.00,3170.54,1
524892,349,384,552,848,1,16,4294967295,33.59,688.60,100.00,0.00,3170.54,1
525888,350,384,553,847,1,16,4294967295,33.59,688.60,100.00,0.00,3170.54,1
526884,350,383,552,848,1,15,4294967295,33.59,688.60,100.00,0.00,3170.54,1
527880,350,384,553,848,1,16,4294967295,33.59,688.60,100.00,0.00,3170.54,1
528876,351,384,553,848,1,16,4294967295,33.59,688.60,100.00,0.00,3170.54,1
529872,349,384,553,848,1,16,4294967295,33.59,688.60,100.00,0.00,3170.54,1
530868,350,384,553,848,1,16,4294967295,33.59,688.60,100.00,0.00,3170.54,1
531864,350,384,553,848,1,17,4294967295,33.59,688.60,100.00,0.00,3170.54,1
532860,351,384,552,848,1,16,4294967295,33.59,688.60,100.00,0.00,3170.54,1
533856,350,383,552,847,1,15,4294967295,33.59,688.60,100.00,0.00,3170.54,1
534852,350,384,553,848,1,16,4294967295,33.59,688.60,100.00,0.00,3170.54,1
535848,350,384,554,848,1,16,4294967295,33.59,688.60,100.00,0.00,3170.54,1
536844,350,384,553,848,1,15,4294967295,33.59,688.60,100.00,0.00,3170.54,1
537840,350,384,553,848,1,16,4294967295,33.59,688.60,100.00,0.00,3170.54,1
538836,351,384,553,848,1,15,4294967295,33.59,688.60,100.00,0.00,3170.54,1
539832,350,384,554,848,1,15,4294967295,33.59,688.60,100.00,0.00,3170.54,1
540828,350,384,554,848,1,16,4294967295,33.59,688.60,100.00,0.00,3170.54,1
541824,351,384,554,848,1,16,4294967295,33.59,688.60,100.00,0.00,3170.54,1
542820,352,385,555,848,1,16,4294967295,33.59,688.60,100.00,0.00,3170.54,1
543816,351,384,555,847,1,15,4294967295,33.59,688.60,100.00,0.00,3170.54,1
544812,350,384,554,847,1,15,4294967295,33.59,688.60,100.00,0.00,3170.54,1
545808,351,384,554,848,1,15,4294967295,33.59,688.60,100.00,0.00,3170.54,1
546804,351,384,555,848,1,15,4294967295,33.59,688.60,100.00,0.00,3170.54,1
547800,351,384,555,847,1,15,4294967295,33.59,688.60,100.00,0.00,3170.54,1
548796,351,384,555,848,1,16,4294967295,33.59,688.60,100.00,0.00,3170.54,1
549792,351,385,555,848,1,15,4294967295,33.59,688.60,100.00,0.00,3170.54,1
550788,352,385,555,848,1,17,4294967295,33.59,688.60,100.00,0.00,3170.54,1
551784,352,384,556,848,1,15,4294967295,33.59,688.60,100.00,0.00,3170.54,1
552780,351,384,556,848,1,15,4294967295,33.59,688.60,100.00,0.00,3170.54,1
553776,352,384,556,848,1,16,4294967295,33.59,688.60,100.00,0.00,3170.54,1
554772,352,384,556,848,1,16,4294967295,33.59,688.60,100.00,0.00,3170.54,1
555768,352,385,556,848,1,15,4294967295,33.59,688.60,100.00,0.00,3170.54,1
556764,352,384,556,848,1,15,4294967295,33.59,688.60,100.00,0.00,3170.54,1
557760,353,385,556,847,1,16,4294967295,33.59,688.60,100.00,0.00,3170.54,1
558756,352,384,556,848,1,16,4294967295,33.59,688.60,100.00,0.00,3170.54,1
559752,352,385,556,848,1,16,4294967295,33.59,688.60,100.00,0.00,3170.54,1
560748,353,384,556,847,1,15,4294967295,33.59,688.60,100.00,0.00,3170.54,1
561744,352,385,556,848,1,16,4294967295,33.59,688.60,100.00,0.00,3170.54,1
562740,352,385,556,848,1,16,4294967295,33.59,688.60,100.00,0.00,3170.54,1
563736,352,385,557,848,1,16,4294967295,33.59,688.60,100.00,0.00,3170.54,1
564732,353,385,556,848,1,15,4294967295,33.59,688.60,100.00,0.00,3170.54,1
565728,353,384,557,848,1,16,4294967295,33.59,688.60,100.00,0.00,3170.54,1
566724,353,385,557,848,1,16,4294967295,33.59,688.60,100.00,0.00,3170.54,1
567720,353,385,556,848,1,16,4294967295,33.59,688.60,100.00,0.00,3170.54,1
568716,353,385,557,848,1,16,4294967295,33.59,688.60,100.00,0.00,3170.54,1
569712,352,385,558,848,1,15,4294967295,33.59,688.60,100.00,0.00,3170.54,1
570708,352,385,558,848,1,16,4294967295,33.59,688.60,100.00,0.00,3170.54,1
571704,353,386,557,848,1,16,4294967295,33.59,688.60,100.00,0.00,3170.54,1
572700,353,385,558,848,1,15,4294967295,33.59,688.60,100.00,0.00,3170.54,1
573696,353,385,557,847,1,16,4294967295,33.59,688.60,100.00,0.00,3170.54,1
574692,353,385,558,847,1,15,4294967295,33.59,688.60,100.00,0.00,3170.54,1
575688,353,385,557,847,1,16,4294967295,33.59,688.60,100.00,0.00,3170.54,1
576684,353,386,558,848,1,16,4294967295,33.59,688.60,100.00,0.00,3170.54,1
577680,354,385,558,847,1,15,4294967295,33.59,688.60,100.00,0.00,3170.54,1
578676,352,385,557,848,1,15,4294967295,33.59,688.60,100.00,0.00,3170.54,1
579672,353,385,558,848,1,16,4294967295,33.59,688.60,100.00,0.00,3170.54,1
580668,353,386,558,848,1,16,4294967295,33.59,688.60,100.00,0.00,3170.54,1
581664,353,386,558,848,1,15,4294967295,33.59,688.60,100.00,0.00,3170.54,1
582660,353,386,558,848,1,16,4294967295,33.59,688.60,100.00,0.00,3170.54,1
583656,354,386,558,847,1,15,4294967295,33.59,688.60,100.00,0.00,3170.54,1
584652,353,385,559,847,1,15,4294967295,33.59,688.60,100.00,0.00,3170.54,1
585648,353,385,558,848,1,16,4294967295,33.59,688.60,100.00,0.00,3170.54,1
586644,354,386,558,848,1,15,4294967295,33.59,688.60,100.00,0.00,3170.54,1
587640,353,386,558,848,1,15,4294967295,33.59,688.60,100.00,0.00,3170.54,1
588636,353,385,558,848,1,16,4294967295,33.59,688.60,100.00,0.00,3170.54,1
589632,352,386,558,847,1,16,4294967295,33.59,688.60,100.00,0.00,3170.54,1
590628,354,386,558,847,1,15,4294967295,33.59,688.60,100.00,0.00,3170.54,1
591624,353,386,558,848,1,15,4294967295,33.59,688.60,100.00,0.00,3170.54,1
592620,353,386,559,848,1,15,4294967295,33.59,688.60,100.00,0.00,3170.54,1
593616,353,386,559,848,1,16,4294967295,33.59,688.60,100.00,0.00,3170.54,1
594612,353,386,559,847,1,16,4294967295,33.59,688.60,100.00,0.00,3170.54,1
595608,353,386,558,847,1,15,4294967295,33.59,688.60,100.00,0.00,3170.54,1
596604,352,386,559,847,1,15,4294967295,33.59,688.60,100.00,0.00,3170.54,1
597600,352,386,560,848,1,16,4294967295,33.59,688.60,100.00,0.00,3170.54,1
598596,353,386,559,848,1,16,4294967295,33.59,688.60,100.00,0.00,3170.54,1
599592,352,386,559,848,1,16,4294967295,33.59,688.60,100.00,0.00,3170.54,1
0,352,386,559,848,1,16,4294967295,33.59,688.60,100.00,0.00,3170.54,1
996,351,385,559,847,1,15,4294967295,33.59,688.60,100.00,0.00,3170.54,1
1992,352,386,559,847,1,15,4294967295,33.59,688.60,100.00,0.00,3170.54,1
2988,352,386,558,847,1,15,4294967295,33.59,688.60,100.00,0.00,3170.54,1
3984,352,385,559,847,1,16,4294967295,33.59,688.60,100.00,0.00,3170.54,1
4980,350,386,559,847,1,16,4294967295,33.59,688.60,100.00,0.00,3170.54,1
5976,352,386,559,847,1,16,4294967295,33.59,688.60,100.00,0.00,3170.54,1
6972,351,385,559,847,1,16,4294967295,33.59,688.60,100.00,0.00,3170.54,1
7968,352,386,558,847,1,16,4294967295,33.59,688.60,100.00,0.00,3170.54,1
8964,352,386,559,848,1,16,4294967295,33.59,688.60,100.00,0.00,3170.54,1
9960,352,385,559,847,1,16,4294967295,33.59,688.60,100.00,0.00,3170.54,1
10956,352,386,559,848,1,16,4294967295,33.59,688.60,100.00,0.00,3170.54,1
11952,352,385,559,848,1,15,4294967295,33.59,688.60,100.00,0.00,3170.54,1
12948,352,386,559,847,1,16,4294967295,33.59,688.60,100.00,0.00,3170.54,1
13944,352,386,559,848,1,16,4294967295,33.59,688.60,100.00,0.00,3170.54,1
14940,352,386,559,847,1,16,4294967295,33.59,688.60,100.00,0.00,3170.54,1
15936,352,386,560,848,1,16,4294967295,33.59,688.60,100.00,0.00,3170.54,1
16932,351,385,560,848,1,16,4294967295,33.59,688.60,100.00,0.00,3170.54,1
17928,352,386,560,847,1,16,4294967295,33.59,688.60,100.00,0.00,3170.54,1
18924,352,385,560,847,1,16,4294967295,33.59,688.60,100.00,0.00,3170.54,1
19920,350,386,559,847,1,16,4294967295,33.59,688.60,100.00,0.00,3170.54,1
20916,351,386,559,847,1,16,4294967295,33.59,688.60,100.00,0.00,3170.54,1
21912,350,386,558,846,1,16,4294967295,33.59,688.60,100.00,0.00,3170.54,1
22908,350,386,558,847,1,16,4294967295,33.59,688.60,100.00,0.00,3170.54,1
23904,350,386,559,846,1,16,4294967295,33.59,688.60,100.00,0.00,3170.54,1
24900,350,385,558,847,1,15,4294967295,33.59,688.60,100.00,0.00,3170.54,1
25896,350,386,558,847,1,16,4294967295,33.59,688.60,100.00,0.00,3170.54,1
26892,351,386,558,846,1,16,4294967295,33.59,688.60,100.00,0.00,3170.54,1
27888,349,386,558,846,1,16,4294967295,33.59,688.60,100.00,0.00,3170.54,1
28884,349,387,558,846,1,16,4294967295,33.59,688.60,100.00,0.00,3170.54,1
29880,349,386,557,847,1,16,4294967295,33.59,688.60,100.00,0.00,3170.54,1
30876,350,386,558,846,1,16,4294967295,33.59,688.60,100.00,0.00,3170.54,1
31872,349,386,558,846,1,16,4294967295,33.59,688.60,100.00,0.00,3170.54,1
32868,349,386,557,846,1,16,4294967295,33.59,688.60,100.00,0.00,3170.54,1
33864,348,386,557,846,1,16,4294967295,33.59,688.60,100.00,0.00,3170.54,1
34860,348,386,556,846,1,16,4294967295,33.59,688.60,100.00,0.00,3170.54,1
35856,347,386,556,847,1,16,4294967295,33.59,688.60,100.00,0.00,3170.54,1
36852,347,386,556,847,1,16,4294967295,33.59,688.60,100.00,0.00,3170.54,1
37848,347,386,556,847,1,16,4294967295,33.59,688.60,100.00,0.00,3170.54,1
38844,346,386,555,847,1,15,4294967295,33.59,688.60,100.00,0.00,3170.54,1
39840,347,385,555,847,1,16,4294967295,33.59,688.60,100.00,0.00,3170.54,1
40836,347,386,555,846,1,16,4294967295,33.59,688.60,100.00,0.00,3170.54,1
41832,346,385,555,847,2,16,4294967295,33.59,688.60,100.00,0.00,3170.54,1
42828,347,385,554,846,1,16,4294967295,33.59,688.60,100.00,0.00,3170.54,1
43824,347,385,555,846,1,16,4294967295,33.59,688.60,100.00,0.00,3170.54,1
44820,347,386,555,846,1,16,4294967295,33.59,688.60,100.00,0.00,3170.54,1
45816,346,385,555,845,1,16,4294967295,33.59,688.60,100.00,0.00,3170.54,1
46812,348,385,555,846,1,16,4294967295,33.59,688.60,100.00,0.00,3170.54,1
47808,347,385,555,846,1,17,4294967295,33.59,688.60,100.00,0.00,3170.54,1
48804,347,385,556,845,1,15,4294967295,33.59,688.60,100.00,0.00,3170.54,1
49800,346,385,556,846,1,16,4294967295,33.59,688.60,100.00,0.00,3170.54,1
50796,347,385,556,846,1,16,4294967295,33.59,688.60,100.00,0.00,3170.54,1
51792,347,385,555,846,1,16,4294967295,33.59,688.60,100.00,0.00,3170.54,1
52788,347,386,556,846,1,15,4294967295,33.59,688.60,100.00,0.00,3170.54,1
53784,347,385,556,846,1,15,4294967295,33.59,688.60,100.00,0.00,3170.54,1
54780,347,385,556,846,1,15,4294967295,33.59,688.60,100.00,0.00,3170.54,1
55776,347,386,556,846,1,16,4294967295,33.59,688.60,100.00,0.00,3170.54,1
56772,346,385,556,846,1,16,4294967295,33.59,688.60,100.00,0.00,3170.54,1
57768,347,386,555,846,1,16,4294967295,33.59,688.60,100.00,0.00,3170.54,1
58764,347,385,556,846,1,16,4294967295,33.59,688.60,100.00,0.00,3170.54,1
59760,347,385,556,845,1,15,4294967295,33.59,688.60,100.00,0.00,3170.54,1
60756,347,385,556,846,1,16,4294967295,33.59,688.60,100.00,0.00,3170.54,1
61752,347,385,556,846,1,16,4294967295,33.59,688.60,100.00,0.00,3170.54,1
62748,347,385,556,845,1,15,4294967295,33.59,688.60,100.00,0.00,3170.54,1
63744,348,385,556,845,1,15,4294967295,33.59,688.60,100.00,0.00,3170.54,1
64740,347,385,555,845,1,15,4294967295,33.59,688.60,100.00,0.00,3170.54,1
65736,346,385,555,845,1,16,4294967295,33.59,688.60,100.00,0.00,3170.54,1
66732,346,385,554,846,1,15,4294967295,33.59,688.60,100.00,0.00,3170.54,1
67728,345,385,554,846,1,16,4294967295,33.59,688.60,100.00,0.00,3170.54,1
68724,346,384,554,846,1,16,4294967295,33.59,688.60,100.00,0.00,3170.54,1
69720,345,385,554,845,1,16,4294967295,33.59,688.60,100.00,0.00,3170.54,1
70716,344,385,553,845,1,16,4294967295,33.59,688.60,100.00,0.00,3170.54,1
71712,344,385,553,846,1,15,4294967295,33.59,688.60,100.00,0.00,3170.54,1
72708,344,385,554,845,1,16,4294967295,33.59,688.60,100.00,0.00,3170.54,1
73704,344,385,553,846,1,16,4294967295,33.59,688.60,100.00,0.00,3170.54,1
74700,344,385,553,846,1,16,4294967295,33.59,688.60,100.00,0.00,3170.54,1
75696,344,385,554,845,1,16,4294967295,33.59,688.60,100.00,0.00,3170.54,1
76692,344,385,554,845,1,16,4294967295,33.59,688.60,100.00,0.00,3170.54,1
77688,344,385,554,846,1,16,4294967295,33.59,688.60,100.00,0.00,3170.54,1
78684,344,385,553,845,1,16,4294967295,33.59,688.60,100.00,0.00,3170.54,1
79680,345,385,554,845,1,15,4294967295,33.59,688.60,100.00,0.00,3170.54,1
80676,345,384,554,845,1,16,4294967295,33.59,688.60,100.00,0.00,3170.54,1
81672,345,385,554,845,1,16,4294967295,33.59,688.60,100.00,0.00,3170.54,1
82668,344,385,554,845,1,16,4294967295,33.59,688.60,100.00,0.00,3170.54,1
83664,345,385,554,845,1,16,4294967295,33.59,688.60,100.00,0.00,3170.54,1
84660,344,385,555,845,1,16,4294967295,33.59,688.60,100.00,0.00,3170.54,1
85656,345,385,554,845,1,16,4294967295,33.59,688.60,100.00,0.00,3170.54,1
86652,345,385,555,844,1,16,4294967295,33.59,688.60,100.00,0.00,3170.54,1
87648,345,385,554,845,1,16,4294967295,33.59,688.60,100.00,0.00,3170.54,1
88644,345,384,554,845,1,16,4294967295,33.59,688.60,100.00,0.00,3170.54,1
89640,345,384,555,845,1,16,4294967295,33.59,688.60,100.00,0.00,3170.54,1
90636,345,385,555,846,1,16,4294967295,33.59,688.60,100.00,0.00,3170.54,1
91632,345,385,555,846,2,16,4294967295,33.59,688.60,100.00,0.00,3170.54,1
92628,345,385,555,845,1,15,4294967295,33.59,688.60,100.00,0.00,3170.54,1
93624,345,384,555,845,1,16,4294967295,33.59,688.60,100.00,0.00,3170.54,1
94620,345,385,555,845,1,16,4294967295,33.59,688.60,100.00,0.00,3170.54,1
95616,346,385,555,846,1,16,4294967295,33.59,688.60,100.00,0.00,3170.54,1
96612,346,385,555,845,1,16,4294967295,33.59,688.60,100.00,0.00,3170.54,1
97608,347,385,556,845,1,15,4294967295,33.59,688.60,100.00,0.00,3170.54,1
98604,346,385,556,845,1,16,4294967295,33.59,688.60,100.00,0.00,3170.54,1
99600,347,385,556,846,1,16,4294967295,33.59,688.60,100.00,0.00,3170.54,1
100596,347,384,556,844,1,16,4294967295,33.59,688.60,100.00,0.00,3170.54,1
101592,347,385,555,845,1,16,4294967295,33.59,688.60,100.00,0.00,3170.54,1
102588,347,384,557,845,1,16,4294967295,33.59,688.60,100.00,0.00,3170.54,1
103584,347,385,557,845,1,16,4294967295,33.59,688.60,100.00,0.00,3170.54,1
104580,347,384,557,845,1,16,4294967295,33.59,688.60,100.00,0.00,3170.54,1
105576,347,385,556,845,1,16,4294967295,33.59,688.60,100.00,0.00,3170.54,1
106572,347,385,556,845,1,16,4294967295,33.59,688.60,100.00,0.00,3170.54,1
107568,347,385,557,844,1,15,4294967295,33.59,688.60,100.00,0.00,3170.54,1
108564,348,384,557,845,1,16,4294967295,33.59,688.60,100.00,0.00,3170.54,1
109560,347,384,557,846,1,15,4294967295,33.59,688.60,100.00,0.00,3170.54,1
110556,348,384,557,845,1,16,4294967295,33.59,688.60,100.00,0.00,3170.54,1
111552,347,385,558,845,1,16,4294967295,33.59,688.60,100.00,0.00,3170.54,1
112548,348,385,557,845,1,16,4294967295,33.59,688.60,100.00,0.00,3170.54,1
113544,347,384,558,844,1,15,4294967295,33.59,688.60,100.00,0.00,3170.54,1
114540,348,385,558,845,1,16,4294967295,33.59,688.60,100.00,0.00,3170.54,1
115536,348,385,558,845,1,16,4294967295,33.59,688.60,100.00,0.00,3170.54,1
116532,348,385,558,844,1,15,4294967295,33.59,688.60,100.00,0.00,3170.54,1
117528,349,385,558,846,1,16,4294967295,33.59,688.60,100.00,0.00,3170.54,1
118524,348,384,558,845,1,15,4294967295,33.59,688.60,100.00,0.00,3170.54,1
119520,349,385,558,844,1,16,4294967295,33.59,688.60,100.00,0.00,3170.54,1
120516,348,385,558,845,1,16,4294967295,33.59,688.60,100.00,0.00,3170.54,1
121512,348,384,559,845,1,16,4294967295,33.59,688.60,100.00,0.00,3170.54,1
122508,348,384,559,845,1,16,4294967295,33.59,688.60,100.00,0.00,3170.54,1
123504,348,385,559,844,1,16,4294967295,33.59,688.60,100.00,0.00,3170.54,1
124500,349,385,559,844,1,15,4294967295,33.59,688.60,100.00,0.00,3170.54,1
125496,348,385,559,845,1,16,4294967295,33.59,688.60,100.00,0.00,3170.54,1
126492,349,385,559,845,1,15,4294967295,33.59,688.60,100.00,0.00,3170.54,1
127488,348,384,559,844,2,16,4294967295,33.59,688.60,100.00,0.00,3170.54,1
128484,347,385,559,845,1,16,4294967295,33.59,688.60,100.00,0.00,3170.54,1
129480,348,385,559,844,1,16,4294967295,33.59,688.60,100.00,0.00,3170.54,1
130476,348,385,559,845,1,15,4294967295,33.59,688.60,100.00,0.00,3170.54,1
131472,348,385,559,845,1,16,4294967295,33.59,688.60,100.00,0.00,3170.54,1
132468,348,385,559,845,1,16,4294967295,33.59,688.60,100.00,0.00,3170.54,1
133464,348,385,560,844,1,16,4294967295,33.59,688.60,100.00,0.00,3170.54,1
134460,348,385,559,845,1,16,4294967295,33.59,688.60,100.00,0.00,3170.54,1
135456,348,384,559,845,1,16,4294967295,33.59,688.60,100.00,0.00,3170.54,1
136452,348,385,559,845,1,16,4294967295,33.59,688.60,100.00,0.00,3170.54,1
137448,348,385,559,845,1,16,4294967295,33.59,688.60,100.00,0.00,3170.54,1
138444,348,385,559,845,1,16,4294967295,33.59,688.60,100.00,0.00,3170.54,1
139440,348,385,559,845,1,16,4294967295,33.59,688.60,100.00,0.00,3170.54,1
140436,349,385,559,844,1,16,4294967295,33.59,688.60,100.00,0.00,3170.54,1
141432,348,385,560,844,1,16,4294967295,33.59,688.60,100.00,0.00,3170.54,1
142428,348,385,559,845,1,16,4294967295,33.59,688.60,100.00,0.00,3170.54,1
143424,348,384,559,845,1,16,4294967295,33.59,688.60,100.00,0.00,3170.54,1
144420,348,385,559,844,1,16,4294967295,33.59,688.60,100.00,0.00,3170.54,1
145416,348,385,560,845,1,16,4294967295,33.59,688.60,100.00,0.00,3170.54,1
146412,348,385,560,844,1,16,4294967295,33.59,688.60,100.00,0.00,3170.54,1
147408,348,385,560,845,1,16,4294967295,33.59,688.60,100.00,0.00,3170.54,1
148404,348,385,560,844,1,16,4294967295,33.59,688.60,100.00,0.00,3170.54,1
149400,348,385,559,844,1,16,4294967295,33.59,688.60,100.00,0.00,3170.54,1
150396,348,385,559,844,1,16,4294967295,33.59,688.60,100.00,0.00,3170.54,1
151392,348,385,560,845,1,16,4294967295,33.59,688.60,100.00,0.00,3170.54,1
152388,348,385,560,844,1,16,4294967295,33.59,688.60,100.00,0.00,3170.54,1
153384,349,384,560,844,1,16,4294967295,33.59,688.60,100.00,0.00,3170.54,1
154380,348,385,559,844,1,16,4294967295,33.59,688.60,100.00,0.00,3170.54,1
155376,348,384,560,845,1,16,4294967295,33.59,688.60,100.00,0.00,3170.54,1
156372,348,385,560,845,1,16,4294967295,33.59,688.60,100.00,0.00,3170.54,1
157368,348,385,559,845,1,16,4294967295,33.59,688.60,100.00,0.00,3170.54,1
158364,348,384,560,845,1,15,4294967295,33.59,688.60,100.00,0.00,3170.54,1
159360,347,385,561,844,1,16,4294967295,33.59,688.60,100.00,0.00,3170.54,1
160356,348,386,560,844,1,16,4294967295,33.59,688.60,100.00,0.00,3170.54,1
161352,348,385,560,845,1,16,4294967295,33.59,688.60,100.00,0.00,3170.54,1
162348,347,385,559,844,1,16,4294967295,33.59,688.60,100.00,0.00,3170.54,1
163344,347,385,560,845,1,16,4294967295,33.59,688.60,100.00,0.00,3170.54,1
164340,347,385,560,845,1,15,4294967295,33.59,688.60,100.00,0.00,3170.54,1
165336,347,385,559,844,1,16,4294967295,33.59,688.60,100.00,0.00,3170.54,1
166332,348,385,560,844,1,16,4294967295,33.59,688.60,100.00,0.00,3170.54,1
167328,347,386,560,845,1,16,4294967295,33.59,688.60,100.00,0.00,3170.54,1
168324,347,385,560,845,1,16,4294967295,33.59,688.60,100.00,0.00,3170.54,1
169320,347,385,560,845,1,16,4294967295,33.59,688.60,100.00,0.00,3170.54,1
170316,348,385,560,844,1,16,4294967295,33.59,688.60,100.00,0.00,3170.54,1
171312,347,386,559,845,1,16,4294967295,33.59,688.60,100.00,0.00,3170.54,1
172308,346,385,559,844,1,16,4294967295,33.59,688.60,100.00,0.00,3170.54,1
173304,346,385,559,844,1,16,4294967295,33.59,688.60,100.00,0.00,3170.54,1
174300,347,385,559,844,1,16,4294967295,33.59,688.60,100.00,0.00,3170.54,1
175296,347,386,559,844,1,16,4294967295,33.59,688.60,100.00,0.00,3170.54,1
176292,347,386,560,845,1,16,4294967295,33.59,688.60,100.00,0.00,3170.54,1
177288,346,385,559,844,1,16,4294967295,33.59,688.60,100.00,0.00,3170.54,1
178284,347,385,559,844,1,16,4294967295,33.59,688.60,100.00,0.00,3170.54,1
179280,347,385,559,844,1,16,4294967295,33.59,688.60,100.00,0.00,3170.54,1
180276,346,386,559,844,1,16,4294967295,33.59,688.60,100.00,0.00,3170.54,1
181272,347,385,559,845,1,16,4294967295,33.59,688.60,100.00,0.00,3170.54,1
182268,347,386,559,845,1,16,4294967295,33.59,688.60,100.00,0.00,3170.54,1
183264,346,385,559,845,1,16,4294967295,33.59,688.60,100.00,0.00,3170.54,1
184260,347,386,559,844,1,16,4294967295,33.59,688.60,100.00,0.00,3170.54,1
185256,346,386,559,844,1,17,4294967295,33.59,688.60,100.00,0.00,3170.54,1
186252,347,385,559,844,1,15,4294967295,33.59,688.60,100.00,0.00,3170.54,1
187248,347,386,559,844,1,15,4294967295,33.59,688.60,100.00,0.00,3170.54,1
188244,348,386,559,844,1,15,4294967295,33.59,688.60,100.00,0.00,3170.54,1
189240,347,386,559,844,1,16,4294967295,33.59,688.60,100.00,0.00,3170.54,1
190236,347,385,560,844,1,15,4294967295,33.59,688.60,100.00,0.00,3170.54,1
191232,347,386,559,844,1,16,4294967295,33.59,688.60,100.00,0.00,3170.54,1
192228,347,386,560,844,1,16,4294967295,33.59,688.60,100.00,0.00,3170.54,1
193224,347,386,560,844,1,16,4294967295,33.59,688.60,100.00,0.00,3170.54,1
194220,348,385,560,844,1,16,4294967295,33.59,688.60,100.00,0.00,3170.54,1
195216,349,386,560,844,2,15,4294967295,33.59,688.60,100.00,0.00,3170.54,1
196212,348,386,560,844,1,16,4294967295,33.59,688.60,100.00,0.00,3170.54,1
197208,347,386,560,844,1,16,4294967295,33.59,688.60,100.00,0.00,3170.54,1
198204,348,386,560,844,1,16,4294967295,33.59,688.60,100.00,0.00,3170.54,1
199200,348,386,560,844,1,16,4294967295,33.59,688.60,100.00,0.00,3170.54,1
200196,348,386,561,844,1,16,4294967295,33.59,688.60,100.00,0.00,3170.54,1
201192,348,386,561,844,1,16,4294967295,33.59,688.60,100.00,0.00,3170.54,1
202188,347,386,561,845,1,15,4294967295,33.59,688.60,100.00,0.00,3170.54,1
203184,348,386,561,844,1,16,4294967295,33.59,688.60,100.00,0.00,3170.54,1
204180,348,386,561,845,1,16,4294967295,33.59,688.60,100.00,0.00,3170.54,1
205176,347,386,561,844,1,16,4294967295,33.59,688.60,100.00,0.00,3170.54,1
206172,348,386,561,844,1,16,4294967295,33.59,688.60,100.00,0.00,3170.54,1
207168,348,386,562,844,1,16,4294967295,33.59,688.60,100.00,0.00,3170.54,1
208164,348,386,561,845,1,16,4294967295,33.59,688.60,100.00,0.00,3170.54,1
209160,348,386,561,845,1,16,4294967295,33.59,688.60,100.00,0.00,3170.54,1
210156,348,386,561,844,1,16,4294967295,33.59,688.60,100.00,0.00,3170.54,1
211152,349,386,562,844,1,16,4294967295,33.59,688.60,100.00,0.00,3170.54,1
212148,348,386,562,845,1,16,4294967295,33.59,688.60,100.00,0.00,3170.54,1
213144,349,387,562,844,1,15,4294967295,33.59,688.60,100.00,0.00,3170.54,1
214140,348,387,562,844,1,15,4294967295,33.59,688.60,100.00,0.00,3170.54,1
215136,349,386,562,844,1,16,4294967295,33.59,688.60,100.00,0.00,3170.54,1
216132,349,386,562,843,1,16,4294967295,33.59,688.60,100.00,0.00,3170.54,1
217128,348,386,561,845,1,16,4294967295,33.59,688.60,100.00,0.00,3170.54,1
218124,348,386,562,844,1,16,4294967295,33.59,688.60,100.00,0.00,3170.54,1
219120,348,386,562,844,1,16,4294967295,33.59,688.60,100.00,0.00,3170.54,1
220116,349,387,562,844,1,17,4294967295,33.59,688.60,100.00,0.00,3170.54,1
221112,349,386,562,843,1,16,4294967295,33.59,688.60,100.00,0.00,3170.54,1
222108,348,386,562,845,1,16,4294967295,33.59,688.60,100.00,0.00,3170.54,1
223104,349,387,562,844,1,16,4294967295,33.59,688.60,100.00,0.00,3170.54,1
224100,348,387,562,843,1,15,4294967295,33.59,688.60,100.00,0.00,3170.54,1
225096,349,386,563,844,1,16,4294967295,33.59,688.60,100.00,0.00,3170.54,1
226092,349,386,563,844,1,16,4294967295,33.59,688.60,100.00,0.00,3170.54,1
227088,349,386,563,844,1,16,4294967295,33.59,688.60,100.00,0.00,3170.54,1
228084,349,387,563,844,1,16,4294967295,33.59,688.60,100.00,0.00,3170.54,1
229080,348,387,563,844,1,16,4294967295,33.59,688.60,100.00,0.00,3170.54,1
230076,349,386,563,844,1,16,4294967295,33.59,688.60,100.00,0.00,3170.54,1
231072,349,387,562,844,1,16,4294967295,33.59,688.60,100.00,0.00,3170.54,1
232068,349,386,562,844,1,16,4294967295,33.59,688.60,100.00,0.00,3170.54,1
233064,349,387,562,844,1,16,4294967295,33.59,688.60,100.00,0.00,3170.54,1
234060,349,387,561,844,1,16,4294967295,33.59,688.60,100.00,0.00,3170.54,1
235056,348,387,562,843,2,16,4294967295,33.59,688.60,100.00,0.00,3170.54,1
236052,348,387,562,843,1,16,4294967295,33.59,688.60,100.00,0.00,3170.54,1
237048,348,387,562,844,1,16,4294967295,33.59,688.60,100.00,0.00,3170.54,1
238044,348,387,562,844,1,16,4294967295,33.59,688.60,100.00,0.00,3170.54,1
239040,348,387,561,844,1,16,4294967295,33.59,688.60,100.00,0.00,3170.54,1
240036,348,387,562,844,1,16,4294967295,33.59,688.60,100.00,0.00,3170.54,1
241032,348,387,561,843,1,16,4294967295,33.59,688.60,100.00,0.00,3170.54,1
242028,347,387,560,844,1,16,4294967295,33.59,688.60,100.00,0.00,3170.54,1
243024,347,387,560,843,1,16,4294967295,33.59,688.60,100.00,0.00,3170.54,1
244020,347,387,560,844,1,16,4294967295,33.59,688.60,100.00,0.00,3170.54,1
245016,347,387,561,844,1,16,4294967295,33.59,688.60,100.00,0.00,3170.54,1
246012,347,387,560,845,1,16,4294967295,33.59,688.60,100.00,0.00,3170.54,1
247008,347,387,560,844,1,15,4294967295,33.59,688.60,100.00,0.00,3170.54,1
248004,347,387,560,844,1,16,4294967295,33.59,688.60,100.00,0.00,3170.54,1
249000,347,387,560,844,1,16,4294967295,33.59,688.60,100.00,0.00,3170.54,1
249996,347,387,561,843,1,16,4294967295,33.59,688.60,100.00,0.00,3170.54,1
250992,347,387,560,844,1,16,4294967295,33.59,688.60,100.00,0.00,3170.54,1
251988,347,387,560,844,1,16,4294967295,33.59,688.60,100.00,0.00,3170.54,1
252984,347,387,560,843,1,16,4294967295,33.59,688.60,100.00,0.00,3170.54,1
253980,346,387,560,844,1,16,4294967295,33.59,688.60,100.00,0.00,3170.54,1
254976,347,387,561,843,1,16,4294967295,33.59,688.60,100.00,0.00,3170.54,1
255972,347,388,560,844,1,16,4294967295,33.59,688.60,100.00,0.00,3170.54,1
256968,347,387,560,844,1,16,4294967295,33.59,688.60,100.00,0.00,3170.54,1
257964,346,387,561,844,1,16,4294967295,33.59,688.60,100.00,0.00,3170.54,1
258960,347,387,561,844,1,16,4294967295,33.59,688.60,100.00,0.00,3170.54,1
259956,346,388,561,844,2,16,4294967295,33.59,688.60,100.00,0.00,3170.54,1
260952,347,387,561,843,1,16,4294967295,33.59,688.60,100.00,0.00,3170.54,1
261948,346,388,560,844,1,16,4294967295,33.59,688.60,100.00,0.00,3170.54,1
262944,346,387,560,844,1,16,4294967295,33.59,688.60,100.00,0.00,3170.54,1
263940,345,388,560,844,1,16,4294967295,33.59,688.60,100.00,0.00,3170.54,1
264936,345,388,560,843,1,16,4294967295,33.59,688.60,100.00,0.00,3170.54,1
265932,346,387,560,843,1,16,4294967295,33.59,688.60,100.00,0.00,3170.54,1
266928,346,388,560,844,1,16,4294967295,33.59,688.60,100.00,0.00,3170.54,1
267924,346,387,560,844,1,15,4294967295,33.59,688.60,100.00,0.00,3170.54,1
268920,346,388,559,843,1,16,4294967295,33.59,688.60,100.00,0.00,3170.54,1
269916,346,388,561,844,1,15,4294967295,33.59,688.60,100.00,0.00,3170.54,1
270912,346,388,560,844,1,16,4294967295,33.59,688.60,100.00,0.00,3170.54,1
271908,346,388,560,843,1,16,4294967295,33.59,688.60,100.00,0.00,3170.54,1
272904,346,387,560,844,1,16,4294967295,33.59,688.60,100.00,0.00,3170.54,1
273900,346,388,560,843,1,16,4294967295,33.59,688.60,100.00,0.00,3170.54,1
274896,346,388,560,843,1,16,4294967295,33.59,688.60,100.00,0.00,3170.54,1
275892,346,387,560,843,1,16,4294967295,33.59,688.60,100.00,0.00,3170.54,1
276888,346,388,560,843,1,16,4294967295,33.59,688.60,100.00,0.00,3170.54,1
277884,345,387,560,843,1,16,4294967295,33.59,688.60,100.00,0.00,3170.54,1
278880,346,387,560,843,1,16,4294967295,33.59,688.60,100.00,0.00,3170.54,1
279876,346,388,561,844,1,16,4294967295,33.59,688.60,100.00,0.00,3170.54,1
280872,346,388,560,843,1,16,4294967295,33.59,688.60,100.00,0.00,3170.54,1
281868,346,388,560,843,1,16,4294967295,33.59,688.60,100.00,0.00,3170.54,1
282864,347,387,561,843,1,16,4294967295,33.59,688.60,100.00,0.00,3170.54,1
283860,346,388,561,843,1,15,4294967295,33.59,688.60,100.00,0.00,3170.54,1
284856,347,388,561,843,1,16,4294967295,33.59,688.60,100.00,0.00,3170.54,1
285852,346,388,560,843,1,16,4294967295,33.59,688.60,100.00,0.00,3170.54,1
286848,345,388,560,843,1,16,4294967295,33.59,688.60,100.00,0.00,3170.54,1
287844,346,388,561,844,1,16,4294967295,33.59,688.60,100.00,0.00,3170.54,1
288840,346,388,561,843,1,16,4294967295,33.59,688.60,100.00,0.00,3170.54,1
289836,346,388,560,843,1,15,4294967295,33.59,688.60,100.00,0.00,3170.54,1
290832,346,388,560,843,1,16,4294967295,33.59,688.60,100.00,0.00,3170.54,1
291828,346,388,561,843,1,16,4294967295,33.59,688.60,100.00,0.00,3170.54,1
292824,347,388,561,843,1,16,4294967295,33.59,688.60,100.00,0.00,3170.54,1
293820,347,388,561,843,1,16,4294967295,33.59,688.60,100.00,0.00,3170.54,1
294816,346,388,562,843,2,16,4294967295,33.59,688.60,100.00,0.00,3170.54,1
295812,346,388,561,843,1,16,4294967295,33.59,688.60,100.00,0.00,3170.54,1
296808,347,387,561,843,1,16,4294967295,33.59,688.60,100.00,0.00,3170.54,1
297804,347,388,561,843,1,15,4294967295,33.59,688.60,100.00,0.00,3170.54,1
298800,346,388,562,843,2,16,4294967295,33.59,688.60,100.00,0.00,3170.54,1
299796,346,388,561,843,1,16,4294967295,33.59,688.60,100.00,0.00,3170.54,1
300792,347,388,562,844,1,16,4294967295,33.59,688.60,100.00,0.00,3170.54,1
301788,346,388,562,843,1,15,4294967295,33.59,688.60,100.00,0.00,3170.54,1
302784,346,388,562,844,1,16,4294967295,33.59,688.60,100.00,0.00,3170.54,1
303780,347,388,562,843,1,16,4294967295,33.59,688.60,100.00,0.00,3170.54,1
304776,347,388,563,844,1,15,4294967295,33.59,688.60,100.00,0.00,3170.54,1
305772,347,388,563,843,1,16,4294967295,33.59,688.60,100.00,0.00,3170.54,1
306768,347,388,562,843,1,16,4294967295,33.59,688.60,100.00,0.00,3170.54,1
307764,347,388,562,843,1,15,4294967295,33.59,688.60,100.00,0.00,3170.54,1
308760,347,388,562,843,1,16,4294967295,33.59,688.60,100.00,0.00,3170.54,1
309756,347,388,562,843,1,16,4294967295,33.59,688.60,100.00,0.00,3170.54,1
310752,347,388,563,844,1,16,4294967295,33.59,688.60,100.00,0.00,3170.54,1
311748,346,388,562,843,1,16,4294967295,33.59,688.60,100.00,0.00,3170.54,1
312744,347,388,562,843,1,15,4294967295,33.59,688.60,100.00,0.00,3170.54,1
313740,346,388,562,843,1,16,4294967295,33.59,688.60,100.00,0.00,3170.54,1
314736,346,388,561,842,1,16,4294967295,33.59,688.60,100.00,0.00,3170.54,1
315732,345,388,560,843,1,16,4294967295,33.59,688.60,100.00,0.00,3170.54,1
316728,344,388,559,843,1,16,4294967295,33.59,688.60,100.00,0.00,3170.54,1
317724,343,388,559,842,1,16,4294967295,33.59,688.60,100.00,0.00,3170.54,1
318720,343,388,557,843,1,16,4294967295,33.59,688.60,100.00,0.00,3170.54,1
319716,342,388,557,842,1,16,4294967295,33.59,688.60,100.00,0.00,3170.54,1
320712,343,388,557,842,1,16,4294967295,33.59,688.60,100.00,0.00,3170.54,1
321708,342,387,557,843,1,16,4294967295,33.59,688.60,100.00,0.00,3170.54,1
322704,342,388,558,843,1,17,4294967295,33.59,688.60,100.00,0.00,3170.54,1
323700,341,388,558,843,1,16,4294967295,33.59,688.60,100.00,0.00,3170.54,1
324696,342,387,557,842,1,16,4294967295,33.59,688.60,100.00,0.00,3170.54,1
325692,343,388,557,843,1,15,4294967295,33.59,688.60,100.00,0.00,3170.54,1
326688,342,388,557,842,1,16,4294967295,33.59,688.60,100.00,0.00,3170.54,1
327684,341,388,557,842,1,16,4294967295,33.59,688.60,100.00,0.00,3170.54,1
328680,342,388,557,842,2,16,4294967295,33.59,688.60,100.00,0.00,3170.54,1
329676,342,388,558,842,1,16,4294967295,33.59,688.60,100.00,0.00,3170.54,1
330672,342,388,559,843,1,16,4294967295,33.59,688.60,100.00,0.00,3170.54,1
331668,343,388,558,842,1,16,4294967295,33.59,688.60,100.00,0.00,3170.54,1
332664,343,388,559,842,1,16,4294967295,33.59,688.60,100.00,0.00,3170.54,1
333660,342,388,558,842,1,16,4294967295,33.59,688.60,100.00,0.00,3170.54,1
334656,343,388,559,843,2,16,4294967295,33.59,688.60,100.00,0.00,3170.54,1
335652,343,387,559,842,1,16,4294967295,33.59,688.60,100.00,0.00,3170.54,1
336648,343,388,559,843,1,16,4294967295,33.59,688.60,100.00,0.00,3170.54,1
337644,344,388,559,842,1,16,4294967295,33.59,688.60,100.00,0.00,3170.54,1
338640,344,387,558,843,1,16,4294967295,33.59,688.60,100.00,0.00,3170.54,1
339636,343,388,558,842,1,16,4294967295,33.59,688.60,100.00,0.00,3170.54,1
340632,344,388,559,843,1,16,4294967295,33.59,688.60,100.00,0.00,3170.54,1
341628,343,388,558,843,1,16,4294967295,33.59,688.60,100.00,0.00,3170.54,1
342624,343,388,558,842,1,16,4294967295,33.59,688.60,100.00,0.00,3170.54,1
343620,343,388,558,842,1,16,4294967295,33.59,688.60,100.00,0.00,3170.54,1
344616,343,388,558,842,1,16,4294967295,33.59,688.60,100.00,0.00,3170.54,1
345612,342,388,557,842,1,16,4294967295,33.59,688.60,100.00,0.00,3170.54,1
346608,341,388,557,842,1,16,4294967295,33.59,688.60,100.00,0.00,3170.54,1
347604,339,388,556,842,1,16,4294967295,33.59,688.60,100.00,0.00,3170.54,1
348600,338,388,555,842,1,16,4294967295,33.59,688.60,100.00,0.00,3170.54,1
349596,337,387,555,842,1,16,4294967295,33.59,688.60,100.00,0.00,3170.54,1
350592,337,388,554,842,1,16,4294967295,33.59,688.60,100.00,0.00,3170.54,1
351588,336,387,554,841,1,16,4294967295,33.59,688.60,100.00,0.00,3170.54,1
352584,337,387,554,841,1,16,4294967295,33.59,688.60,100.00,0.00,3170.54,1
353580,336,388,553,841,1,16,4294967295,33.59,688.60,100.00,0.00,3170.54,1
354576,336,388,553,842,1,16,4294967295,33.59,688.60,100.00,0.00,3170.54,1
355572,337,387,553,841,1,16,4294967295,33.59,688.60,100.00,0.00,3170.54,1
356568,337,387,552,841,1,16,4294967295,33.59,688.60,100.00,0.00,3170.54,1
357564,338,387,553,841,1,16,4294967295,33.59,688.60,100.00,0.00,3170.54,1
358560,338,387,553,841,1,16,4294967295,33.59,688.60,100.00,0.00,3170.54,1
359556,338,387,553,842,1,16,4294967295,33.59,688.60,100.00,0.00,3170.54,1
360552,337,387,553,842,2,16,4294967295,33.59,688.60,100.00,0.00,3170.54,1
361548,338,388,553,841,1,16,4294967295,33.59,688.60,100.00,0.00,3170.54,1
362544,339,388,553,842,1,16,4294967295,33.59,688.60,100.00,0.00,3170.54,1
363540,338,388,553,842,1,16,4294967295,33.59,688.60,100.00,0.00,3170.54,1
364536,339,388,553,841,1,15,4294967295,33.59,688.60,100.00,0.00,3170.54,1
365532,338,388,553,841,1,15,4294967295,33.59,688.60,100.00,0.00,3170.54,1
366528,339,387,553,841,1,15,4294967295,33.59,688.60,100.00,0.00,3170.54,1
367524,339,387,553,841,1,16,4294967295,33.59,688.60,100.00,0.00,3170.54,1
368520,339,387,553,841,1,16,4294967295,33.59,688.60,100.00,0.00,3170.54,1
369516,338,388,553,842,1,15,4294967295,33.59,688.60,100.00,0.00,3170.54,1
370512,338,387,554,841,1,15,4294967295,33.59,688.60,100.00,0.00,3170.54,1
371508,339,387,553,841,1,16,4294967295,33.59,688.60,100.00,0.00,3170.54,1
372504,339,387,555,841,1,15,4294967295,33.59,688.60,100.00,0.00,3170.54,1
373500,339,387,554,841,1,15,4294967295,33.59,688.60,100.00,0.00,3170.54,1
374496,339,387,555,841,1,15,4294967295,33.59,688.60,100.00,0.00,3170.54,1
375492,340,387,555,841,1,16,4294967295,33.59,688.60,100.00,0.00,3170.54,1
376488,340,387,555,841,1,16,4294967295,33.59,688.60,100.00,0.00,3170.54,1
377484,340,387,555,840,1,16,4294967295,33.59,688.60,100.00,0.00,3170.54,1
378480,339,387,554,841,1,16,4294967295,33.59,688.60,100.00,0.00,3170.54,1
379476,340,387,555,841,1,16,4294967295,33.59,688.60,100.00,0.00,3170.54,1
380472,340,387,555,841,1,16,4294967295,33.59,688.60,100.00,0.00,3170.54,1
381468,340,387,555,841,1,15,4294967295,33.59,688.60,100.00,0.00,3170.54,1
382464,340,387,556,841,1,16,4294967295,33.59,688.60,100.00,0.00,3170.54,1
383460,341,387,556,841,1,15,4294967295,33.59,688.60,100.00,0.00,3170.54,1
384456,341,387,556,841,1,16,4294967295,33.59,688.60,100.00,0.00,3170.54,1
385452,341,387,556,841,1,16,4294967295,33.59,688.60,100.00,0.00,3170.54,1
386448,341,387,557,841,1,15,4294967295,33.59,688.60,100.00,0.00,3170.54,1
387444,341,387,556,841,1,15,4294967295,33.59,688.60,100.00,0.00,3170.54,1
388440,342,388,557,841,1,15,4294967295,33.59,688.60,100.00,0.00,3170.54,1
389436,341,388,557,841,1,16,4294967295,33.59,688.60,100.00,0.00,3170.54,1
390432,342,387,557,841,1,15,4294967295,33.59,688.60,100.00,0.00,3170.54,1
391428,342,387,558,841,1,16,4294967295,33.59,688.60,100.00,0.00,3170.54,1
392424,342,387,558,841,1,15,4294967295,33.59,688.60,100.00,0.00,3170.54,1
393420,343,387,558,841,1,15,4294967295,33.59,688.60,100.00,0.00,3170.54,1
394416,342,387,558,841,1,15,4294967295,33.59,688.60,100.00,0.00,3170.54,1
395412,342,387,558,841,1,16,4294967295,33.59,688.60,100.00,0.00,3170.54,1
396408,343,387,559,841,1,16,4294967295,33.59,688.60,100.00,0.00,3170.54,1
397404,343,387,559,841,1,16,4294967295,33.59,688.60,100.00,0.00,3170.54,1
398400,343,387,558,842,1,15,4294967295,33.59,688.60,100.00,0.00,3170.54,1
399396,343,387,559,841,1,16,4294967295,33.59,688.60,100.00,0.00,3170.54,1
400392,343,387,559,841,1,16,4294967295,33.59,688.60,100.00,0.00,3170.54,1
401388,343,387,559,841,1,16,4294967295,33.59,688.60,100.00,0.00,3170.54,1
402384,343,387,559,841,1,16,4294967295,33.59,688.60,100.00,0.00,3170.54,1
403380,343,387,560,841,1,15,4294967295,33.59,688.60,100.00,0.00,3170.54,1
404376,343,387,559,841,2,16,4294967295,33.59,688.60,100.00,0.00,3170.54,1
405372,343,387,559,841,1,16,4294967295,33.59,688.60,100.00,0.00,3170.54,1
406368,343,386,558,840,1,15,4294967295,33.59,688.60,100.00,0.00,3170.54,1
407364,342,387,559,841,1,16,4294967295,33.59,688.60,100.00,0.00,3170.54,1
408360,343,388,559,841,1,15,4294967295,33.59,688.60,100.00,0.00,3170.54,1
409356,342,387,559,840,1,16,4294967295,33.59,688.60,100.00,0.00,3170.54,1
410352,342,387,557,841,1,15,4294967295,33.59,688.60,100.00,0.00,3170.54,1
411348,340,388,557,841,1,15,4294967295,33.59,688.60,100.00,0.00,3170.54,1
412344,339,388,556,841,1,15,4294967295,33.59,688.60,100.00,0.00,3170.54,1
413340,338,387,555,841,1,16,4294967295,33.59,688.60,100.00,0.00,3170.54,1
414336,337,387,554,840,1,16,4294967295,33.59,688.60,100.00,0.00,3170.54,1
415332,337,387,554,840,1,16,4294967295,33.59,688.60,100.00,0.00,3170.54,1
416328,335,388,553,841,1,16,4294967295,33.59,688.60,100.00,0.00,3170.54,1
417324,335,387,552,841,1,15,4294967295,33.59,688.60,100.00,0.00,3170.54,1
418320,334,387,553,841,1,16,4294967295,33.59,688.60,100.00,0.00,3170.54,1
419316,334,386,553,840,1,16,4294967295,33.59,688.60,100.00,0.00,3170.54,1
420312,334,386,553,840,1,16,4294967295,33.59,688.60,100.00,0.00,3170.54,1
421308,335,386,553,840,1,16,4294967295,33.59,688.60,100.00,0.00,3170.54,1
422304,334,387,553,840,1,16,4294967295,33.59,688.60,100.00,0.00,3170.54,1
423300,332,387,552,840,1,15,4294967295,33.59,688.60,100.00,0.00,3170.54,1
424296,333,387,551,840,1,16,4294967295,33.59,688.60,100.00,0.00,3170.54,1
425292,332,386,550,840,1,15,4294967295,33.59,688.60,100.00,0.00,3170.54,1
426288,331,386,550,840,1,16,4294967295,33.59,688.60,100.00,0.00,3170.54,1
427284,331,386,550,840,1,15,4294967295,33.59,688.60,100.00,0.00,3170.54,1
428280,331,386,549,840,1,16,4294967295,33.59,688.60,100.00,0.00,3170.54,1
429276,330,387,549,840,1,16,4294967295,33.59,688.60,100.00,0.00,3170.54,1
430272,331,387,549,839,1,16,4294967295,33.59,688.60,100.00,0.00,3170.54,1
431268,330,387,550,840,1,16,4294967295,33.59,688.60,100.00,0.00,3170.54,1
432264,331,386,550,840,1,16,4294967295,33.59,688.60,100.00,0.00,3170.54,1
433260,332,387,550,840,1,16,4294967295,33.59,688.60,100.00,0.00,3170.54,1
434256,331,386,550,840,1,16,4294967295,33.59,688.60,100.00,0.00,3170.54,1
435252,332,386,550,840,1,16,4294967295,33.59,688.60,100.00,0.00,3170.54,1
436248,332,387,550,840,1,16,4294967295,33.59,688.60,100.00,0.00,3170.54,1
437244,333,386,551,839,1,15,4294967295,33.59,688.60,100.00,0.00,3170.54,1
438240,333,386,550,840,1,16,4294967295,33.59,688.60,100.00,0.00,3170.54,1
439236,333,386,550,839,1,16,4294967295,33.59,688.60,100.00,0.00,3170.54,1
440232,333,386,551,839,1,16,4294967295,33.59,688.60,100.00,0.00,3170.54,1
441228,333,386,551,839,1,16,4294967295,33.59,688.60,100.00,0.00,3170.54,1
442224,332,386,551,839,1,16,4294967295,33.59,688.60,100.00,0.00,3170.54,1
443220,333,386,551,839,1,15,4294967295,33.59,688.60,100.00,0.00,3170.54,1
444216,333,386,550,839,1,16,4294967295,33.59,688.60,100.00,0.00,3170.54,1
445212,333,386,551,839,1,16,4294967295,33.59,688.60,100.00,0.00,3170.54,1
446208,333,386,551,839,1,16,4294967295,33.59,688.60,100.00,0.00,3170.54,1
447204,334,386,551,839,1,16,4294967295,33.59,688.60,100.00,0.00,3170.54,1
448200,333,386,551,839,1,16,4294967295,33.59,688.60,100.00,0.00,3170.54,1
449196,334,385,551,840,1,16,4294967295,33.59,688.60,100.00,0.00,3170.54,1
450192,334,386,551,839,1,17,4294967295,33.59,688.60,100.00,0.00,3170.54,1
451188,334,386,551,839,1,16,4294967295,33.59,688.60,100.00,0.00,3170.54,1
452184,334,386,552,839,1,15,4294967295,33.59,688.60,100.00,0.00,3170.54,1
453180,334,386,552,839,1,16,4294967295,33.59,688.60,100.00,0.00,3170.54,1
454176,335,386,552,839,1,16,4294967295,33.59,688.60,100.00,0.00,3170.54,1
455172,335,386,552,839,1,15,4294967295,33.59,688.60,100.00,0.00,3170.54,1
456168,335,386,552,839,1,16,4294967295,33.59,688.60,100.00,0.00,3170.54,1
457164,335,386,553,839,2,15,4294967295,33.59,688.60,100.00,0.00,3170.54,1
458160,336,386,553,839,1,15,4294967295,33.59,688.60,100.00,0.00,3170.54,1
459156,337,386,553,840,1,15,4294967295,33.59,688.60,100.00,0.00,3170.54,1
460152,337,387,554,839,1,16,4294967295,33.59,688.60,100.00,0.00,3170.54,1
461148,337,386,555,840,1,16,4294967295,33.59,688.60,100.00,0.00,3170.54,1
462144,337,386,554,840,1,15,4294967295,33.59,688.60,100.00,0.00,3170.54,1
463140,338,386,555,839,1,16,4294967295,33.59,688.60,100.00,0.00,3170.54,1
464136,338,386,555,839,1,15,4294967295,33.59,688.60,100.00,0.00,3170.54,1
465132,338,386,555,840,1,15,4294967295,33.59,688.60,100.00,0.00,3170.54,1
466128,339,386,556,839,1,16,4294967295,33.59,688.60,100.00,0.00,3170.54,1
467124,339,385,556,839,1,15,4294967295,33.59,688.60,100.00,0.00,3170.54,1
468120,339,386,556,839,1,16,4294967295,33.59,688.60,100.00,0.00,3170.54,1
469116,339,386,556,839,1,16,4294967295,33.59,688.60,100.00,0.00,3170.54,1
470112,339,386,557,839,1,15,4294967295,33.59,688.60,100.00,0.00,3170.54,1
471108,339,385,557,839,1,16,4294967295,33.59,688.60,100.00,0.00,3170.54,1
472104,340,386,557,839,1,16,4294967295,33.59,688.60,100.00,0.00,3170.54,1
473100,340,386,557,840,1,15,4294967295,33.59,688.60,100.00,0.00,3170.54,1
474096,340,386,557,839,1,16,4294967295,33.59,688.60,100.00,0.00,3170.54,1
475092,340,386,558,839,1,16,4294967295,33.59,688.60,100.00,0.00,3170.54,1
476088,340,385,557,840,1,15,4294967295,33.59,688.60,100.00,0.00,3170.54,1
477084,340,386,558,839,1,16,4294967295,33.59,688.60,100.00,0.00,3170.54,1
478080,341,386,557,840,1,16,4294967295,33.59,688.60,100.00,0.00,3170.54,1
479076,341,386,558,840,1,16,4294967295,33.59,688.60,100.00,0.00,3170.54,1
480072,341,386,558,840,1,16,4294967295,33.59,688.60,100.00,0.00,3170.54,1
481068,340,387,558,840,1,16,4294967295,33.59,688.60,100.00,0.00,3170.54,1
482064,340,386,558,840,1,15,4294967295,33.59,688.60,100.00,0.00,3170.54,1
483060,340,386,558,840,1,16,4294967295,33.59,688.60,100.00,0.00,3170.54,1
484056,340,386,558,839,1,16,4294967295,33.59,688.60,100.00,0.00,3170.54,1
485052,340,386,559,840,1,16,4294967295,33.59,688.60,100.00,0.00,3170.54,1
486048,341,386,558,839,1,16,4294967295,33.59,688.60,100.00,0.00,3170.54,1
487044,340,386,559,840,1,16,4294967295,33.59,688.60,100.00,0.00,3170.54,1
488040,341,386,558,839,1,17,4294967295,33.59,688.60,100.00,0.00,3170.54,1
489036,340,386,559,840,1,16,4294967295,33.59,688.60,100.00,0.00,3170.54,1
490032,340,386,558,840,1,16,4294967295,33.59,688.60,100.00,0.00,3170.54,1
491028,341,386,559,840,1,16,4294967295,33.59,688.60,100.00,0.00,3170.54,1
492024,340,386,559,840,1,16,4294967295,33.59,688.60,100.00,0.00,3170.54,1
493020,341,386,559,839,1,16,4294967295,33.59,688.60,100.00,0.00,3170.54,1
494016,340,386,558,840,1,16,4294967295,33.59,688.60,100.00,0.00,3170.54,1
495012,340,386,559,839,1,16,4294967295,33.59,688.60,100.00,0.00,3170.54,1
496008,340,386,559,839,1,15,4294967295,33.59,688.60,100.00,0.00,3170.54,1
497004,341,386,559,839,1,15,4294967295,33.59,688.60,100.00,0.00,3170.54,1
498000,340,386,559,839,1,16,4294967295,33.59,688.60,100.00,0.00,3170.54,1
498996,341,386,560,840,1,16,4294967295,33.59,688.60,100.00,0.00,3170.54,1
499992,341,386,559,839,1,16,4294967295,33.59,688.60,100.00,0.00,3170.54,1
500988,340,386,560,840,1,16,4294967295,33.59,688.60,100.00,0.00,3170.54,1
501984,340,386,559,840,1,15,4294967295,33.59,688.60,100.00,0.00,3170.54,1
502980,341,386,560,839,1,15,4294967295,33.59,688.60,100.00,0.00,3170.54,1
503976,340,386,559,839,1,16,4294967295,33.59,688.60,100.00,0.00,3170.54,1
504972,339,386,559,839,1,16,4294967295,33.59,688.60,100.00,0.00,3170.54,1
505968,340,386,559,840,1,16,4294967295,33.59,688.60,100.00,0.00,3170.54,1
506964,339,386,558,839,1,16,4294967295,33.59,688.60,100.00,0.00,3170.54,1
507960,340,386,558,840,1,15,4294967295,33.59,688.60,100.00,0.00,3170.54,1
508956,339,386,558,840,1,15,4294967295,33.59,688.60,100.00,0.00,3170.54,1
509952,339,386,559,839,1,16,4294967295,33.59,688.60,100.00,0.00,3170.54,1
510948,338,386,558,839,1,16,4294967295,33.59,688.60,100.00,0.00,3170.54,1
511944,339,386,559,840,1,16,4294967295,33.59,688.60,100.00,0.00,3170.54,1
512940,338,386,557,839,1,16,4294967295,33.59,688.60,100.00,0.00,3170.54,1
513936,338,386,557,839,1,16,4294967295,33.59,688.60,100.00,0.00,3170.54,1
514932,338,386,557,839,1,15,4294967295,33.59,688.60,100.00,0.00,3170.54,1
515928,338,386,557,840,1,16,4294967295,33.59,688.60,100.00,0.00,3170.54,1
516924,338,386,557,839,1,15,4294967295,33.59,688.60,100.00,0.00,3170.54,1
517920,338,386,556,839,1,15,4294967295,33.59,688.60,100.00,0.00,3170.54,1
518916,337,386,557,839,1,15,4294967295,33.59,688.60,100.00,0.00,3170.54,1
519912,338,386,558,839,1,16,4294967295,33.59,688.60,100.00,0.00,3170.54,1
520908,338,386,557,839,1,16,4294967295,33.59,688.60,100.00,0.00,3170.54,1
521904,339,386,558,839,1,15,4294967295,33.59,688.60,100.00,0.00,3170.54,1
522900,338,386,557,839,1,16,4294967295,33.59,688.60,100.00,0.00,3170.54,1
523896,338,386,558,839,1,16,4294967295,33.59,688.60,100.00,0.00,3170.54,1
524892,339,386,558,840,1,15,4294967295,33.59,688.60,100.00,0.00,3170.54,1
525888,339,386,558,839,1,16,4294967295,33.59,688.60,100.00,0.00,3170.54,1
526884,339,386,558,839,1,15,4294967295,33.59,688.60,100.00,0.00,3170.54,1
527880,339,386,558,838,1,15,4294967295,33.59,688.60,100.00,0.00,3170.54,1
528876,339,386,559,839,1,15,4294967295,33.59,688.60,100.00,0.00,3170.54,1
529872,339,386,559,840,1,16,4294967295,33.59,688.60,100.00,0.00,3170.54,1
530868,341,386,559,838,2,16,4294967295,33.59,688.60,100.00,0.00,3170.54,1
531864,340,386,559,839,1,16,4294967295,33.59,688.60,100.00,0.00,3170.54,1
532860,340,386,559,839,1,16,4294967295,33.59,688.60,100.00,0.00,3170.54,1
533856,340,386,560,839,1,15,4294967295,33.59,688.60,100.00,0.00,3170.54,1
534852,340,386,560,840,1,16,4294967295,33.59,688.60,100.00,0.00,3170.54,1
535848,340,387,560,839,1,16,4294967295,33.59,688.60,100.00,0.00,3170.54,1
536844,340,386,560,839,1,16,4294967295,33.59,688.60,100.00,0.00,3170.54,1
537840,339,386,558,839,1,15,4294967295,33.59,688.60,100.00,0.00,3170.54,1
538836,332,385,555,838,1,15,4294967295,33.59,688.60,100.00,0.00,3170.54,1
539832,326,384,551,837,1,15,4294967295,33.59,688.60,100.00,0.00,3170.54,1
540828,320,382,548,837,1,15,4294967295,33.59,688.60,100.00,0.00,3170.54,1
541824,315,381,545,838,1,15,4294967295,33.59,688.60,100.00,0.00,3170.54,1
542820,310,380,542,837,1,15,4294967295,33.59,688.60,100.00,0.00,3170.54,1
543816,305,379,538,836,1,15,4294967295,33.59,688.60,100.00,0.00,3170.54,1
544812,300,378,535,836,1,15,4294967295,33.59,688.60,100.00,0.00,3170.54,1
545808,295,377,532,834,1,15,4294967295,33.59,688.60,100.00,0.00,3170.54,1
546804,291,375,530,834,1,15,4294967295,33.59,688.60,100.00,0.00,3170.54,1
547800,288,373,527,834,1,15,4294967295,33.59,688.60,100.00,0.00,3170.54,1
548796,284,372,524,832,2,15,4294967295,33.59,688.60,100.00,0.00,3170.54,1
549792,280,370,522,832,1,15,4294967295,33.59,688.60,100.00,0.00,3170.54,1
550788,276,369,520,831,1,15,4294967295,33.59,688.60,100.00,0.00,3170.54,1
551784,272,368,517,831,1,15,4294967295,33.59,688.60,100.00,0.00,3170.54,1
552780,269,367,515,831,1,15,4294967295,33.59,688.60,100.00,0.00,3170.54,1
553776,266,365,512,830,1,15,4294967295,33.59,688.60,100.00,0.00,3170.54,1
554772,263,363,510,829,1,15,4294967295,33.59,688.60,100.00,0.00,3170.54,1
555768,260,362,507,828,1,15,4294967295,33.59,688.60,100.00,0.00,3170.54,1
556764,257,360,505,828,1,15,4294967295,33.59,688.60,100.00,0.00,3170.54,1
557760,254,358,501,828,1,15,4294967295,33.59,688.60,100.00,0.00,3170.54,1
