timestamp,NO2,C2H50H,VOC,CO,Alcohol,LPG,Benzene,Temperature,Pressure,Humidity,Gas_Resistance,Altitude,State53.22,1
83664,33,62,61,747,5,10,0,25.58,1010.60,36.40,305.37,53.14,1
84660,34,62,61,746,10,15,0,25.58,1010.61,36.41,306.78,53.14,1
85656,33,62,60,747,5,10,0,25.58,1010.61,36.41,306.21,53.14,1
86652,33,62,60,747,2,7,0,25.57,1010.61,36.42,307.93,53.14,1
87648,34,62,61,748,2,6,0,25.58,1010.61,36.42,307.07,53.14,1
88644,34,62,61,747,2,6,0,25.58,1010.61,36.42,306.21,53.14,1
89640,34,62,61,746,2,7,0,25.58,1010.61,36.42,306.78,53.22,1
90636,34,62,61,747,2,6,0,25.58,1010.60,36.42,306.50,53.22,1
91632,34,62,61,747,2,7,0,25.58,1010.60,36.42,307.35,53.14,1
92628,34,62,60,747,2,7,0,25.58,1010.61,36.40,307.35,53.06,1
93624,34,62,61,747,2,8,0,25.59,1010.62,36.41,306.21,53.14,1
94620,34,62,61,747,3,9,0,25.59,1010.61,36.40,308.21,53.14,1
95616,33,62,61,747,3,8,0,25.59,1010.61,36.40,307.35,53.14,1
96612,34,62,60,747,2,8,0,25.59,1010.61,36.41,308.21,53.14,1
97608,34,62,61,747,2,7,0,25.59,1010.61,36.40,309.08,53.14,1
98604,34,62,61,747,2,8,0,25.59,1010.61,36.40,308.79,53.14,1
99600,34,62,60,747,2,7,0,25.59,1010.61,36.40,306.21,53.22,1
100596,34,62,61,748,2,8,0,25.59,1010.60,36.40,308.50,53.14,1
101592,34,62,60,747,2,7,0,25.59,1010.61,36.39,308.50,53.14,1
102588,34,62,60,747,1,7,0,25.59,1010.61,36.39,309.66,53.22,1
103584,34,62,60,748,1,7,0,25.60,1010.60,36.39,307.93,53.31,1
104580,34,62,61,747,1,7,0,25.60,1010.59,36.37,307.35,53.39,1
105576,35,62,61,748,1,7,0,25.60,1010.58,36.38,307.93,53.39,1
106572,35,62,61,747,2,7,0,25.60,1010.58,36.38,307.07,53.39,1
107568,34,62,61,748,1,7,0,25.60,1010.58,36.38,308.50,53.39,1
108564,34,62,61,748,1,8,0,25.60,1010.58,36.38,309.08,53.39,1
109560,34,62,60,747,1,8,0,25.60,1010.58,36.36,308.21,53.47,1
110556,34,62,61,747,1,8,0,25.60,1010.57,36.35,307.64,53.31,1
111552,34,62,61,747,1,8,0,25.61,1010.59,36.35,307.93,53.39,1
112548,35,62,61,747,1,8,0,25.61,1010.58,36.34,307.93,53.39,1
113544,34,62,61,748,1,8,0,25.61,1010.58,36.34,307.07,53.39,1
114540,35,62,61,747,1,8,0,25.61,1010.58,36.34,307.07,53.31,1
115536,34,62,60,748,1,8,0,25.61,1010.59,36.34,307.93,53.31,1
116532,34,61,61,748,1,8,0,25.61,1010.59,36.32,306.78,53.31,1
117528,34,62,61,748,1,7,0,25.61,1010.59,36.32,308.21,53.31,1
118524,35,62,61,747,1,8,0,25.61,1010.59,36.31,306.50,53.31,1
119520,34,62,61,747,1,8,0,25.62,1010.59,36.32,305.93,53.39,1
120516,34,61,61,748,1,8,0,25.62,1010.58,36.31,305.08,53.39,1
121512,34,61,61,748,1,8,0,25.62,1010.58,36.31,306.78,53.39,1
122508,35,62,61,748,1,8,0,25.62,1010.58,36.30,305.93,53.31,1
123504,34,62,61,748,1,8,0,25.62,1010.59,36.30,309.08,53.31,1
124500,35,62,61,748,1,8,0,25.62,1010.59,36.30,307.07,53.31,1
125496,35,62,61,748,1,8,0,25.62,1010.59,36.30,309.08,53.39,1
126492,35,62,61,748,1,8,0,25.62,1010.58,36.29,305.93,53.39,1
127488,35,62,61,748,1,8,0,25.62,1010.58,36.28,307.93,53.31,1
128484,34,62,61,748,1,8,0,25.62,1010.59,36.28,307.64,53.39,1
129480,35,62,61,748,1,8,0,25.62,1010.58,36.28,305.93,53.31,1
130476,35,62,61,747,1,8,0,25.62,1010.59,36.28,305.08,53.39,1
131472,35,62,61,747,1,8,0,25.62,1010.58,36.28,306.21,53.31,1
132468,34,62,61,748,1,8,0,25.63,1010.59,36.29,305.37,53.31,1
133464,35,62,61,748,1,8,0,25.63,1010.59,36.28,307.64,53.39,1
134460,34,62,61,747,1,8,0,25.63,1010.58,36.26,306.50,53.39,1
135456,35,62,62,748,1,8,0,25.63,1010.58,36.27,306.21,53.39,1
136452,35,62,61,748,1,8,0,25.63,1010.58,36.26,307.07,53.39,1
137448,35,62,61,747,1,7,0,25.63,1010.58,36.27,306.78,53.47,1
138444,35,62,61,747,1,8,0,25.63,1010.57,36.26,305.93,53.47,1
139440,35,62,62,748,1,8,0,25.63,1010.57,36.26,305.08,53.56,1
140436,34,62,61,748,1,8,0,25.63,1010.56,36.26,307.07,53.56,1
141432,35,62,62,748,1,8,0,25.63,1010.56,36.26,307.07,53.47,1
142428,35,62,61,748,1,8,0,25.63,1010.57,36.26,307.35,53.56,1
143424,35,62,61,748,1,8,0,25.64,1010.56,36.25,306.21,53.56,1
144420,35,62,61,748,1,8,0,25.64,1010.56,36.25,306.21,53.56,1
145416,35,62,61,748,1,8,0,25.64,1010.56,36.25,305.37,53.64,1
146412,35,62,61,748,2,8,0,25.64,1010.55,36.24,305.93,53.56,1
147408,35,62,61,747,1,8,0,25.64,1010.56,36.25,305.08,53.56,1
148404,35,62,61,748,1,8,0,25.64,1010.56,36.24,305.65,53.56,1
149400,35,62,62,748,1,8,0,25.64,1010.56,36.24,306.78,53.56,1
150396,35,62,61,748,1,8,0,25.64,1010.56,36.23,306.21,53.56,1
151392,35,62,61,748,1,8,0,25.64,1010.56,36.22,306.78,53.56,1
152388,35,62,62,748,1,8,0,25.64,1010.56,36.23,306.21,53.56,1
153384,35,62,62,748,1,8,0,25.64,1010.56,36.22,305.37,53.64,1
154380,35,62,62,748,1,8,0,25.64,1010.55,36.22,304.52,53.64,1
155376,35,62,61,748,1,8,0,25.64,1010.55,36.23,308.21,53.64,1
156372,35,62,61,748,1,8,0,25.64,1010.55,36.22,307.93,53.64,1
157368,35,62,61,748,1,8,0,25.64,1010.55,36.22,307.07,53.64,1
158364,35,62,61,748,1,8,0,25.65,1010.55,36.22,305.93,53.64,1
159360,35,62,61,748,1,8,0,25.65,1010.55,36.21,306.78,53.56,1
160356,35,62,62,748,1,8,0,25.65,1010.56,36.22,305.65,53.64,1
161352,35,62,61,749,1,8,0,25.65,1010.55,36.21,305.65,53.72,1
162348,35,63,61,749,1,8,0,25.65,1010.54,36.21,304.80,53.72,1
163344,35,62,61,749,1,9,0,25.65,1010.54,36.21,306.21,53.81,1
164340,35,63,62,748,1,8,0,25.65,1010.53,36.22,306.78,53.72,1
165336,35,62,61,748,1,8,0,25.65,1010.54,36.21,307.93,53.72,1
166332,34,62,62,748,1,8,0,25.65,1010.54,36.22,306.78,53.72,1
167328,35,62,61,748,1,8,0,25.65,1010.54,36.21,307.07,53.64,1
168324,35,62,62,748,1,8,0,25.65,1010.55,36.20,304.24,53.72,1
169320,35,62,61,748,1,8,0,25.65,1010.54,36.21,306.78,53.64,1
170316,35,62,62,748,2,8,0,25.65,1010.55,36.21,305.08,53.64,1
171312,35,62,62,748,1,8,0,25.65,1010.55,36.21,305.08,53.64,1
172308,35,62,62,748,1,8,0,25.65,1010.55,36.20,306.21,53.64,1
173304,35,62,62,749,1,8,0,25.65,1010.55,36.20,306.50,53.72,1
174300,34,62,61,748,1,8,0,25.65,1010.54,36.21,306.21,53.72,1
175296,35,62,62,749,1,9,0,25.65,1010.54,36.20,304.52,53.81,1
176292,35,62,62,748,1,8,0,25.65,1010.53,36.21,304.24,53.81,1
177288,35,63,62,749,1,9,0,25.65,1010.53,36.20,307.07,53.81,1
178284,35,62,62,748,1,9,0,25.65,1010.53,36.20,304.24,53.81,1
179280,35,63,62,748,1,9,0,25.66,1010.53,36.20,306.21,53.72,1
180276,35,62,62,749,1,9,0,25.66,1010.54,36.20,306.21,53.81,1
181272,35,62,62,748,1,8,0,25.66,1010.53,36.21,304.52,53.72,1
182268,35,62,62,749,1,8,0,25.66,1010.54,36.20,305.65,53.72,1
183264,35,62,62,748,1,9,0,25.66,1010.54,36.19,305.65,53.81,1
184260,35,62,61,748,1,8,0,25.66,1010.53,36.20,306.21,53.81,1
185256,35,62,62,749,1,8,0,25.66,1010.53,36.20,305.08,53.72,1
186252,35,62,62,748,1,8,0,25.66,1010.54,36.19,304.80,53.72,1
187248,35,62,62,748,1,8,0,25.66,1010.54,36.20,303.68,53.72,1
188244,35,62,61,749,1,9,0,25.66,1010.54,36.19,303.40,53.72,1
189240,34,63,62,749,1,8,0,25.66,1010.54,36.20,304.52,53.72,1
190236,35,62,61,748,1,8,0,25.66,1010.54,36.20,303.96,53.72,1
191232,35,62,62,748,1,9,0,25.66,1010.54,36.19,305.08,53.72,1
192228,34,62,62,748,1,9,0,25.66,1010.54,36.20,306.78,53.72,1
193224,35,62,62,748,1,8,0,25.66,1010.54,36.19,305.08,53.81,1
194220,35,62,62,748,1,8,0,25.66,1010.53,36.20,304.80,53.72,1
195216,35,63,62,748,1,8,0,25.66,1010.54,36.19,304.24,53.72,1
196212,34,63,62,748,1,8,0,25.66,1010.54,36.19,303.68,53.81,1
197208,35,62,62,749,1,8,0,25.66,1010.53,36.17,302.57,53.72,1
198204,35,62,62,749,1,8,0,25.66,1010.54,36.17,305.08,53.72,1
199200,35,62,62,749,1,8,0,25.66,1010.54,36.17,303.96,53.72,1
200196,35,62,62,749,1,8,0,25.67,1010.54,36.17,304.52,53.72,1
201192,36,63,62,748,1,8,0,25.67,1010.54,36.19,303.96,53.72,1
202188,35,62,62,749,1,8,0,25.67,1010.54,36.18,304.80,53.72,1
203184,35,62,62,748,1,8,0,25.67,1010.54,36.16,304.80,53.72,1
204180,36,62,61,749,1,8,0,25.67,1010.54,36.17,303.96,53.64,1
205176,35,62,62,749,1,8,0,25.67,1010.55,36.17,305.37,53.72,1
206172,35,62,62,748,1,8,0,25.67,1010.54,36.17,304.52,53.72,1
207168,35,63,62,749,1,8,0,25.67,1010.54,36.17,304.24,53.72,1
208164,35,63,62,748,1,8,0,25.67,1010.54,36.16,303.40,53.72,1
209160,35,62,62,748,1,8,0,25.67,1010.54,36.16,304.24,53.72,1
210156,35,62,62,749,1,8,0,25.67,1010.54,36.16,304.52,53.72,1
211152,35,62,62,749,1,8,0,25.67,1010.54,36.17,304.24,53.81,1
212148,36,63,62,749,1,8,0,25.67,1010.53,36.16,302.29,53.81,1
213144,35,62,62,748,1,8,0,25.67,1010.53,36.17,304.24,53.81,1
214140,36,62,62,749,1,8,0,25.67,1010.53,36.16,304.24,53.81,1
215136,35,63,62,748,1,8,0,25.67,1010.53,36.16,302.29,53.81,1
216132,36,63,62,748,1,8,0,25.67,1010.53,36.17,304.80,53.89,1
217128,35,62,62,748,1,8,0,25.67,1010.52,36.16,303.40,53.89,1
218124,35,62,63,748,1,7,0,25.67,1010.52,36.17,306.50,53.89,1
219120,35,62,62,749,1,8,0,25.67,1010.52,36.16,303.96,53.89,1
220116,36,63,62,748,1,8,0,25.67,1010.52,36.17,305.37,53.89,1
221112,35,63,62,749,1,8,0,25.67,1010.52,36.17,305.37,53.89,1
222108,35,63,62,749,1,8,0,25.67,1010.52,36.16,305.37,53.89,1
223104,35,63,62,748,1,8,0,25.67,1010.52,36.16,305.08,53.97,1
224100,35,62,62,749,1,8,0,25.67,1010.51,36.16,304.80,53.97,1
225096,35,63,62,748,1,8,0,25.67,1010.51,36.16,303.96,53.97,1
226092,35,62,62,748,1,9,0,25.67,1010.51,36.16,305.93,53.97,1
227088,35,62,62,748,1,8,0,25.67,1010.51,36.16,305.08,53.97,1
228084,36,62,62,749,1,8,0,25.68,1010.51,36.16,304.80,53.89,1
229080,36,63,62,749,1,8,0,25.68,1010.52,36.16,303.40,53.97,1
230076,35,62,63,748,1,8,0,25.68,1010.51,36.15,305.08,53.89,1
231072,35,63,63,748,1,8,0,25.68,1010.52,36.15,305.08,53.89,1
232068,36,62,62,748,1,9,0,25.68,1010.52,36.15,303.40,53.89,1
233064,36,62,63,748,1,8,0,25.68,1010.52,36.15,305.65,53.97,1
234060,35,63,62,748,1,8,0,25.68,1010.51,36.15,303.40,53.89,1
235056,35,62,62,748,1,8,0,25.68,1010.52,36.15,304.80,53.81,1
236052,36,62,62,749,1,8,0,25.68,1010.53,36.15,304.24,53.81,1
237048,35,63,63,749,1,8,0,25.68,1010.53,36.15,305.08,53.81,1
238044,35,63,62,749,1,8,0,25.68,1010.53,36.15,304.80,53.89,1
239040,35,62,62,749,1,8,0,25.68,1010.52,36.13,304.52,53.89,1
240036,35,62,62,749,1,8,0,25.68,1010.52,36.13,305.65,53.89,1
241032,36,63,63,748,1,8,0,25.68,1010.52,36.14,306.21,53.89,1
242028,35,63,63,749,1,8,0,25.68,1010.52,36.15,305.08,53.89,1
243024,35,62,63,749,1,8,0,25.68,1010.52,36.14,305.08,53.97,1
244020,36,63,63,748,1,8,0,25.68,1010.51,36.14,304.24,53.89,1
245016,36,63,62,749,1,8,0,25.68,1010.52,36.14,304.80,53.89,1
246012,36,63,62,749,1,8,0,25.68,1010.52,36.14,305.08,53.89,1
247008,35,63,63,749,1,8,0,25.68,1010.52,36.14,302.57,53.81,1
248004,35,63,62,748,1,8,0,25.68,1010.53,36.14,303.96,53.89,1
249000,35,63,63,749,1,8,0,25.68,1010.52,36.14,304.52,53.97,1
249996,35,63,62,749,1,8,0,25.68,1010.51,36.13,305.08,54.06,1
250992,35,63,62,749,1,8,0,25.68,1010.50,36.14,306.21,54.06,1
251988,35,63,62,749,1,8,0,25.68,1010.50,36.14,305.93,54.06,1
252984,36,62,63,749,1,8,0,25.68,1010.50,36.14,304.52,54.06,1
253980,35,63,62,749,1,8,0,25.68,1010.50,36.13,303.68,54.14,1
254976,35,63,63,749,1,8,0,25.68,1010.49,36.14,304.52,54.14,1
255972,36,63,63,749,1,8,0,25.69,1010.49,36.14,305.65,54.22,1
256968,36,63,62,748,1,8,0,25.69,1010.48,36.13,303.68,54.14,1
257964,35,63,63,749,1,8,0,25.69,1010.49,36.12,303.96,54.14,1
258960,35,63,63,749,1,8,0,25.69,1010.49,36.12,303.40,54.06,1
259956,35,63,63,748,1,8,0,25.69,1010.50,36.11,303.68,54.06,1
260952,35,63,63,749,1,8,0,25.69,1010.50,36.12,303.96,54.06,1
261948,35,63,63,749,1,8,0,25.69,1010.50,36.11,304.52,54.06,1
262944,36,63,62,748,1,8,0,25.69,1010.50,36.11,305.08,54.06,1
263940,36,63,62,749,1,8,0,25.68,1010.50,36.11,302.85,54.06,1
264936,36,63,63,749,1,8,0,25.68,1010.50,36.11,302.85,54.06,1
265932,36,63,63,749,1,8,0,25.68,1010.50,36.11,303.96,54.14,1
266928,36,63,62,749,1,8,0,25.69,1010.49,36.11,304.52,54.14,1
267924,35,63,62,750,1,8,0,25.69,1010.49,36.10,302.57,54.14,1
268920,35,63,63,749,1,9,0,25.69,1010.49,36.10,303.96,54.06,1
269916,36,63,63,749,1,8,0,25.69,1010.50,36.09,304.24,54.06,1
270912,36,63,62,749,1,8,0,25.69,1010.50,36.10,306.21,54.06,1
271908,36,63,63,749,1,8,0,25.69,1010.50,36.10,303.12,54.14,1
272904,36,63,63,749,1,8,0,25.69,1010.49,36.11,303.68,54.22,1
273900,36,63,63,749,1,8,0,25.69,1010.48,36.10,304.80,54.14,1
274896,36,63,63,749,1,8,0,25.69,1010.49,36.09,305.37,54.14,1
275892,36,63,62,749,1,8,0,25.69,1010.49,36.10,304.24,54.14,1
276888,36,63,62,749,1,8,0,25.69,1010.49,36.10,305.08,54.14,1
277884,36,63,63,748,1,8,0,25.69,1010.49,36.08,304.52,54.14,1
278880,36,63,63,749,1,8,0,25.69,1010.49,36.10,305.08,54.22,1
279876,36,63,62,749,1,8,0,25.69,1010.48,36.10,305.37,54.14,1
280872,35,63,63,749,1,8,0,25.69,1010.49,36.08,304.80,54.14,1
281868,36,63,63,749,1,9,0,25.69,1010.49,36.08,304.80,54.14,1
282864,36,63,63,749,1,8,0,25.69,1010.49,36.08,304.24,54.14,1
283860,36,63,63,750,1,8,0,25.69,1010.49,36.09,304.52,54.14,1
284856,36,63,63,749,1,8,0,25.69,1010.49,36.10,304.80,54.14,1
285852,36,63,63,749,1,8,0,25.69,1010.49,36.08,305.93,54.22,1
286848,35,63,63,749,1,8,0,25.69,1010.48,36.08,303.96,54.22,1
287844,36,63,63,748,1,8,0,25.69,1010.48,36.07,305.37,54.14,1
288840,36,63,63,749,1,8,0,25.69,1010.49,36.10,305.08,54.14,1
289836,35,63,63,749,1,8,0,25.69,1010.49,36.08,305.08,54.14,1
290832,36,63,63,749,1,8,0,25.69,1010.49,36.09,304.24,54.06,1
291828,36,63,63,748,2,8,0,25.69,1010.50,36.08,304.24,54.14,1
292824,36,63,63,749,1,8,0,25.69,1010.49,36.08,305.65,54.06,1
293820,36,63,62,749,1,8,0,25.69,1010.50,36.08,302.29,53.97,1
294816,36,63,63,749,1,8,0,25.69,1010.51,36.09,305.08,53.97,1
295812,35,63,63,749,1,8,0,25.69,1010.51,36.08,305.37,53.97,1
296808,36,63,63,749,1,8,0,25.69,1010.51,36.08,305.37,53.97,1
297804,36,63,63,749,1,8,0,25.69,1010.51,36.07,304.52,53.97,1
298800,36,63,63,749,1,8,0,25.69,1010.51,36.07,304.24,53.97,1
299796,36,63,63,749,1,8,0,25.69,1010.51,36.07,303.40,54.06,1
300792,36,63,63,750,1,8,0,25.69,1010.50,36.07,303.40,53.97,1
301788,36,63,63,749,1,9,0,25.69,1010.51,36.07,305.65,53.97,1
302784,36,63,63,750,1,8,0,25.70,1010.51,36.07,307.35,53.89,1
303780,35,63,63,750,1,8,0,25.69,1010.52,36.06,302.85,53.89,1
304776,36,63,63,749,1,9,0,25.69,1010.52,36.07,305.08,53.89,1
305772,36,63,63,749,1,9,0,25.69,1010.52,36.06,305.37,53.89,1
306768,36,63,63,750,1,9,0,25.69,1010.52,36.06,306.50,53.89,1
307764,36,63,63,749,1,8,0,25.70,1010.52,36.07,304.24,53.97,1
308760,36,63,63,749,1,8,0,25.70,1010.51,36.07,304.52,54.06,1
309756,36,64,63,749,1,8,0,25.70,1010.50,36.06,303.96,53.97,1
310752,36,63,63,749,1,8,0,25.70,1010.51,36.07,305.08,53.89,1
311748,36,64,64,749,1,8,0,25.70,1010.52,36.07,303.68,53.97,1
312744,36,63,64,749,1,8,0,25.70,1010.51,36.07,304.52,53.97,1
313740,36,63,64,749,1,9,0,25.70,1010.51,36.06,303.12,53.89,1
314736,36,64,64,750,1,8,0,25.70,1010.52,36.07,303.96,53.97,1
315732,36,63,63,749,2,8,0,25.70,1010.51,36.06,304.52,53.97,1
316728,36,63,63,749,1,8,0,25.70,1010.51,36.05,305.65,53.89,1
317724,36,63,63,749,1,8,0,25.70,1010.52,36.06,305.08,53.89,1
318720,36,63,63,749,1,9,0,25.70,1010.52,36.06,304.52,53.97,1
319716,36,63,63,750,1,8,0,25.70,1010.51,36.04,305.65,53.89,1
320712,36,63,64,750,1,8,0,25.70,1010.52,36.04,304.52,53.89,1
321708,36,63,64,750,1,8,0,25.70,1010.52,36.04,304.80,53.89,1
322704,36,63,64,749,1,8,0,25.70,1010.52,36.04,304.24,53.89,1
323700,36,64,64,750,1,8,0,25.70,1010.52,36.03,304.80,53.89,1
324696,35,63,64,750,1,8,0,25.70,1010.52,36.03,306.78,53.89,1
325692,36,64,64,750,1,9,0,25.70,1010.52,36.04,304.52,53.89,1
326688,36,64,64,750,1,8,0,25.70,1010.52,36.03,306.21,53.89,1
327684,36,63,63,749,1,8,0,25.70,1010.52,36.04,306.21,53.97,1
328680,36,63,64,750,1,8,0,25.70,1010.51,36.04,304.24,53.89,1
329676,36,63,63,749,1,8,0,25.70,1010.52,36.02,305.93,53.89,1
330672,36,63,64,750,1,8,0,25.70,1010.52,36.03,304.52,53.89,1
331668,36,63,64,749,1,8,0,25.70,1010.52,36.03,303.40,53.81,1
332664,36,63,63,749,1,8,0,25.70,1010.53,36.03,305.08,53.89,1
333660,36,63,63,749,1,8,0,25.70,1010.52,36.03,303.96,53.97,1
334656,36,63,63,750,1,8,0,25.70,1010.51,36.03,304.80,53.89,1
335652,36,63,64,749,1,8,0,25.70,1010.52,36.04,304.24,53.89,1
336648,36,64,64,749,1,8,0,25.70,1010.52,36.03,303.68,53.81,1
337644,36,64,64,749,1,8,0,25.70,1010.53,36.03,302.02,53.81,1
338640,36,64,64,749,1,8,0,25.70,1010.53,36.03,305.08,53.89,1
339636,36,64,64,749,1,8,0,25.70,1010.52,36.04,303.96,53.89,1
340632,37,64,64,749,1,8,0,25.70,1010.52,36.02,303.96,53.89,1
341628,36,63,63,749,1,8,0,25.70,1010.52,36.03,302.85,53.89,1
342624,36,64,64,750,1,8,0,25.70,1010.52,36.03,303.40,53.89,1
343620,36,63,64,749,1,8,0,25.70,1010.52,36.03,303.68,53.89,1
344616,36,64,63,750,1,8,0,25.70,1010.52,36.03,302.85,53.89,1
345612,36,63,64,750,1,9,0,25.70,1010.52,36.03,305.08,53.81,1
346608,36,63,64,749,1,8,0,25.70,1010.53,36.03,305.08,53.72,1
347604,36,64,64,750,1,8,0,25.70,1010.54,36.03,303.12,53.81,1
348600,36,63,64,750,1,8,0,25.70,1010.53,36.03,301.47,53.72,1
349596,36,63,64,750,1,8,0,25.70,1010.54,36.03,303.40,53.72,1
350592,36,64,64,749,1,8,0,25.70,1010.54,36.03,303.68,53.81,1
351588,36,63,64,749,1,8,0,25.70,1010.53,36.04,303.96,53.81,1
352584,36,64,64,749,1,8,0,25.70,1010.53,36.03,304.24,53.81,1
353580,35,64,64,750,1,8,0,25.70,1010.53,36.01,304.52,53.81,1
354576,36,63,63,749,1,8,0,25.70,1010.53,36.03,303.12,53.81,1
355572,36,63,64,750,1,7,0,25.70,1010.53,36.03,303.12,53.81,1
356568,36,64,64,749,1,8,0,25.70,1010.53,36.03,302.02,53.81,1
357564,36,64,64,749,1,8,0,25.70,1010.53,36.03,302.29,53.81,1
358560,36,63,64,750,1,8,0,25.70,1010.53,36.03,303.68,53.81,1
359556,36,64,64,750,1,8,0,25.70,1010.53,36.03,303.12,53.72,1
360552,37,64,64,750,1,8,0,25.70,1010.54,36.03,303.96,53.72,1
361548,36,63,63,749,1,8,0,25.70,1010.54,36.02,302.29,53.81,1
362544,36,64,64,749,1,8,0,25.71,1010.53,36.02,303.96,53.72,1
363540,36,63,64,750,1,8,0,25.71,1010.54,36.03,302.57,53.72,1
364536,36,64,64,750,1,8,0,25.71,1010.54,36.02,303.40,53.72,1
365532,36,64,64,750,1,8,0,25.71,1010.54,36.02,303.40,53.72,1
366528,37,64,63,750,1,9,0,25.71,1010.54,36.02,305.08,53.72,1
367524,36,64,64,750,2,8,0,25.71,1010.54,36.02,302.57,53.72,1
368520,37,63,64,750,1,8,0,25.71,1010.54,36.02,304.80,53.72,1
369516,37,63,64,749,1,9,0,25.71,1010.54,36.02,303.40,53.64,1
370512,36,63,64,749,1,8,0,25.71,1010.55,36.02,302.29,53.64,1
371508,36,64,65,750,1,9,0,25.71,1010.55,36.02,302.85,53.56,1
372504,36,64,64,750,1,8,0,25.71,1010.56,36.01,302.85,53.64,1
373500,36,63,64,750,1,8,0,25.71,1010.55,36.01,302.29,53.72,1
374496,36,64,64,749,1,8,0,25.71,1010.54,36.01,302.02,53.72,1
375492,37,64,65,750,1,8,0,25.71,1010.54,36.00,304.24,53.64,1
376488,37,64,65,750,1,8,0,25.71,1010.55,36.01,302.85,53.64,1
377484,36,64,64,749,1,8,0,25.71,1010.55,36.00,301.74,53.72,1
378480,37,64,64,749,1,8,0,25.71,1010.54,36.01,302.57,53.64,1
379476,36,64,65,750,1,8,0,25.71,1010.55,36.01,302.85,53.56,1
380472,36,64,65,749,1,8,0,25.71,1010.56,35.99,302.02,53.64,1
381468,36,64,64,749,1,8,0,25.71,1010.55,35.99,301.47,53.64,1
382464,36,63,65,750,1,8,0,25.71,1010.55,35.99,303.40,53.64,1
383460,36,64,64,750,1,8,0,25.71,1010.55,35.99,303.40,53.64,1
384456,37,64,64,750,1,8,0,25.71,1010.55,36.00,301.74,53.56,1
385452,37,64,64,749,1,8,0,25.71,1010.56,36.01,301.74,53.56,1
386448,37,64,65,750,1,8,0,25.71,1010.56,36.00,303.40,53.56,1
387444,36,64,64,750,1,8,0,25.71,1010.56,35.98,301.74,53.56,1
388440,36,64,65,749,1,9,0,25.71,1010.56,35.99,301.19,53.56,1
389436,37,64,64,751,1,8,0,25.71,1010.56,35.99,300.92,53.64,1
390432,36,63,64,750,1,8,0,25.71,1010.55,35.98,303.12,53.64,1
391428,37,64,65,750,1,8,0,25.71,1010.55,35.99,302.29,53.64,1
392424,37,64,65,750,1,9,0,25.71,1010.55,35.98,302.29,53.64,1
393420,37,64,64,750,1,9,0,25.71,1010.55,35.99,301.47,53.64,1
394416,36,64,64,749,1,9,0,25.71,1010.55,35.98,304.52,53.64,1
395412,37,63,64,749,1,8,0,25.71,1010.55,35.98,300.64,53.64,1
396408,36,64,64,750,1,9,0,25.71,1010.55,35.98,302.85,53.64,1
397404,37,63,65,750,1,8,0,25.71,1010.55,35.98,302.29,53.64,1
398400,37,64,64,750,1,8,0,25.71,1010.55,35.97,301.19,53.64,1
399396,37,64,65,750,1,8,0,25.71,1010.55,35.97,303.40,53.64,1
400392,36,64,64,750,1,9,0,25.71,1010.55,35.99,302.29,53.56,1
401388,37,64,65,750,1,8,0,25.71,1010.56,35.97,303.68,53.56,1
402384,37,64,64,750,1,9,0,25.71,1010.56,35.97,303.12,53.64,1
403380,36,64,64,750,1,9,0,25.71,1010.55,35.97,301.47,53.64,1
404376,37,64,64,750,1,8,0,25.71,1010.55,35.97,302.85,53.64,1
405372,36,64,65,750,1,8,0,25.71,1010.55,35.97,304.80,53.64,1
406368,37,63,65,750,1,9,0,25.71,1010.55,35.97,301.47,53.72,1
407364,36,64,65,750,1,8,0,25.71,1010.54,35.97,303.12,53.72,1
408360,37,64,65,750,1,9,0,25.71,1010.54,35.98,301.19,53.72,1
409356,36,64,65,750,1,9,0,25.71,1010.54,35.98,301.47,53.81,1
410352,36,64,65,750,1,9,0,25.71,1010.53,35.98,301.19,53.72,1
411348,36,64,65,750,1,9,0,25.71,1010.54,35.98,301.47,53.72,1
412344,37,64,65,750,1,9,0,25.71,1010.54,35.98,301.74,53.81,1
413340,37,64,65,749,1,9,0,25.71,1010.53,35.98,303.12,53.81,1
414336,37,64,65,751,1,8,0,25.71,1010.53,35.98,303.40,53.72,1
415332,37,64,65,750,1,10,0,25.71,1010.54,35.98,302.02,53.81,1
416328,37,64,65,750,1,9,0,25.71,1010.53,35.97,302.85,53.81,1
417324,37,64,65,750,1,10,0,25.71,1010.53,35.97,301.47,53.89,1
418320,37,64,65,750,1,10,0,25.72,1010.52,35.98,302.85,53.89,1
419316,36,64,65,750,1,11,0,25.72,1010.52,35.96,301.19,53.89,1
420312,37,64,64,751,1,9,0,25.72,1010.52,35.96,303.96,53.89,1
421308,36,64,65,750,1,10,0,25.72,1010.52,35.97,302.02,53.89,1
422304,37,64,65,750,1,9,0,25.71,1010.52,35.96,301.47,53.89,1
423300,37,64,65,750,1,9,0,25.71,1010.52,35.96,304.24,53.89,1
424296,37,64,65,750,1,9,0,25.71,1010.52,35.96,301.47,53.89,1
425292,37,64,64,750,1,9,0,25.71,1010.52,35.94,300.64,53.89,1
426288,37,64,65,750,2,9,0,25.71,1010.52,35.97,302.02,53.89,1
427284,37,64,65,750,1,9,0,25.72,1010.52,35.94,302.02,53.97,1
428280,37,64,65,750,1,9,0,25.71,1010.51,35.95,302.29,53.97,1
429276,36,65,65,749,1,9,0,25.71,1010.51,35.94,302.85,53.97,1
430272,36,64,65,750,1,9,0,25.71,1010.51,35.95,302.57,54.06,1
431268,36,64,65,750,1,9,0,25.71,1010.50,35.95,301.74,53.97,1
432264,36,64,65,750,1,9,0,25.71,1010.51,35.95,302.85,53.97,1
433260,36,65,65,750,1,9,0,25.71,1010.51,35.95,302.85,53.97,1
434256,37,64,65,750,1,9,0,25.71,1010.51,35.95,302.85,53.97,1
435252,37,64,65,750,1,9,0,25.71,1010.51,35.95,304.24,54.06,1
436248,37,64,65,750,1,9,0,25.71,1010.50,35.95,301.19,53.97,1
437244,37,64,65,750,1,9,0,25.71,1010.51,35.97,303.40,53.97,1
438240,36,64,65,750,1,9,0,25.71,1010.51,35.97,301.74,53.97,1
439236,37,64,65,750,1,9,0,25.71,1010.51,35.95,302.29,53.97,1
440232,37,64,64,750,1,9,0,25.71,1010.51,35.95,303.40,53.97,1
441228,37,64,65,750,1,9,0,25.71,1010.51,35.94,302.02,53.97,1
442224,37,64,65,750,1,9,0,25.71,1010.51,35.95,302.29,53.97,1
443220,37,64,65,750,1,9,0,25.71,1010.51,35.94,300.92,53.97,1
444216,36,64,65,750,1,9,0,25.71,1010.51,35.94,301.47,53.97,1
445212,36,64,65,750,1,9,0,25.71,1010.51,35.93,302.02,53.97,1
446208,36,64,65,750,1,9,0,25.71,1010.51,35.91,302.02,53.97,1
447204,37,64,65,750,1,9,0,25.71,1010.51,35.93,300.37,53.97,1
448200,37,64,65,750,1,9,0,25.71,1010.51,35.93,302.29,54.06,1
449196,36,65,65,750,1,9,0,25.71,1010.50,35.94,302.02,53.97,1
450192,36,64,65,750,1,9,0,25.71,1010.51,35.94,301.19,53.97,1
451188,37,64,66,750,1,9,0,25.71,1010.51,35.93,302.02,53.97,1
452184,37,64,65,750,1,9,0,25.71,1010.51,35.93,302.02,53.97,1
453180,37,64,65,750,1,9,0,25.71,1010.51,35.93,302.29,53.97,1
454176,36,64,65,750,2,9,0,25.71,1010.51,35.95,302.85,53.97,1
455172,37,64,65,750,1,9,0,25.71,1010.51,35.94,302.29,53.97,1
456168,36,64,66,751,1,9,0,25.71,1010.51,35.94,303.12,53.97,1
457164,37,64,65,750,1,9,0,25.71,1010.51,35.94,303.40,53.97,1
458160,36,64,65,750,1,9,0,25.71,1010.51,35.95,301.74,53.97,1
459156,36,64,65,750,1,9,0,25.71,1010.51,35.94,302.85,53.89,1
460152,36,64,66,750,1,9,0,25.71,1010.52,35.94,303.40,53.89,1
461148,36,64,66,749,1,9,0,25.71,1010.52,35.93,302.85,53.81,1
462144,37,64,65,750,1,10,0,25.71,1010.53,35.95,303.40,53.81,1
463140,37,64,66,750,1,10,0,25.71,1010.53,35.93,302.57,53.81,1
464136,36,64,66,749,1,10,0,25.71,1010.53,35.93,302.85,53.81,1
465132,37,65,66,750,1,10,0,25.71,1010.53,35.94,303.40,53.81,1
466128,36,64,65,751,1,9,0,25.71,1010.53,35.93,302.02,53.81,1
467124,36,64,65,749,1,9,0,25.71,1010.53,35.92,302.85,53.72,1
468120,36,65,65,750,1,10,0,25.71,1010.54,35.94,301.74,53.72,1
469116,36,64,65,749,1,9,0,25.71,1010.54,35.93,304.80,53.81,1
470112,36,64,65,750,1,10,0,25.71,1010.53,35.92,303.12,53.72,1
471108,36,64,65,750,2,10,0,25.71,1010.54,35.93,304.24,53.72,1
472104,37,65,65,750,1,10,0,25.71,1010.54,35.93,302.29,53.72,1
473100,37,64,65,750,1,10,0,25.71,1010.54,35.93,302.57,53.72,1
474096,36,64,66,750,1,9,0,25.71,1010.54,35.93,300.92,53.72,1
475092,36,64,65,750,1,9,0,25.71,1010.54,35.92,302.02,53.81,1
476088,37,64,65,750,2,9,0,25.71,1010.53,35.92,302.85,53.81,1
477084,37,64,66,750,1,10,0,25.71,1010.53,35.93,302.02,53.81,1
478080,37,65,65,750,1,10,0,25.71,1010.53,35.91,301.47,53.81,1
479076,37,64,66,750,1,10,0,25.71,1010.53,35.91,302.85,53.81,1
480072,37,64,66,750,1,9,0,25.71,1010.53,35.89,300.92,53.89,1
481068,36,65,65,750,1,9,0,25.71,1010.52,35.90,303.96,53.89,1
482064,36,64,65,750,1,9,0,25.71,1010.52,35.88,303.68,53.81,1
483060,36,65,65,750,1,10,0,25.71,1010.53,35.90,303.12,53.89,1
484056,36,65,66,750,1,10,0,25.71,1010.52,35.90,303.40,53.81,1
485052,37,64,65,750,1,9,0,25.71,1010.53,35.89,301.47,53.81,1
486048,36,64,65,750,1,9,0,25.71,1010.53,35.90,302.29,53.81,1
487044,37,64,65,749,1,9,0,25.71,1010.53,35.89,302.85,53.81,1
488040,37,64,66,749,1,9,0,25.71,1010.53,35.89,302.02,53.81,1
489036,36,65,65,750,1,9,0,25.71,1010.53,35.91,303.40,53.81,1
490032,37,65,65,750,1,9,0,25.71,1010.53,35.90,300.92,53.81,1
491028,36,64,66,750,1,9,0,25.71,1010.53,35.91,301.74,53.81,1
492024,36,64,65,749,1,9,0,25.71,1010.53,35.89,302.29,53.81,1
493020,37,64,65,750,1,9,0,25.71,1010.53,35.91,300.37,53.89,1
494016,36,64,66,750,1,9,0,25.71,1010.52,35.91,302.29,53.81,1
495012,36,64,65,750,1,10,0,25.71,1010.53,35.90,302.57,53.81,1
496008,37,65,66,750,1,9,0,25.71,1010.53,35.89,302.85,53.81,1
497004,36,64,66,750,1,9,0,25.71,1010.53,35.90,301.47,53.89,1
498000,37,64,65,749,1,9,0,25.71,1010.52,35.91,301.74,53.89,1
498996,37,64,66,750,1,9,0,25.71,1010.52,35.91,302.57,53.89,1
499992,36,65,66,750,1,9,0,25.71,1010.52,35.91,301.47,53.89,1
500988,36,64,66,750,1,9,0,25.71,1010.52,35.91,302.02,53.97,1
501984,37,64,65,750,1,9,0,25.71,1010.51,35.89,303.40,53.89,1
502980,36,65,66,751,1,9,0,25.71,1010.52,35.89,301.19,53.89,1
503976,37,64,66,750,1,9,0,25.71,1010.52,35.89,305.37,53.89,1
504972,37,64,65,750,1,9,0,25.71,1010.52,35.90,302.29,53.97,1
505968,37,64,65,749,1,9,0,25.71,1010.51,35.91,302.29,53.89,1
506964,36,64,66,750,1,9,0,25.71,1010.52,35.89,302.85,53.89,1
507960,37,64,66,750,1,9,0,25.71,1010.52,35.90,303.40,53.89,1
508956,36,65,65,750,1,9,0,25.71,1010.52,35.90,303.12,53.89,1
509952,36,64,66,750,1,9,0,25.71,1010.52,35.90,302.02,53.89,1
510948,36,64,66,750,1,9,0,25.71,1010.52,35.90,303.12,53.89,1
511944,37,64,65,749,1,9,0,25.71,1010.52,35.91,303.68,53.81,1
512940,37,64,66,750,1,9,0,25.71,1010.53,35.91,303.68,53.81,1
513936,37,65,66,750,1,9,0,25.71,1010.53,35.91,304.52,53.81,1
514932,37,64,66,750,1,9,0,25.71,1010.53,35.91,303.96,53.72,1
515928,37,65,65,750,1,9,0,25.71,1010.54,35.90,303.40,53.72,1
516924,37,64,65,750,1,10,0,25.71,1010.54,35.92,302.57,53.72,1
517920,37,65,66,750,1,9,0,25.71,1010.54,35.91,302.29,53.72,1
518916,37,65,66,749,1,10,0,25.71,1010.54,35.91,302.29,53.72,1
519912,36,64,65,750,2,10,0,25.71,1010.54,35.91,300.64,53.72,1
520908,37,65,66,750,2,9,0,25.71,1010.54,35.91,303.40,53.64,1
521904,36,64,66,749,2,10,0,25.71,1010.55,35.90,302.85,53.64,1
522900,37,65,65,750,1,11,0,25.71,1010.55,35.91,302.02,53.56,1
523896,36,64,65,750,2,10,0,25.71,1010.56,35.90,303.12,53.56,1
524892,36,65,65,750,1,9,0,25.71,1010.56,35.91,302.02,53.56,1
525888,36,64,65,749,2,10,0,25.71,1010.56,35.93,303.12,53.56,1
526884,36,65,65,749,2,9,0,25.71,1010.56,35.93,303.96,53.56,1
527880,36,64,66,750,2,9,0,25.71,1010.56,35.92,302.85,53.56,1
528876,36,65,65,750,2,10,0,25.71,1010.56,35.93,303.40,53.56,1
529872,36,65,65,750,2,9,0,25.71,1010.56,35.91,303.96,53.64,1
530868,37,65,66,749,2,10,0,25.71,1010.55,35.94,304.52,53.56,1
531864,36,64,65,750,1,10,0,25.71,1010.56,35.93,303.12,53.64,1
532860,37,64,66,750,2,10,0,25.71,1010.55,35.93,304.52,53.56,1
533856,36,64,66,750,1,9,0,25.71,1010.56,35.93,303.68,53.56,1
534852,36,64,66,749,1,9,0,25.71,1010.56,35.93,304.80,53.47,1
535848,36,64,65,750,2,9,0,25.71,1010.57,35.93,305.08,53.56,1
536844,36,64,66,750,1,9,0,25.71,1010.56,35.94,305.08,53.56,1
537840,37,65,66,750,1,9,0,25.71,1010.56,35.94,303.96,53.47,1
538836,37,65,65,750,1,10,0,25.71,1010.57,35.94,303.96,53.39,1
539832,37,65,66,750,2,10,0,25.71,1010.58,35.92,302.29,53.39,1
540828,36,65,66,750,1,10,0,25.71,1010.58,35.93,305.37,53.47,1
541824,36,64,65,749,2,10,0,25.71,1010.57,35.93,306.21,53.47,1
542820,36,64,66,750,2,10,0,25.71,1010.57,35.91,305.08,53.47,1
543816,37,65,66,750,2,10,0,25.71,1010.57,35.93,305.65,53.56,1
544812,36,65,65,750,2,10,0,25.71,1010.56,35.93,305.08,53.56,1
545808,36,64,66,750,2,10,0,25.71,1010.56,35.94,304.52,53.56,1
546804,37,65,66,750,2,10,0,25.71,1010.56,35.94,304.24,53.56,1
547800,37,64,65,750,2,9,0,25.71,1010.56,35.93,304.52,53.56,1
548796,36,65,66,749,2,10,0,25.71,1010.56,35.94,306.78,53.47,1
549792,36,65,66,750,2,9,0,25.71,1010.57,35.94,303.96,53.47,1
550788,37,65,66,750,1,10,0,25.71,1010.57,35.94,305.08,53.47,1
551784,36,64,65,750,2,10,0,25.71,1010.57,35.94,305.65,53.47,1
552780,36,64,66,750,2,10,0,25.71,1010.57,35.93,306.21,53.39,1
553776,36,65,66,750,2,10,0,25.71,1010.58,35.93,305.08,53.47,1
554772,36,65,65,750,2,11,0,25.71,1010.57,35.93,304.24,53.39,1
555768,37,65,66,750,2,10,0,25.71,1010.58,35.92,307.35,53.39,1
556764,36,65,65,750,2,10,0,25.71,1010.58,35.93,306.78,53.31,1
557760,36,64,66,750,2,10,0,25.71,1010.59,35.93,305.93,53.39,1
558756,36,64,65,749,2,10,0,25.71,1010.58,35.94,306.78,53.39,1
559752,37,65,66,750,2,10,0,25.71,1010.58,35.93,305.37,53.31,1
560748,37,65,66,749,2,10,0,25.71,1010.59,35.92,305.08,53.39,1
561744,37,65,66,750,2,11,0,25.71,1010.58,35.94,306.21,53.31,1
562740,36,64,66,750,2,10,0,25.71,1010.59,35.93,306.21,53.31,1
563736,36,65,66,750,2,10,0,25.71,1010.59,35.91,303.68,53.31,1
564732,36,65,66,750,2,11,0,25.71,1010.59,35.91,306.78,53.31,1
565728,36,65,66,750,2,12,0,25.71,1010.59,35.92,305.93,53.31,1
566724,36,65,65,750,6,16,0,25.71,1010.59,35.93,305.08,53.22,1
567720,36,65,66,750,3,12,0,25.71,1010.60,35.93,305.08,53.22,1
568716,35,64,66,749,6,16,0,25.70,1010.60,35.92,303.96,53.14,1
569712,36,65,65,749,2,11,0,25.70,1010.61,35.93,306.21,53.14,1
570708,36,64,66,750,2,11,0,25.70,1010.61,35.95,305.37,53.14,1
571704,35,65,66,749,2,11,0,25.70,1010.61,35.95,306.21,53.14,1
572700,36,65,65,751,2,10,0,25.70,1010.61,35.96,305.37,53.22,1
573696,37,65,65,750,2,10,0,25.70,1010.60,35.95,304.52,53.22,1
574692,36,64,66,750,2,9,0,25.70,1010.60,35.95,306.21,53.14,1
575688,37,65,66,749,2,10,0,25.70,1010.61,35.95,306.21,53.22,1
576684,36,65,66,749,2,11,0,25.70,1010.60,35.94,306.78,53.22,1
577680,36,65,66,749,2,10,0,25.71,1010.60,35.95,305.37,53.22,1
578676,36,65,66,749,2,10,0,25.71,1010.60,35.95,307.07,53.22,1
579672,36,65,66,750,2,10,0,25.71,1010.60,35.95,306.78,53.31,1
580668,37,65,66,750,2,11,0,25.71,1010.59,35.94,305.37,53.22,1
581664,36,64,66,749,4,15,0,25.71,1010.60,35.94,307.35,53.31,1
582660,36,64,66,750,2,11,0,25.71,1010.59,35.95,307.64,53.22,1
583656,36,65,66,750,2,11,0,25.71,1010.60,35.94,306.21,53.31,1
584652,35,64,65,749,2,11,0,25.71,1010.59,35.93,306.21,53.31,1
585648,36,65,66,749,2,11,0,25.71,1010.59,35.94,307.35,53.31,1
586644,36,65,66,751,2,10,0,25.71,1010.59,35.95,304.80,53.22,1
587640,36,64,66,750,2,10,0,25.71,1010.60,35.95,307.93,53.22,1
588636,36,65,66,750,2,10,0,25.71,1010.60,35.94,306.50,53.31,1
589632,36,65,66,750,2,10,0,25.71,1010.59,35.93,306.78,53.31,1
590628,36,65,66,750,2,10,0,25.71,1010.59,35.94,307.35,53.31,1
591624,37,65,66,750,2,11,0,25.71,1010.59,35.94,306.50,53.39,1
592620,36,65,66,750,2,10,0,25.71,1010.58,35.95,305.65,53.39,1
593616,37,65,66,750,2,10,0,25.71,1010.58,35.94,307.07,53.39,1
594612,36,65,66,750,2,10,0,25.71,1010.58,35.94,307.35,53.39,1
595608,36,64,66,749,2,10,0,25.71,1010.58,35.93,307.35,53.47,1
596604,36,65,66,749,2,9,0,25.71,1010.57,35.93,306.21,53.47,1
597600,36,65,66,750,2,10,0,25.71,1010.57,35.91,307.07,53.39,1
598596,36,64,66,749,2,10,0,25.71,1010.58,35.92,305.65,53.47,1
599592,36,64,66,750,2,10,0,25.71,1010.57,35.92,306.78,53.47,1
0,35,65,66,750,1,10,0,25.71,1010.57,35.92,307.64,53.47,1
996,37,64,66,750,2,10,0,25.64,1010.57,36.01,297.67,53.39,1
1992,36,65,66,750,1,10,0,25.63,1010.58,36.07,297.40,53.39,1
2988,36,65,65,750,2,10,0,25.63,1010.58,36.10,298.20,53.39,1
3984,36,65,66,750,2,10,0,25.64,1010.58,36.10,299.55,53.31,1
4980,36,65,66,750,2,10,0,25.65,1010.59,36.09,299.28,53.39,1
5976,37,65,66,750,2,10,0,25.66,1010.58,36.08,297.93,53.31,1
6972,36,65,66,750,2,10,0,25.67,1010.59,36.05,298.74,53.39,1
7968,36,64,66,750,2,10,0,25.68,1010.58,36.03,302.02,53.39,1
8964,36,65,66,749,2,10,0,25.68,1010.58,36.02,300.64,53.31,1
9960,36,65,66,750,2,10,0,25.69,1010.59,36.01,301.47,53.22,1
10956,36,65,66,750,2,10,0,25.69,1010.60,36.00,299.55,53.14,1
11952,36,65,66,749,2,10,0,25.69,1010.61,35.99,300.10,53.06,1
12948,36,65,66,750,2,10,0,25.70,1010.62,35.96,300.10,53.06,1
13944,36,65,66,750,1,10,0,25.70,1010.62,35.95,302.02,53.06,1
14940,36,65,66,750,2,10,0,25.70,1010.62,35.96,301.47,53.06,1
15936,36,65,66,750,2,10,0,25.70,1010.62,35.94,302.02,53.06,1
16932,37,65,66,750,2,10,0,25.70,1010.62,35.94,300.64,53.06,1
17928,37,65,66,750,2,10,0,25.70,1010.62,35.94,301.74,53.06,1
18924,36,65,66,749,2,10,0,25.70,1010.62,35.94,302.02,53.06,1
19920,36,65,65,750,2,10,0,25.70,1010.62,35.92,301.19,52.97,1
20916,36,64,66,749,2,10,0,25.70,1010.63,35.92,302.29,52.97,1
21912,36,65,66,750,2,10,0,25.70,1010.63,35.92,302.57,52.97,1
22908,37,64,66,749,2,10,0,25.70,1010.63,35.92,302.29,52.97,1
23904,37,65,66,750,2,10,0,25.70,1010.63,35.92,303.40,52.97,1
24900,36,64,66,750,2,10,0,25.70,1010.63,35.94,301.74,52.97,1
25896,37,65,66,750,2,10,0,25.70,1010.63,35.93,303.40,52.97,1
26892,36,65,66,749,2,10,0,25.70,1010.63,35.92,305.08,52.97,1
27888,36,65,66,749,2,10,0,25.70,1010.63,35.92,302.02,52.89,1
28884,36,64,66,750,2,10,0,25.71,1010.64,35.92,301.19,52.97,1
29880,36,65,66,750,2,10,0,25.71,1010.63,35.94,302.57,52.97,1
30876,36,65,66,750,2,9,0,25.71,1010.63,35.93,304.52,52.89,1
31872,37,64,66,750,2,10,0,25.71,1010.64,35.93,303.96,52.89,1
32868,36,65,66,749,2,11,0,25.71,1010.64,35.93,303.40,52.89,1
33864,36,65,66,750,2,10,0,25.71,1010.64,35.91,303.40,52.89,1
34860,36,64,66,750,2,10,0,25.71,1010.64,35.93,303.96,52.97,1
35856,36,65,66,750,1,10,0,25.71,1010.63,35.91,303.68,52.97,1
36852,36,65,66,749,1,10,0,25.71,1010.63,35.93,304.52,53.14,1
37848,36,64,66,750,2,9,0,25.70,1010.61,35.93,304.24,53.06,1
38844,36,64,66,750,2,9,0,25.71,1010.62,35.91,304.52,53.06,1
39840,37,65,66,750,1,9,0,25.71,1010.62,35.93,303.40,53.06,1
40836,36,65,66,750,1,9,0,25.71,1010.62,35.91,305.37,53.06,1
41832,36,65,66,749,2,9,0,25.71,1010.62,35.93,305.93,53.06,1
42828,36,65,66,750,2,10,0,25.71,1010.62,35.92,305.93,52.97,1
43824,36,65,66,750,2,10,0,25.71,1010.63,35.93,304.80,52.97,1
44820,37,65,66,750,1,9,0,25.71,1010.63,35.92,304.52,52.97,1
45816,37,65,66,749,1,9,0,25.71,1010.63,35.94,303.96,52.97,1
46812,37,65,66,750,1,9,0,25.71,1010.63,35.93,304.52,52.97,1
47808,36,65,66,749,2,9,0,25.71,1010.63,35.92,304.52,52.97,1
48804,37,65,66,750,2,9,0,25.71,1010.63,35.93,304.24,52.97,1
49800,37,65,66,750,2,9,0,25.71,1010.63,35.92,304.24,52.97,1
50796,36,64,66,750,1,11,0,25.71,1010.63,35.94,305.65,52.97,1
51792,36,65,66,750,1,10,0,25.71,1010.63,35.92,304.80,53.06,1
52788,36,65,66,750,1,10,0,25.71,1010.62,35.92,305.37,53.06,1
53784,36,65,66,750,1,10,0,25.71,1010.62,35.92,305.37,53.06,1
54780,36,65,66,750,2,8,0,25.71,1010.62,35.92,304.24,53.14,1
55776,37,65,66,750,2,8,0,25.71,1010.61,35.91,305.37,53.14,1
56772,37,64,66,749,1,10,0,25.71,1010.61,35.91,304.52,53.14,1
57768,37,65,66,749,1,12,0,25.71,1010.61,35.90,304.52,53.22,1
58764,37,65,67,751,1,10,0,25.71,1010.60,35.91,305.37,53.14,1
59760,36,65,66,750,1,10,0,25.71,1010.61,35.90,305.37,53.06,1
60756,37,65,66,751,2,10,0,25.71,1010.62,35.93,305.37,53.06,1
61752,36,65,66,750,2,10,0,25.71,1010.62,35.92,303.68,53.06,1
62748,36,65,66,749,1,10,0,25.71,1010.62,35.89,305.08,53.06,1
63744,36,65,66,750,1,10,0,25.71,1010.62,35.89,304.24,53.14,1
64740,36,65,66,750,2,10,0,25.71,1010.61,35.89,304.24,53.06,1
65736,37,65,66,750,1,11,0,25.71,1010.62,35.89,304.24,53.14,1
66732,36,64,67,750,2,9,0,25.71,1010.61,35.90,304.52,53.14,1
67728,36,64,67,749,2,9,0,25.71,1010.61,35.90,304.52,53.14,1
68724,36,65,66,750,2,8,0,25.71,1010.61,35.89,305.93,53.14,1
69720,36,65,66,749,2,9,0,25.71,1010.61,35.90,306.50,53.14,1
70716,36,65,66,749,1,10,0,25.71,1010.61,35.89,305.08,53.14,1
71712,36,65,66,750,1,10,0,25.71,1010.61,35.91,304.52,53.14,1
72708,36,65,66,749,2,10,0,25.71,1010.61,35.90,304.24,53.06,1
73704,37,65,66,750,1,10,0,25.71,1010.62,35.89,306.21,52.97,1
74700,36,64,66,750,2,10,0,25.71,1010.63,35.92,304.52,52.89,1
75696,36,65,66,750,1,10,0,25.72,1010.64,35.90,305.93,52.89,1
76692,36,65,67,750,1,10,0,25.72,1010.64,35.89,304.80,52.97,1
77688,36,65,66,749,2,8,0,25.71,1010.63,35.91,305.65,52.89,1
78684,36,65,66,749,1,8,0,25.72,1010.64,35.89,306.21,52.97,1
79680,36,65,66,749,2,8,0,25.72,1010.63,35.90,307.35,52.97,1
80676,36,65,66,749,1,8,0,25.72,1010.63,35.89,307.35,53.06,1
81672,35,65,66,749,1,8,0,25.71,1010.62,35.91,305.37,53.06,1
82668,36,64,66,750,2,8,0,25.71,1010.62,35.91,306.21,53.06,1
83664,36,65,66,750,2,8,0,25.71,1010.62,35.90,306.78,53.06,1
