NO2,C2H5OH,VOC,CO,Alcohol,LPG,Benzene,Temperature,Pressure,Humidity,Gas_Resistance,Altitude
499,517,732,903,4,26,4294967295,24.63,1009.85,46.37,64.55,59.48
484,517,720,904,4,27,4294967295,24.63,1009.85,46.37,59.1,59.48
470,516,710,903,4,26,4294967295,24.63,1009.85,46.39,53.23,59.48
457,514,700,904,4,26,4294967295,24.63,1009.85,46.4,48.67,59.48
445,512,692,903,4,26,4294967295,24.63,1009.85,46.41,45.05,59.48
433,510,683,902,4,26,4294967295,24.63,1009.85,46.43,42.28,59.56
423,508,675,901,4,26,4294967295,24.63,1009.84,46.43,40.77,59.56
414,505,668,901,4,26,4294967295,24.63,1009.84,46.44,39.88,59.56
404,502,661,900,5,26,4294967295,24.63,1009.84,46.43,39.28,59.65
395,499,655,899,5,26,4294967295,24.64,1009.83,46.44,39.36,59.65
387,496,648,897,4,26,4294967295,24.64,1009.83,46.44,39.58,59.65
379,493,644,897,4,26,4294967295,24.64,1009.83,46.45,39.99,59.65
373,491,638,896,4,26,4294967295,24.64,1009.83,46.44,40.85,59.65
366,488,633,895,4,25,4294967295,24.64,1009.83,46.43,41.57,59.65
359,486,629,894,4,26,4294967295,24.64,1009.83,46.43,42.63,59.56
354,484,624,894,5,26,4294967295,24.64,1009.84,46.44,43.24,59.48
348,482,620,893,4,29,4294967295,24.65,1009.85,46.42,43.42,59.48
343,479,616,891,5,26,4294967295,24.65,1009.85,46.43,43.55,59.56
338,477,613,891,4,25,4294967295,24.65,1009.84,46.42,43.87,59.56
333,475,610,892,4,26,4294967295,24.65,1009.84,46.42,44.19,59.65
328,472,609,891,4,26,4294967295,24.66,1009.83,46.43,44.81,59.56
324,471,607,892,4,26,4294967295,24.66,1009.84,46.42,45.58,59.56
319,468,606,891,4,25,4294967295,24.66,1009.84,46.41,46.18,59.56
315,466,605,892,4,26,4294967295,24.66,1009.84,46.39,46.39,59.56
312,464,604,892,4,26,4294967295,24.67,1009.84,46.4,46.49,59.56
308,462,604,893,4,26,4294967295,24.67,1009.84,46.4,46.39,59.48
306,460,605,893,4,26,4294967295,24.67,1009.85,46.4,45.88,59.48
309,460,609,895,4,26,4294967295,24.67,1009.85,46.4,45.88,59.48
319,460,616,896,4,27,4294967295,24.67,1009.85,46.38,45.88,59.48
334,463,630,898,4,29,4294967295,24.68,1009.85,46.39,46.39,59.48
351,468,647,900,5,26,4294967295,24.68,1009.85,46.39,46.49,59.48
367,475,666,903,4,26,4294967295,24.68,1009.85,46.39,47.01,59.56
382,482,684,907,5,26,4294967295,24.68,1009.84,46.38,47.59,59.56
397,491,701,910,4,26,4294967295,24.69,1009.84,46.39,48.17,59.65
411,500,720,915,4,26,4294967295,24.69,1009.83,46.37,48.78,59.65
424,509,741,919,4,26,4294967295,24.69,1009.83,46.37,49.21,59.56
436,517,756,924,4,26,4294967295,24.69,1009.84,46.37,48.9,59.65
445,526,763,927,4,26,4294967295,24.69,1009.83,46.37,46.59,59.73
467,548,778,937,5,26,4294967295,24.7,1009.82,46.36,43.2,59.81
476,557,784,939,5,26,4294967295,24.64,1009.81,46.47,36.33,59.9
485,565,788,941,4,26,4294967295,24.63,1009.8,46.53,36.36,59.98
492,572,788,942,5,26,4294967295,24.63,1009.79,46.54,36.49,59.9
499,580,787,943,5,26,4294967295,24.65,1009.8,46.54,36.21,59.98
504,586,785,945,4,26,4294967295,24.66,1009.79,46.54,35.9,59.98
508,592,784,947,4,25,4294967295,24.66,1009.79,46.52,35.69,59.98
511,598,784,947,5,26,4294967295,24.67,1009.79,46.49,35.47,59.98
512,603,789,949,4,26,4294967295,24.68,1009.79,46.48,35.69,59.98
515,608,800,952,5,28,4294967295,24.69,1009.79,46.46,36.08,59.98
519,613,816,954,5,26,4294967295,24.69,1009.79,46.45,36.78,60.06
526,618,829,958,5,26,4294967295,24.7,1009.78,46.42,37.04,60.06
534,624,838,961,6,26,4294967295,24.7,1009.78,46.39,37.27,60.06
540,631,843,963,4,26,4294967295,24.7,1009.78,46.4,36.87,60.06
546,636,845,966,5,27,4294967295,24.71,1009.78,46.38,36.02,60.06
550,642,843,967,5,26,4294967295,24.71,1009.78,46.37,35.06,60.06
553,647,840,969,5,27,4294967295,24.71,1009.78,46.36,34.23,60.06
558,653,839,970,5,26,4294967295,24.71,1009.78,46.35,34.01,60.15
564,658,838,971,4,27,4294967295,24.72,1009.77,46.33,33.77,60.15
569,663,839,972,5,26,4294967295,24.72,1009.77,46.35,33.9,60.15
573,668,841,973,5,26,4294967295,24.72,1009.77,46.33,34.4,60.23
577,672,841,974,4,26,4294967295,24.72,1009.76,46.31,34.94,60.15
580,677,841,975,4,26,4294967295,24.72,1009.77,46.3,35.75,60.15
582,681,845,976,5,26,4294967295,24.72,1009.77,46.31,36.08,60.15
585,684,852,977,4,27,4294967295,24.73,1009.77,46.31,36.62,60.15
587,687,856,979,4,26,4294967295,24.73,1009.77,46.29,36.94,60.15
590,691,863,980,4,27,4294967295,24.73,1009.77,46.29,37.04,60.06
592,694,865,981,4,27,4294967295,24.73,1009.78,46.28,37.1,60.06
594,697,865,982,5,27,4294967295,24.73,1009.78,46.28,37.23,60.06
596,700,863,982,4,27,4294967295,24.73,1009.78,46.28,36.94,60.15
597,703,860,982,5,27,4294967295,24.73,1009.77,46.28,36.52,60.15
597,705,855,982,4,26,4294967295,24.73,1009.77,46.28,35.84,60.15
598,707,851,982,5,27,4294967295,24.74,1009.77,46.26,35.27,60.15
600,709,851,982,4,27,4294967295,24.74,1009.77,46.28,34.35,60.15
600,711,856,983,5,27,4294967295,24.74,1009.77,46.26,33.37,60.15
602,713,863,983,5,27,4294967295,24.74,1009.77,46.26,32.31,60.15
603,715,869,983,4,27,4294967295,24.74,1009.77,46.26,31.49,60.23
604,717,873,985,5,25,4294967295,24.74,1009.76,46.25,30.6,60.23
607,719,874,985,5,27,4294967295,24.74,1009.76,46.25,30.55,60.23
609,721,870,985,5,25,4294967295,24.75,1009.76,46.25,30.78,60.23
611,723,866,986,5,26,4294967295,24.75,1009.76,46.25,31.05,60.15
611,725,864,986,4,27,4294967295,24.75,1009.77,46.23,31.42,60.06
613,727,865,986,4,27,4294967295,24.75,1009.78,46.24,31.54,60.06
615,728,874,986,4,26,4294967295,24.75,1009.78,46.23,31.66,60.15
618,730,884,988,4,27,4294967295,24.75,1009.77,46.23,31.37,60.06
620,732,891,989,4,27,4294967295,24.75,1009.78,46.24,31.07,60.06
627,735,902,990,4,27,4294967295,24.75,1009.78,46.23,30.75,60.15
634,738,908,992,4,27,4294967295,24.75,1009.77,46.22,30.78,60.06
638,740,910,993,4,27,4294967295,24.76,1009.78,46.23,30.69,60.15
636,741,908,994,5,27,4294967295,24.76,1009.77,46.22,30.75,60.15
633,743,902,994,4,27,4294967295,24.76,1009.77,46.21,30.91,60.06
630,744,898,995,5,27,4294967295,24.76,1009.78,46.21,31.28,60.06
628,744,897,994,4,27,4294967295,24.76,1009.78,46.2,31.51,60.06
627,745,896,995,5,27,4294967295,24.76,1009.78,46.21,31.68,60.15
625,745,891,994,5,27,4294967295,24.76,1009.77,46.2,31.95,60.15
623,745,887,995,5,27,4294967295,24.76,1009.77,46.19,32.09,60.06
622,746,884,994,5,26,4294967295,24.77,1009.78,46.19,32.34,60.06
621,747,880,993,5,28,4294967295,24.77,1009.78,46.2,32.72,60.15
620,747,875,994,4,27,4294967295,24.77,1009.77,46.19,32.74,60.15
621,747,870,993,5,27,4294967295,24.77,1009.77,46.19,31.82,60.15
620,748,866,993,4,28,4294967295,24.77,1009.77,46.19,30.33,60.15
620,748,864,992,5,28,4294967295,24.77,1009.77,46.19,28.7,60.23
620,749,862,992,5,28,4294967295,24.77,1009.76,46.21,26.99,60.15
621,750,865,991,5,28,4294967295,24.77,1009.77,46.19,25.27,60.15
621,750,870,992,4,27,4294967295,24.77,1009.77,46.2,24.11,60.15
622,751,873,992,4,28,4294967295,24.78,1009.77,46.19,23.2,60.15
622,751,875,991,5,28,4294967295,24.78,1009.77,46.18,22.12,60.23
624,752,876,992,5,26,4294967295,24.78,1009.76,46.19,20.87,60.23
625,753,881,992,5,28,4294967295,24.78,1009.76,46.2,19.88,60.23
627,754,888,993,4,28,4294967295,24.78,1009.76,46.18,19.26,60.23
628,755,892,993,4,28,4294967295,24.78,1009.76,46.16,18.66,60.23
629,756,893,993,5,28,4294967295,24.78,1009.76,46.17,18.21,60.23
630,757,891,993,5,28,4294967295,24.79,1009.76,46.18,17.53,60.23
630,757,885,993,5,28,4294967295,24.79,1009.76,46.18,16.76,60.23
630,758,881,993,5,28,4294967295,24.79,1009.76,46.17,15.91,60.31
630,758,876,993,4,26,4294967295,24.79,1009.75,46.16,15.32,60.31
630,759,875,992,5,28,4294967295,24.79,1009.75,46.17,14.96,60.31
631,759,882,993,4,28,4294967295,24.79,1009.75,46.18,14.77,60.31
633,760,890,993,5,27,4294967295,24.79,1009.75,46.17,14.42,60.31
636,761,894,993,4,29,4294967295,24.79,1009.75,46.17,14.29,60.31
636,762,892,993,4,28,4294967295,24.79,1009.75,46.15,14.09,60.31
635,763,888,993,5,28,4294967295,24.79,1009.75,46.15,13.84,60.31
635,763,885,993,4,28,4294967295,24.79,1009.75,46.15,13.68,60.23
635,764,884,993,4,28,4294967295,24.79,1009.76,46.17,13.6,60.23
636,764,881,993,5,28,4294967295,24.8,1009.76,46.17,13.5,60.23
637,765,877,993,5,28,4294967295,24.8,1009.76,46.15,13.51,60.31
638,766,874,993,4,28,4294967295,24.8,1009.75,46.16,13.58,60.31
638,766,872,993,5,28,4294967295,24.8,1009.75,46.14,13.81,60.31
637,767,872,993,4,28,4294967295,24.8,1009.75,46.15,14.05,60.31
637,767,873,993,4,28,4294967295,24.8,1009.75,46.15,14.43,60.4
637,767,872,992,4,29,4294967295,24.8,1009.74,46.14,14.81,60.4
638,768,871,992,5,28,4294967295,24.8,1009.74,46.12,15.31,60.48
638,769,870,992,6,28,4294967295,24.8,1009.73,46.14,15.66,60.4
638,769,869,992,4,28,4294967295,24.8,1009.74,46.14,15.93,60.48
638,770,870,992,5,28,4294967295,24.8,1009.73,46.12,16.2,60.48
638,770,878,992,5,29,4294967295,24.8,1009.73,46.12,16.13,60.48
639,770,888,992,5,28,4294967295,24.8,1009.73,46.14,15.93,60.4
642,771,886,993,5,29,4294967295,24.8,1009.74,46.12,15.75,60.48
643,772,881,992,5,29,4294967295,24.8,1009.73,46.12,15.2,60.4
647,773,875,992,5,29,4294967295,24.8,1009.74,46.12,14.36,60.48
648,774,872,993,6,28,4294967295,24.81,1009.73,46.12,13.38,60.4
649,775,872,991,5,29,4294967295,24.81,1009.74,46.13,12.77,60.4
650,776,872,991,5,29,4294967295,24.81,1009.74,46.13,12.54,60.4
650,777,877,991,4,29,4294967295,24.81,1009.74,46.13,12.51,60.4
650,777,884,991,4,29,4294967295,24.81,1009.74,46.11,12.61,60.4
650,778,887,992,5,29,4294967295,24.81,1009.74,46.12,12.74,60.48
650,778,889,993,5,30,4294967295,24.81,1009.73,46.13,12.93,60.48
650,778,893,993,5,29,4294967295,24.81,1009.73,46.11,12.91,60.48
650,779,892,993,5,29,4294967295,24.81,1009.73,46.11,12.81,60.48
650,779,890,993,5,29,4294967295,24.81,1009.73,46.13,12.67,60.4
651,779,887,993,5,29,4294967295,24.81,1009.74,46.11,12.56,60.4
652,780,883,993,5,29,4294967295,24.81,1009.74,46.1,12.37,60.31
652,781,880,993,5,29,4294967295,24.81,1009.75,46.11,12.11,60.31
653,781,879,992,5,27,4294967295,24.81,1009.75,46.11,11.77,60.23
653,782,883,993,4,29,4294967295,24.81,1009.76,46.11,11.52,60.23
654,782,891,993,4,29,4294967295,24.82,1009.76,46.11,11.47,60.15
657,782,899,993,4,32,4294967295,24.82,1009.77,46.11,11.44,60.15
657,783,900,994,4,29,4294967295,24.82,1009.77,46.1,11.42,60.23
656,783,894,993,5,29,4294967295,24.82,1009.76,46.11,11.19,60.23
655,783,888,993,5,29,4294967295,24.82,1009.76,46.1,10.97,60.23
655,784,882,993,5,31,4294967295,24.82,1009.76,46.1,10.85,60.23
653,784,877,993,5,30,4294967295,24.82,1009.76,46.11,10.66,60.23
652,783,876,992,5,29,4294967295,24.82,1009.76,46.09,10.22,60.23
652,783,878,991,4,29,4294967295,24.82,1009.76,46.11,9.54,60.23
652,784,877,991,5,29,4294967295,24.82,1009.76,46.11,8.86,60.23
653,784,877,992,5,28,4294967295,24.82,1009.76,46.11,8.4,60.15
653,784,874,992,5,31,4294967295,24.82,1009.77,46.11,8.11,60.23
654,784,873,992,4,30,4294967295,24.82,1009.76,46.1,7.99,60.23
654,785,873,991,5,31,4294967295,24.82,1009.76,46.09,7.94,60.23
654,786,871,991,5,30,4294967295,24.82,1009.76,46.1,8.05,60.23
655,786,868,991,5,30,4294967295,24.82,1009.76,46.11,8.13,60.15
656,787,866,991,5,30,4294967295,24.82,1009.77,46.11,8.2,60.15
656,787,865,990,4,30,4294967295,24.83,1009.77,46.1,8.02,60.06
657,787,869,990,5,29,4294967295,24.83,1009.78,46.11,7.8,60.06
657,787,873,990,5,30,4294967295,24.83,1009.78,46.1,7.53,60.06
659,788,874,990,4,30,4294967295,24.83,1009.78,46.09,7.29,60.06
660,789,873,990,4,30,4294967295,24.83,1009.78,46.1,7.21,60.06
660,789,873,990,5,30,4294967295,24.83,1009.78,46.11,7.28,60.06
661,789,873,990,6,30,4294967295,24.83,1009.78,46.1,7.4,60.06
661,790,872,990,5,30,4294967295,24.83,1009.78,46.09,7.55,60.15
660,790,871,991,4,31,4294967295,24.83,1009.77,46.09,7.64,60.15
657,790,868,991,6,29,4294967295,24.83,1009.77,46.09,7.64,60.15
657,790,865,990,4,30,4294967295,24.83,1009.77,46.1,7.61,60.06
658,790,862,989,4,30,4294967295,24.83,1009.78,46.09,7.62,60.06
659,791,860,990,5,30,4294967295,24.83,1009.78,46.1,7.57,60.15
659,791,859,990,4,29,4294967295,24.84,1009.77,46.08,7.48,60.15
660,791,859,990,4,31,4294967295,24.84,1009.77,46.08,7.43,60.15
661,792,870,990,4,30,4294967295,24.84,1009.77,46.08,7.51,60.23
661,792,882,990,4,31,4294967295,24.84,1009.76,46.07,7.6,60.15
661,792,889,991,4,31,4294967295,24.84,1009.77,46.07,7.75,60.15
662,792,893,992,6,31,4294967295,24.84,1009.77,46.07,7.78,60.15
662,793,895,992,4,31,4294967295,24.84,1009.77,46.07,7.85,60.06
663,792,892,992,5,31,4294967295,24.84,1009.78,46.06,7.92,60.06
663,792,887,992,4,32,4294967295,24.84,1009.78,46.05,8.1,60.06
666,794,885,992,4,31,4294967295,24.84,1009.78,46.06,8.34,60.06
666,794,885,991,4,31,4294967295,24.84,1009.78,46.06,8.58,60.06
667,795,886,992,4,31,4294967295,24.84,1009.78,46.05,8.88,60.06
668,795,887,992,4,32,4294967295,24.84,1009.78,46.06,9.06,60.06
668,796,889,992,4,32,4294967295,24.84,1009.78,46.05,9.25,60.06
668,796,892,993,4,31,4294967295,24.84,1009.78,46.05,9.36,60.15
668,797,891,992,4,31,4294967295,24.84,1009.77,46.06,9.39,60.15
667,797,890,993,4,32,4294967295,24.84,1009.77,46.05,9.41,60.15
667,796,887,993,4,31,4294967295,24.84,1009.77,46.06,9.36,60.06
668,797,883,993,5,32,4294967295,24.84,1009.78,46.06,9.45,60.06
667,797,880,993,5,32,4294967295,24.85,1009.78,46.04,9.5,60.06
667,797,878,992,4,32,4294967295,24.85,1009.78,46.04,9.51,59.98
668,798,878,992,6,32,4294967295,24.85,1009.79,46.04,9.61,59.98
669,798,879,992,4,32,4294967295,24.85,1009.79,46.06,9.74,59.98
669,798,881,993,4,32,4294967295,24.85,1009.79,46.05,9.84,59.98
670,799,882,993,4,32,4294967295,24.85,1009.79,46.04,9.78,59.9
670,799,886,993,4,31,4294967295,24.85,1009.8,46.05,9.71,59.98
671,799,885,993,4,32,4294967295,24.85,1009.79,46.05,9.7,59.98
671,799,884,993,5,32,4294967295,24.85,1009.79,46.03,9.91,59.98
671,799,882,993,4,32,4294967295,24.85,1009.79,46.02,10.04,59.9
672,800,879,993,5,32,4294967295,24.85,1009.8,46.05,9.97,59.81
671,800,876,992,4,32,4294967295,24.85,1009.81,46.05,9.75,59.81
672,801,875,992,5,32,4294967295,24.85,1009.81,46.05,9.35,59.81
673,801,876,993,4,33,4294967295,24.85,1009.81,46.03,9.18,59.81
673,801,878,992,4,33,4294967295,24.85,1009.81,46.05,9.16,59.73
673,801,876,992,4,33,4294967295,24.85,1009.82,46.05,9.27,59.73
673,802,874,991,4,35,4294967295,24.85,1009.82,46.05,9.46,59.81
673,801,871,993,4,33,4294967295,24.85,1009.81,46.04,9.69,59.81
673,802,870,992,5,35,4294967295,24.86,1009.81,46.05,9.96,59.73
674,802,870,992,4,37,4294967295,24.86,1009.82,46.03,10.3,59.73
675,803,871,992,4,34,4294967295,24.86,1009.82,46.04,10.69,59.73
676,803,871,991,5,34,4294967295,24.86,1009.82,46.04,10.94,59.73
677,804,872,991,4,35,4294967295,24.86,1009.82,46.04,10.84,59.73
679,804,877,991,5,33,4294967295,24.86,1009.82,46.05,10.16,59.73
682,805,880,992,5,36,4294967295,24.86,1009.82,46.04,9.26,59.73
683,806,883,992,5,36,4294967295,24.86,1009.82,46.06,8.52,59.81
684,806,888,991,6,36,4294967295,24.86,1009.81,46.05,8.05,59.81
684,807,888,993,5,37,4294967295,24.86,1009.81,46.05,7.84,59.73
685,808,885,992,5,35,4294967295,24.86,1009.82,46.05,7.71,59.81
685,808,883,992,5,38,4294967295,24.86,1009.81,46.03,7.69,59.81
685,808,881,992,4,38,4294967295,24.86,1009.81,46.04,7.66,59.81
685,809,878,992,4,39,4294967295,24.86,1009.81,46.03,7.64,59.9
685,809,876,992,4,43,4294967295,24.86,1009.8,46.04,7.59,59.9
684,810,875,992,5,39,4294967295,24.86,1009.8,46.05,7.49,59.9
683,810,874,991,4,40,4294967295,24.86,1009.8,46.03,7.39,59.9
683,810,872,991,5,40,4294967295,24.86,1009.8,46.02,7.29,59.9
683,810,871,992,5,40,4294967295,24.86,1009.8,46.03,7.3,59.98
683,811,870,991,5,39,4294967295,24.87,1009.79,46.02,7.45,60.06
683,811,871,991,4,41,4294967295,24.87,1009.78,46.02,7.7,60.06
683,811,871,992,4,40,4294967295,24.87,1009.78,46.02,7.85,60.15
683,811,871,991,4,41,4294967295,24.87,1009.77,46.01,7.85,60.15
682,811,871,991,5,41,4294967295,24.87,1009.77,46.02,7.56,60.15
682,811,875,991,6,41,4294967295,24.87,1009.77,46.02,7.25,60.23
683,811,877,992,5,42,4294967295,24.87,1009.76,46.02,7.05,60.23
683,811,875,991,4,41,4294967295,24.87,1009.76,46.03,6.97,60.31
683,811,874,992,4,42,4294967295,24.87,1009.75,46.04,6.99,60.31
683,811,872,991,6,40,4294967295,24.87,1009.75,46.01,7.09,60.31
683,812,870,991,4,42,4294967295,24.87,1009.75,46.01,7.26,60.31
684,812,871,991,4,42,4294967295,24.87,1009.75,46.01,7.41,60.31
684,812,871,991,5,42,4294967295,24.87,1009.75,46.01,7.55,60.31
683,812,871,991,5,42,4294967295,24.87,1009.75,46.01,7.71,60.31
684,812,871,991,4,42,4294967295,24.87,1009.75,45.99,7.95,60.23
685,812,872,991,5,42,4294967295,24.87,1009.76,46.0,8.17,60.23
685,813,874,992,5,43,4294967295,24.87,1009.76,45.99,8.42,60.23
686,813,878,992,4,43,4294967295,24.87,1009.76,45.99,8.66,60.23
686,813,878,991,4,43,4294967295,24.88,1009.76,45.97,8.86,60.23
685,813,876,992,5,43,4294967295,24.88,1009.76,45.98,8.95,60.31
686,814,876,992,4,45,4294967295,24.88,1009.75,45.98,8.87,60.31
686,814,875,991,5,43,4294967295,24.88,1009.75,45.98,8.57,60.31
686,814,874,991,4,43,4294967295,24.88,1009.75,45.99,8.24,60.31
687,814,873,991,4,43,4294967295,24.88,1009.75,45.99,7.93,60.31
687,814,872,991,4,43,4294967295,24.88,1009.75,45.98,7.77,60.4
688,815,873,992,5,43,4294967295,24.88,1009.74,45.98,7.76,60.4
689,815,872,991,5,43,4294967295,24.88,1009.74,45.98,7.79,60.4
691,816,872,992,5,43,4294967295,24.88,1009.74,45.99,7.91,60.4
692,816,872,991,5,43,4294967295,24.88,1009.74,45.97,7.97,60.4
692,816,872,991,4,43,4294967295,24.88,1009.74,45.98,8.04,60.31
692,817,874,991,4,43,4294967295,24.88,1009.75,45.98,8.12,60.31
693,817,879,992,5,43,4294967295,24.88,1009.75,45.98,8.07,60.23
693,817,881,991,5,43,4294967295,24.88,1009.76,45.98,7.89,60.23
692,817,881,992,4,40,4294967295,24.88,1009.76,45.96,7.74,60.23
691,818,879,991,4,43,4294967295,24.88,1009.76,45.98,7.64,60.31
691,818,877,992,4,43,4294967295,24.88,1009.75,45.96,7.68,60.23
691,818,877,992,5,47,4294967295,24.88,1009.76,45.98,7.78,60.23
690,818,877,991,5,43,4294967295,24.88,1009.76,45.96,8.02,60.31
690,818,876,992,4,43,4294967295,24.88,1009.75,45.96,8.26,60.23
690,818,875,992,5,43,4294967295,24.88,1009.76,45.96,8.51,60.23
689,818,873,991,5,43,4294967295,24.88,1009.76,45.96,8.74,60.23
689,819,874,992,4,43,4294967295,24.88,1009.76,45.97,8.98,60.15
689,818,876,992,5,43,4294967295,24.88,1009.77,45.95,9.26,60.15
688,818,878,992,4,43,4294967295,24.88,1009.77,45.96,9.48,60.15
688,818,879,992,5,43,4294967295,24.88,1009.77,45.96,9.76,60.23
688,818,878,992,5,43,4294967295,24.88,1009.76,45.95,10.09,60.23
688,817,878,992,4,44,4294967295,24.88,1009.76,45.96,10.3,60.31
688,818,880,993,4,43,4294967295,24.88,1009.75,45.95,10.45,60.23
688,817,879,993,5,43,4294967295,24.88,1009.76,45.95,10.57,60.15
688,818,877,992,4,43,4294967295,24.88,1009.77,45.96,10.72,60.15
688,818,876,992,5,43,4294967295,24.88,1009.77,45.96,10.72,60.15
688,818,874,992,5,44,4294967295,24.88,1009.77,45.96,10.6,60.23
688,818,873,992,5,43,4294967295,24.88,1009.76,45.95,10.23,60.23
690,818,872,992,6,44,4294967295,24.88,1009.76,45.96,9.64,60.15
690,818,873,992,5,42,4294967295,24.88,1009.77,45.96,9.16,60.15
690,819,874,992,4,45,4294967295,24.89,1009.77,45.96,8.9,60.06
691,819,875,991,4,45,4294967295,24.89,1009.78,45.97,8.83,59.98
691,819,876,992,5,45,4294967295,24.89,1009.79,45.98,8.87,59.98
691,819,876,991,5,46,4294967295,24.89,1009.79,45.96,9.01,60.06
690,819,874,991,5,46,4294967295,24.89,1009.78,45.95,9.22,59.98
690,819,873,991,5,46,4294967295,24.89,1009.79,45.95,9.44,59.9
690,819,873,992,5,44,4294967295,24.89,1009.8,45.96,9.59,59.81
690,819,874,992,4,46,4294967295,24.89,1009.81,45.95,9.67,59.81
690,819,875,991,4,46,4294967295,24.89,1009.81,45.94,9.82,59.9
688,819,874,991,5,46,4294967295,24.89,1009.8,45.95,9.96,59.98
690,820,874,992,5,46,4294967295,24.89,1009.79,45.96,9.85,59.9
689,819,873,992,5,46,4294967295,24.89,1009.8,45.96,9.29,59.98
690,820,873,992,4,46,4294967295,24.89,1009.79,45.96,8.69,59.98
691,820,873,992,4,46,4294967295,24.89,1009.79,45.95,8.3,59.98
692,820,873,991,4,46,4294967295,24.89,1009.79,45.96,8.07,59.98
692,820,874,992,4,46,4294967295,24.89,1009.79,45.95,7.88,59.9
692,821,875,993,4,46,4294967295,24.89,1009.8,45.95,7.68,59.9
691,820,875,992,4,45,4294967295,24.89,1009.8,45.97,7.5,59.98
690,820,876,992,4,46,4294967295,24.89,1009.79,45.96,7.39,59.98
689,820,874,992,5,46,4294967295,24.89,1009.79,45.96,7.48,59.9
689,820,873,992,4,47,4294967295,24.89,1009.8,45.95,7.59,59.9
689,819,871,991,4,47,4294967295,24.89,1009.8,45.96,7.71,59.9
688,820,871,992,5,47,4294967295,24.89,1009.8,45.96,7.78,59.9
689,820,872,992,4,47,4294967295,24.89,1009.8,45.95,7.83,59.9
689,820,874,992,4,47,4294967295,24.89,1009.8,45.96,7.97,59.9
691,820,877,991,4,52,4294967295,24.89,1009.8,45.96,8.06,59.9
690,820,880,992,4,47,4294967295,24.89,1009.8,45.96,8.2,59.9
690,820,880,992,3,46,4294967295,24.89,1009.8,45.95,8.21,59.98
690,820,878,992,4,47,4294967295,24.89,1009.79,45.96,8.1,59.98
690,820,876,991,4,45,4294967295,24.89,1009.79,45.96,8.03,59.98
690,820,875,991,4,46,4294967295,24.9,1009.79,45.95,8.06,59.98
689,820,874,992,4,49,4294967295,24.9,1009.79,45.96,8.18,59.98
690,820,874,992,4,48,4294967295,24.9,1009.79,45.95,8.38,60.06
690,820,876,992,5,49,4294967295,24.9,1009.78,45.94,8.49,60.15
690,820,879,993,5,49,4294967295,24.9,1009.77,45.95,8.47,60.15
690,820,881,993,5,47,4294967295,24.9,1009.77,45.95,8.24,60.23
690,821,883,993,5,49,4294967295,24.9,1009.76,45.95,7.77,60.15
691,821,883,994,5,49,4294967295,24.9,1009.77,45.95,7.33,60.15
692,821,882,993,5,49,4294967295,24.9,1009.77,45.95,7.04,60.15
693,821,881,993,4,50,4294967295,24.9,1009.77,45.95,6.81,60.15
693,821,880,994,5,49,4294967295,24.9,1009.77,45.95,6.56,60.15
694,822,878,993,6,49,4294967295,24.9,1009.77,45.95,6.42,60.06
693,822,878,993,4,49,4294967295,24.9,1009.78,45.96,6.4,60.06
693,822,878,993,5,49,4294967295,24.9,1009.78,45.95,6.42,59.98
694,822,881,994,5,49,4294967295,24.9,1009.79,45.95,6.48,59.98
695,822,884,994,5,49,4294967295,24.9,1009.79,45.93,6.43,59.98
696,822,887,994,4,49,4294967295,24.9,1009.79,45.95,6.37,60.06
696,823,888,994,5,49,4294967295,24.9,1009.78,45.94,6.37,59.98
697,823,887,994,5,49,4294967295,24.9,1009.79,45.94,6.5,59.98
696,823,885,994,4,49,4294967295,24.9,1009.79,45.94,6.66,59.9
697,824,884,994,5,49,4294967295,24.9,1009.8,45.95,6.87,59.81
697,824,883,995,4,47,4294967295,24.9,1009.81,45.94,7.09,59.81
698,824,881,995,4,49,4294967295,24.9,1009.81,45.94,7.31,59.73
698,824,880,994,4,49,4294967295,24.9,1009.82,45.95,7.48,59.73
699,825,880,994,4,49,4294967295,24.9,1009.82,45.94,7.68,59.73
699,825,879,994,4,50,4294967295,24.9,1009.82,45.94,7.91,59.65
699,826,879,994,5,49,4294967295,24.9,1009.83,45.94,8.1,59.65
699,825,878,994,4,50,4294967295,24.9,1009.83,45.94,8.18,59.56
699,825,879,994,5,49,4294967295,24.9,1009.84,45.95,8.24,59.4
700,826,879,994,4,49,4294967295,24.9,1009.86,45.93,8.36,59.48
700,826,879,994,5,49,4294967295,24.9,1009.85,45.94,8.56,59.48
700,826,878,993,4,49,4294967295,24.9,1009.85,45.94,8.83,59.4
700,827,878,993,4,49,4294967295,24.91,1009.86,45.94,9.08,59.4
700,826,877,993,4,50,4294967295,24.91,1009.86,45.94,9.21,59.31
700,827,876,994,4,50,4294967295,24.91,1009.87,45.93,9.28,59.31
700,826,875,993,5,52,4294967295,24.91,1009.87,45.94,9.31,59.31
699,827,876,993,4,50,4294967295,24.91,1009.87,45.93,9.29,59.4
699,827,876,993,5,50,4294967295,24.91,1009.86,45.93,9.19,59.4
699,826,875,993,4,50,4294967295,24.91,1009.86,45.93,9.16,59.31
699,827,874,993,5,50,4294967295,24.91,1009.87,45.94,9.14,59.31
698,827,874,993,5,50,4294967295,24.91,1009.87,45.94,9.11,59.31
698,827,874,993,4,50,4294967295,24.91,1009.87,45.92,9.2,59.31
697,827,874,993,5,49,4294967295,24.91,1009.87,45.92,9.31,59.31
698,826,875,993,5,50,4294967295,24.91,1009.87,45.92,9.45,59.23
697,826,877,993,4,52,4294967295,24.91,1009.88,45.92,9.5,59.23
696,827,879,993,5,55,4294967295,24.91,1009.88,45.92,9.18,59.23
696,826,881,993,5,50,4294967295,24.91,1009.88,45.92,8.84,59.23
696,826,885,993,4,50,4294967295,24.91,1009.88,45.93,8.61,59.23
695,826,888,993,4,50,4294967295,24.91,1009.88,45.92,8.53,59.23
695,826,888,993,4,48,4294967295,24.91,1009.88,45.92,8.62,59.23
695,826,886,994,5,51,4294967295,24.91,1009.88,45.92,8.72,59.23
694,826,883,994,4,50,4294967295,24.91,1009.88,45.92,8.84,59.31
694,826,880,994,4,50,4294967295,24.91,1009.87,45.92,9.0,59.31
695,826,880,993,4,51,4294967295,24.91,1009.87,45.92,8.91,59.31
695,826,882,993,4,51,4294967295,24.91,1009.87,45.92,8.41,59.4
695,825,884,993,4,49,4294967295,24.91,1009.86,45.91,7.67,59.4
696,826,885,994,5,50,4294967295,24.92,1009.86,45.92,6.99,59.48
697,825,883,993,4,52,4294967295,24.92,1009.85,45.94,6.57,59.48
697,826,882,993,4,52,4294967295,24.92,1009.85,45.95,6.4,59.56
698,826,881,994,4,52,4294967295,24.92,1009.84,45.94,6.41,59.65
698,826,884,993,5,53,4294967295,24.92,1009.83,45.93,6.5,59.73
698,826,888,994,4,53,4294967295,24.92,1009.82,45.93,6.65,59.73
698,826,889,994,4,53,4294967295,24.92,1009.82,45.94,6.86,59.73
697,826,888,994,4,53,4294967295,24.92,1009.82,45.93,7.05,59.81
696,826,885,994,5,54,4294967295,24.92,1009.81,45.94,7.27,59.81
697,826,883,993,5,54,4294967295,24.92,1009.81,45.93,7.42,59.81
697,826,881,993,5,54,4294967295,24.92,1009.81,45.92,7.58,59.9
697,826,881,993,4,55,4294967295,24.92,1009.8,45.92,7.73,59.81
697,826,881,993,4,54,4294967295,24.92,1009.81,45.92,7.88,59.81
698,826,880,993,4,51,4294967295,24.92,1009.81,45.92,8.12,59.9
699,826,882,993,6,52,4294967295,24.92,1009.8,45.91,8.38,59.81
700,827,885,993,4,54,4294967295,24.92,1009.81,45.91,8.67,59.9
700,827,889,993,4,54,4294967295,24.92,1009.8,45.91,8.77,59.81
702,827,896,993,4,54,4294967295,24.92,1009.81,45.9,8.72,59.9
702,827,899,994,5,54,4294967295,24.92,1009.8,45.9,8.57,59.81
702,828,901,994,4,54,4294967295,24.92,1009.81,45.91,8.47,59.81
702,828,902,994,4,55,4294967295,24.92,1009.81,45.91,8.55,59.73
701,828,900,994,4,55,4294967295,24.92,1009.82,45.9,8.66,59.73
701,828,900,995,4,56,4294967295,24.92,1009.82,45.9,8.87,59.73
701,828,898,995,4,56,4294967295,24.92,1009.82,45.91,9.16,59.73
700,828,897,995,4,56,4294967295,24.92,1009.82,45.9,9.44,59.65
700,828,894,994,4,56,4294967295,24.92,1009.83,45.89,9.84,59.56
700,828,892,995,4,57,4294967295,24.92,1009.84,45.9,9.99,59.56
699,828,891,995,4,57,4294967295,24.92,1009.84,45.9,9.97,59.65
699,828,890,994,6,57,4294967295,24.93,1009.83,45.91,9.81,59.56
699,828,889,995,5,57,4294967295,24.93,1009.84,45.91,9.58,59.56
700,829,890,995,4,57,4294967295,24.93,1009.84,45.89,9.43,59.65
701,828,892,995,4,57,4294967295,24.93,1009.83,45.9,9.44,59.65
701,828,894,995,4,57,4294967295,24.93,1009.83,45.9,9.44,59.65
702,828,895,995,4,57,4294967295,24.93,1009.83,45.89,9.55,59.65
704,829,895,995,4,57,4294967295,24.93,1009.83,45.89,9.58,59.65
704,830,893,995,4,57,4294967295,24.93,1009.83,45.88,9.68,59.73
705,830,891,995,4,57,4294967295,24.93,1009.82,45.88,9.93,59.81
705,830,889,995,4,57,4294967295,24.93,1009.81,45.88,10.11,59.73
705,831,887,995,4,56,4294967295,24.93,1009.82,45.88,10.34,59.65
705,830,886,995,5,56,4294967295,24.93,1009.83,45.88,10.6,59.81
705,831,886,995,4,57,4294967295,24.93,1009.81,45.88,10.79,59.81
705,830,887,995,4,57,4294967295,24.93,1009.81,45.89,10.65,59.81
706,831,887,994,4,60,4294967295,24.93,1009.81,45.89,9.97,59.81
706,831,885,994,4,57,4294967295,24.93,1009.81,45.89,9.12,59.9
706,831,885,995,5,57,4294967295,24.93,1009.8,45.88,8.44,59.9
707,832,885,994,4,57,4294967295,24.93,1009.8,45.88,8.12,59.98
706,831,888,995,4,57,4294967295,24.93,1009.79,45.9,7.99,60.06
706,832,891,994,4,55,4294967295,24.93,1009.78,45.88,7.93,60.15
705,832,892,994,4,57,4294967295,24.93,1009.77,45.87,7.91,60.06
705,831,889,994,5,57,4294967295,24.93,1009.78,45.87,7.92,60.06
704,832,889,995,4,57,4294967295,24.93,1009.78,45.88,8.0,60.15
704,832,887,995,4,57,4294967295,24.94,1009.77,45.87,8.08,60.15
703,831,886,994,5,57,4294967295,24.94,1009.77,45.87,8.22,60.15
703,831,885,995,4,57,4294967295,24.94,1009.77,45.86,8.43,60.15
702,831,885,995,4,57,4294967295,24.93,1009.77,45.87,8.69,60.15
703,831,886,994,4,57,4294967295,24.94,1009.77,45.87,8.9,60.15
703,831,885,995,4,57,4294967295,24.94,1009.77,45.85,9.19,60.23
703,831,887,994,4,58,4294967295,24.94,1009.76,45.86,9.39,60.15
704,831,887,995,5,57,4294967295,24.94,1009.77,45.85,9.54,60.15
704,831,886,995,4,56,4294967295,24.94,1009.77,45.85,9.31,60.15
705,832,886,995,5,57,4294967295,24.94,1009.77,45.85,8.86,60.23
705,832,886,995,5,58,4294967295,24.93,1009.76,45.86,8.43,60.15
705,832,886,994,4,58,4294967295,24.94,1009.77,45.86,8.1,60.15
706,832,886,995,5,58,4294967295,24.94,1009.77,45.85,7.91,60.15
706,832,886,995,5,58,4294967295,24.94,1009.77,45.85,7.82,60.15
707,832,886,995,4,58,4294967295,24.94,1009.77,45.86,7.71,60.15
706,833,886,994,4,58,4294967295,24.94,1009.77,45.86,7.57,60.15
707,833,886,994,4,58,4294967295,24.94,1009.77,45.85,7.29,60.15
707,833,885,994,4,59,4294967295,24.94,1009.77,45.87,6.92,60.15
707,833,884,994,5,59,4294967295,24.94,1009.77,45.87,6.68,60.15
707,833,884,994,5,60,4294967295,24.94,1009.77,45.88,6.49,60.15
707,834,884,994,4,62,4294967295,24.94,1009.77,45.89,6.44,60.06
707,834,886,994,5,60,4294967295,24.94,1009.78,45.9,6.48,60.06
706,833,887,994,5,60,4294967295,24.94,1009.78,45.88,6.6,60.06
707,834,885,995,4,61,4294967295,24.94,1009.78,45.9,6.72,59.98
707,833,884,994,5,61,4294967295,24.94,1009.79,45.89,6.88,60.06
707,833,882,994,4,60,4294967295,24.94,1009.78,45.88,6.99,59.98
707,834,883,994,5,62,4294967295,24.94,1009.79,45.9,6.92,59.9
707,833,884,994,5,63,4294967295,24.94,1009.8,45.91,6.7,59.9
707,833,885,994,6,63,4294967295,24.94,1009.8,45.9,6.42,59.9
707,833,887,994,5,62,4294967295,24.94,1009.8,45.92,6.21,59.9
708,834,890,994,4,63,4294967295,24.94,1009.8,45.91,6.07,59.81
708,833,896,995,4,63,4294967295,24.94,1009.81,45.91,6.04,59.81
708,834,901,994,4,63,4294967295,24.94,1009.81,45.9,6.04,59.81
709,834,902,995,4,63,4294967295,24.94,1009.81,45.9,6.1,59.81
709,834,902,995,4,63,4294967295,24.94,1009.81,45.9,6.28,59.81
709,834,899,995,4,64,4294967295,24.94,1009.81,45.89,6.54,59.9
709,834,896,996,4,64,4294967295,24.94,1009.8,45.88,6.79,59.81
709,834,894,995,4,64,4294967295,24.94,1009.81,45.88,7.03,59.9
709,835,891,995,4,64,4294967295,24.94,1009.8,45.88,7.19,59.9
710,835,891,995,4,63,4294967295,24.94,1009.8,45.87,7.39,59.81
710,835,891,995,4,64,4294967295,24.94,1009.81,45.88,7.52,59.81
710,835,895,995,5,63,4294967295,24.95,1009.81,45.86,7.46,59.81
711,835,897,995,4,64,4294967295,24.95,1009.81,45.86,7.45,59.81
710,835,900,995,5,60,4294967295,24.95,1009.81,45.84,7.38,59.65
710,835,903,995,4,64,4294967295,24.95,1009.83,45.85,7.2,59.65
710,836,903,996,5,63,4294967295,24.95,1009.83,45.86,6.94,59.65
710,836,901,996,5,64,4294967295,24.95,1009.83,45.85,6.78,59.56
711,836,900,996,5,66,4294967295,24.95,1009.84,45.86,6.75,59.56
710,835,898,996,4,64,4294967295,24.95,1009.84,45.86,6.9,59.56
710,836,896,996,5,69,4294967295,24.95,1009.84,45.84,7.08,59.56
711,836,894,996,4,61,4294967295,24.95,1009.84,45.85,7.32,59.48
711,836,892,996,5,64,4294967295,24.95,1009.85,45.85,7.48,59.4
710,836,891,996,4,65,4294967295,24.95,1009.86,45.84,7.45,59.4
710,837,890,995,4,65,4294967295,24.95,1009.86,45.84,7.31,59.31
711,836,890,995,4,65,4294967295,24.95,1009.87,45.86,7.11,59.31
712,837,890,996,4,66,4294967295,24.95,1009.87,45.86,6.84,59.31
712,836,890,996,5,65,4294967295,24.95,1009.87,45.86,6.63,59.31
713,837,890,995,4,65,4294967295,24.95,1009.87,45.84,6.53,59.4
713,837,891,995,4,66,4294967295,24.95,1009.86,45.84,6.45,59.31
712,837,892,995,5,65,4294967295,24.95,1009.87,45.85,6.52,59.4
712,837,891,995,4,65,4294967295,24.95,1009.86,45.84,6.64,59.48
712,837,890,995,5,66,4294967295,24.95,1009.85,45.84,6.83,59.4
713,838,889,995,4,66,4294967295,24.95,1009.86,45.84,7.07,59.48
714,838,889,995,5,66,4294967295,24.95,1009.85,45.83,7.24,59.48
714,838,890,995,5,66,4294967295,24.95,1009.85,45.84,7.28,59.56
714,838,890,995,5,66,4294967295,24.95,1009.84,45.84,7.3,59.65
714,838,890,995,5,66,4294967295,24.95,1009.83,45.83,7.46,59.65
714,838,891,995,5,66,4294967295,24.95,1009.83,45.83,7.61,59.73
714,839,895,995,4,66,4294967295,24.95,1009.82,45.84,7.88,59.73
714,838,901,995,5,66,4294967295,24.95,1009.82,45.83,8.13,59.73
714,839,904,996,4,67,4294967295,24.95,1009.82,45.82,8.38,59.73
714,838,903,996,4,66,4294967295,24.95,1009.82,45.83,8.63,59.65
713,839,901,996,6,66,4294967295,24.95,1009.83,45.81,8.81,59.65
713,839,898,995,4,66,4294967295,24.95,1009.83,45.81,8.86,59.65
712,839,895,996,4,70,4294967295,24.95,1009.83,45.82,8.71,59.65
711,838,893,996,4,65,4294967295,24.95,1009.83,45.83,8.32,59.65
710,838,896,996,4,66,4294967295,24.96,1009.83,45.82,8.06,59.65
711,838,896,996,4,66,4294967295,24.96,1009.83,45.83,7.65,59.65
710,838,895,996,4,66,4294967295,24.96,1009.83,45.82,7.12,59.73
710,838,894,996,4,66,4294967295,24.96,1009.82,45.83,6.58,59.73
710,838,891,996,4,66,4294967295,24.96,1009.82,45.84,6.22,59.73
710,837,890,996,4,66,4294967295,24.96,1009.82,45.84,6.05,59.73
710,837,889,996,5,64,4294967295,24.96,1009.82,45.84,6.01,59.73
710,837,889,996,4,66,4294967295,24.96,1009.82,45.84,6.09,59.73
710,838,889,996,4,65,4294967295,24.96,1009.82,45.83,6.25,59.73
710,837,891,995,5,66,4294967295,24.96,1009.82,45.84,6.52,59.73
711,838,892,996,4,66,4294967295,24.96,1009.82,45.82,6.75,59.81
711,838,894,996,5,65,4294967295,24.96,1009.81,45.83,7.05,59.81
711,838,895,996,5,66,4294967295,24.96,1009.81,45.82,7.36,59.81
711,838,893,996,4,66,4294967295,24.96,1009.81,45.82,7.58,59.9
711,838,892,996,4,66,4294967295,24.96,1009.8,45.81,7.67,59.9
711,837,890,996,5,68,4294967295,24.96,1009.8,45.82,7.7,59.9
712,838,889,996,4,66,4294967295,24.96,1009.8,45.82,7.6,59.9
712,838,889,996,4,67,4294967295,24.96,1009.8,45.81,7.58,59.9
712,838,889,996,4,66,4294967295,24.96,1009.8,45.81,7.54,59.9
713,838,889,995,5,66,4294967295,24.96,1009.8,45.81,7.56,59.9
712,838,890,996,4,66,4294967295,24.96,1009.8,45.8,7.5,59.9
713,838,893,996,4,65,4294967295,24.96,1009.8,45.81,7.34,59.98
713,838,893,996,4,65,4294967295,24.96,1009.79,45.8,7.13,59.98
713,838,892,996,4,65,4294967295,24.96,1009.79,45.79,7.01,59.98
713,838,891,995,4,64,4294967295,24.96,1009.79,45.81,6.99,59.9
712,838,892,995,4,65,4294967295,24.96,1009.8,45.81,7.09,59.9
713,838,892,996,4,70,4294967295,24.96,1009.8,45.81,7.16,59.98
713,839,890,996,4,65,4294967295,24.96,1009.79,45.8,7.15,59.98
713,839,889,996,4,64,4294967295,24.96,1009.79,45.81,7.05,60.06
712,839,889,995,5,65,4294967295,24.96,1009.78,45.8,6.98,59.98
712,839,889,995,4,66,4294967295,24.96,1009.79,45.8,6.91,59.98
712,839,891,995,5,66,4294967295,24.96,1009.79,45.8,6.88,59.98
713,839,892,996,5,66,4294967295,24.96,1009.79,45.8,6.95,59.98
712,838,891,996,5,66,4294967295,24.96,1009.79,45.81,7.05,60.06
714,839,892,995,4,63,4294967295,24.96,1009.78,45.8,7.18,60.06
714,839,892,995,4,66,4294967295,24.96,1009.78,45.8,7.22,60.06
714,839,892,996,4,66,4294967295,24.96,1009.78,45.8,7.1,60.06
714,839,893,995,4,66,4294967295,24.96,1009.78,45.8,6.86,60.06
715,840,892,996,4,66,4294967295,24.96,1009.78,45.81,6.59,60.06
715,840,891,995,4,66,4294967295,24.96,1009.78,45.8,6.47,59.98
715,840,890,995,4,67,4294967295,24.97,1009.79,45.81,6.49,60.06
714,840,890,996,4,67,4294967295,24.97,1009.78,45.8,6.59,60.06
715,840,890,995,5,66,4294967295,24.97,1009.78,45.79,6.67,60.06
715,840,890,996,4,66,4294967295,24.97,1009.78,45.8,6.71,60.06
715,840,890,996,4,66,4294967295,24.97,1009.78,45.8,6.66,59.98
714,840,890,995,6,63,4294967295,24.97,1009.79,45.79,6.6,59.98
713,840,894,995,4,66,4294967295,24.97,1009.79,45.8,6.63,60.06
713,840,897,996,5,66,4294967295,24.97,1009.78,45.78,6.65,60.06
712,840,896,996,4,65,4294967295,24.97,1009.78,45.79,6.74,60.06
712,840,895,995,4,65,4294967295,24.97,1009.78,45.79,6.8,60.15
712,839,894,996,4,70,4294967295,24.97,1009.77,45.79,6.93,60.15
712,839,894,996,5,66,4294967295,24.97,1009.77,45.8,7.04,60.15
711,839,893,996,4,65,4294967295,24.97,1009.77,45.8,7.09,60.23
712,839,894,996,4,65,4294967295,24.97,1009.76,45.8,6.91,60.15
712,839,895,995,4,64,4294967295,24.97,1009.77,45.79,6.65,60.15
711,839,896,996,4,62,4294967295,24.97,1009.77,45.79,6.49,60.23
712,839,897,996,5,65,4294967295,24.97,1009.76,45.8,6.49,60.23
712,839,897,996,4,65,4294967295,24.97,1009.76,45.8,6.58,60.31
711,839,895,996,5,66,4294967295,24.97,1009.75,45.81,6.77,60.4
712,839,893,995,4,67,4294967295,24.97,1009.74,45.79,7.05,60.4
712,839,893,996,5,66,4294967295,24.97,1009.74,45.8,7.37,60.4
713,839,892,996,5,71,4294967295,24.97,1009.74,45.79,7.71,60.4
713,839,892,995,4,66,4294967295,24.97,1009.74,45.79,8.0,60.4
713,839,892,996,4,66,4294967295,24.97,1009.74,45.79,8.03,60.31
713,839,891,995,5,66,4294967295,24.97,1009.75,45.79,7.74,60.23
713,839,890,995,4,63,4294967295,24.97,1009.76,45.78,7.43,60.23
712,839,889,995,4,67,4294967295,24.97,1009.76,45.8,7.13,60.23
714,839,889,995,4,67,4294967295,24.97,1009.76,45.79,6.95,60.23
714,839,889,995,5,67,4294967295,24.97,1009.76,45.8,6.94,60.23
715,840,889,995,4,67,4294967295,24.97,1009.76,45.8,7.08,60.23
715,840,889,995,4,67,4294967295,24.97,1009.76,45.79,7.29,60.23
716,840,889,996,4,68,4294967295,24.97,1009.76,45.79,7.6,60.15
716,840,889,995,4,68,4294967295,24.97,1009.77,45.77,7.94,60.15
715,841,889,995,4,76,4294967295,24.97,1009.77,45.77,8.27,60.15
714,841,889,995,4,68,4294967295,24.97,1009.77,45.77,8.53,60.15
713,840,888,996,4,69,4294967295,24.97,1009.77,45.77,8.6,60.06
712,840,887,995,4,70,4294967295,24.97,1009.78,45.76,8.6,60.06
712,840,888,995,4,70,4294967295,24.97,1009.78,45.77,8.47,60.06
712,840,890,995,4,69,4294967295,24.97,1009.78,45.77,8.37,60.06
712,840,892,996,5,75,4294967295,24.97,1009.78,45.76,8.41,59.98
712,840,894,995,4,69,4294967295,24.97,1009.79,45.77,8.32,60.06
712,840,893,995,4,70,4294967295,24.97,1009.78,45.77,8.07,60.15
712,840,891,995,4,70,4294967295,24.97,1009.77,45.78,7.91,60.15
712,839,890,995,4,70,4294967295,24.97,1009.77,45.77,7.89,60.15
711,839,889,995,4,70,4294967295,24.97,1009.77,45.78,7.98,60.06
711,839,888,995,4,70,4294967295,24.97,1009.78,45.77,8.12,60.15
712,839,887,995,6,70,4294967295,24.97,1009.77,45.77,8.31,60.06
712,840,886,995,5,70,4294967295,24.97,1009.78,45.77,8.49,60.06
713,839,886,995,4,70,4294967295,24.97,1009.78,45.77,8.74,60.06
714,839,886,995,4,70,4294967295,24.98,1009.78,45.79,9.02,60.06
713,840,886,995,4,71,4294967295,24.98,1009.78,45.76,9.29,60.15
713,840,886,995,4,70,4294967295,24.98,1009.77,45.77,9.42,60.15
713,840,887,995,4,71,4294967295,24.98,1009.77,45.76,9.41,60.15
713,840,886,995,4,70,4294967295,24.98,1009.77,45.76,9.36,60.15
714,840,886,995,4,71,4294967295,24.98,1009.77,45.76,9.37,60.23
714,840,887,995,4,71,4294967295,24.98,1009.76,45.75,9.47,60.23
715,840,887,995,4,67,4294967295,24.98,1009.76,45.76,9.64,60.23
716,840,887,995,4,72,4294967295,24.98,1009.76,45.76,9.85,60.23
716,840,887,995,4,71,4294967295,24.98,1009.76,45.76,10.13,60.23
715,840,890,995,4,71,4294967295,24.98,1009.76,45.76,10.46,60.23
715,841,893,996,4,72,4294967295,24.98,1009.76,45.74,10.76,60.23
715,841,898,996,4,73,4294967295,24.98,1009.76,45.74,11.11,60.23
715,840,903,996,4,72,4294967295,24.98,1009.76,45.74,11.42,60.23
715,841,906,996,4,74,4294967295,24.98,1009.76,45.75,11.67,60.23
715,840,907,997,4,71,4294967295,24.98,1009.76,45.75,11.91,60.23
714,841,906,996,4,71,4294967295,24.98,1009.76,45.74,12.2,60.23
714,840,905,996,4,71,4294967295,24.98,1009.76,45.73,12.25,60.31
714,840,906,997,4,72,4294967295,24.98,1009.75,45.73,11.74,60.31
713,840,906,996,4,73,4294967295,24.98,1009.75,45.74,11.05,60.31
714,840,905,997,4,73,4294967295,24.98,1009.75,45.73,10.4,60.4
713,840,903,997,4,79,4294967295,24.98,1009.74,45.74,9.97,60.4
713,840,901,996,4,73,4294967295,24.98,1009.74,45.74,9.39,60.31
714,840,899,996,4,73,4294967295,24.98,1009.75,45.75,8.73,60.31
713,840,898,996,4,74,4294967295,24.98,1009.75,45.75,7.95,60.31
714,840,897,996,4,79,4294967295,24.98,1009.75,45.76,7.36,60.4
715,840,895,997,4,74,4294967295,24.98,1009.74,45.76,6.91,60.23
716,841,894,996,4,74,4294967295,24.98,1009.76,45.77,6.67,60.31
716,841,893,997,4,73,4294967295,24.98,1009.75,45.76,6.59,60.31
717,841,892,996,4,75,4294967295,24.98,1009.75,45.77,6.61,60.31
717,842,892,997,4,74,4294967295,24.98,1009.75,45.77,6.62,60.4
717,841,891,996,4,75,4294967295,24.98,1009.74,45.77,6.43,60.31
717,841,891,996,4,74,4294967295,24.98,1009.75,45.77,6.11,60.31
717,842,893,996,4,75,4294967295,24.98,1009.75,45.78,5.84,60.31
717,842,893,996,4,69,4294967295,24.98,1009.75,45.77,5.67,60.23
716,842,891,996,4,75,4294967295,24.98,1009.76,45.76,5.69,60.23
716,842,892,996,4,75,4294967295,24.98,1009.76,45.76,5.78,60.31
716,842,892,996,4,75,4294967295,24.98,1009.75,45.76,5.87,60.23
715,841,892,996,4,75,4294967295,24.98,1009.76,45.75,5.96,60.23
715,841,891,996,4,74,4294967295,24.99,1009.76,45.76,5.99,60.23
715,841,889,996,4,74,4294967295,24.99,1009.76,45.77,5.98,60.23
716,841,889,996,4,74,4294967295,24.99,1009.76,45.76,6.05,60.23
716,841,888,996,4,74,4294967295,24.99,1009.76,45.76,6.16,60.23
715,841,888,996,4,74,4294967295,24.99,1009.76,45.75,6.3,60.23
716,841,888,996,4,75,4294967295,24.99,1009.76,45.74,6.41,60.23
718,842,890,995,4,74,4294967295,24.99,1009.76,45.74,6.49,60.23
