timestamp,NO2,C2H50H,VOC,CO,Alcohol,LPG,Benzene,Temperature,Pressure,Humidity,Gas_Resistance,Altitude,State
160356,32,71,62,767,0,12,0,24.74,1017.84,15.59,602.00,-7.05,0
161352,33,70,62,766,0,12,0,24.74,1017.85,15.60,598.78,-7.05,0
162348,32,70,61,766,0,12,0,24.73,1017.85,15.61,603.62,-7.05,0
163344,32,71,61,765,0,12,0,24.73,1017.85,15.61,602.54,-7.13,0
164340,32,70,61,766,0,12,0,24.73,1017.86,15.60,605.25,-7.21,0
165336,32,71,61,765,0,13,0,24.73,1017.87,15.59,607.44,-7.21,0
166332,32,70,61,765,0,12,0,24.73,1017.87,15.58,601.46,-7.21,0
167328,32,70,61,765,0,12,0,24.73,1017.87,15.56,602.54,-7.21,0
168324,32,70,61,764,0,13,0,24.73,1017.87,15.54,609.64,-7.21,0
169320,32,70,61,765,0,13,0,24.73,1017.87,15.53,606.89,-7.13,0
170316,32,70,61,765,0,13,0,24.73,1017.86,15.50,606.89,-7.05,0
171312,32,71,61,764,0,12,0,24.73,1017.85,15.50,611.31,-7.13,0
172308,33,70,61,764,0,13,0,24.73,1017.86,15.46,609.09,-7.13,0
173304,32,70,61,764,0,12,0,24.73,1017.86,15.44,610.75,-7.13,0
174300,33,71,62,765,0,13,0,24.73,1017.86,15.42,618.06,-7.21,0
175296,33,70,61,765,0,12,0,24.73,1017.87,15.40,613.54,-7.21,0
176292,33,70,60,765,0,12,0,24.73,1017.87,15.39,615.23,-7.21,0
177288,32,70,61,765,0,11,0,24.73,1017.87,15.37,615.23,-7.21,0
178284,32,70,60,765,0,12,0,24.73,1017.87,15.35,618.06,-7.21,0
179280,32,70,61,765,0,13,0,24.73,1017.87,15.34,614.10,-7.13,0
180276,33,70,60,766,0,12,0,24.73,1017.86,15.32,620.34,-7.21,0
181272,33,70,62,765,0,12,0,24.73,1017.87,15.32,624.96,-7.21,0
182268,33,71,62,765,0,12,0,24.73,1017.87,15.31,618.06,-7.21,0
183264,32,71,61,765,0,13,0,24.73,1017.87,15.30,618.63,-7.13,0
184260,32,70,60,765,0,12,0,24.73,1017.86,15.29,620.34,-7.21,0
185256,33,70,61,765,0,12,0,24.73,1017.87,15.29,622.64,-7.21,0
186252,33,70,61,765,0,12,0,24.73,1017.87,15.27,622.06,-7.21,0
187248,33,71,61,765,0,12,0,24.73,1017.87,15.27,624.96,-7.21,0
188244,32,70,61,764,0,12,0,24.73,1017.87,15.27,622.06,-7.21,0
189240,32,70,61,765,0,12,0,24.73,1017.87,15.28,623.79,-7.21,0
190236,33,70,61,764,0,12,0,24.73,1017.87,15.27,626.12,-7.30,0
191232,33,70,61,765,0,12,0,24.73,1017.88,15.27,626.12,-7.30,0
192228,33,70,61,765,0,13,0,24.73,1017.88,15.28,628.46,-7.30,0
193224,32,70,61,764,0,13,0,24.73,1017.88,15.28,621.49,-7.21,0
194220,32,70,61,764,0,12,0,24.73,1017.87,15.30,627.29,-7.21,0
195216,32,71,61,764,0,12,0,24.73,1017.87,15.30,621.49,-7.21,0
196212,33,70,61,763,0,12,0,24.73,1017.87,15.31,623.22,-7.13,0
197208,32,70,61,763,0,12,0,24.73,1017.86,15.32,622.64,-7.21,0
198204,33,70,61,764,0,12,0,24.73,1017.87,15.32,625.54,-7.21,0
199200,32,70,61,763,0,12,0,24.72,1017.87,15.32,623.22,-7.13,0
200196,33,70,61,763,0,12,0,24.72,1017.86,15.33,623.22,-7.13,0
201192,33,70,61,763,0,12,0,24.72,1017.86,15.32,624.37,-7.13,0
202188,32,70,60,763,0,12,0,24.72,1017.86,15.34,622.64,-7.13,0
203184,32,70,61,762,0,11,0,24.72,1017.86,15.33,629.64,-7.13,0
204180,33,70,60,763,0,12,0,24.72,1017.86,15.33,624.37,-7.13,0
205176,31,70,61,762,0,12,0,24.72,1017.86,15.32,626.71,-7.13,0
206172,31,70,61,763,0,12,0,24.72,1017.86,15.31,631.42,-7.21,0
207168,32,70,61,762,0,12,0,24.72,1017.87,15.30,626.71,-7.13,0
208164,32,70,61,762,0,12,0,24.72,1017.86,15.29,627.29,-7.21,0
209160,31,70,61,762,0,12,0,24.72,1017.87,15.28,626.12,-7.21,0
210156,32,69,61,763,0,12,0,24.72,1017.87,15.25,626.12,-7.21,0
211152,32,70,61,763,0,12,0,24.72,1017.87,15.24,627.29,-7.30,0
212148,32,70,61,762,0,12,0,24.72,1017.88,15.22,638.01,-7.21,0
213144,32,69,61,762,0,12,0,24.72,1017.87,15.21,633.80,-7.21,0
214140,32,70,61,763,0,12,0,24.72,1017.87,15.22,630.82,-7.21,0
215136,31,70,61,762,0,12,0,24.72,1017.87,15.19,636.80,-7.21,0
216132,32,69,61,762,0,12,0,24.72,1017.87,15.18,632.61,-7.13,0
217128,32,70,61,763,0,12,0,24.72,1017.86,15.17,635.00,-7.21,0
218124,31,70,60,763,0,14,0,24.72,1017.87,15.15,637.41,-7.21,0
219120,32,70,60,763,0,12,0,24.72,1017.87,15.15,633.20,-7.13,0
220116,32,70,61,763,0,12,0,24.72,1017.86,15.14,633.80,-7.21,0
221112,32,70,61,765,0,12,0,24.71,1017.87,15.14,632.61,-7.21,0
222108,32,70,61,764,0,12,0,24.71,1017.87,15.13,641.06,-7.21,0
223104,32,70,61,764,0,12,0,24.71,1017.87,15.12,641.06,-7.13,0
224100,32,70,61,764,0,12,0,24.71,1017.86,15.12,636.80,-7.21,0
225096,32,70,61,764,0,12,0,24.71,1017.87,15.10,640.45,-7.21,0
226092,32,70,61,764,0,11,0,24.71,1017.87,15.11,636.80,-7.21,0
227088,32,70,60,763,0,13,0,24.71,1017.87,15.11,636.20,-7.21,0
228084,32,70,61,764,0,12,0,24.71,1017.87,15.11,640.45,-7.21,0
229080,32,70,60,763,0,12,0,24.71,1017.87,15.11,638.62,-7.21,0
230076,31,70,61,763,0,12,0,24.71,1017.87,15.11,642.90,-7.21,0
231072,32,70,61,764,0,12,0,24.71,1017.87,15.14,640.45,-7.30,0
232068,32,70,61,764,0,12,0,24.71,1017.88,15.13,643.51,-7.21,0
233064,32,70,61,763,0,12,0,24.71,1017.87,15.14,638.62,-7.21,0
234060,32,70,61,763,0,11,0,24.71,1017.87,15.15,643.51,-7.21,0
235056,32,70,60,764,0,12,0,24.71,1017.87,15.14,640.45,-7.30,0
236052,32,70,61,764,0,12,0,24.71,1017.88,15.14,642.90,-7.30,0
237048,32,70,61,763,0,12,0,24.71,1017.88,15.16,646.61,-7.21,0
238044,32,70,61,763,0,12,0,24.71,1017.87,15.16,641.67,-7.30,0
239040,32,70,61,762,0,12,0,24.71,1017.88,15.17,642.28,-7.30,0
240036,31,70,61,762,0,12,0,24.71,1017.88,15.19,642.28,-7.21,0
241032,31,69,61,762,0,12,0,24.71,1017.87,15.19,641.67,-7.21,0
242028,32,70,60,762,0,12,0,24.71,1017.87,15.20,641.67,-7.21,0
243024,31,70,61,762,0,12,0,24.71,1017.87,15.20,646.61,-7.30,0
244020,31,69,61,762,0,12,0,24.71,1017.88,15.20,641.06,-7.30,0
245016,32,70,61,763,0,12,0,24.71,1017.88,15.21,646.61,-7.21,0
246012,32,70,60,763,0,12,0,24.71,1017.87,15.22,640.45,-7.30,0
247008,31,69,60,762,0,12,0,24.71,1017.88,15.22,642.90,-7.30,0
248004,31,70,61,763,0,12,0,24.71,1017.88,15.23,638.01,-7.21,0
249000,32,69,61,763,0,12,0,24.71,1017.87,15.24,642.28,-7.21,0
249996,31,70,61,763,0,12,0,24.71,1017.87,15.24,645.99,-7.21,0
250992,31,69,60,763,0,12,0,24.70,1017.87,15.23,645.99,-7.21,0
251988,32,70,61,763,0,12,0,24.70,1017.87,15.23,638.01,-7.21,0
252984,32,69,61,763,0,12,0,24.70,1017.87,15.23,640.45,-7.21,0
253980,32,69,60,763,0,12,0,24.70,1017.87,15.22,641.67,-7.21,0
254976,31,70,60,763,0,12,0,24.70,1017.87,15.22,642.90,-7.21,0
255972,31,70,61,763,0,12,0,24.70,1017.87,15.23,641.67,-7.21,0
256968,32,70,60,763,0,12,0,24.70,1017.87,15.23,642.28,-7.21,0
257964,32,69,61,763,0,12,0,24.70,1017.87,15.21,644.13,-7.30,0
258960,31,70,60,763,0,12,0,24.70,1017.88,15.21,641.67,-7.30,0
259956,32,70,61,763,0,12,0,24.70,1017.88,15.22,640.45,-7.21,0
260952,32,70,61,763,0,12,0,24.70,1017.87,15.22,639.23,-7.21,0
261948,31,70,60,764,0,12,0,24.70,1017.87,15.21,644.13,-7.21,0
262944,32,70,61,763,0,12,0,24.70,1017.87,15.22,639.84,-7.30,0
263940,32,70,61,763,0,12,0,24.70,1017.88,15.22,640.45,-7.30,0
264936,31,70,60,763,0,12,0,24.70,1017.88,15.21,639.23,-7.30,0
265932,32,70,61,763,0,12,0,24.70,1017.88,15.21,645.37,-7.30,0
266928,31,69,60,763,0,12,0,24.70,1017.88,15.21,639.84,-7.21,1
267924,32,69,61,763,0,12,0,24.70,1017.87,15.22,644.13,-7.30,1
268920,32,70,61,762,0,12,0,24.70,1017.88,15.21,647.86,-7.30,1
269916,32,70,61,762,0,12,0,24.70,1017.88,15.21,644.13,-7.21,1
270912,32,69,60,763,0,11,0,24.70,1017.87,15.22,646.61,-7.21,1
271908,31,70,61,763,0,12,0,24.70,1017.87,15.22,642.28,-7.30,1
272904,31,70,60,762,0,11,0,24.70,1017.88,15.22,644.13,-7.30,1
273900,31,70,60,763,0,12,0,24.70,1017.88,15.21,645.37,-7.30,1
274896,32,70,60,762,0,12,0,24.70,1017.88,15.22,645.37,-7.30,1
275892,31,70,60,763,0,11,0,24.70,1017.88,15.21,641.06,-7.38,1
276888,32,70,60,763,0,11,0,24.70,1017.89,15.22,642.28,-7.38,1
277884,31,70,60,763,0,11,0,24.69,1017.89,15.21,639.23,-7.46,1
278880,31,70,60,763,0,11,0,24.69,1017.90,15.21,641.06,-7.46,1
279876,32,69,61,763,0,12,0,24.69,1017.90,15.21,640.45,-7.46,1
280872,32,70,61,763,0,11,0,24.69,1017.90,15.20,640.45,-7.55,1
281868,32,70,60,763,0,12,0,24.69,1017.91,15.21,640.45,-7.63,1
282864,32,70,61,764,0,12,0,24.69,1017.92,15.21,640.45,-7.63,1
283860,32,70,61,763,0,12,0,24.69,1017.92,15.21,644.13,-7.63,1
284856,31,69,61,764,0,12,0,24.69,1017.92,15.21,639.23,-7.63,1
285852,31,69,60,763,0,12,0,24.69,1017.92,15.21,639.23,-7.63,1
286848,32,70,61,764,0,12,0,24.69,1017.92,15.21,638.01,-7.63,1
287844,32,69,61,763,0,12,0,24.69,1017.92,15.22,635.00,-7.71,1
288840,32,69,60,763,0,11,0,24.69,1017.93,15.23,638.62,-7.79,1
289836,31,69,61,763,0,11,0,24.69,1017.94,15.23,640.45,-7.71,1
290832,31,70,60,763,0,12,0,24.69,1017.93,15.23,642.90,-7.71,1
291828,31,70,60,763,0,12,0,24.69,1017.93,15.24,639.84,-7.71,1
292824,32,69,60,763,0,12,0,24.69,1017.93,15.24,641.06,-7.79,1
293820,31,69,60,763,0,12,0,24.69,1017.94,15.24,635.00,-7.71,1
294816,31,70,61,763,0,12,0,24.69,1017.93,15.24,636.20,-7.71,1
295812,32,69,60,762,0,12,0,24.69,1017.93,15.24,644.13,-7.71,1
296808,31,69,60,762,0,12,0,24.69,1017.93,15.23,639.23,-7.71,1
297804,31,69,60,762,0,12,0,24.68,1017.93,15.24,636.20,-7.79,1
298800,31,69,60,762,0,12,0,24.68,1017.94,15.23,636.20,-7.71,1
299796,31,69,60,761,0,12,0,24.68,1017.93,15.22,636.20,-7.79,1
300792,32,69,60,762,0,11,0,24.68,1017.94,15.22,635.60,-7.79,1
301788,31,69,60,762,0,12,0,24.68,1017.94,15.21,637.41,-7.71,1
302784,31,69,59,761,0,12,0,24.68,1017.93,15.20,636.80,-7.71,1
303780,31,69,60,762,0,11,0,24.68,1017.93,15.18,639.23,-7.71,1
304776,31,69,60,762,0,11,0,24.68,1017.93,15.18,638.01,-7.71,1
305772,32,69,59,762,0,11,0,24.68,1017.93,15.16,639.23,-7.71,1
306768,31,69,60,762,0,11,0,24.68,1017.93,15.15,641.67,-7.71,1
307764,31,69,61,762,0,12,0,24.68,1017.93,15.14,645.99,-7.71,1
308760,32,69,60,763,0,11,0,24.68,1017.93,15.13,642.28,-7.71,1
309756,31,69,60,762,0,12,0,24.68,1017.93,15.12,647.23,-7.79,1
310752,31,70,60,762,0,12,0,24.68,1017.94,15.11,639.23,-7.79,1
311748,32,70,60,763,0,11,0,24.68,1017.94,15.11,642.90,-7.63,1
312744,32,69,60,762,0,12,0,24.68,1017.92,15.10,643.51,-7.71,1
313740,31,69,60,762,0,11,0,24.68,1017.93,15.09,648.48,-7.71,1
314736,31,70,60,762,0,12,0,24.68,1017.93,15.09,642.90,-7.71,1
315732,32,69,61,763,0,12,0,24.68,1017.93,15.09,642.28,-7.71,1
316728,31,69,60,762,0,12,0,24.68,1017.93,15.08,644.13,-7.71,1
317724,32,70,60,762,0,11,0,24.67,1017.93,15.08,644.13,-7.63,1
318720,32,70,60,763,0,11,0,24.67,1017.92,15.09,644.75,-7.71,1
319716,32,70,60,763,0,11,0,24.67,1017.93,15.08,649.11,-7.71,1
320712,31,69,60,763,0,11,0,24.67,1017.93,15.09,646.61,-7.71,1
321708,31,69,59,763,0,12,0,24.67,1017.93,15.08,645.99,-7.79,1
322704,31,69,60,763,0,12,0,24.67,1017.94,15.09,647.86,-7.71,1
323700,31,69,60,763,0,11,0,24.67,1017.93,15.09,652.26,-7.71,1
324696,31,69,60,763,0,11,0,24.67,1017.93,15.10,645.99,-7.71,1
325692,31,69,60,763,0,11,0,24.67,1017.93,15.11,646.61,-7.55,0
326688,31,69,60,763,0,11,0,24.67,1017.91,15.12,648.48,-7.55,0
327684,31,69,60,763,0,11,0,24.67,1017.91,15.13,649.74,-7.63,0
328680,32,69,59,763,0,11,0,24.67,1017.92,15.14,647.23,-7.55,0
329676,31,69,60,762,0,11,0,24.67,1017.91,15.15,648.48,-7.63,0
330672,31,70,60,763,0,11,0,24.67,1017.92,15.16,647.23,-7.55,0
331668,31,69,60,762,0,11,0,24.67,1017.91,15.16,649.11,-7.55,0
332664,31,70,60,763,0,11,0,24.67,1017.91,15.17,646.61,-7.63,0
333660,32,69,60,763,0,11,0,24.67,1017.92,15.17,648.48,-7.71,0
334656,31,69,60,762,0,11,0,24.66,1017.93,15.18,650.37,-7.71,0
335652,32,70,60,762,0,11,0,24.66,1017.93,15.19,647.86,-7.79,0
336648,31,69,60,763,0,11,0,24.66,1017.94,15.18,648.48,-7.79,0
337644,31,69,60,763,0,11,0,24.66,1017.94,15.19,651.63,-7.79,0
338640,31,69,60,764,0,11,0,24.66,1017.94,15.19,644.13,-7.79,0
339636,31,70,60,763,0,12,0,24.66,1017.94,15.22,641.06,-7.71,0
340632,32,69,60,763,0,12,0,24.65,1017.93,15.22,639.84,-7.63,0
341628,31,70,59,763,0,11,0,24.65,1017.92,15.24,644.13,-7.71,0
342624,31,70,60,764,0,11,0,24.65,1017.93,15.25,639.23,-7.71,0
343620,32,70,60,764,0,11,0,24.65,1017.93,15.27,642.90,-7.79,0
344616,32,70,60,763,0,11,0,24.65,1017.94,15.27,639.84,-7.88,0
345612,32,70,61,764,0,11,0,24.65,1017.95,15.29,640.45,-7.96,0
346608,32,69,60,765,0,11,0,24.65,1017.96,15.30,643.51,-7.96,0
347604,32,69,61,764,0,11,0,24.65,1017.96,15.30,640.45,-7.79,0
348600,31,70,60,764,0,11,0,24.65,1017.94,15.31,646.61,-7.79,0
349596,31,70,60,764,0,11,0,24.65,1017.94,15.31,643.51,-7.71,0
350592,32,69,60,764,0,12,0,24.65,1017.93,15.31,646.61,-7.63,0
351588,32,70,60,763,0,12,0,24.65,1017.92,15.32,644.75,-7.63,0
352584,32,70,61,764,0,12,0,24.65,1017.92,15.33,649.11,-7.63,0
353580,32,70,61,764,0,12,0,24.65,1017.92,15.34,643.51,-7.63,0
354576,32,69,61,765,0,11,0,24.65,1017.92,15.33,644.75,-7.71,0
355572,32,70,60,764,0,11,0,24.65,1017.93,15.35,651.63,-7.71,0
356568,32,69,61,764,0,11,0,24.64,1017.93,15.38,645.37,-7.71,0
357564,32,70,61,765,0,11,0,24.64,1017.93,15.39,641.06,-7.71,0
358560,32,70,60,765,0,11,0,24.64,1017.93,15.41,642.90,-7.71,0
359556,32,70,61,765,0,11,0,24.64,1017.93,15.42,641.67,-7.63,0
360552,32,70,61,766,0,11,0,24.64,1017.92,15.45,640.45,-7.63,0
361548,32,70,60,765,0,11,0,24.64,1017.92,15.45,638.62,-7.63,0
362544,32,70,61,766,0,11,0,24.64,1017.92,15.46,639.84,-7.55,0
363540,32,70,61,766,0,11,0,24.64,1017.91,15.48,640.45,-7.55,0
364536,33,70,61,766,0,11,0,24.64,1017.91,15.50,642.90,-7.46,0
365532,32,70,61,765,0,11,0,24.64,1017.90,15.52,640.45,-7.55,1
366528,33,70,61,765,0,11,0,24.64,1017.91,15.52,638.01,-7.55,1
367524,32,70,61,765,0,12,0,24.64,1017.91,15.54,637.41,-7.63,1
368520,32,69,61,764,0,12,0,24.64,1017.92,15.56,638.01,-7.46,1
369516,33,69,61,764,0,11,0,24.64,1017.90,15.56,642.90,-7.55,1
370512,33,70,61,764,0,11,0,24.64,1017.91,15.57,636.20,-7.55,1
371508,32,70,60,765,0,11,0,24.64,1017.91,15.59,638.01,-7.55,1
372504,32,70,60,764,0,12,0,24.64,1017.91,15.59,644.13,-7.46,1
373500,32,70,61,765,0,12,0,24.64,1017.90,15.61,635.60,-7.46,1
374496,33,70,61,764,0,12,0,24.64,1017.90,15.60,633.20,-7.55,1
375492,32,70,61,764,0,11,0,24.64,1017.91,15.61,633.20,-7.55,1
376488,32,70,61,764,0,11,0,24.64,1017.91,15.60,632.01,-7.55,1
377484,32,70,60,764,0,11,0,24.64,1017.91,15.58,633.20,-7.46,1
378480,32,70,61,764,0,11,0,24.64,1017.90,15.57,630.82,-7.55,1
379476,32,70,60,763,0,11,0,24.64,1017.91,15.55,631.42,-7.55,1
380472,31,69,61,763,0,12,0,24.64,1017.91,15.53,635.60,-7.55,1
381468,32,70,61,763,0,11,0,24.64,1017.91,15.52,634.40,-7.63,1
382464,32,70,61,763,0,11,0,24.64,1017.92,15.50,632.01,-7.71,1
383460,32,70,61,764,0,11,0,24.64,1017.93,15.48,633.20,-7.63,1
384456,32,70,61,763,0,11,0,24.64,1017.92,15.48,638.01,-7.71,1
385452,32,70,61,763,0,11,0,24.64,1017.93,15.46,635.60,-7.71,1
386448,31,70,61,763,0,12,0,24.64,1017.93,15.44,633.80,-7.71,1
387444,32,69,60,763,0,12,0,24.64,1017.93,15.43,637.41,-7.71,1
388440,32,70,61,763,0,11,0,24.64,1017.93,15.40,634.40,-7.63,1
389436,32,70,60,763,0,11,0,24.64,1017.92,15.40,638.01,-7.71,1
390432,32,70,61,763,0,11,0,24.64,1017.93,15.37,635.60,-7.71,1
391428,31,70,61,762,0,11,0,24.64,1017.93,15.36,640.45,-7.63,1
392424,32,70,61,763,0,11,0,24.64,1017.92,15.33,637.41,-7.63,1
393420,32,70,61,763,0,10,0,24.64,1017.92,15.33,635.60,-7.71,1
394416,32,69,61,762,0,11,0,24.64,1017.93,15.30,642.28,-7.71,1
395412,32,70,60,763,0,11,0,24.64,1017.93,15.29,641.67,-7.79,1
396408,32,70,61,763,0,11,0,24.64,1017.94,15.28,636.20,-7.71,1
397404,31,70,60,763,0,11,0,24.64,1017.93,15.26,641.67,-7.88,1
398400,32,70,60,763,0,12,0,24.64,1017.95,15.26,638.62,-7.88,1
399396,32,70,60,763,0,11,0,24.64,1017.95,15.24,638.62,-7.79,1
400392,32,69,60,764,0,12,0,24.64,1017.94,15.25,639.23,-7.71,1
401388,32,70,61,763,0,12,0,24.64,1017.93,15.24,639.84,-7.71,1
402384,31,69,61,762,0,12,0,24.64,1017.93,15.23,636.20,-7.71,1
403380,32,69,61,763,0,11,0,24.64,1017.93,15.22,638.01,-7.71,1
404376,31,70,60,763,0,12,0,24.64,1017.93,15.22,638.01,-7.79,1
405372,32,69,61,763,0,11,0,24.64,1017.94,15.21,641.67,-7.71,1
406368,32,70,60,763,0,11,0,24.64,1017.93,15.20,639.23,-7.79,1
407364,32,70,61,763,0,12,0,24.64,1017.94,15.20,635.00,-7.79,1
408360,31,69,61,763,0,11,0,24.64,1017.94,15.19,639.84,-7.96,1
409356,32,70,61,763,0,11,0,24.64,1017.96,15.18,641.67,-7.96,1
410352,31,70,61,763,0,11,0,24.64,1017.96,15.20,636.20,-7.79,1
411348,32,69,60,763,0,11,0,24.64,1017.94,15.19,637.41,-7.79,1
412344,32,69,60,764,0,12,0,24.64,1017.94,15.20,636.80,-7.79,1
413340,31,70,60,763,0,11,0,24.64,1017.94,15.21,638.01,-7.79,1
414336,31,69,61,763,0,11,0,24.64,1017.94,15.21,635.60,-7.71,1
415332,32,70,60,763,0,12,0,24.64,1017.93,15.22,635.60,-7.63,1
416328,31,70,61,763,0,12,0,24.64,1017.92,15.22,639.84,-7.63,1
417324,32,69,60,764,0,12,0,24.64,1017.92,15.21,635.00,-7.55,1
418320,31,70,61,763,0,11,0,24.64,1017.91,15.22,635.00,-7.55,1
419316,32,69,60,763,0,12,0,24.64,1017.91,15.22,634.40,-7.63,1
420312,32,70,60,763,0,12,0,24.64,1017.92,15.22,634.40,-7.63,1
421308,32,70,61,763,0,12,0,24.64,1017.92,15.22,636.80,-7.63,1
422304,32,70,60,764,0,10,0,24.64,1017.92,15.22,635.00,-7.63,1
423300,32,70,61,763,0,11,0,24.64,1017.92,15.23,635.60,-7.63,1
424296,32,70,61,763,0,11,0,24.64,1017.92,15.22,633.20,-7.63,0
425292,31,70,60,764,0,12,0,24.64,1017.92,15.22,633.80,-7.63,0
426288,32,69,61,764,0,12,0,24.64,1017.92,15.22,633.20,-7.55,0
427284,31,69,61,764,0,12,0,24.64,1017.91,15.22,633.80,-7.55,0
428280,32,70,60,764,0,11,0,24.64,1017.91,15.23,636.80,-7.55,0
429276,32,70,60,763,0,10,0,24.64,1017.91,15.23,634.40,-7.71,0
430272,32,70,60,764,0,11,0,24.64,1017.93,15.21,634.40,-7.71,0
431268,31,69,60,764,0,11,0,24.64,1017.93,15.22,639.23,-7.71,0
432264,32,70,61,764,0,11,0,24.64,1017.93,15.24,633.20,-7.79,0
433260,32,70,61,763,0,11,0,24.64,1017.94,15.23,635.00,-7.79,0
434256,32,69,60,764,0,11,0,24.64,1017.94,15.23,633.20,-7.79,0
435252,32,69,60,764,0,11,0,24.64,1017.94,15.23,633.80,-7.71,0
436248,31,70,60,764,0,11,0,24.64,1017.93,15.24,635.00,-7.79,0
437244,32,69,61,764,0,11,0,24.64,1017.94,15.24,633.20,-7.79,0
438240,32,70,60,764,0,11,0,24.64,1017.94,15.25,634.40,-7.79,0
439236,32,69,60,764,0,11,0,24.64,1017.94,15.26,633.80,-7.71,0
440232,31,70,60,764,0,11,0,24.64,1017.93,15.25,635.00,-7.71,0
441228,31,69,61,764,0,11,0,24.64,1017.93,15.26,633.20,-7.71,0
442224,31,69,60,765,0,11,0,24.64,1017.93,15.27,634.40,-7.79,0
443220,32,70,61,765,0,12,0,24.64,1017.94,15.28,633.20,-7.88,0
444216,31,69,60,765,0,12,0,24.64,1017.95,15.28,636.20,-7.96,0
445212,32,70,61,765,0,12,0,24.64,1017.96,15.28,632.61,-7.96,0
446208,31,70,61,765,0,11,0,24.64,1017.96,15.29,635.60,-8.04,0
447204,32,70,60,765,0,12,0,24.64,1017.97,15.30,629.64,-8.13,0
448200,31,69,60,765,0,12,0,24.64,1017.98,15.31,633.20,-8.13,0
449196,32,70,60,765,0,13,0,24.64,1017.98,15.33,633.20,-8.13,0
450192,32,70,61,765,0,12,0,24.64,1017.98,15.32,632.01,-8.04,0
451188,32,70,60,765,0,11,0,24.64,1017.97,15.33,633.80,-8.13,0
452184,32,70,60,765,0,11,0,24.64,1017.98,15.34,629.64,-8.04,0
453180,31,70,61,765,0,12,0,24.64,1017.97,15.35,626.71,-8.04,0
454176,31,70,60,765,0,12,0,24.64,1017.97,15.34,627.29,-7.96,0
455172,31,70,61,764,0,12,0,24.64,1017.96,15.36,628.46,-7.88,0
456168,32,70,60,764,0,12,0,24.64,1017.95,15.36,629.05,-7.88,0
457164,32,70,60,764,0,11,0,24.64,1017.95,15.37,631.42,-7.96,0
458160,32,70,60,764,0,11,0,24.64,1017.96,15.36,634.40,-7.88,0
459156,31,70,60,764,0,12,0,24.64,1017.95,15.36,629.64,-7.88,0
460152,32,70,61,764,0,12,0,24.64,1017.95,15.36,627.88,-7.88,0
461148,32,70,60,765,0,12,0,24.64,1017.95,15.36,629.64,-7.79,0
462144,31,69,61,764,0,12,0,24.64,1017.94,15.36,633.20,-7.88,0
463140,31,70,60,764,0,11,0,24.64,1017.95,15.35,630.82,-7.79,0
464136,32,70,61,764,0,11,0,24.64,1017.94,15.34,630.82,-7.79,0
465132,32,70,60,764,0,11,0,24.64,1017.94,15.33,633.20,-7.88,0
466128,32,70,60,764,0,11,0,24.64,1017.95,15.32,627.88,-7.71,0
467124,32,70,61,764,0,11,0,24.64,1017.93,15.32,630.23,-7.79,0
468120,31,69,61,763,0,11,0,24.64,1017.94,15.31,633.20,-7.79,0
469116,32,70,61,763,0,11,0,24.64,1017.94,15.30,630.82,-7.88,0
470112,31,70,60,763,0,12,0,24.64,1017.95,15.29,634.40,-7.88,0
471108,31,69,61,763,0,11,0,24.64,1017.95,15.28,634.40,-7.88,0
472104,32,69,61,763,0,11,0,24.64,1017.95,15.27,633.20,-7.88,0
473100,31,69,60,763,0,11,0,24.64,1017.95,15.26,633.20,-7.96,0
474096,32,70,61,763,0,11,0,24.64,1017.96,15.26,632.61,-7.96,0
475092,32,70,60,764,0,11,0,24.64,1017.96,15.26,633.20,-7.96,0
476088,32,70,60,764,0,12,0,24.63,1017.96,15.28,631.42,-7.96,0
477084,32,70,60,765,0,11,0,24.63,1017.96,15.28,633.80,-7.96,0
478080,32,70,61,765,0,12,0,24.63,1017.96,15.28,633.20,-8.04,0
479076,32,70,61,765,0,11,0,24.63,1017.97,15.29,635.60,-7.96,0
480072,32,70,61,764,0,12,0,24.63,1017.96,15.30,631.42,-7.96,0
481068,32,70,61,765,0,11,0,24.63,1017.96,15.31,636.80,-7.96,0
482064,32,70,61,765,0,12,0,24.63,1017.96,15.33,630.82,-7.88,0
483060,33,70,61,765,0,12,0,24.63,1017.95,15.32,631.42,-7.88,1
484056,32,70,61,765,0,11,0,24.63,1017.95,15.33,630.82,-7.88,1
485052,32,70,61,765,0,12,0,24.63,1017.95,15.33,633.20,-7.96,1
486048,32,70,61,764,0,12,0,24.63,1017.96,15.32,633.80,-7.96,1
487044,33,70,61,764,0,11,0,24.63,1017.96,15.32,634.40,-7.96,1
488040,32,70,61,764,0,11,0,24.63,1017.96,15.31,639.84,-8.04,1
489036,32,70,61,764,0,12,0,24.63,1017.97,15.31,636.20,-7.96,1
490032,33,70,61,765,0,12,0,24.63,1017.96,15.30,636.20,-8.04,1
491028,32,71,61,766,0,11,0,24.63,1017.97,15.30,638.62,-8.04,1
492024,32,70,61,766,0,12,0,24.63,1017.97,15.30,632.01,-8.04,1
493020,32,70,61,766,0,11,0,24.63,1017.97,15.30,639.84,-7.96,1
494016,32,70,61,765,0,12,0,24.63,1017.96,15.30,633.20,-7.96,1
495012,32,70,62,765,0,12,0,24.63,1017.96,15.31,638.01,-8.04,1
496008,32,71,61,766,0,12,0,24.63,1017.97,15.31,636.80,-8.04,1
497004,32,70,61,766,0,11,0,24.63,1017.97,15.31,635.60,-7.96,1
498000,32,71,61,766,0,11,0,24.63,1017.96,15.33,635.00,-7.96,1
498996,33,70,62,765,0,12,0,24.62,1017.96,15.33,635.60,-7.96,1
499992,32,70,61,766,0,11,0,24.62,1017.96,15.34,635.60,-8.04,1
500988,32,70,62,766,0,11,0,24.62,1017.97,15.34,635.60,-8.13,1
501984,33,70,61,765,0,12,0,24.62,1017.98,15.36,634.40,-8.04,1
502980,33,70,62,766,0,12,0,24.62,1017.97,15.36,634.40,-8.13,1
503976,33,71,62,766,0,11,0,24.62,1017.98,15.35,642.90,-8.04,1
504972,33,71,61,766,0,11,0,24.62,1017.97,15.36,636.80,-8.04,1
505968,33,70,62,767,0,11,0,24.62,1017.97,15.34,643.51,-8.04,1
506964,32,71,62,766,0,11,0,24.62,1017.97,15.34,638.62,-8.13,1
507960,33,71,61,766,0,12,0,24.62,1017.98,15.33,642.90,-8.13,1
508956,33,71,62,766,0,11,0,24.62,1017.98,15.32,645.37,-8.04,1
509952,32,71,61,766,0,11,0,24.62,1017.97,15.32,643.51,-8.04,1
510948,33,70,61,765,0,11,0,24.62,1017.97,15.31,649.11,-7.96,1
511944,33,71,62,765,0,12,0,24.62,1017.96,15.30,641.67,-8.04,1
512940,34,70,62,765,0,11,0,24.62,1017.97,15.29,646.61,-8.04,1
513936,33,71,62,764,0,11,0,24.62,1017.97,15.28,642.90,-8.13,1
514932,33,71,61,764,0,11,0,24.62,1017.98,15.28,641.67,-8.13,1
515928,33,71,62,765,0,11,0,24.62,1017.98,15.26,644.13,-8.13,1
516924,33,71,62,764,0,11,0,24.62,1017.98,15.24,644.13,-8.21,1
517920,33,71,62,764,0,11,0,24.62,1017.99,15.23,646.61,-8.13,1
518916,33,71,61,764,0,11,0,24.62,1017.98,15.22,645.99,-8.13,1
519912,33,70,61,763,0,11,0,24.62,1017.98,15.21,647.23,-7.96,1
520908,33,70,62,764,0,11,0,24.62,1017.96,15.20,646.61,-8.04,1
521904,33,70,61,764,0,11,0,24.62,1017.97,15.19,652.26,-7.96,1
522900,33,70,61,764,0,12,0,24.62,1017.96,15.17,647.86,-7.96,1
523896,33,71,62,763,0,12,0,24.62,1017.96,15.16,655.44,-7.96,1
524892,33,70,61,764,0,11,0,24.62,1017.96,15.15,647.23,-7.88,1
525888,33,70,62,763,0,11,0,24.62,1017.95,15.16,643.51,-7.96,1
526884,33,70,62,764,0,11,0,24.62,1017.96,15.13,644.75,-7.96,1
527880,33,71,62,763,0,11,0,24.62,1017.96,15.13,649.11,-7.96,1
528876,32,70,61,763,0,11,0,24.62,1017.96,15.14,649.74,-8.04,1
529872,33,70,61,763,0,11,0,24.62,1017.97,15.12,652.26,-8.13,1
530868,33,70,61,764,0,11,0,24.62,1017.98,15.12,647.86,-8.13,1
531864,33,70,62,764,0,11,0,24.62,1017.98,15.13,644.13,-8.13,1
532860,33,70,62,763,0,11,0,24.62,1017.98,15.13,647.86,-8.04,1
533856,33,71,61,764,0,11,0,24.62,1017.97,15.14,648.48,-7.96,1
534852,33,70,62,764,0,11,0,24.62,1017.96,15.14,652.89,-7.96,1
535848,33,71,62,763,0,11,0,24.62,1017.96,15.12,645.99,-7.88,1
536844,33,71,62,763,0,11,0,24.62,1017.95,15.14,647.86,-7.88,1
537840,33,70,61,764,0,11,0,24.62,1017.95,15.13,647.86,-7.88,1
538836,33,70,62,763,0,11,0,24.62,1017.95,15.13,649.11,-7.88,1
539832,33,70,61,764,0,11,0,24.62,1017.95,15.13,646.61,-7.96,1
540828,33,71,61,764,0,11,0,24.62,1017.96,15.12,647.86,-8.04,1
541824,33,70,61,763,0,11,0,24.62,1017.97,15.13,647.86,-8.04,0
542820,33,70,62,764,0,10,0,24.62,1017.97,15.14,649.74,-8.04,0
543816,32,71,61,764,0,11,0,24.62,1017.97,15.12,651.63,-8.13,0
544812,32,71,62,763,0,11,0,24.62,1017.98,15.12,645.99,-8.13,0
545808,33,70,61,764,0,11,0,24.62,1017.98,15.12,644.75,-8.13,0
546804,33,70,62,764,0,11,0,24.62,1017.98,15.13,646.61,-8.21,0
547800,33,70,62,763,0,11,0,24.62,1017.99,15.14,646.61,-8.21,0
548796,32,71,61,764,0,11,0,24.62,1017.99,15.13,644.13,-8.21,0
549792,33,71,61,764,0,11,0,24.63,1017.99,15.14,645.37,-8.21,0
550788,33,71,62,764,0,11,0,24.63,1017.99,15.15,639.23,-8.21,0
551784,33,71,62,764,0,11,0,24.63,1017.99,15.16,644.13,-8.21,0
552780,33,70,62,765,0,11,0,24.63,1017.99,15.15,641.67,-8.21,0
553776,33,71,61,763,0,11,0,24.63,1017.99,15.16,641.06,-8.21,0
554772,33,70,62,765,0,11,0,24.63,1017.99,15.16,642.28,-8.21,0
555768,33,70,62,764,0,11,0,24.63,1017.99,15.17,640.45,-8.29,0
556764,33,71,62,764,0,11,0,24.63,1018.00,15.18,645.37,-8.29,0
557760,33,70,62,765,0,11,0,24.63,1018.00,15.18,643.51,-8.29,0
558756,33,71,62,764,0,11,0,24.63,1018.00,15.19,644.13,-8.29,0
559752,33,70,62,764,0,11,0,24.63,1018.00,15.19,642.90,-8.29,0
560748,33,70,62,764,0,11,0,24.63,1018.00,15.20,641.06,-8.21,0
561744,33,70,62,764,0,11,0,24.63,1017.99,15.20,641.67,-8.13,0
562740,33,70,62,764,0,11,0,24.63,1017.98,15.20,645.37,-8.13,0
563736,33,70,62,764,0,10,0,24.63,1017.98,15.21,638.01,-8.13,0
564732,33,70,62,764,0,11,0,24.63,1017.98,15.21,639.23,-8.13,0
565728,33,71,61,764,0,11,0,24.63,1017.98,15.21,636.80,-8.13,0
566724,33,70,62,764,0,11,0,24.63,1017.98,15.21,640.45,-8.13,0
567720,33,70,62,764,0,11,0,24.63,1017.98,15.22,640.45,-8.21,0
568716,33,70,61,764,0,11,0,24.63,1017.99,15.22,644.13,-8.21,0
569712,32,70,62,764,0,11,0,24.63,1017.99,15.22,639.84,-8.21,0
570708,32,70,62,764,0,11,0,24.63,1017.99,15.22,639.23,-8.13,0
571704,33,71,62,764,0,11,0,24.63,1017.98,15.22,640.45,-8.13,0
572700,33,70,62,764,0,11,0,24.63,1017.98,15.23,639.84,-8.21,0
573696,33,70,62,765,0,11,0,24.63,1017.99,15.23,639.84,-8.21,0
574692,33,70,62,764,0,11,0,24.63,1017.99,15.23,640.45,-8.13,0
575688,33,70,61,764,0,11,0,24.63,1017.98,15.24,639.23,-8.21,0
576684,33,71,61,764,0,11,0,24.63,1017.99,15.24,636.80,-8.29,0
577680,32,71,61,764,0,11,0,24.63,1018.00,15.24,636.20,-8.37,0
578676,33,71,62,764,0,10,0,24.63,1018.01,15.25,639.84,-8.37,0
579672,33,71,62,764,0,11,0,24.63,1018.01,15.27,637.41,-8.37,0
580668,33,71,62,764,0,11,0,24.63,1018.01,15.27,638.62,-8.37,0
581664,33,70,62,764,0,11,0,24.63,1018.01,15.29,641.67,-8.29,0
582660,33,70,62,763,0,11,0,24.63,1018.00,15.27,644.13,-8.37,0
583656,33,70,62,764,0,11,0,24.63,1018.01,15.29,638.62,-8.37,0
584652,33,71,62,764,0,11,0,24.63,1018.01,15.29,644.13,-8.46,0
585648,33,71,62,764,0,10,0,24.63,1018.02,15.29,639.23,-8.46,0
586644,33,70,61,764,0,11,0,24.63,1018.02,15.31,633.20,-8.37,0
587640,33,70,62,765,0,11,0,24.63,1018.01,15.33,636.80,-8.37,0
588636,33,71,62,765,0,11,0,24.63,1018.01,15.33,635.60,-8.46,0
589632,33,70,61,765,0,11,0,24.63,1018.02,15.35,641.06,-8.37,0
590628,33,70,61,764,0,11,0,24.63,1018.01,15.36,635.00,-8.37,0
591624,34,71,62,764,0,11,0,24.63,1018.01,15.37,633.20,-8.37,0
592620,33,70,62,763,0,11,0,24.63,1018.01,15.39,633.20,-8.37,0
593616,33,70,62,764,0,10,0,24.63,1018.01,15.40,632.01,-8.29,0
594612,33,70,61,764,0,11,0,24.63,1018.00,15.41,625.54,-8.29,0
595608,33,70,62,764,0,11,0,24.63,1018.00,15.42,630.23,-8.37,0
596604,33,70,61,764,0,11,0,24.63,1018.01,15.44,626.71,-8.37,0
597600,33,71,62,765,0,11,0,24.63,1018.01,15.44,628.46,-8.37,0
598596,33,70,62,765,0,11,0,24.63,1018.01,15.45,622.64,-8.37,0
599592,33,71,62,764,0,11,0,24.63,1018.01,15.46,627.88,-8.37,0
0,32,70,62,763,0,11,0,24.63,1018.01,15.47,627.29,-8.37,0
996,33,71,61,764,0,11,0,24.55,1018.01,15.50,612.42,-8.29,0
1992,33,71,62,763,0,11,0,24.54,1018.00,15.53,617.49,-8.37,0
2988,33,70,62,764,0,13,0,24.55,1018.01,15.53,617.49,-8.37,1
3984,33,70,62,763,0,11,0,24.56,1018.01,15.53,619.77,-8.37,1
4980,33,70,61,764,0,11,0,24.57,1018.01,15.52,624.37,-8.46,1
5976,32,70,61,763,0,11,0,24.58,1018.02,15.51,620.34,-8.54,1
6972,34,70,62,763,0,11,0,24.58,1018.03,15.51,618.06,-8.46,1
7968,33,70,62,764,0,11,0,24.59,1018.02,15.48,621.49,-8.37,1
8964,34,70,61,763,0,11,0,24.60,1018.01,15.46,620.34,-8.46,1
9960,33,70,62,763,0,11,0,24.60,1018.02,15.43,620.34,-8.46,1
10956,33,70,62,764,0,11,0,24.61,1018.02,15.42,623.22,-8.46,1
11952,33,71,61,764,0,11,0,24.61,1018.02,15.40,622.06,-8.46,1
12948,33,70,61,763,0,11,0,24.61,1018.02,15.39,623.22,-8.46,1
13944,33,70,61,763,0,11,0,24.62,1018.02,15.36,623.79,-8.46,1
14940,32,71,62,763,0,11,0,24.62,1018.02,15.35,621.49,-8.54,1
15936,33,71,61,763,0,11,0,24.62,1018.03,15.34,623.79,-8.46,1
16932,33,70,62,763,0,10,0,24.62,1018.02,15.32,628.46,-8.46,1
17928,32,71,62,763,0,11,0,24.62,1018.02,15.29,629.64,-8.46,1
18924,33,70,61,762,0,12,0,24.63,1018.02,15.28,624.37,-8.46,1
19920,33,70,61,762,0,11,0,24.63,1018.02,15.28,624.96,-8.54,1
20916,33,71,61,763,0,11,0,24.63,1018.03,15.26,629.64,-8.46,1
21912,33,71,62,763,0,11,0,24.63,1018.02,15.25,622.64,-8.54,1
22908,33,70,61,763,0,11,0,24.63,1018.03,15.23,629.05,-8.54,1
23904,32,70,62,763,0,11,0,24.63,1018.03,15.22,624.96,-8.54,1
24900,33,70,62,763,0,11,0,24.63,1018.03,15.22,623.22,-8.54,1
25896,33,70,62,764,0,11,0,24.63,1018.03,15.20,625.54,-8.54,1
26892,33,70,62,764,0,13,0,24.63,1018.03,15.21,626.12,-8.54,1
27888,33,71,62,764,0,11,0,24.63,1018.03,15.19,626.71,-8.62,1
28884,33,70,62,764,0,11,0,24.63,1018.04,15.18,625.54,-8.62,1
29880,33,70,62,764,0,11,0,24.63,1018.04,15.18,626.12,-8.54,1
30876,33,71,62,764,0,10,0,24.63,1018.03,15.19,627.29,-8.62,1
31872,34,71,61,764,0,11,0,24.63,1018.04,15.18,626.71,-8.54,1
32868,33,71,62,765,0,11,0,24.63,1018.03,15.20,627.88,-8.62,1
33864,33,71,62,765,0,10,0,24.63,1018.04,15.20,627.88,-8.62,1
34860,33,71,62,765,0,11,0,24.63,1018.04,15.21,631.42,-8.62,1
35856,34,70,62,765,0,11,0,24.63,1018.04,15.21,627.88,-8.62,1
36852,33,71,62,764,0,11,0,24.63,1018.04,15.22,627.88,-8.62,1
37848,33,71,62,765,0,11,0,24.63,1018.04,15.22,628.46,-8.54,1
38844,33,70,62,765,0,11,0,24.63,1018.03,15.23,627.88,-8.54,1
39840,33,70,62,763,0,11,0,24.63,1018.03,15.23,627.88,-8.62,1
40836,33,71,61,763,0,11,0,24.63,1018.04,15.26,629.05,-8.62,1
41832,33,71,62,763,0,11,0,24.63,1018.04,15.25,627.88,-8.71,1
42828,33,70,62,763,0,11,0,24.63,1018.05,15.25,628.46,-8.62,1
43824,34,71,62,763,0,11,0,24.63,1018.04,15.24,635.00,-8.54,1
44820,32,71,62,763,0,11,0,24.63,1018.03,15.24,627.88,-8.62,1
45816,34,71,62,763,0,11,0,24.63,1018.04,15.23,629.64,-8.54,1
46812,33,70,62,763,0,11,0,24.63,1018.03,15.22,630.23,-8.54,1
47808,33,70,62,763,0,11,0,24.63,1018.03,15.22,632.01,-8.54,1
48804,33,70,61,762,0,11,0,24.63,1018.03,15.20,633.80,-8.54,1
49800,33,70,62,763,0,10,0,24.63,1018.03,15.19,633.20,-8.54,1
50796,33,70,61,763,0,11,0,24.63,1018.03,15.19,636.80,-8.62,1
51792,33,70,62,762,0,11,0,24.63,1018.04,15.18,633.80,-8.54,1
52788,32,70,62,763,0,11,0,24.63,1018.03,15.16,636.80,-8.54,1
53784,33,70,62,762,0,11,0,24.63,1018.03,15.16,639.23,-8.46,1
54780,33,71,62,762,0,11,0,24.63,1018.02,15.15,639.84,-8.46,1
55776,33,70,62,762,0,11,0,24.63,1018.02,15.14,639.84,-8.54,1
56772,32,70,62,762,0,11,0,24.63,1018.03,15.15,639.84,-8.54,1
57768,33,70,61,762,0,11,0,24.63,1018.03,15.14,639.23,-8.54,1
58764,33,70,62,762,0,11,0,24.63,1018.03,15.14,640.45,-8.62,1
59760,33,71,61,762,0,11,0,24.63,1018.04,15.14,641.06,-8.54,1
60756,33,70,61,761,0,11,0,24.63,1018.03,15.13,641.67,-8.54,1
61752,32,70,62,761,0,11,0,24.63,1018.03,15.13,640.45,-8.54,0
62748,33,71,62,762,0,11,0,24.63,1018.03,15.13,641.67,-8.54,0
63744,32,70,61,761,0,11,0,24.63,1018.03,15.13,639.23,-8.54,0
64740,33,70,61,762,0,11,0,24.63,1018.03,15.12,644.13,-8.62,0
65736,33,70,62,761,0,11,0,24.63,1018.04,15.12,642.28,-8.62,0
66732,32,70,61,761,0,11,0,24.63,1018.04,15.12,641.67,-8.71,0
67728,33,70,61,762,0,11,0,24.63,1018.05,15.11,644.13,-8.71,0
68724,32,70,61,761,0,11,0,24.63,1018.05,15.12,642.90,-8.71,0
69720,33,70,61,761,0,10,0,24.63,1018.05,15.11,648.48,-8.71,0
70716,33,70,61,761,0,11,0,24.63,1018.05,15.11,644.75,-8.71,0
71712,33,70,61,762,0,11,0,24.63,1018.05,15.10,645.99,-8.71,0
72708,32,70,61,761,0,11,0,24.63,1018.05,15.10,646.61,-8.71,0
73704,32,70,61,761,0,11,0,24.63,1018.05,15.09,650.37,-8.71,0
74700,32,70,61,762,0,11,0,24.63,1018.05,15.09,647.23,-8.71,0
75696,33,70,60,761,0,11,0,24.63,1018.05,15.09,647.86,-8.62,0
76692,32,70,61,761,0,11,0,24.63,1018.04,15.08,649.74,-8.62,0
77688,33,70,61,761,0,11,0,24.63,1018.04,15.07,649.11,-8.62,0
78684,32,70,61,761,0,11,0,24.63,1018.04,15.08,654.80,-8.62,0
79680,32,69,61,762,0,10,0,24.63,1018.04,15.08,647.23,-8.62,0
80676,32,70,60,760,0,11,0,24.63,1018.04,15.08,649.74,-8.71,0
81672,33,70,61,761,0,11,0,24.63,1018.05,15.08,654.16,-8.62,0
82668,32,70,61,761,0,10,0,24.63,1018.04,15.08,648.48,-8.62,0
83664,32,70,61,761,0,10,0,24.63,1018.04,15.08,648.48,-8.71,0
84660,33,70,61,761,0,11,0,24.63,1018.05,15.07,653.53,-8.62,0
85656,32,70,61,761,0,10,0,24.63,1018.04,15.08,653.53,-8.62,0
86652,32,70,61,762,0,11,0,24.63,1018.04,15.08,649.11,-8.62,0
87648,33,70,61,762,0,11,0,24.63,1018.04,15.07,646.61,-8.62,0
88644,32,70,61,761,0,11,0,24.63,1018.04,15.08,649.11,-8.62,0
89640,32,70,61,762,0,10,0,24.63,1018.04,15.06,647.86,-8.62,0
90636,33,71,62,765,0,11,0,24.63,1018.04,15.07,646.61,-8.62,0
91632,32,70,61,764,0,11,0,24.63,1018.04,15.08,647.86,-8.62,0
92628,33,70,62,763,0,10,0,24.63,1018.04,15.07,650.37,-8.62,0
93624,32,70,61,762,0,10,0,24.63,1018.04,15.05,654.80,-8.62,0
94620,33,70,61,763,0,11,0,24.63,1018.04,15.06,649.74,-8.62,0
95616,33,70,61,762,0,11,0,24.63,1018.04,15.06,650.37,-8.62,0
96612,33,70,61,762,0,10,0,24.63,1018.04,15.05,647.86,-8.54,0
97608,33,70,61,762,0,11,0,24.63,1018.03,15.05,646.61,-8.54,0
98604,33,70,61,761,0,10,0,24.63,1018.03,15.06,645.99,-8.62,0
99600,32,70,61,762,0,10,0,24.63,1018.04,15.06,651.63,-8.62,0
100596,32,70,61,762,0,11,0,24.63,1018.04,15.05,649.11,-8.54,0
101592,33,70,61,762,0,10,0,24.63,1018.03,15.05,649.11,-8.54,0
102588,32,70,61,761,0,10,0,24.63,1018.03,15.05,649.11,-8.54,0
103584,33,70,61,761,0,11,0,24.63,1018.03,15.04,650.37,-8.62,0
104580,33,70,61,762,0,11,0,24.63,1018.04,15.04,650.37,-8.62,0
105576,32,70,61,762,0,10,0,24.63,1018.04,15.05,651.63,-8.62,0
106572,33,70,61,763,0,10,0,24.63,1018.04,15.03,654.80,-8.62,0
107568,32,70,61,762,0,10,0,24.63,1018.04,15.03,650.37,-8.62,0
108564,32,70,61,762,0,10,0,24.63,1018.04,15.03,652.26,-8.54,0
109560,33,70,61,762,0,11,0,24.63,1018.03,15.03,654.80,-8.54,0
110556,33,70,60,762,0,10,0,24.63,1018.03,15.02,654.80,-8.62,0
111552,33,70,61,762,0,11,0,24.63,1018.04,15.02,658.65,-8.54,0
112548,32,69,61,761,0,11,0,24.63,1018.03,15.03,654.16,-8.62,0
113544,33,70,61,761,0,10,0,24.63,1018.04,15.02,660.60,-8.62,0
114540,33,70,60,761,0,10,0,24.63,1018.04,15.03,656.72,-8.71,0
115536,32,70,61,761,0,11,0,24.63,1018.05,15.04,660.60,-8.71,0
116532,32,70,61,761,0,11,0,24.63,1018.05,15.04,656.72,-8.79,0
117528,32,70,61,761,0,11,0,24.63,1018.06,15.03,660.60,-8.79,0
118524,32,70,61,762,0,10,0,24.63,1018.06,15.02,659.30,-8.71,0
119520,33,70,61,761,0,10,0,24.63,1018.05,15.03,659.30,-8.71,0
120516,33,70,61,761,0,10,0,24.63,1018.05,15.02,660.60,-8.71,0
121512,32,69,61,761,0,11,0,24.63,1018.05,15.02,661.90,-8.71,0
122508,33,70,60,762,0,12,0,24.63,1018.05,15.02,666.50,-8.79,1
123504,32,70,60,761,0,10,0,24.63,1018.06,15.02,665.18,-8.87,1
124500,32,70,61,761,0,11,0,24.63,1018.07,15.02,667.16,-8.87,1
125496,32,69,60,761,0,11,0,24.63,1018.07,15.02,661.90,-8.87,1
126492,32,70,60,761,0,12,0,24.63,1018.07,15.02,661.90,-8.87,1
127488,33,70,61,761,0,10,0,24.63,1018.07,15.02,663.21,-8.87,1
128484,33,70,61,762,0,10,0,24.63,1018.07,15.01,664.52,-8.87,1
129480,32,70,60,761,0,10,0,24.63,1018.07,15.01,664.52,-8.87,1
130476,32,70,61,761,0,10,0,24.63,1018.07,15.00,663.21,-8.87,1
131472,33,70,61,761,0,10,0,24.63,1018.07,15.02,663.21,-8.79,1
132468,33,70,61,761,0,10,0,24.63,1018.06,15.02,663.21,-8.87,1
133464,32,70,61,761,0,10,0,24.63,1018.07,15.00,665.84,-8.87,1
134460,32,70,61,761,0,10,0,24.63,1018.07,15.00,667.16,-8.87,1
135456,32,70,61,761,0,10,0,24.63,1018.07,15.00,664.52,-8.87,1
136452,32,69,60,761,0,10,0,24.63,1018.07,15.01,664.52,-8.95,1
137448,32,69,60,761,0,10,0,24.63,1018.08,15.00,670.49,-8.87,1
138444,33,70,60,764,0,10,0,24.63,1018.07,15.00,667.16,-8.95,1
139440,33,70,62,767,0,10,0,24.63,1018.08,15.00,664.52,-8.95,1
140436,33,70,62,767,0,11,0,24.63,1018.08,15.00,665.84,-8.95,1
141432,32,70,61,766,0,10,0,24.63,1018.08,15.01,665.84,-8.95,1
142428,33,70,61,766,0,11,0,24.63,1018.08,14.99,664.52,-8.95,1
143424,32,70,62,766,0,11,0,24.63,1018.08,15.01,666.50,-8.95,1
144420,32,70,61,766,0,11,0,24.63,1018.08,15.00,670.49,-8.95,1
145416,32,70,61,765,0,10,0,24.63,1018.08,15.01,664.52,-8.87,1
146412,32,70,61,765,0,11,0,24.63,1018.07,15.00,665.84,-8.87,1
147408,33,70,61,764,0,10,0,24.63,1018.07,15.01,669.15,-8.87,1
148404,32,70,61,763,0,11,0,24.63,1018.07,15.01,663.86,-8.87,1
149400,33,70,61,763,0,10,0,24.63,1018.07,15.01,663.21,-8.87,1
150396,33,70,60,763,0,11,0,24.63,1018.07,15.01,661.90,-8.95,1
151392,33,70,61,763,0,11,0,24.63,1018.08,15.02,661.90,-8.95,1
152388,33,70,61,763,0,10,0,24.63,1018.08,15.03,663.86,-8.95,1
153384,32,70,61,763,0,11,0,24.63,1018.08,15.04,662.55,-8.87,1
154380,32,70,61,763,0,11,0,24.63,1018.07,15.04,668.49,-8.95,1
155376,33,70,61,762,0,11,0,24.63,1018.08,15.05,663.21,-9.04,1
156372,32,70,61,763,0,11,0,24.63,1018.09,15.05,661.90,-8.95,1
157368,32,70,61,762,0,11,0,24.63,1018.08,15.06,662.55,-8.95,1
158364,32,70,61,763,0,11,0,24.63,1018.08,15.06,660.60,-8.95,1
159360,32,70,61,763,0,11,0,24.63,1018.08,15.07,664.52,-8.95,1
160356,32,70,61,762,0,11,0,24.63,1018.08,15.07,661.90,-8.95,1
161352,32,70,61,763,0,10,0,24.63,1018.08,15.07,669.15,-9.04,1
162348,32,70,61,763,0,10,0,24.63,1018.09,15.07,660.60,-8.95,1
163344,32,70,61,763,0,11,0,24.63,1018.08,15.07,661.90,-8.95,1
164340,33,70,60,763,0,10,0,24.63,1018.08,15.08,660.60,-8.95,1
165336,33,70,61,763,0,11,0,24.63,1018.08,15.07,663.86,-9.04,1
166332,32,70,61,764,0,11,0,24.63,1018.09,15.08,659.30,-9.12,1
167328,32,70,61,763,0,11,0,24.63,1018.10,15.07,661.25,-9.20,1
168324,32,70,61,763,0,10,0,24.63,1018.11,15.06,659.30,-9.12,1
169320,33,70,61,762,0,11,0,24.63,1018.10,15.06,661.90,-9.12,1
170316,32,70,61,763,0,11,0,24.63,1018.10,15.07,657.37,-9.04,1
171312,32,70,60,763,0,11,0,24.63,1018.09,15.06,659.30,-9.04,1
172308,32,70,61,763,0,11,0,24.63,1018.09,15.04,659.95,-9.04,1
173304,33,70,61,762,0,11,0,24.63,1018.09,15.06,659.95,-9.04,1
174300,32,70,60,762,0,11,0,24.63,1018.09,15.05,659.30,-9.04,1
175296,32,70,60,763,0,10,0,24.63,1018.09,15.05,661.25,-9.04,1
176292,33,70,60,763,0,11,0,24.63,1018.09,15.05,661.90,-9.04,1
177288,32,70,60,763,0,10,0,24.63,1018.09,15.05,659.95,-9.04,1
178284,32,70,61,762,0,10,0,24.63,1018.09,15.05,659.30,-9.12,1
179280,32,70,61,762,0,11,0,24.63,1018.10,15.06,660.60,-9.12,1
180276,32,70,60,763,0,11,0,24.63,1018.10,15.07,659.30,-9.20,1
181272,32,70,61,763,0,11,0,24.63,1018.11,15.09,658.01,-9.20,1
182268,33,70,61,763,0,11,0,24.63,1018.11,15.10,657.37,-9.20,0
183264,32,70,61,763,0,11,0,24.63,1018.11,15.10,658.01,-9.29,0
184260,32,70,61,763,0,11,0,24.63,1018.12,15.10,659.30,-9.29,0
185256,33,70,61,763,0,10,0,24.63,1018.12,15.11,662.55,-9.20,0
186252,32,70,61,764,0,10,0,24.63,1018.11,15.11,654.80,-9.12,0
187248,32,70,61,763,0,11,0,24.63,1018.10,15.11,661.90,-9.12,0
188244,32,70,61,764,0,11,0,24.63,1018.10,15.12,654.16,-9.12,0
189240,32,70,60,763,0,11,0,24.64,1018.10,15.12,659.30,-9.29,0
190236,32,70,61,763,0,11,0,24.64,1018.12,15.12,654.80,-9.20,0
191232,33,70,61,763,0,9,0,24.64,1018.11,15.12,658.65,-9.20,0
192228,32,70,61,763,0,11,0,24.64,1018.11,15.12,657.37,-9.20,0
193224,32,69,61,763,0,11,0,24.64,1018.11,15.12,655.44,-9.20,0
194220,32,70,60,762,0,11,0,24.64,1018.11,15.12,658.01,-9.20,0
195216,33,70,60,763,0,10,0,24.64,1018.11,15.12,654.16,-9.12,0
196212,32,70,61,762,0,11,0,24.64,1018.10,15.12,658.65,-9.12,0
197208,32,70,61,763,0,11,0,24.64,1018.10,15.12,653.53,-9.20,0
198204,33,70,61,762,0,10,0,24.64,1018.11,15.12,658.01,-9.20,0
199200,32,70,61,762,0,10,0,24.64,1018.11,15.11,654.16,-9.20,0
200196,32,70,61,763,0,11,0,24.64,1018.11,15.11,654.80,-9.20,0
201192,32,70,61,763,0,11,0,24.64,1018.11,15.11,653.53,-9.20,0
202188,32,69,60,762,0,11,0,24.64,1018.11,15.11,652.26,-9.29,0
203184,33,70,61,762,0,11,0,24.64,1018.12,15.10,658.65,-9.37,0
204180,32,70,61,762,0,11,0,24.64,1018.13,15.10,656.08,-9.37,0
205176,32,70,61,762,0,11,0,24.64,1018.13,15.09,656.08,-9.37,0
206172,32,70,61,762,0,11,0,24.64,1018.13,15.10,656.72,-9.37,0
207168,32,70,61,762,0,11,0,24.64,1018.13,15.11,654.80,-9.29,0
208164,33,70,60,762,0,11,0,24.64,1018.12,15.09,651.63,-9.20,0
209160,32,70,61,761,0,11,0,24.64,1018.11,15.09,658.01,-9.20,0
210156,32,70,61,761,0,10,0,24.64,1018.11,15.10,659.30,-9.20,0
211152,32,70,61,761,0,10,0,24.64,1018.11,15.08,660.60,-9.20,0
212148,32,70,60,761,0,11,0,24.64,1018.11,15.08,660.60,-9.20,0
213144,32,70,60,761,0,11,0,24.64,1018.11,15.07,660.60,-9.20,0
214140,33,70,60,762,0,10,0,24.64,1018.11,15.07,662.55,-9.20,0
215136,32,70,61,761,0,11,0,24.64,1018.11,15.07,659.95,-9.20,0
216132,31,69,61,761,0,11,0,24.64,1018.11,15.07,665.18,-9.20,0
217128,33,70,61,761,0,11,0,24.64,1018.11,15.06,664.52,-9.20,0
218124,32,70,60,761,0,11,0,24.64,1018.11,15.05,668.49,-9.12,0
219120,32,69,61,762,0,11,0,24.63,1018.10,15.04,669.82,-9.04,0
220116,32,70,60,760,0,12,0,24.64,1018.09,15.04,669.82,-9.12,0
221112,32,70,60,761,0,11,0,24.64,1018.10,15.04,667.16,-9.04,0
222108,32,70,61,761,0,11,0,24.64,1018.09,15.04,666.50,-9.04,0
223104,32,69,60,760,0,11,0,24.64,1018.09,15.02,668.49,-9.04,0
224100,33,69,60,761,0,11,0,24.64,1018.09,15.01,672.50,-9.12,0
225096,32,70,61,761,0,11,0,24.64,1018.10,15.02,670.49,-9.04,0
226092,31,70,60,760,0,11,0,24.64,1018.09,15.01,673.85,-9.04,0
227088,32,70,61,761,0,11,0,24.63,1018.09,14.99,671.83,-9.04,0
228084,32,69,61,761,0,11,0,24.63,1018.09,14.99,671.16,-9.04,0
229080,32,69,60,760,0,11,0,24.63,1018.09,14.99,671.83,-8.95,0
230076,33,70,61,760,0,10,0,24.64,1018.08,14.98,669.82,-8.95,0
231072,33,70,60,760,0,11,0,24.64,1018.08,14.97,671.16,-8.95,0
232068,32,69,61,760,0,11,0,24.64,1018.08,14.98,671.16,-8.95,0
233064,33,70,60,761,0,11,0,24.64,1018.08,14.97,674.53,-8.95,0
234060,32,70,60,760,0,12,0,24.64,1018.08,14.98,674.53,-8.95,0
235056,32,70,61,760,0,11,0,24.63,1018.08,14.97,671.83,-8.95,0
236052,32,70,60,761,0,11,0,24.63,1018.08,14.97,672.50,-8.87,0
237048,32,70,60,760,0,10,0,24.63,1018.07,14.97,675.20,-8.95,0
238044,32,70,60,761,0,11,0,24.63,1018.08,14.96,670.49,-8.95,0
239040,32,70,60,761,0,11,0,24.63,1018.08,14.97,672.50,-8.95,0
240036,32,70,60,761,0,10,0,24.64,1018.08,14.96,676.56,-8.95,0
241032,32,70,60,761,0,11,0,24.64,1018.08,14.96,669.15,-8.95,0
242028,32,70,60,761,0,10,0,24.64,1018.08,14.96,671.16,-8.95,1
243024,32,69,61,760,0,10,0,24.64,1018.08,14.96,670.49,-9.04,1
244020,32,70,60,761,0,11,0,24.64,1018.09,14.95,674.53,-9.04,1
245016,32,69,61,760,0,10,0,24.64,1018.09,14.96,670.49,-9.04,1
246012,32,70,60,761,0,10,0,24.64,1018.09,14.96,666.50,-9.04,1
247008,31,70,61,761,0,10,0,24.64,1018.09,14.96,678.61,-9.12,1
248004,32,69,61,761,0,11,0,24.64,1018.10,14.96,671.83,-9.12,1
249000,31,70,61,760,0,10,0,24.64,1018.10,14.97,674.53,-9.12,1
249996,32,70,61,760,0,10,0,24.64,1018.10,14.97,672.50,-9.20,1
250992,32,70,61,761,0,9,0,24.64,1018.11,14.97,673.85,-9.20,1
251988,32,70,60,760,0,10,0,24.64,1018.11,14.98,676.56,-9.12,1
252984,32,70,60,760,0,10,0,24.64,1018.10,14.98,671.83,-9.20,1
253980,32,70,61,760,0,10,0,24.64,1018.11,14.98,673.17,-9.29,1
254976,32,70,60,760,0,10,0,24.64,1018.12,15.00,674.53,-9.29,1
255972,32,70,61,760,0,10,0,24.64,1018.12,15.00,677.93,-9.29,1
256968,32,70,61,760,0,11,0,24.64,1018.12,15.00,677.93,-9.29,1
257964,32,70,61,760,0,10,0,24.64,1018.12,15.02,676.56,-9.29,1
258960,32,69,60,760,0,10,0,24.64,1018.12,15.01,676.56,-9.20,1
259956,32,70,60,762,0,10,0,24.64,1018.11,15.02,675.88,-9.20,1
260952,32,70,60,761,0,10,0,24.64,1018.11,15.02,675.20,-9.20,1
261948,32,70,60,760,0,10,0,24.64,1018.11,15.02,673.17,-9.20,1
262944,32,69,60,760,0,10,0,24.64,1018.11,15.03,675.88,-9.20,1
263940,32,69,60,760,0,10,0,24.64,1018.11,15.02,674.53,-9.20,1
264936,32,70,60,760,0,10,0,24.64,1018.11,15.02,673.85,-9.20,1
265932,32,70,61,760,0,10,0,24.64,1018.11,15.03,675.88,-9.12,1
266928,32,69,60,759,0,10,0,24.64,1018.10,15.02,679.30,-9.12,1
267924,32,70,60,759,0,11,0,24.64,1018.10,15.02,682.06,-9.20,1
268920,32,69,60,759,0,10,0,24.64,1018.11,15.02,676.56,-9.20,1
269916,32,70,60,759,0,9,0,24.64,1018.11,15.02,673.85,-9.20,1
270912,32,70,60,759,0,10,0,24.64,1018.11,15.02,682.75,-9.20,1
271908,31,70,60,760,0,10,0,24.64,1018.11,15.02,677.25,-9.20,1
272904,32,69,60,759,0,10,0,24.64,1018.11,15.00,677.93,-9.12,1
273900,32,70,60,759,0,10,0,24.64,1018.10,15.00,682.75,-9.20,1
274896,32,70,60,759,0,10,0,24.64,1018.11,15.00,677.25,-9.20,1
275892,32,69,60,759,0,10,0,24.64,1018.11,15.00,677.25,-9.29,1
276888,32,69,60,759,0,10,0,24.64,1018.12,14.99,679.99,-9.29,1
277884,32,69,60,759,0,10,0,24.63,1018.12,14.97,679.30,-9.20,1
278880,32,70,59,759,0,10,0,24.63,1018.11,14.97,678.61,-9.29,1
279876,32,69,60,759,0,10,0,24.63,1018.12,14.96,680.68,-9.20,1
280872,32,69,60,759,0,10,0,24.63,1018.11,14.95,677.93,-9.20,1
281868,32,69,60,759,0,9,0,24.64,1018.11,14.94,683.45,-9.20,1
282864,32,69,60,759,0,9,0,24.63,1018.11,14.92,678.61,-9.20,1
283860,32,70,60,759,0,9,0,24.63,1018.11,14.93,682.75,-9.29,1
284856,32,69,59,759,0,9,0,24.63,1018.12,14.92,684.84,-9.29,1
285852,32,69,60,759,0,9,0,24.64,1018.12,14.92,677.25,-9.29,1
286848,32,69,60,759,0,9,0,24.64,1018.12,14.91,680.68,-9.29,1
287844,32,69,60,758,0,9,0,24.64,1018.12,14.91,678.61,-9.20,1
288840,32,69,60,759,0,9,0,24.64,1018.11,14.91,678.61,-9.20,1
289836,32,69,59,759,0,9,0,24.64,1018.11,14.90,680.68,-9.20,1
290832,32,70,60,758,0,9,0,24.64,1018.11,14.90,677.93,-9.29,1
291828,32,70,60,759,0,9,0,24.64,1018.12,14.89,676.56,-9.29,1
292824,32,70,60,760,0,9,0,24.64,1018.12,14.90,680.68,-9.29,1
293820,32,69,60,759,0,10,0,24.64,1018.12,14.90,678.61,-9.20,1
294816,32,70,60,759,0,10,0,24.64,1018.11,14.90,677.93,-9.29,1
295812,32,70,60,759,0,9,0,24.64,1018.12,14.89,678.61,-9.12,1
296808,32,70,60,760,0,9,0,24.64,1018.10,14.89,676.56,-9.12,1
297804,32,69,60,759,0,9,0,24.64,1018.10,14.90,678.61,-9.12,1
298800,31,70,60,760,0,9,0,24.64,1018.10,14.89,683.45,-9.12,1
299796,32,69,60,760,0,9,0,24.64,1018.10,14.89,684.84,-9.12,1
300792,32,70,60,759,0,9,0,24.64,1018.10,14.89,680.68,-9.20,1
301788,32,70,60,760,0,10,0,24.64,1018.11,14.89,679.99,-9.20,1
302784,32,69,61,761,0,9,0,24.64,1018.11,14.88,680.68,-9.12,1
303780,32,70,61,760,0,10,0,24.64,1018.10,14.89,684.14,-9.20,0
304776,32,69,60,760,0,10,0,24.64,1018.11,14.88,680.68,-9.20,0
305772,31,69,60,761,0,10,0,24.64,1018.11,14.88,682.06,-9.29,0
306768,32,70,60,760,0,9,0,24.64,1018.12,14.87,686.94,-9.20,0
307764,31,69,60,760,0,9,0,24.64,1018.11,14.88,683.45,-9.20,0
308760,32,70,60,760,0,9,0,24.64,1018.11,14.87,686.24,-9.20,0
309756,32,69,59,760,0,9,0,24.64,1018.11,14.87,678.61,-9.12,0
310752,32,70,60,760,0,9,0,24.64,1018.10,14.87,679.30,-9.20,0
311748,31,69,60,761,0,9,0,24.64,1018.11,14.86,678.61,-9.20,0
312744,32,69,60,761,0,9,0,24.64,1018.11,14.87,677.93,-9.20,0
313740,32,70,60,760,0,10,0,24.64,1018.11,14.88,681.37,-9.12,0
314736,32,70,60,760,0,10,0,24.64,1018.10,14.87,677.93,-9.12,0
315732,32,70,60,761,0,10,0,24.64,1018.10,14.86,678.61,-9.12,0
316728,32,70,60,761,0,10,0,24.64,1018.10,14.86,677.93,-9.04,0
317724,32,70,60,760,0,10,0,24.64,1018.09,14.87,677.25,-9.04,0
318720,31,69,60,760,0,10,0,24.64,1018.09,14.86,677.25,-8.95,0
319716,32,69,60,760,0,10,0,24.64,1018.08,14.85,678.61,-8.95,0
320712,32,69,60,761,0,10,0,24.64,1018.08,14.86,673.85,-8.95,0
321708,32,69,60,760,0,10,0,24.64,1018.08,14.86,679.30,-9.04,0
322704,32,70,60,761,0,9,0,24.64,1018.09,14.85,673.85,-9.04,0
323700,32,70,60,760,0,10,0,24.64,1018.09,14.84,673.85,-9.12,0
324696,31,70,60,760,0,9,0,24.64,1018.10,14.85,673.17,-9.12,0
325692,32,70,60,760,0,10,0,24.64,1018.10,14.85,676.56,-9.12,0
326688,32,69,60,760,0,10,0,24.64,1018.10,14.84,673.85,-9.20,0
327684,31,69,60,760,0,9,0,24.64,1018.11,14.85,671.83,-9.20,0
328680,32,69,60,760,0,10,0,24.64,1018.11,14.85,673.85,-9.20,0
329676,32,69,60,761,0,10,0,24.64,1018.11,14.84,671.83,-9.20,0
330672,31,69,60,760,0,11,0,24.64,1018.11,14.84,673.85,-9.20,0
331668,32,69,60,760,0,9,0,24.64,1018.11,14.84,670.49,-9.20,0
332664,31,69,59,760,0,9,0,24.64,1018.11,14.84,677.93,-9.20,0
333660,32,69,59,761,0,10,0,24.64,1018.11,14.84,671.16,-9.29,0
334656,31,70,60,761,0,9,0,24.64,1018.12,14.85,667.82,-9.29,0
335652,31,70,60,760,0,9,0,24.64,1018.12,14.87,669.82,-9.29,0
336648,32,69,60,761,0,9,0,24.64,1018.12,14.86,671.83,-9.29,0
337644,32,70,59,760,0,9,0,24.64,1018.12,14.88,675.88,-9.29,0
338640,32,70,60,761,0,10,0,24.64,1018.12,14.86,667.82,-9.37,0
339636,32,69,60,761,0,8,0,24.64,1018.13,14.87,666.50,-9.37,0
340632,31,69,60,760,0,10,0,24.64,1018.13,14.88,670.49,-9.37,0
341628,32,70,60,760,0,11,0,24.64,1018.13,14.87,669.82,-9.37,0
342624,32,70,60,761,0,10,0,24.64,1018.13,14.88,670.49,-9.29,0
343620,32,69,60,760,0,9,0,24.64,1018.12,14.88,667.16,-9.29,0
344616,32,70,60,760,0,10,0,24.64,1018.12,14.88,669.15,-9.29,0
345612,32,70,60,761,0,10,0,24.64,1018.12,14.86,668.49,-9.29,0
346608,32,69,60,760,0,10,0,24.64,1018.12,14.88,673.85,-9.29,0
347604,32,70,59,761,0,10,0,24.64,1018.12,14.86,667.16,-9.29,0
348600,32,70,59,760,0,10,0,24.64,1018.12,14.87,670.49,-9.29,0
349596,32,69,60,761,0,10,0,24.64,1018.12,14.87,673.85,-9.29,0
350592,32,69,59,761,0,11,0,24.64,1018.12,14.87,668.49,-9.29,0
351588,32,69,60,761,0,10,0,24.64,1018.12,14.86,668.49,-9.29,0
352584,32,70,59,761,0,9,0,24.64,1018.12,14.87,667.16,-9.37,0
353580,32,69,60,761,0,10,0,24.64,1018.13,14.86,672.50,-9.29,0
354576,32,70,59,760,0,10,0,24.64,1018.12,14.86,673.17,-9.29,0
355572,32,69,60,761,0,10,0,24.64,1018.12,14.87,671.83,-9.29,0
356568,32,70,59,761,0,10,0,24.64,1018.12,14.86,667.82,-9.20,0
357564,31,70,60,761,0,10,0,24.64,1018.11,14.87,666.50,-9.29,0
358560,32,69,60,761,0,10,0,24.64,1018.12,14.86,665.84,-9.29,0
359556,31,69,60,762,0,10,0,24.64,1018.12,14.87,669.82,-9.37,0
360552,31,69,59,761,0,10,0,24.64,1018.13,14.87,665.84,-9.29,0
361548,32,70,60,762,0,10,0,24.64,1018.12,14.88,674.53,-9.29,1
362544,31,69,59,762,0,10,0,24.64,1018.12,14.88,666.50,-9.29,1
363540,31,69,60,762,0,10,0,24.64,1018.12,14.88,662.55,-9.29,1
364536,32,69,60,762,0,10,0,24.64,1018.12,14.87,667.16,-9.20,1
365532,32,69,60,761,0,10,0,24.64,1018.11,14.88,669.82,-9.29,1
366528,31,70,59,761,0,10,0,24.64,1018.12,14.88,665.84,-9.37,1
367524,32,70,60,761,0,10,0,24.64,1018.13,14.87,663.86,-9.29,1
368520,32,69,60,762,0,10,0,24.64,1018.12,14.88,667.16,-9.29,1
369516,32,69,60,761,0,11,0,24.64,1018.12,14.87,663.21,-9.20,1
370512,32,70,60,762,0,10,0,24.64,1018.11,14.88,663.21,-9.20,1
371508,32,69,60,761,0,11,0,24.64,1018.11,14.89,665.18,-9.20,1
372504,32,70,60,762,0,10,0,24.64,1018.11,14.89,667.16,-9.20,1
373500,31,70,59,761,0,11,0,24.64,1018.11,14.88,663.21,-9.20,1
374496,32,70,60,762,0,11,0,24.64,1018.11,14.88,665.18,-9.20,1
375492,31,69,59,762,0,10,0,24.64,1018.11,14.88,661.25,-9.12,1
376488,31,69,60,761,0,10,0,24.64,1018.10,14.88,659.30,-9.12,1
377484,31,69,60,762,0,11,0,24.64,1018.10,14.88,660.60,-9.12,1
378480,31,69,59,762,0,11,0,24.64,1018.10,14.88,660.60,-9.12,1
379476,32,70,60,762,0,11,0,24.64,1018.10,14.88,658.01,-9.12,1
380472,32,69,60,762,0,10,0,24.64,1018.10,14.88,656.08,-9.12,1
381468,31,69,60,762,0,11,0,24.64,1018.10,14.88,654.16,-9.04,1
382464,32,70,59,762,0,11,0,24.64,1018.09,14.87,659.30,-9.04,1
383460,32,69,59,762,0,11,0,24.64,1018.09,14.87,654.80,-9.04,1
384456,31,69,60,762,0,11,0,24.64,1018.09,14.87,654.16,-9.12,1
385452,32,69,59,763,0,12,0,24.64,1018.10,14.87,649.74,-9.12,1
386448,32,70,60,763,0,11,0,24.64,1018.10,14.87,648.48,-9.12,1
387444,32,69,60,762,0,11,0,24.64,1018.10,14.87,651.63,-9.12,1
388440,31,69,60,762,0,11,0,24.64,1018.10,14.86,649.11,-9.12,1
389436,31,70,59,762,0,11,0,24.64,1018.10,14.86,652.26,-9.12,1
390432,32,70,60,762,0,11,0,24.64,1018.10,14.87,648.48,-9.12,1
391428,32,70,60,763,0,11,0,24.64,1018.10,14.86,645.37,-9.20,1
392424,32,69,60,762,0,11,0,24.64,1018.11,14.86,646.61,-9.20,1
393420,31,70,60,762,0,11,0,24.64,1018.11,14.87,645.99,-9.20,1
394416,31,69,60,762,0,11,0,24.64,1018.11,14.87,645.37,-9.20,1
395412,32,69,59,762,0,11,0,24.64,1018.11,14.86,644.13,-9.29,1
396408,31,70,59,762,0,11,0,24.64,1018.12,14.86,647.23,-9.37,1
397404,31,69,59,762,0,11,0,24.64,1018.13,14.87,645.37,-9.37,1
398400,31,70,60,762,0,11,0,24.64,1018.13,14.86,641.67,-9.37,1
399396,32,69,60,762,0,10,0,24.64,1018.13,14.86,639.84,-9.37,1
400392,31,70,60,762,0,11,0,24.64,1018.13,14.86,641.67,-9.29,1
401388,31,69,59,762,0,11,0,24.64,1018.12,14.87,638.62,-9.20,1
402384,32,69,59,762,0,11,0,24.64,1018.11,14.87,638.62,-9.29,1
403380,32,69,60,762,0,12,0,24.64,1018.12,14.86,638.01,-9.29,1
404376,32,70,59,762,0,13,0,24.64,1018.12,14.86,639.23,-9.29,1
405372,32,69,59,761,0,11,0,24.64,1018.12,14.87,638.01,-9.29,1
406368,32,70,60,761,0,11,0,24.64,1018.12,14.86,638.01,-9.29,1
407364,31,69,59,762,0,12,0,24.64,1018.12,14.86,633.20,-9.29,1
408360,31,70,59,761,0,12,0,24.64,1018.12,14.86,635.60,-9.29,1
409356,31,69,59,761,0,11,0,24.64,1018.12,14.85,639.23,-9.37,1
410352,32,70,59,761,0,12,0,24.64,1018.13,14.86,642.90,-9.29,1
411348,31,69,59,761,0,12,0,24.64,1018.12,14.86,637.41,-9.29,1
412344,31,70,59,761,0,12,0,24.64,1018.12,14.85,645.37,-9.29,1
413340,32,70,59,762,0,12,0,24.64,1018.12,14.84,639.84,-9.29,1
414336,32,69,59,761,0,11,0,24.64,1018.12,14.84,639.84,-9.37,1
415332,32,69,59,762,0,12,0,24.64,1018.13,14.84,637.41,-9.37,1
416328,31,69,60,762,0,12,0,24.64,1018.13,14.83,639.23,-9.29,1
417324,32,69,60,762,0,11,0,24.64,1018.12,14.83,644.13,-9.37,1
418320,31,69,59,761,0,12,0,24.64,1018.13,14.83,639.84,-9.37,1
419316,32,69,59,761,0,11,0,24.64,1018.13,14.82,639.23,-9.37,1
420312,32,69,59,762,0,12,0,24.64,1018.13,14.82,642.28,-9.37,1
421308,31,69,59,761,0,12,0,24.64,1018.13,14.81,639.23,-9.37,1
422304,31,70,59,761,0,12,0,24.64,1018.13,14.80,639.23,-9.37,0
423300,32,69,59,762,0,12,0,24.64,1018.13,14.81,640.45,-9.37,0
424296,31,69,60,762,0,12,0,24.64,1018.13,14.81,644.13,-9.29,0
425292,31,69,60,761,0,13,0,24.64,1018.12,14.80,640.45,-9.29,0
426288,32,69,59,762,0,12,0,24.64,1018.12,14.80,641.06,-9.37,0
427284,31,69,59,761,0,12,0,24.64,1018.13,14.80,636.80,-9.29,0
428280,32,69,59,761,0,12,0,24.64,1018.12,14.80,639.23,-9.29,0
429276,31,70,59,762,0,12,0,24.64,1018.12,14.80,635.60,-9.29,0
430272,31,69,60,762,0,11,0,24.64,1018.12,14.80,636.20,-9.20,0
431268,32,69,60,761,0,12,0,24.64,1018.11,14.79,636.20,-9.20,0
432264,32,69,59,762,0,13,0,24.64,1018.11,14.80,634.40,-9.20,0
433260,32,70,60,761,0,12,0,24.64,1018.11,14.79,637.41,-9.20,0
434256,32,69,60,761,0,12,0,24.64,1018.11,14.79,640.45,-9.29,0
435252,31,69,59,762,0,12,0,24.64,1018.12,14.79,639.84,-9.29,0
436248,32,70,60,761,0,12,0,24.64,1018.12,14.79,641.67,-9.20,0
437244,32,69,59,761,0,12,0,24.64,1018.11,14.79,639.84,-9.20,0
438240,31,70,59,761,0,12,0,24.64,1018.11,14.79,639.84,-9.20,0
439236,32,69,60,761,0,12,0,24.64,1018.11,14.79,639.84,-9.20,0
440232,31,69,60,762,0,12,0,24.64,1018.11,14.79,640.45,-9.20,0
441228,32,69,59,762,0,12,0,24.64,1018.11,14.78,644.75,-9.20,0
442224,31,69,59,761,0,12,0,24.64,1018.11,14.79,645.99,-9.29,0
443220,31,69,59,761,0,12,0,24.64,1018.12,14.80,644.75,-9.29,0
444216,32,69,60,761,0,12,0,24.64,1018.12,14.79,642.28,-9.29,0
445212,32,70,59,761,0,12,0,24.64,1018.12,14.79,641.67,-9.29,0
446208,31,69,59,761,0,12,0,24.64,1018.12,14.79,640.45,-9.37,0
447204,32,69,59,760,0,12,0,24.64,1018.13,14.79,639.84,-9.37,0
448200,31,70,59,761,0,12,0,24.64,1018.13,14.79,637.41,-9.37,0
449196,31,69,59,760,0,12,0,24.64,1018.13,14.79,638.62,-9.37,0
450192,32,70,59,760,0,12,0,24.64,1018.13,14.79,639.84,-9.37,0
451188,32,69,59,761,0,12,0,24.64,1018.13,14.80,642.28,-9.45,0
452184,32,69,59,760,0,12,0,24.64,1018.14,14.79,639.23,-9.45,0
453180,31,70,59,760,0,12,0,24.64,1018.14,14.79,641.67,-9.45,0
454176,31,69,59,760,0,12,0,24.64,1018.14,14.80,636.80,-9.45,0
455172,31,69,59,761,0,12,0,24.64,1018.14,14.80,642.28,-9.45,0
456168,31,70,59,760,0,12,0,24.64,1018.14,14.79,641.06,-9.45,0
457164,31,69,59,760,0,12,0,24.64,1018.14,14.81,635.60,-9.45,0
458160,31,69,59,760,0,12,0,24.64,1018.14,14.81,635.60,-9.45,0
459156,31,69,59,760,0,12,0,24.64,1018.14,14.80,635.00,-9.37,0
460152,31,69,59,760,0,12,0,24.64,1018.13,14.80,638.62,-9.37,0
461148,32,69,59,760,0,11,0,24.64,1018.13,14.80,635.00,-9.37,0
462144,31,69,59,760,0,12,0,24.64,1018.13,14.79,636.80,-9.37,0
463140,31,69,59,760,0,12,0,24.64,1018.13,14.80,637.41,-9.37,0
464136,31,69,59,760,0,12,0,24.64,1018.13,14.78,639.23,-9.54,0
465132,31,69,58,761,0,12,0,24.65,1018.15,14.78,640.45,-9.54,0
466128,31,69,59,760,0,12,0,24.65,1018.15,14.77,639.23,-9.54,0
467124,32,69,59,760,0,12,0,24.65,1018.15,14.76,638.01,-9.54,0
468120,31,69,59,760,0,11,0,24.65,1018.15,14.75,636.80,-9.54,0
469116,31,69,59,760,0,12,0,24.65,1018.15,14.74,639.23,-9.62,0
470112,31,69,59,760,0,12,0,24.65,1018.16,14.73,645.37,-9.70,0
471108,31,69,59,761,0,12,0,24.65,1018.17,14.73,647.86,-9.70,0
472104,31,69,60,761,0,11,0,24.65,1018.17,14.74,642.90,-9.70,0
473100,32,69,59,760,0,12,0,24.65,1018.17,14.72,638.62,-9.70,0
474096,31,70,58,760,0,12,0,24.65,1018.17,14.72,641.06,-9.70,0
475092,31,69,59,761,0,12,0,24.65,1018.17,14.71,644.13,-9.78,0
476088,31,69,59,761,0,11,0,24.65,1018.18,14.71,642.90,-9.62,0
477084,31,69,59,760,0,12,0,24.65,1018.16,14.71,643.51,-9.70,0
478080,31,69,59,761,0,11,0,24.65,1018.17,14.71,645.99,-9.70,0
479076,31,70,59,761,0,12,0,24.65,1018.17,14.69,644.75,-9.70,0
480072,31,69,59,761,0,12,0,24.65,1018.17,14.71,645.99,-9.70,0
481068,31,69,59,761,0,12,0,24.65,1018.17,14.70,651.63,-9.62,0
482064,32,69,59,761,0,12,0,24.65,1018.16,14.70,649.74,-9.62,0
483060,31,69,59,762,0,12,0,24.65,1018.16,14.70,645.37,-9.70,0
484056,32,70,59,762,0,12,0,24.65,1018.17,14.70,652.89,-9.70,0
485052,31,70,60,763,0,12,0,24.65,1018.17,14.70,655.44,-9.70,0
486048,31,69,59,762,0,12,0,24.65,1018.17,14.70,651.63,-9.70,0
487044,32,70,59,762,0,12,0,24.66,1018.17,14.71,657.37,-9.70,0
488040,31,70,60,762,0,12,0,24.66,1018.17,14.73,649.74,-9.70,0
489036,31,69,59,762,0,12,0,24.66,1018.17,14.74,653.53,-9.78,0
490032,31,69,59,761,0,12,0,24.66,1018.18,14.76,652.26,-9.70,0
491028,32,69,58,762,0,12,0,24.66,1018.17,14.78,652.26,-9.70,0
492024,32,70,59,762,0,11,0,24.66,1018.17,14.80,649.11,-9.70,0
493020,31,69,59,762,0,12,0,24.66,1018.17,14.81,661.25,-9.70,0
494016,32,70,60,762,0,12,0,24.65,1018.17,14.83,656.08,-9.70,0
495012,31,70,59,763,0,12,0,24.66,1018.17,14.85,650.37,-9.70,0
496008,32,69,60,762,0,12,0,24.66,1018.17,14.86,654.16,-9.70,0
497004,32,70,59,763,0,11,0,24.66,1018.17,14.90,651.63,-9.70,0
498000,31,70,60,762,0,12,0,24.66,1018.17,14.91,656.72,-9.70,0
498996,32,70,59,763,0,11,0,24.66,1018.17,14.92,652.89,-9.70,0
499992,31,70,59,763,0,12,0,24.66,1018.17,14.94,651.63,-9.70,0
500988,32,70,60,763,0,12,0,24.66,1018.17,14.95,660.60,-9.62,0
501984,31,69,59,762,0,12,0,24.66,1018.16,14.97,654.16,-9.62,0
502980,32,70,60,764,0,12,0,24.65,1018.16,14.99,660.60,-9.54,0
503976,31,70,59,762,0,12,0,24.65,1018.15,15.01,654.16,-9.45,0
504972,31,70,60,763,0,12,0,24.65,1018.14,15.03,656.72,-9.54,0
505968,32,70,59,764,0,11,0,24.65,1018.15,15.04,660.60,-9.54,0
506964,32,69,59,763,0,12,0,24.65,1018.15,15.07,659.30,-9.54,0
507960,32,70,60,764,0,11,0,24.65,1018.15,15.07,655.44,-9.45,0
508956,32,70,60,762,0,11,0,24.65,1018.14,15.09,656.08,-9.54,0
509952,31,69,60,764,0,11,0,24.65,1018.15,15.10,656.08,-9.54,0
510948,32,70,60,763,0,11,0,24.65,1018.15,15.13,656.08,-9.54,0
511944,32,70,60,763,0,11,0,24.65,1018.15,15.13,658.65,-9.45,0
512940,32,70,60,763,0,12,0,24.65,1018.14,15.14,659.95,-9.45,0
513936,31,70,60,763,0,11,0,24.65,1018.14,15.16,665.18,-9.45,0
514932,32,70,60,763,0,11,0,24.65,1018.14,15.16,659.30,-9.45,0
515928,32,70,59,764,0,11,0,24.65,1018.14,15.18,658.01,-9.45,0
516924,32,70,60,763,0,11,0,24.65,1018.14,15.17,658.01,-9.45,0
517920,33,70,60,763,0,10,0,24.65,1018.14,15.18,656.72,-9.45,0
518916,32,70,60,763,0,10,0,24.65,1018.14,15.18,657.37,-9.45,0
519912,32,70,60,764,0,10,0,24.65,1018.14,15.20,656.08,-9.54,0
520908,33,70,60,763,0,10,0,24.65,1018.15,15.20,658.65,-9.45,0
521904,32,70,61,764,0,10,0,24.65,1018.14,15.20,651.63,-9.45,0
522900,33,70,59,764,0,10,0,24.66,1018.14,15.19,656.08,-9.45,0
523896,33,71,60,764,0,10,0,24.66,1018.14,15.20,663.86,-9.37,0
524892,32,70,60,764,0,10,0,24.66,1018.13,15.21,656.08,-9.45,0
525888,32,70,60,764,0,10,0,24.65,1018.14,15.21,657.37,-9.45,0
526884,32,71,60,764,0,10,0,24.66,1018.14,15.21,653.53,-9.45,0
527880,33,70,60,764,0,10,0,24.66,1018.14,15.22,655.44,-9.45,0
528876,33,70,60,764,0,10,0,24.66,1018.14,15.23,659.95,-9.45,0
529872,33,70,61,763,0,10,0,24.66,1018.14,15.23,656.72,-9.45,0
530868,32,70,60,764,0,10,0,24.66,1018.14,15.23,655.44,-9.54,0
531864,33,70,60,764,0,10,0,24.66,1018.15,15.23,655.44,-9.54,0
532860,32,70,60,764,0,10,0,24.66,1018.15,15.24,661.90,-9.54,0
533856,33,70,61,764,0,10,0,24.65,1018.15,15.24,655.44,-9.54,0
534852,33,70,61,764,0,10,0,24.65,1018.15,15.25,660.60,-9.54,0
535848,33,71,61,764,0,10,0,24.66,1018.15,15.25,656.72,-9.54,0
536844,33,70,61,764,0,10,0,24.66,1018.15,15.25,659.95,-9.54,0
537840,32,70,61,764,0,10,0,24.66,1018.15,15.26,654.80,-9.54,0
538836,33,70,61,764,0,10,0,24.66,1018.15,15.26,661.90,-9.62,0
539832,33,70,61,764,0,10,0,24.66,1018.16,15.26,656.72,-9.70,0
540828,33,70,61,764,0,10,0,24.66,1018.17,15.27,655.44,-9.70,0
541824,33,71,60,764,0,10,0,24.67,1018.17,15.27,652.26,-9.70,1
542820,32,70,61,763,0,10,0,24.67,1018.17,15.26,658.65,-9.70,1
543816,33,70,60,764,0,11,0,24.67,1018.17,15.27,659.95,-9.70,1
544812,32,70,60,763,0,11,0,24.67,1018.17,15.26,667.16,-9.70,1
545808,32,70,60,764,0,10,0,24.67,1018.17,15.27,662.55,-9.70,1
546804,33,70,60,763,0,10,0,24.67,1018.17,15.27,666.50,-9.70,1
547800,33,71,60,763,0,10,0,24.68,1018.17,15.25,663.21,-9.70,1
548796,33,70,60,763,0,10,0,24.68,1018.17,15.26,661.25,-9.62,1
549792,33,70,61,763,0,10,0,24.68,1018.16,15.25,663.86,-9.62,1
550788,33,71,60,763,0,11,0,24.68,1018.16,15.25,664.52,-9.70,1
551784,33,70,61,762,0,11,0,24.68,1018.17,15.25,664.52,-9.70,1
552780,33,70,60,763,0,11,0,24.68,1018.17,15.25,671.83,-9.70,1
553776,33,70,61,762,0,11,0,24.68,1018.17,15.25,668.49,-9.70,1
554772,33,70,60,763,0,11,0,24.69,1018.17,15.25,667.16,-9.62,1
555768,33,70,60,763,0,11,0,24.69,1018.16,15.25,665.84,-9.70,1
556764,32,70,61,762,0,11,0,24.69,1018.17,15.25,669.82,-9.62,1
557760,33,70,60,763,0,11,0,24.69,1018.16,15.26,672.50,-9.62,1
558756,32,70,61,762,0,11,0,24.69,1018.16,15.25,666.50,-9.62,1
559752,33,70,60,763,0,11,0,24.69,1018.16,15.25,667.16,-9.62,1
560748,32,70,60,762,0,10,0,24.69,1018.16,15.25,664.52,-9.70,1
561744,33,70,60,762,0,11,0,24.69,1018.17,15.26,664.52,-9.70,1
562740,33,70,60,761,0,10,0,24.69,1018.17,15.25,663.86,-9.70,1
563736,33,70,60,762,0,11,0,24.70,1018.17,15.26,661.90,-9.70,1
564732,33,70,60,762,0,11,0,24.70,1018.17,15.25,660.60,-9.70,1
565728,33,70,60,761,0,10,0,24.70,1018.17,15.25,663.21,-9.70,1
566724,32,70,60,762,0,10,0,24.70,1018.17,15.26,667.82,-9.70,1
567720,33,70,61,761,0,10,0,24.70,1018.17,15.25,662.55,-9.70,1
568716,32,70,61,762,0,10,0,24.70,1018.17,15.25,665.84,-9.70,1
569712,33,70,61,761,0,11,0,24.70,1018.17,15.25,663.86,-9.70,1
570708,33,70,60,762,0,11,0,24.70,1018.17,15.26,663.86,-9.62,1
571704,33,70,60,762,0,10,0,24.70,1018.16,15.26,665.18,-9.70,1
572700,33,70,61,762,0,11,0,24.70,1018.17,15.26,661.90,-9.62,1
573696,33,70,60,763,0,11,0,24.70,1018.16,15.27,664.52,-9.62,1
574692,33,70,60,763,0,11,0,24.70,1018.16,15.26,663.86,-9.62,1
575688,33,70,61,762,0,10,0,24.70,1018.16,15.27,661.90,-9.62,1
576684,33,70,60,763,0,11,0,24.70,1018.16,15.27,667.16,-9.62,1
577680,33,70,61,762,0,11,0,24.70,1018.16,15.28,663.21,-9.54,1
578676,33,70,60,763,0,11,0,24.70,1018.15,15.26,664.52,-9.62,1
579672,33,71,61,763,0,11,0,24.70,1018.16,15.28,663.21,-9.70,1
580668,33,71,61,763,0,11,0,24.70,1018.17,15.27,668.49,-9.70,1
581664,33,70,60,763,0,11,0,24.70,1018.17,15.28,665.18,-9.62,1
582660,34,70,61,762,0,11,0,24.70,1018.16,15.26,660.60,-9.62,1
583656,33,71,61,763,0,11,0,24.71,1018.16,15.26,661.25,-9.62,1
584652,33,71,61,763,0,11,0,24.71,1018.16,15.26,661.90,-9.62,1
585648,34,71,60,763,0,11,0,24.71,1018.16,15.27,663.21,-9.62,1
586644,33,71,61,763,0,11,0,24.71,1018.16,15.26,663.86,-9.54,1
587640,33,70,61,763,0,11,0,24.71,1018.15,15.26,659.30,-9.54,1
588636,33,71,61,763,0,11,0,24.71,1018.15,15.26,665.18,-9.54,1
589632,33,70,61,763,0,11,0,24.71,1018.15,15.26,658.01,-9.54,1
590628,33,70,61,763,0,11,0,24.71,1018.15,15.27,657.37,-9.54,1
591624,33,70,60,763,0,11,0,24.71,1018.15,15.26,658.65,-9.54,1
592620,33,71,61,763,0,11,0,24.71,1018.15,15.27,656.72,-9.54,1
593616,34,70,60,763,0,11,0,24.71,1018.15,15.26,665.84,-9.45,1
594612,33,71,61,763,0,11,0,24.71,1018.14,15.27,657.37,-9.54,1
595608,33,70,61,763,0,11,0,24.71,1018.15,15.27,656.72,-9.45,1
596604,34,70,61,763,0,11,0,24.71,1018.14,15.26,662.55,-9.54,1
597600,34,70,61,762,0,11,0,24.71,1018.15,15.26,662.55,-9.54,1
598596,34,70,61,762,0,11,0,24.71,1018.15,15.25,655.44,-9.54,1
599592,33,70,60,762,0,11,0,24.71,1018.15,15.26,654.16,-9.54,1
0,32,70,60,762,0,10,0,24.71,1018.15,15.25,655.44,-9.45,0
996,34,70,61,763,0,11,0,24.63,1018.14,15.23,652.89,-9.45,0
1992,34,71,61,761,0,11,0,24.62,1018.14,15.25,654.80,-9.45,0
2988,34,70,61,762,0,11,0,24.62,1018.14,15.23,654.16,-9.45,0
3984,33,70,60,762,0,11,0,24.63,1018.14,15.24,661.25,-9.45,0
4980,33,71,61,762,0,11,0,24.64,1018.14,15.22,660.60,-9.45,0
5976,33,70,61,762,0,11,0,24.65,1018.14,15.22,657.37,-9.45,0
6972,33,70,60,762,0,11,0,24.66,1018.14,15.20,658.65,-9.45,0
7968,33,71,60,761,0,11,0,24.67,1018.14,15.19,658.01,-9.54,0
8964,33,70,61,762,0,11,0,24.67,1018.15,15.18,658.01,-9.62,0
9960,33,70,61,762,0,11,0,24.68,1018.16,15.17,656.72,-9.54,0
10956,33,70,61,762,0,11,0,24.68,1018.15,15.15,657.37,-9.62,0
11952,33,70,61,763,0,11,0,24.69,1018.16,15.14,660.60,-9.62,0
12948,33,71,61,763,0,11,0,24.69,1018.16,15.14,661.25,-9.62,0
13944,33,70,61,762,0,11,0,24.69,1018.16,15.12,659.30,-9.70,0
14940,33,71,60,762,0,11,0,24.69,1018.17,15.11,658.65,-9.70,0
15936,34,70,61,763,0,11,0,24.70,1018.17,15.12,661.25,-9.70,0
16932,33,70,61,762,0,10,0,24.70,1018.17,15.10,659.30,-9.62,0
17928,33,70,61,762,0,11,0,24.70,1018.16,15.10,659.95,-9.62,0
18924,33,70,61,762,0,11,0,24.70,1018.16,15.09,660.60,-9.70,0
19920,33,71,61,762,0,11,0,24.70,1018.17,15.09,660.60,-9.78,0
20916,33,71,60,762,0,11,0,24.70,1018.18,15.07,663.86,-9.70,0
21912,33,70,60,762,0,11,0,24.70,1018.17,15.07,669.15,-9.78,0
22908,33,70,60,762,0,11,0,24.70,1018.18,15.07,666.50,-9.78,0
23904,33,71,61,762,0,10,0,24.70,1018.18,15.06,669.82,-9.70,0
24900,34,70,60,763,0,11,0,24.70,1018.17,15.06,665.84,-9.70,0
25896,34,70,60,763,0,11,0,24.70,1018.17,15.08,664.52,-9.62,0
26892,33,70,61,762,0,11,0,24.70,1018.16,15.05,666.50,-9.62,0
27888,33,70,61,763,0,11,0,24.70,1018.16,15.06,666.50,-9.62,0
28884,34,70,61,762,0,11,0,24.70,1018.16,15.06,665.18,-9.62,0
29880,33,70,61,763,0,11,0,24.70,1018.16,15.05,667.16,-9.62,0
30876,34,71,61,762,0,11,0,24.70,1018.16,15.05,667.16,-9.62,0
31872,33,71,61,762,0,11,0,24.70,1018.16,15.06,667.16,-9.62,0
32868,34,70,61,762,0,11,0,24.70,1018.16,15.05,670.49,-9.45,0
33864,34,70,60,761,0,11,0,24.70,1018.14,15.05,669.15,-9.45,0
34860,34,71,60,762,0,11,0,24.70,1018.14,15.06,667.82,-9.45,0
35856,33,71,61,762,0,11,0,24.70,1018.14,15.05,669.82,-9.45,0
36852,34,70,60,762,0,11,0,24.70,1018.14,15.05,671.83,-9.54,0
37848,34,71,60,762,0,11,0,24.70,1018.15,15.05,668.49,-9.54,0
38844,34,70,60,762,0,11,0,24.70,1018.15,15.06,673.85,-9.54,0
39840,33,70,61,762,0,11,0,24.70,1018.15,15.04,666.50,-9.54,0
40836,33,70,60,763,0,11,0,24.70,1018.15,15.05,668.49,-9.54,0
41832,34,70,61,762,0,11,0,24.70,1018.15,15.05,671.83,-9.54,0
42828,33,70,61,762,0,11,0,24.70,1018.15,15.06,670.49,-9.54,0
43824,34,70,61,762,0,11,0,24.70,1018.15,15.06,669.15,-9.54,0
44820,33,71,61,762,0,11,0,24.70,1018.15,15.06,671.16,-9.54,0
45816,33,71,61,761,0,11,0,24.70,1018.15,15.07,672.50,-9.54,0
46812,34,70,61,762,0,11,0,24.70,1018.15,15.07,668.49,-9.54,0
47808,34,70,60,762,0,11,0,24.70,1018.15,15.07,667.82,-9.54,0
48804,33,70,61,762,0,11,0,24.70,1018.15,15.07,675.20,-9.54,0
49800,34,70,61,762,0,11,0,24.70,1018.15,15.08,665.84,-9.62,0
50796,33,71,61,762,0,11,0,24.70,1018.16,15.08,668.49,-9.62,0
51792,34,70,61,762,0,11,0,24.70,1018.16,15.07,671.83,-9.62,0
52788,33,70,61,762,0,10,0,24.70,1018.16,15.08,667.16,-9.70,0
53784,34,70,60,762,0,11,0,24.70,1018.17,15.08,672.50,-9.70,0
54780,33,70,61,762,0,11,0,24.70,1018.17,15.09,665.84,-9.70,0
55776,34,70,61,762,0,10,0,24.70,1018.17,15.08,665.84,-9.70,0
56772,34,70,61,762,0,11,0,24.70,1018.17,15.09,665.84,-9.70,0
57768,34,70,61,762,0,11,0,24.70,1018.17,15.08,667.16,-9.70,0
58764,34,70,61,762,0,11,0,24.70,1018.17,15.08,665.84,-9.62,1
59760,34,70,61,762,0,11,0,24.70,1018.16,15.09,666.50,-9.70,1
60756,33,70,61,762,0,11,0,24.70,1018.17,15.08,662.55,-9.70,1
61752,33,70,61,762,0,11,0,24.70,1018.17,15.09,667.82,-9.70,1
62748,33,70,61,762,0,11,0,24.70,1018.17,15.09,669.15,-9.78,1
63744,34,70,61,762,0,11,0,24.70,1018.18,15.08,675.88,-9.70,1
64740,33,70,60,761,0,11,0,24.70,1018.17,15.08,669.15,-9.70,1
65736,33,70,61,762,0,11,0,24.70,1018.17,15.09,668.49,-9.70,1
66732,33,70,61,762,0,11,0,24.70,1018.17,15.09,678.61,-9.70,1
67728,33,70,61,761,0,11,0,24.70,1018.17,15.07,677.93,-9.70,1
68724,34,70,61,762,0,11,0,24.70,1018.17,15.07,673.85,-9.70,1
69720,33,70,60,762,0,11,0,24.70,1018.17,15.07,677.25,-9.70,1
70716,34,70,61,762,0,11,0,24.70,1018.17,15.07,671.83,-9.78,1
71712,33,71,60,762,0,11,0,24.70,1018.18,15.06,669.82,-9.70,1
72708,34,70,60,761,0,11,0,24.70,1018.17,15.06,678.61,-9.70,1
73704,33,71,60,762,0,11,0,24.70,1018.17,15.07,675.20,-9.78,1
74700,33,70,60,762,0,10,0,24.70,1018.18,15.07,673.17,-9.78,1
75696,33,70,61,762,0,11,0,24.70,1018.18,15.07,673.17,-9.78,1
76692,34,70,61,762,0,12,0,24.70,1018.18,15.08,679.30,-9.78,1
77688,34,70,61,763,0,11,0,24.70,1018.18,15.07,673.17,-9.78,1
78684,33,70,61,762,0,10,0,24.70,1018.18,15.08,672.50,-9.78,1
79680,33,70,60,762,0,11,0,24.70,1018.18,15.07,676.56,-9.78,1
80676,33,71,60,762,0,11,0,24.70,1018.18,15.07,679.99,-9.78,1
81672,34,71,61,761,0,11,0,24.70,1018.18,15.06,677.93,-9.78,1
82668,34,71,61,763,0,11,0,24.70,1018.18,15.05,674.53,-9.78,1
83664,33,71,61,761,0,11,0,24.70,1018.18,15.05,676.56,-9.78,1
84660,34,70,60,762,0,11,0,24.70,1018.18,15.03,681.37,-9.78,1
85656,34,70,60,761,0,11,0,24.70,1018.18,15.04,677.25,-9.78,1
86652,33,70,60,761,0,11,0,24.70,1018.18,15.04,678.61,-9.70,1
87648,34,70,61,761,0,11,0,24.70,1018.17,15.03,684.84,-9.78,1
88644,34,70,60,762,0,11,0,24.69,1018.18,15.02,677.93,-9.78,1
89640,33,70,60,762,0,11,0,24.69,1018.18,15.03,678.61,-9.78,1
90636,33,70,61,761,0,11,0,24.69,1018.18,15.02,677.25,-9.78,1
91632,33,71,61,761,0,11,0,24.69,1018.18,15.02,682.06,-9.78,1
92628,33,71,61,761,0,11,0,24.69,1018.18,15.03,680.68,-9.70,1
93624,33,70,61,762,0,10,0,24.69,1018.17,15.04,677.93,-9.70,1
94620,34,70,61,762,0,11,0,24.69,1018.17,15.04,682.06,-9.70,1
95616,33,70,60,762,0,10,0,24.69,1018.17,15.04,683.45,-9.78,1
96612,34,71,60,762,0,11,0,24.69,1018.18,15.04,679.30,-9.78,1
97608,34,70,60,761,0,12,0,24.69,1018.18,15.04,672.50,-9.78,1
98604,34,71,61,762,0,10,0,24.69,1018.18,15.04,686.24,-9.78,1
99600,33,71,60,762,0,11,0,24.69,1018.18,15.04,686.24,-9.62,1
100596,33,71,60,762,0,11,0,24.69,1018.16,15.04,683.45,-9.70,1
101592,34,71,60,762,0,11,0,24.69,1018.17,15.03,681.37,-9.78,1
102588,33,70,61,762,0,11,0,24.69,1018.18,15.04,686.94,-9.78,1
103584,33,70,61,762,0,11,0,24.69,1018.18,15.04,684.84,-9.78,1
104580,34,70,61,762,0,11,0,24.69,1018.18,15.04,684.14,-9.78,1
105576,34,71,61,762,0,11,0,24.69,1018.18,15.05,686.94,-9.70,1
106572,34,71,60,762,0,11,0,24.69,1018.17,15.05,682.06,-9.70,1
107568,34,70,61,763,0,11,0,24.69,1018.17,15.07,683.45,-9.78,1
108564,34,71,61,763,0,11,0,24.69,1018.18,15.09,682.06,-9.70,1
109560,33,71,61,762,0,11,0,24.68,1018.17,15.10,679.30,-9.62,1
110556,33,70,61,763,0,11,0,24.68,1018.16,15.12,682.06,-9.62,1
111552,34,71,61,763,0,10,0,24.68,1018.16,15.14,682.06,-9.62,1
112548,33,70,60,763,0,11,0,24.68,1018.16,15.16,679.99,-9.70,1
113544,33,70,61,763,0,11,0,24.68,1018.17,15.17,680.68,-9.70,1
114540,34,71,61,763,0,11,0,24.68,1018.17,15.19,684.14,-9.70,1
115536,34,70,61,763,0,11,0,24.68,1018.17,15.20,681.37,-9.78,1
116532,34,70,61,764,0,11,0,24.68,1018.18,15.21,676.56,-9.78,1
117528,33,71,61,763,0,11,0,24.68,1018.18,15.21,677.25,-9.78,1
118524,33,71,60,763,0,11,0,24.68,1018.18,15.22,680.68,-9.78,1
119520,34,71,61,763,0,11,0,24.68,1018.18,15.22,679.30,-9.70,0
120516,33,70,61,763,0,11,0,24.68,1018.17,15.22,685.54,-9.78,0
121512,33,70,61,763,0,11,0,24.68,1018.18,15.23,679.30,-9.78,0
122508,34,71,61,763,0,11,0,24.68,1018.18,15.23,676.56,-9.70,0
123504,34,70,61,762,0,11,0,24.68,1018.17,15.24,677.93,-9.70,0
124500,34,70,61,763,0,11,0,24.68,1018.17,15.25,675.88,-9.78,0
125496,33,71,61,763,0,11,0,24.68,1018.18,15.25,677.93,-9.78,0
126492,34,71,61,763,0,11,0,24.68,1018.18,15.25,674.53,-9.78,0
127488,34,71,61,763,0,11,0,24.68,1018.18,15.26,673.85,-9.70,0
128484,34,71,61,763,0,11,0,24.68,1018.17,15.26,676.56,-9.78,0
129480,34,71,61,762,0,11,0,24.68,1018.18,15.26,672.50,-9.78,0
130476,33,71,61,764,0,11,0,24.68,1018.18,15.26,673.85,-9.70,0
131472,35,71,61,762,0,11,0,24.68,1018.17,15.27,677.25,-9.78,0
132468,34,71,61,763,0,12,0,24.68,1018.18,15.28,673.85,-9.70,0
133464,34,70,61,763,0,11,0,24.68,1018.17,15.27,674.53,-9.70,0
134460,34,71,62,762,0,11,0,24.68,1018.17,15.26,673.17,-9.70,0
135456,34,70,60,762,0,10,0,24.68,1018.17,15.26,677.25,-9.62,0
136452,34,71,62,762,0,11,0,24.68,1018.16,15.27,674.53,-9.62,0
137448,34,71,62,763,0,11,0,24.68,1018.16,15.27,673.17,-9.54,0
138444,34,71,61,763,0,11,0,24.68,1018.15,15.26,676.56,-9.62,0
139440,34,71,61,762,0,10,0,24.68,1018.16,15.26,679.30,-9.54,0
140436,34,71,62,762,0,11,0,24.68,1018.15,15.26,676.56,-9.62,0
141432,34,70,61,762,0,11,0,24.68,1018.16,15.24,678.61,-9.54,0
142428,34,71,62,762,0,11,0,24.68,1018.15,15.25,676.56,-9.54,0
143424,34,71,62,762,0,11,0,24.67,1018.15,15.25,674.53,-9.54,0
144420,34,71,61,762,0,11,0,24.67,1018.15,15.24,677.25,-9.54,0
145416,34,71,61,762,0,11,0,24.67,1018.15,15.22,679.30,-9.62,0
146412,34,71,61,762,0,11,0,24.67,1018.16,15.22,677.93,-9.54,0
147408,34,71,61,763,0,11,0,24.67,1018.15,15.21,677.93,-9.62,0
148404,34,71,61,762,0,11,0,24.67,1018.16,15.21,676.56,-9.70,0
149400,34,71,61,762,0,11,0,24.67,1018.17,15.21,677.25,-9.62,0
150396,34,71,61,763,0,11,0,24.67,1018.16,15.20,676.56,-9.62,0
151392,34,71,61,762,0,11,0,24.67,1018.16,15.19,681.37,-9.70,0
152388,34,71,61,762,0,11,0,24.67,1018.17,15.17,682.06,-9.70,0
153384,34,71,62,762,0,11,0,24.67,1018.17,15.17,680.68,-9.70,0
154380,34,70,61,762,0,11,0,24.66,1018.17,15.17,681.37,-9.87,0
155376,34,71,61,762,0,11,0,24.67,1018.19,15.16,685.54,-9.87,0
156372,34,71,62,762,0,11,0,24.66,1018.19,15.15,683.45,-9.87,0
157368,34,71,61,762,0,11,0,24.66,1018.19,15.14,678.61,-9.87,0
158364,34,70,61,762,0,11,0,24.66,1018.19,15.14,680.68,-9.87,0
159360,34,70,61,761,0,11,0,24.66,1018.19,15.13,685.54,-9.87,0
160356,34,71,61,761,0,11,0,24.67,1018.19,15.14,684.84,-9.87,0
161352,34,71,62,762,0,10,0,24.67,1018.19,15.13,679.99,-9.78,0
162348,34,71,62,762,0,11,0,24.67,1018.18,15.11,686.24,-9.87,0
163344,34,71,61,762,0,11,0,24.67,1018.19,15.12,681.37,-9.87,0
164340,34,71,62,762,0,11,0,24.66,1018.19,15.11,682.06,-9.87,0
165336,34,71,60,762,0,11,0,24.66,1018.19,15.10,684.84,-9.95,0
166332,34,71,61,762,0,11,0,24.66,1018.20,15.10,686.94,-9.95,0
167328,34,70,61,762,0,11,0,24.66,1018.20,15.11,688.35,-9.95,0
168324,34,71,61,762,0,11,0,24.66,1018.20,15.10,683.45,-9.95,0
169320,34,71,61,762,0,11,0,24.66,1018.20,15.10,682.06,-9.95,0
170316,34,71,61,761,0,11,0,24.66,1018.20,15.09,689.05,-9.95,0
171312,34,71,61,762,0,11,0,24.66,1018.20,15.09,689.76,-9.95,0
172308,34,70,62,762,0,11,0,24.66,1018.20,15.09,685.54,-9.87,0
173304,34,70,62,762,0,11,0,24.66,1018.19,15.09,682.06,-9.95,0
174300,34,70,61,762,0,11,0,24.66,1018.20,15.08,689.76,-9.95,0
175296,34,71,61,762,0,11,0,24.66,1018.20,15.09,684.14,-9.95,0
176292,34,70,61,762,0,10,0,24.66,1018.20,15.09,683.45,-9.87,0
177288,34,70,61,762,0,11,0,24.66,1018.19,15.09,682.06,-9.87,0
178284,34,71,61,762,0,12,0,24.66,1018.19,15.09,682.06,-9.78,0
179280,33,70,61,762,0,10,0,24.66,1018.18,15.09,684.14,-9.78,0
180276,34,71,61,761,0,11,0,24.66,1018.18,15.09,682.75,-9.78,0
181272,33,71,61,762,0,11,0,24.66,1018.18,15.09,681.37,-9.78,0
182268,33,71,61,762,0,11,0,24.66,1018.18,15.10,687.64,-9.87,1
183264,34,70,61,762,0,10,0,24.66,1018.19,15.10,683.45,-9.87,1
184260,34,71,61,762,0,11,0,24.66,1018.19,15.09,685.54,-9.87,1
185256,34,71,61,762,0,10,0,24.66,1018.19,15.10,682.75,-9.87,1
186252,34,71,61,762,0,10,0,24.66,1018.19,15.09,686.24,-9.87,1
187248,33,71,61,762,0,11,0,24.66,1018.19,15.10,683.45,-9.87,1
188244,34,71,60,762,0,11,0,24.66,1018.19,15.11,681.37,-9.87,1
189240,34,71,61,762,0,11,0,24.66,1018.19,15.10,682.06,-9.78,1
190236,34,71,61,762,0,11,0,24.66,1018.18,15.10,686.24,-9.78,1
191232,33,71,61,762,0,11,0,24.66,1018.18,15.10,687.64,-9.78,1
192228,34,70,61,762,0,11,0,24.66,1018.18,15.11,683.45,-9.78,1
193224,33,71,61,762,0,11,0,24.66,1018.18,15.10,682.75,-9.70,1
194220,34,71,61,762,0,11,0,24.66,1018.17,15.11,682.06,-9.70,1
195216,34,70,61,762,0,11,0,24.66,1018.17,15.11,680.68,-9.78,1
196212,33,70,61,763,0,10,0,24.67,1018.18,15.12,682.06,-9.70,1
197208,34,71,62,762,0,10,0,24.67,1018.17,15.12,679.30,-9.70,1
198204,34,71,61,762,0,11,0,24.67,1018.17,15.13,682.06,-9.78,1
199200,34,70,61,762,0,11,0,24.67,1018.18,15.11,681.37,-9.78,1
200196,34,71,61,762,0,11,0,24.67,1018.18,15.12,682.75,-9.78,1
201192,33,71,61,762,0,10,0,24.67,1018.18,15.13,689.05,-9.78,1
202188,33,71,61,762,0,11,0,24.67,1018.18,15.12,683.45,-9.78,1
203184,34,70,61,762,0,10,0,24.67,1018.18,15.13,684.84,-9.78,1
204180,34,71,61,762,0,10,0,24.67,1018.18,15.11,681.37,-9.78,1
205176,33,71,61,761,0,10,0,24.67,1018.18,15.12,681.37,-9.87,1
206172,34,70,61,762,0,10,0,24.67,1018.19,15.12,684.84,-9.87,1
207168,33,70,61,762,0,10,0,24.67,1018.19,15.13,682.06,-9.87,1
208164,33,70,61,761,0,10,0,24.67,1018.19,15.12,683.45,-9.78,1
209160,34,71,61,761,0,10,0,24.67,1018.18,15.13,684.14,-9.78,1
210156,34,71,61,761,0,10,0,24.67,1018.18,15.12,679.30,-9.78,1
211152,34,70,61,761,0,10,0,24.67,1018.18,15.12,680.68,-9.78,1
212148,33,70,61,762,0,10,0,24.67,1018.18,15.14,679.99,-9.78,1
213144,33,70,61,761,0,11,0,24.67,1018.18,15.13,681.37,-9.78,1
214140,33,70,61,762,0,10,0,24.67,1018.18,15.13,679.30,-9.70,1
215136,34,70,61,762,0,10,0,24.67,1018.17,15.13,682.06,-9.70,1
216132,34,71,60,763,0,10,0,24.67,1018.17,15.14,684.84,-9.70,1
217128,34,71,61,763,0,10,0,24.67,1018.17,15.12,681.37,-9.78,1
218124,33,71,61,764,0,10,0,24.67,1018.18,15.11,680.68,-9.78,1
219120,34,70,62,764,0,10,0,24.67,1018.18,15.12,682.06,-9.78,1
220116,34,71,61,763,0,10,0,24.67,1018.18,15.10,681.37,-9.70,1
221112,34,71,61,762,0,10,0,24.67,1018.17,15.10,682.75,-9.62,1
222108,33,71,61,763,0,10,0,24.67,1018.16,15.09,683.45,-9.70,1
223104,34,70,61,762,0,10,0,24.67,1018.17,15.08,683.45,-9.70,1
224100,33,70,61,762,0,10,0,24.67,1018.17,15.08,688.35,-9.62,1
225096,33,70,60,762,0,10,0,24.67,1018.16,15.07,688.35,-9.70,1
226092,33,70,61,762,0,10,0,24.67,1018.17,15.07,682.75,-9.70,1
227088,34,71,61,762,0,10,0,24.67,1018.17,15.07,682.75,-9.70,1
228084,33,70,61,761,0,10,0,24.67,1018.17,15.07,689.76,-9.70,1
229080,33,70,60,761,0,10,0,24.67,1018.17,15.07,684.84,-9.78,1
230076,33,70,61,762,0,11,0,24.67,1018.18,15.07,691.89,-9.78,1
231072,33,71,61,762,0,10,0,24.67,1018.18,15.07,687.64,-9.78,1
232068,33,70,61,762,0,11,0,24.67,1018.18,15.06,686.24,-9.78,1
233064,33,70,61,761,0,11,0,24.67,1018.18,15.07,684.84,-9.78,1
234060,33,70,61,761,0,11,0,24.67,1018.18,15.05,685.54,-9.78,1
235056,32,71,61,761,0,11,0,24.67,1018.18,15.07,691.18,-9.78,1
236052,33,70,61,761,0,10,0,24.67,1018.18,15.07,686.24,-9.78,1
237048,32,70,61,762,0,12,0,24.67,1018.18,15.07,685.54,-9.78,1
238044,33,70,61,761,0,11,0,24.67,1018.18,15.07,687.64,-9.78,1
239040,33,71,61,761,0,11,0,24.67,1018.18,15.08,694.04,-9.87,1