timestamp,NO2,C2H50H,VOC,CO,Alcohol,LPG,Benzene,Temperature,Pressure,Humidity,Gas_Resistance,Altitude,State
79680,59,243,265,867,0,193,4294967295,24.81,1012.99,19.38,421.21,33.23,0
80676,59,242,265,865,0,192,4294967295,24.81,1013.0,19.37,418.06,33.23,0
81672,59,241,264,863,0,194,4294967295,24.82,1013.0,19.38,418.06,33.23,0
82668,59,240,263,863,0,190,4294967295,24.82,1013.0,19.38,414.96,33.32,0
83664,59,239,263,861,0,193,4294967295,24.82,1012.99,19.39,414.45,33.32,0
84660,59,238,262,861,0,189,4294967295,24.81,1012.99,19.39,414.96,33.32,0
85656,59,237,261,859,0,192,4294967295,24.81,1012.99,19.38,409.4,33.32,0
86652,58,236,261,858,0,186,4294967295,24.81,1012.99,19.39,406.43,33.32,0
87648,59,235,260,857,0,189,4294967295,24.81,1012.99,19.38,402.53,33.32,0
88644,59,234,259,857,0,183,4294967295,24.81,1012.99,19.38,403.5,33.32,0
89640,58,233,258,855,0,187,4294967295,24.81,1012.99,19.38,397.77,33.4,0
90636,58,232,258,854,0,186,4294967295,24.81,1012.98,19.37,391.74,33.4,0
91632,59,231,258,853,0,190,4294967295,24.81,1012.98,19.37,392.19,33.4,0
92628,58,231,257,851,0,186,4294967295,24.81,1012.98,19.38,383.68,33.48,0
93624,58,230,256,850,0,187,4294967295,24.81,1012.97,19.37,374.57,33.4,0
94620,58,229,256,851,0,221,4294967295,24.81,1012.98,19.37,363.45,33.4,0
95616,58,228,255,850,0,187,4294967295,24.81,1012.98,19.38,353.35,33.4,0
96612,57,227,254,850,0,181,4294967295,24.81,1012.98,19.38,344.51,33.4,0
97608,57,227,254,849,0,186,4294967295,24.81,1012.98,19.38,338.51,33.4,0
98604,58,225,254,850,0,186,4294967295,24.81,1012.98,19.39,332.38,33.4,0
99600,58,225,254,850,0,187,4294967295,24.81,1012.98,19.39,326.48,33.48,0
100596,57,225,253,849,0,186,4294967295,24.81,1012.97,19.38,323.92,33.48,0
101592,57,223,252,849,0,187,4294967295,24.81,1012.97,19.39,318.92,33.57,0
102588,57,223,253,849,0,184,4294967295,24.81,1012.96,19.4,314.37,33.48,0
103584,57,223,252,848,0,187,4294967295,24.81,1012.97,19.4,311.41,33.57,0
104580,57,222,252,849,0,185,4294967295,24.81,1012.96,19.4,309.66,33.57,0
105576,57,221,252,849,0,188,4294967295,24.81,1012.96,19.41,307.07,33.48,0
106572,57,221,251,849,0,187,4294967295,24.81,1012.97,19.42,306.78,33.48,0
107568,57,220,250,849,0,187,4294967295,24.81,1012.97,19.42,302.02,33.48,0
108564,56,219,250,849,0,184,4294967295,24.81,1012.97,19.42,302.29,33.57,0
109560,57,218,249,847,0,187,4294967295,24.81,1012.96,19.42,301.47,33.57,0
110556,56,218,249,846,0,186,4294967295,24.81,1012.96,19.41,302.57,33.57,0
111552,56,217,249,845,0,188,4294967295,24.81,1012.96,19.42,300.1,33.48,0
112548,56,217,248,844,0,167,4294967295,24.81,1012.97,19.42,300.92,33.57,0
113544,57,216,248,845,0,186,4294967295,24.81,1012.96,19.42,300.92,33.57,0
114540,56,216,247,845,0,172,4294967295,24.81,1012.96,19.43,303.12,33.57,0
115536,56,215,247,844,0,181,4294967295,24.81,1012.96,19.42,302.57,33.57,0
116532,56,215,247,844,0,183,4294967295,24.81,1012.96,19.43,301.74,33.57,0
117528,56,213,246,844,0,213,4294967295,24.81,1012.96,19.43,300.1,33.57,0
118524,56,213,245,843,0,183,4294967295,24.81,1012.96,19.42,299.55,33.57,0
119520,56,212,246,842,0,183,4294967295,24.81,1012.96,19.43,300.1,33.48,0
120516,56,211,245,841,0,182,4294967295,24.81,1012.97,19.43,301.47,33.48,0
121512,56,211,244,842,0,183,4294967295,24.81,1012.97,19.44,298.47,33.57,0
122508,56,211,245,841,0,183,4294967295,24.81,1012.96,19.44,298.2,33.65,0
123504,55,210,244,840,0,179,4294967295,24.81,1012.95,19.44,296.33,33.65,0
124500,56,209,244,840,0,183,4294967295,24.81,1012.95,19.44,294.75,33.65,0
125496,56,208,243,839,0,184,4294967295,24.82,1012.95,19.46,296.6,33.57,0
126492,55,208,243,839,0,180,4294967295,24.82,1012.96,19.46,294.22,33.65,0
127488,55,208,242,839,0,182,4294967295,24.82,1012.95,19.45,293.44,33.65,0
128484,56,207,242,837,0,202,4294967295,24.81,1012.95,19.45,292.66,33.65,0
129480,55,206,241,837,0,177,4294967295,24.81,1012.95,19.46,294.75,33.65,0
130476,55,206,240,836,0,181,4294967295,24.81,1012.95,19.45,293.96,33.73,0
131472,55,205,240,836,0,186,4294967295,24.81,1012.94,19.46,293.7,33.73,0
132468,55,205,240,836,0,180,4294967295,24.81,1012.94,19.46,293.18,33.73,0
133464,55,204,240,835,0,187,4294967295,24.82,1012.94,19.45,291.88,33.65,0
134460,55,204,239,835,0,178,4294967295,24.82,1012.95,19.46,291.63,33.65,0
135456,55,203,239,835,0,177,4294967295,24.82,1012.95,19.47,292.14,33.73,0
136452,54,203,239,835,0,180,4294967295,24.82,1012.94,19.46,288.07,33.82,0
137448,55,202,238,835,0,177,4294967295,24.82,1012.93,19.46,287.32,33.73,0
138444,54,202,238,835,0,176,4294967295,24.82,1012.94,19.46,285.58,33.82,0
139440,55,201,238,835,0,180,4294967295,24.82,1012.93,19.45,285.83,33.82,0
140436,54,201,238,835,0,175,4294967295,24.82,1012.93,19.46,283.13,33.82,0
141432,55,201,238,835,0,172,4294967295,24.82,1012.93,19.45,282.89,33.9,0
142428,54,200,237,835,0,176,4294967295,24.82,1012.92,19.46,281.45,33.9,0
143424,54,199,237,835,0,175,4294967295,24.82,1012.92,19.46,283.13,33.9,0
144420,55,199,236,835,0,174,4294967295,24.82,1012.92,19.45,281.69,33.82,0
145416,55,199,237,835,0,173,4294967295,24.82,1012.93,19.44,284.11,33.9,0
146412,55,199,236,836,0,174,4294967295,24.82,1012.92,19.45,284.11,33.82,0
147408,54,198,236,835,0,175,4294967295,24.82,1012.93,19.45,284.84,33.82,0
148404,54,197,236,835,0,175,4294967295,24.82,1012.93,19.44,284.6,33.82,0
149400,54,197,235,834,0,168,4294967295,24.82,1012.93,19.45,283.62,33.82,0
150396,54,197,235,834,0,174,4294967295,24.81,1012.93,19.44,284.11,33.82,0
151392,55,196,235,833,0,177,4294967295,24.81,1012.93,19.45,283.86,33.82,0
152388,54,195,235,834,0,178,4294967295,24.81,1012.93,19.44,283.62,33.82,0
153384,54,195,233,833,0,176,4294967295,24.81,1012.93,19.45,281.45,33.82,0
154380,54,195,233,833,0,175,4294967295,24.81,1012.93,19.45,282.17,33.82,0
155376,54,195,233,834,0,179,4294967295,24.81,1012.93,19.45,280.49,33.98,0
156372,54,194,233,834,0,162,4294967295,24.81,1012.91,19.47,276.73,33.98,0
157368,54,194,233,833,0,174,4294967295,24.81,1012.91,19.47,273.53,33.98,0
158364,54,193,232,831,0,178,4294967295,24.81,1012.91,19.46,272.85,33.98,0
159360,53,193,232,829,0,177,4294967295,24.81,1012.91,19.47,268.64,34.06,0
160356,54,192,231,831,0,178,4294967295,24.81,1012.9,19.48,265.83,34.06,0
161352,54,192,231,831,0,177,4294967295,24.81,1012.9,19.49,260.18,34.06,0
162348,54,191,231,831,0,184,4294967295,24.81,1012.9,19.48,255.95,33.98,0
163344,53,191,230,831,0,179,4294967295,24.81,1012.91,19.48,254.18,33.98,0
164340,54,191,230,831,0,179,4294967295,24.81,1012.91,19.48,251.66,34.06,0
165336,53,190,230,830,0,177,4294967295,24.81,1012.9,19.5,249.01,34.06,0
166332,53,190,229,829,0,178,4294967295,24.81,1012.9,19.5,248.45,34.06,0
167328,53,189,229,828,0,184,4294967295,24.81,1012.9,19.5,246.41,33.98,0
168324,53,189,229,828,0,180,4294967295,24.81,1012.91,19.49,244.95,34.06,0
169320,53,189,229,827,0,179,4294967295,24.81,1012.9,19.5,243.15,33.98,0
170316,53,188,228,827,0,180,4294967295,24.81,1012.91,19.5,242.79,33.9,0
171312,52,188,228,827,0,171,4294967295,24.81,1012.92,19.5,241.55,33.9,0
172308,53,188,228,826,0,181,4294967295,24.81,1012.92,19.51,239.45,33.9,0
173304,53,187,228,828,0,180,4294967295,24.81,1012.92,19.5,239.45,33.9,0
174300,53,187,227,829,0,179,4294967295,24.81,1012.92,19.5,239.1,33.9,0
175296,53,187,227,829,0,179,4294967295,24.82,1012.92,19.5,236.88,34.06,0
176292,53,187,227,829,0,177,4294967295,24.82,1012.9,19.5,237.05,34.06,0
177288,53,186,226,829,0,182,4294967295,24.82,1012.9,19.5,235.19,34.06,0
178284,53,186,227,828,0,182,4294967295,24.82,1012.9,19.5,234.19,34.06,0
179280,52,186,226,829,0,181,4294967295,24.82,1012.9,19.49,232.54,34.06,0
180276,53,185,226,829,0,178,4294967295,24.82,1012.9,19.49,233.2,34.06,0
181272,53,185,226,829,0,179,4294967295,24.82,1012.9,19.49,232.87,34.15,0
182268,53,184,225,829,0,184,4294967295,24.82,1012.89,19.49,234.03,34.15,1
183264,53,184,225,828,0,167,4294967295,24.82,1012.89,19.48,234.86,34.15,1
184260,53,184,225,828,0,177,4294967295,24.82,1012.89,19.48,235.36,34.23,1
185256,53,184,225,829,0,178,4294967295,24.82,1012.88,19.47,236.2,34.15,1
186252,52,183,225,831,0,177,4294967295,24.82,1012.89,19.47,237.39,34.15,1
187248,53,183,225,833,0,177,4294967295,24.82,1012.89,19.46,238.24,34.23,1
188244,52,183,225,834,0,176,4294967295,24.82,1012.88,19.46,239.62,34.15,1
189240,53,183,224,834,0,180,4294967295,24.82,1012.89,19.46,241.02,34.23,1
190236,53,183,225,834,0,178,4294967295,24.82,1012.88,19.45,242.79,34.23,1
191232,53,182,225,835,0,175,4294967295,24.82,1012.88,19.46,240.85,34.23,1
192228,53,182,224,834,0,182,4294967295,24.82,1012.88,19.46,241.2,34.23,1
193224,53,181,224,835,0,178,4294967295,24.82,1012.88,19.47,241.9,34.15,1
194220,52,182,224,838,0,182,4294967295,24.82,1012.89,19.46,241.2,34.15,1
195216,53,182,225,840,0,178,4294967295,24.82,1012.89,19.46,242.61,34.31,1
196212,53,182,225,841,0,181,4294967295,24.82,1012.87,19.47,242.97,34.23,1
197208,53,181,224,842,0,182,4294967295,24.82,1012.88,19.46,246.04,34.23,1
198204,53,181,224,842,0,184,4294967295,24.82,1012.88,19.46,246.04,34.23,1
199200,52,181,224,840,0,178,4294967295,24.82,1012.88,19.46,246.23,34.31,1
200196,53,180,225,840,0,184,4294967295,24.82,1012.87,19.46,246.78,34.31,1
201192,52,180,224,840,0,173,4294967295,24.82,1012.87,19.46,247.52,34.31,1
202188,53,180,224,839,0,186,4294967295,24.82,1012.87,19.47,248.26,34.31,1
203184,52,179,223,838,0,186,4294967295,24.82,1012.87,19.47,248.82,34.31,1
204180,52,179,223,836,0,185,4294967295,24.82,1012.87,19.46,248.26,34.31,1
205176,52,179,222,836,0,182,4294967295,24.82,1012.87,19.46,248.26,34.31,1
206172,52,179,223,834,0,183,4294967295,24.82,1012.87,19.46,247.89,34.31,1
207168,52,178,222,834,0,184,4294967295,24.82,1012.87,19.47,246.78,34.4,1
208164,52,178,221,831,0,180,4294967295,24.82,1012.86,19.46,246.23,34.4,1
209160,52,177,221,830,0,182,4294967295,24.82,1012.86,19.47,246.41,34.4,1
210156,52,177,221,829,0,182,4294967295,24.82,1012.86,19.46,246.23,34.4,1
211152,52,176,220,828,0,177,4294967295,24.82,1012.86,19.46,248.26,34.4,1
212148,52,176,221,828,0,179,4294967295,24.82,1012.86,19.47,246.04,34.4,1
213144,52,176,220,829,0,180,4294967295,24.82,1012.86,19.47,243.87,34.4,1
214140,52,175,220,829,0,182,4294967295,24.82,1012.86,19.47,241.73,34.48,1
215136,51,175,220,828,0,179,4294967295,24.82,1012.85,19.47,237.9,34.48,1
216132,52,176,220,827,0,180,4294967295,24.82,1012.85,19.48,236.2,34.48,1
217128,52,176,220,829,0,168,4294967295,24.82,1012.85,19.49,233.37,34.48,1
218124,52,175,219,834,0,172,4294967295,24.82,1012.85,19.5,232.71,34.4,1
219120,52,176,221,840,0,174,4294967295,24.82,1012.86,19.5,233.37,34.48,1
220116,52,176,221,844,0,176,4294967295,24.82,1012.85,19.48,232.38,34.4,1
221112,52,175,221,844,0,176,4294967295,24.82,1012.86,19.5,231.57,34.48,1
222108,52,175,220,842,0,179,4294967295,24.82,1012.85,19.5,231.24,34.48,1
223104,52,175,220,841,0,179,4294967295,24.82,1012.85,19.51,229.96,34.4,1
224100,52,175,220,839,0,207,4294967295,24.82,1012.86,19.5,229.0,34.4,1
225096,52,174,220,839,0,187,4294967295,24.82,1012.86,19.51,228.05,34.23,1
226092,52,174,219,837,0,181,4294967295,24.82,1012.88,19.51,225.56,34.23,1
227088,52,174,219,836,0,179,4294967295,24.82,1012.88,19.52,226.8,34.23,1
228084,52,173,218,834,0,180,4294967295,24.82,1012.88,19.52,225.87,34.31,1
229080,51,173,217,832,0,182,4294967295,24.82,1012.87,19.51,226.03,34.31,1
230076,52,173,217,830,0,181,4294967295,24.82,1012.87,19.52,226.8,34.23,1
231072,51,172,217,829,0,177,4294967295,24.82,1012.88,19.51,227.9,34.15,1
232068,52,172,216,828,0,180,4294967295,24.82,1012.89,19.52,229.64,34.15,1
233064,51,172,216,827,0,179,4294967295,24.82,1012.89,19.52,230.92,34.23,1
234060,51,171,216,825,0,201,4294967295,24.82,1012.88,19.51,231.89,34.23,1
235056,51,171,216,824,0,178,4294967295,24.81,1012.88,19.52,233.69,34.31,1
236052,51,171,215,823,0,167,4294967295,24.81,1012.87,19.51,235.53,34.31,1
237048,51,171,215,821,0,175,4294967295,24.81,1012.87,19.5,236.88,34.31,1
238044,50,170,214,821,0,176,4294967295,24.81,1012.87,19.5,237.56,34.4,1
239040,51,170,215,821,0,174,4294967295,24.81,1012.86,19.51,239.97,34.48,1
240036,51,170,214,820,0,173,4294967295,24.81,1012.85,19.51,238.76,34.48,1
241032,51,169,213,819,0,177,4294967295,24.81,1012.85,19.5,241.2,34.31,1
242028,50,169,213,818,0,183,4294967295,24.81,1012.87,19.5,242.61,34.31,1
243024,50,169,213,818,0,173,4294967295,24.81,1012.87,19.51,244.41,34.31,1
244020,51,169,213,818,0,170,4294967295,24.82,1012.87,19.5,246.04,34.4,1
245016,51,168,213,818,0,167,4294967295,24.82,1012.86,19.5,247.52,34.48,1
246012,50,168,213,818,0,167,4294967295,24.82,1012.85,19.5,249.38,34.48,1
247008,50,168,213,818,0,172,4294967295,24.82,1012.85,19.5,251.09,34.56,1
248004,51,167,212,817,0,170,4294967295,24.82,1012.84,19.49,250.52,34.56,1
249000,50,167,212,816,0,169,4294967295,24.82,1012.84,19.5,251.85,34.56,1
249996,50,167,211,816,0,166,4294967295,24.82,1012.84,19.49,254.77,34.65,1
250992,50,166,210,815,0,157,4294967295,24.81,1012.83,19.49,252.43,34.56,1
251988,50,166,211,815,0,169,4294967295,24.81,1012.84,19.49,250.52,34.65,1
252984,50,166,210,815,0,158,4294967295,24.81,1012.83,19.48,250.71,34.56,1
253980,51,166,211,815,0,188,4294967295,24.81,1012.84,19.47,251.66,34.56,1
254976,50,165,210,815,0,166,4294967295,24.81,1012.84,19.5,249.76,34.65,1
255972,50,165,210,815,0,167,4294967295,24.81,1012.83,19.48,249.38,34.65,1
256968,50,166,210,817,0,164,4294967295,24.81,1012.83,19.48,249.2,34.65,1
257964,50,165,210,818,0,165,4294967295,24.81,1012.83,19.48,249.95,34.65,1
258960,51,165,210,819,0,166,4294967295,24.81,1012.83,19.48,249.38,34.73,1
259956,51,165,209,819,0,171,4294967295,24.81,1012.82,19.47,249.76,34.65,1
260952,50,164,209,819,0,163,4294967295,24.81,1012.83,19.48,249.01,34.65,1
261948,50,164,209,819,0,188,4294967295,24.81,1012.83,19.47,249.38,34.65,0
262944,50,164,209,819,0,163,4294967295,24.81,1012.83,19.48,250.14,34.65,0
263940,50,163,209,819,0,159,4294967295,24.81,1012.83,19.47,249.95,34.48,0
264936,50,164,208,817,0,166,4294967295,24.81,1012.85,19.47,253.01,34.56,0
265932,50,164,208,817,0,164,4294967295,24.81,1012.84,19.48,249.76,34.48,0
266928,50,163,208,817,0,164,4294967295,24.81,1012.85,19.47,248.26,34.56,0
267924,50,163,208,816,0,163,4294967295,24.81,1012.84,19.47,247.89,34.56,0
268920,49,163,207,815,0,160,4294967295,24.81,1012.84,19.49,246.78,34.65,0
269916,50,162,206,815,0,165,4294967295,24.81,1012.83,19.48,247.52,34.56,0
270912,50,162,208,819,0,164,4294967295,24.81,1012.84,19.47,244.41,34.48,0
271908,50,162,208,824,0,160,4294967295,24.81,1012.85,19.47,244.95,34.48,0
272904,50,162,208,827,0,185,4294967295,24.81,1012.85,19.47,245.13,34.48,0
273900,50,162,208,829,0,163,4294967295,24.81,1012.85,19.47,243.51,34.48,0
274896,50,162,208,829,0,147,4294967295,24.81,1012.85,19.48,243.51,34.4,0
275892,50,162,208,828,0,160,4294967295,24.81,1012.86,19.47,243.33,34.4,0
276888,51,161,208,827,0,160,4294967295,24.81,1012.86,19.47,243.69,34.48,0
277884,50,162,207,826,0,157,4294967295,24.81,1012.85,19.47,243.69,34.48,0
278880,50,161,207,825,0,158,4294967295,24.81,1012.85,19.47,243.87,34.56,0
279876,50,161,206,824,0,159,4294967295,24.81,1012.84,19.47,241.9,34.4,0
280872,49,161,207,823,0,160,4294967295,24.81,1012.86,19.49,241.2,34.31,0
281868,49,161,207,821,0,157,4294967295,24.81,1012.87,19.48,238.93,34.31,0
282864,50,160,206,821,0,156,4294967295,24.81,1012.87,19.49,237.9,34.31,0
283860,50,160,206,821,0,155,4294967295,24.81,1012.87,19.49,237.22,34.31,0
284856,50,160,205,820,0,159,4294967295,24.8,1012.87,19.5,237.56,34.4,0
285852,50,159,205,819,0,158,4294967295,24.8,1012.86,19.5,237.39,34.4,0
286848,50,160,205,819,0,158,4294967295,24.8,1012.86,19.5,237.56,34.4,0
287844,49,159,205,819,0,157,4294967295,24.8,1012.86,19.5,238.59,34.23,0
288840,49,159,205,820,0,159,4294967295,24.8,1012.88,19.5,238.93,34.31,0
289836,49,159,205,819,0,159,4294967295,24.8,1012.87,19.5,237.22,34.23,0
290832,49,159,205,820,0,160,4294967295,24.8,1012.88,19.51,234.52,34.23,0
291828,50,159,205,821,0,158,4294967295,24.8,1012.88,19.5,232.05,34.23,0
292824,50,159,204,821,0,155,4294967295,24.8,1012.88,19.51,229.64,34.23,0
293820,49,159,204,820,0,160,4294967295,24.8,1012.88,19.52,226.18,34.15,0
294816,50,158,205,822,0,159,4294967295,24.8,1012.89,19.51,224.03,34.15,0
295812,50,158,205,822,0,160,4294967295,24.8,1012.89,19.52,223.43,34.15,0
296808,49,157,204,822,0,160,4294967295,24.81,1012.89,19.52,220.59,34.15,0
297804,50,158,204,821,0,151,4294967295,24.81,1012.89,19.52,219.28,34.06,0
298800,50,157,203,821,0,163,4294967295,24.81,1012.9,19.52,219.57,34.15,0
299796,49,157,204,821,0,157,4294967295,24.8,1012.89,19.52,220.15,34.15,0
300792,50,157,204,821,0,163,4294967295,24.8,1012.89,19.52,219.42,34.06,0
301788,50,157,204,820,0,160,4294967295,24.81,1012.9,19.52,218.99,34.06,0
302784,50,156,203,821,0,161,4294967295,24.81,1012.9,19.52,217.26,34.06,0
303780,49,156,203,819,0,163,4294967295,24.81,1012.9,19.52,217.4,33.98,0
304776,49,157,203,819,0,161,4294967295,24.81,1012.91,19.53,217.83,34.06,0
305772,49,156,202,817,0,163,4294967295,24.81,1012.9,19.53,218.26,34.15,0
306768,50,156,202,817,0,166,4294967295,24.81,1012.89,19.52,219.13,34.23,0
307764,50,156,202,817,0,164,4294967295,24.81,1012.88,19.52,220.45,34.23,0
308760,49,156,202,816,0,159,4294967295,24.81,1012.88,19.52,221.04,34.23,0
309756,49,155,202,816,0,149,4294967295,24.81,1012.88,19.51,221.63,34.23,0
310752,49,156,201,816,0,160,4294967295,24.81,1012.88,19.51,223.43,34.06,0
311748,49,155,201,816,0,160,4294967295,24.81,1012.9,19.5,224.19,34.15,0
312744,50,155,200,814,0,163,4294967295,24.81,1012.89,19.5,224.49,34.06,0
313740,50,154,201,814,0,160,4294967295,24.81,1012.9,19.5,226.03,34.06,0
314736,49,155,201,814,0,160,4294967295,24.81,1012.9,19.51,226.03,34.15,0
315732,49,154,200,814,0,158,4294967295,24.81,1012.89,19.51,226.49,34.06,0
316728,49,154,200,815,0,159,4294967295,24.81,1012.9,19.51,227.11,34.06,0
317724,49,154,201,819,0,158,4294967295,24.81,1012.9,19.5,228.05,34.06,0
318720,49,154,201,821,0,158,4294967295,24.81,1012.9,19.5,227.9,34.06,0
319716,49,154,201,823,0,160,4294967295,24.81,1012.9,19.5,228.68,34.06,0
320712,50,154,201,825,0,158,4294967295,24.81,1012.9,19.5,229.0,34.06,0
321708,49,154,201,826,0,160,4294967295,24.81,1012.9,19.49,228.68,34.15,0
322704,49,154,201,826,0,159,4294967295,24.81,1012.89,19.49,228.84,33.98,0
323700,49,154,201,828,0,161,4294967295,24.81,1012.91,19.51,229.64,33.98,0
324696,49,154,201,829,0,161,4294967295,24.81,1012.91,19.49,228.84,33.9,0
325692,50,154,200,830,0,151,4294967295,24.81,1012.92,19.5,229.64,33.9,0
326688,49,153,201,830,0,164,4294967295,24.81,1012.92,19.5,230.6,33.9,0
327684,49,153,201,830,0,162,4294967295,24.81,1012.92,19.5,232.05,33.98,0
328680,49,153,201,830,0,164,4294967295,24.81,1012.91,19.5,233.37,34.06,0
329676,49,154,201,830,0,164,4294967295,24.81,1012.9,19.51,235.02,34.06,0
330672,49,153,201,830,0,164,4294967295,24.81,1012.9,19.51,237.05,34.06,0
331668,49,153,200,829,0,165,4294967295,24.81,1012.9,19.51,239.1,34.06,0
332664,49,152,200,829,0,164,4294967295,24.81,1012.9,19.51,241.37,33.98,0
333660,49,152,200,828,0,164,4294967295,24.81,1012.91,19.52,243.15,34.06,0
334656,50,153,200,827,0,166,4294967295,24.81,1012.9,19.52,243.87,34.06,0
335652,50,152,200,828,0,166,4294967295,24.81,1012.9,19.52,242.61,34.06,0
336648,50,152,200,827,0,164,4294967295,24.81,1012.9,19.52,242.97,34.06,0
337644,49,152,200,826,0,167,4294967295,24.81,1012.9,19.52,241.37,34.06,0
338640,49,152,199,826,0,167,4294967295,24.81,1012.9,19.52,240.32,34.15,0
339636,50,152,199,825,0,153,4294967295,24.81,1012.89,19.51,238.59,34.06,0
340632,50,152,199,825,0,165,4294967295,24.81,1012.9,19.52,238.41,34.06,0
341628,49,152,199,824,0,167,4294967295,24.81,1012.9,19.51,237.56,34.06,0
342624,50,151,199,822,0,161,4294967295,24.81,1012.9,19.51,237.22,34.06,0
343620,49,151,198,820,0,162,4294967295,24.81,1012.9,19.51,235.53,34.06,0
344616,49,150,199,820,0,166,4294967295,24.81,1012.9,19.51,236.54,34.06,1
345612,49,151,199,820,0,161,4294967295,24.81,1012.9,19.51,236.71,34.15,1
346608,50,151,198,820,0,159,4294967295,24.81,1012.89,19.51,235.53,34.15,1
347604,49,150,197,819,0,161,4294967295,24.81,1012.89,19.5,236.2,34.15,1
348600,49,150,198,819,0,161,4294967295,24.81,1012.89,19.51,235.53,34.15,1
349596,49,150,198,818,0,160,4294967295,24.81,1012.89,19.51,235.86,34.15,1
350592,49,150,197,818,0,159,4294967295,24.81,1012.89,19.51,236.2,34.15,1
351588,49,150,197,817,0,160,4294967295,24.81,1012.89,19.52,235.69,34.06,1
352584,49,150,197,816,0,161,4294967295,24.81,1012.9,19.51,237.05,34.06,1
353580,48,149,196,815,0,159,4294967295,24.81,1012.9,19.52,238.93,34.15,1
354576,49,150,196,814,0,160,4294967295,24.82,1012.89,19.52,239.62,34.06,1
355572,49,149,196,814,0,159,4294967295,24.82,1012.9,19.51,238.24,34.06,1
356568,49,149,196,814,0,158,4294967295,24.82,1012.9,19.52,239.62,34.06,1
357564,49,148,195,814,0,154,4294967295,24.82,1012.9,19.52,240.15,34.06,1
358560,49,149,195,815,0,156,4294967295,24.82,1012.9,19.52,237.05,34.23,1
359556,48,149,195,814,0,181,4294967295,24.82,1012.88,19.53,236.03,34.23,1
360552,49,148,195,813,0,156,4294967295,24.82,1012.88,19.55,234.69,34.15,1
361548,49,148,195,812,0,161,4294967295,24.82,1012.89,19.54,235.19,34.15,1
362544,49,148,195,811,0,157,4294967295,24.81,1012.89,19.54,234.36,34.15,1
363540,48,147,194,810,0,161,4294967295,24.81,1012.89,19.55,236.2,34.15,1
364536,49,148,195,809,0,154,4294967295,24.81,1012.89,19.54,236.71,34.15,1
365532,48,147,194,808,0,153,4294967295,24.81,1012.89,19.55,237.56,34.06,1
366528,48,147,194,807,0,155,4294967295,24.82,1012.9,19.56,239.28,33.98,1
367524,48,147,193,807,0,152,4294967295,24.82,1012.91,19.55,239.97,33.98,1
368520,48,146,193,807,0,152,4294967295,24.81,1012.91,19.55,241.2,33.82,1
369516,48,146,193,806,0,154,4294967295,24.82,1012.93,19.55,241.9,33.82,1
370512,48,147,193,806,0,153,4294967295,24.82,1012.93,19.56,244.23,33.82,1
371508,48,146,193,805,0,151,4294967295,24.82,1012.93,19.55,243.51,33.82,1
372504,49,146,192,805,0,151,4294967295,24.82,1012.93,19.56,242.79,33.9,1
373500,48,146,192,805,0,153,4294967295,24.82,1012.92,19.56,243.15,33.82,1
374496,48,146,192,805,0,150,4294967295,24.82,1012.93,19.55,242.08,33.9,1
375492,48,146,191,805,0,149,4294967295,24.82,1012.92,19.56,241.37,33.82,1
376488,48,145,192,805,0,151,4294967295,24.82,1012.93,19.56,241.02,33.73,1
377484,48,145,192,806,0,170,4294967295,24.82,1012.94,19.55,243.15,33.73,1
378480,49,145,192,806,0,148,4294967295,24.82,1012.94,19.56,242.26,33.73,1
379476,48,145,192,807,0,149,4294967295,24.82,1012.94,19.55,242.97,33.73,1
380472,48,145,192,807,0,149,4294967295,24.82,1012.94,19.55,241.2,33.65,0
381468,49,145,191,807,0,149,4294967295,24.82,1012.95,19.55,244.59,33.65,0
382464,48,145,192,807,0,151,4294967295,24.82,1012.95,19.54,243.33,33.65,0
383460,49,144,190,808,0,148,4294967295,24.82,1012.95,19.55,242.08,33.65,0
384456,49,145,190,810,0,148,4294967295,24.82,1012.95,19.56,244.59,33.65,0
385452,48,145,191,812,0,148,4294967295,24.82,1012.95,19.55,241.02,33.65,0
386448,48,144,192,814,0,150,4294967295,24.82,1012.95,19.55,241.73,33.73,0
387444,49,145,191,816,0,149,4294967295,24.82,1012.94,19.55,239.97,33.73,0
388440,49,145,192,819,0,150,4294967295,24.82,1012.94,19.56,238.59,33.65,0
389436,49,145,192,821,0,150,4294967295,24.82,1012.95,19.56,239.62,33.65,0
390432,49,145,192,822,0,150,4294967295,24.82,1012.95,19.55,238.76,33.65,0
391428,49,145,191,821,0,152,4294967295,24.82,1012.95,19.56,239.1,33.57,0
392424,48,144,191,820,0,153,4294967295,24.82,1012.96,19.57,239.62,33.57,0
393420,49,144,190,818,0,152,4294967295,24.82,1012.96,19.57,237.39,33.57,0
394416,48,144,191,817,0,153,4294967295,24.82,1012.96,19.57,237.05,33.48,0
395412,48,144,190,815,0,155,4294967295,24.82,1012.97,19.57,233.86,33.4,0
396408,48,143,190,814,0,151,4294967295,24.82,1012.98,19.56,233.86,33.4,0
397404,48,143,190,813,0,152,4294967295,24.82,1012.98,19.56,233.86,33.4,0
398400,48,143,190,813,0,153,4294967295,24.82,1012.98,19.58,233.37,33.48,0
399396,48,143,190,812,0,155,4294967295,24.82,1012.97,19.57,233.53,33.57,0
400392,49,143,189,811,0,153,4294967295,24.82,1012.96,19.57,231.57,33.65,0
401388,48,142,190,811,0,150,4294967295,24.82,1012.95,19.58,230.12,33.57,0
402384,48,142,190,811,0,156,4294967295,24.82,1012.96,19.58,231.24,33.65,0
403380,48,143,188,812,0,153,4294967295,24.82,1012.95,19.59,229.96,33.65,0
404376,48,142,189,812,0,154,4294967295,24.82,1012.95,19.59,229.0,33.65,0
405372,48,143,188,811,0,152,4294967295,24.82,1012.95,19.59,229.64,33.65,0
406368,47,142,189,811,0,154,4294967295,24.82,1012.95,19.6,230.92,33.65,0
407364,48,142,189,812,0,154,4294967295,24.82,1012.95,19.61,233.04,33.65,0
408360,48,142,189,812,0,150,4294967295,24.82,1012.95,19.6,231.08,33.65,0
409356,48,142,188,811,0,154,4294967295,24.82,1012.95,19.61,231.89,33.65,0
410352,48,142,188,810,0,150,4294967295,24.82,1012.95,19.61,231.89,33.65,0
411348,48,141,188,810,0,149,4294967295,24.82,1012.95,19.61,233.53,33.57,0
412344,48,142,188,810,0,152,4294967295,24.82,1012.96,19.62,234.86,33.57,0
413340,48,141,188,811,0,152,4294967295,24.82,1012.96,19.61,235.36,33.57,0
414336,48,141,188,812,0,152,4294967295,24.82,1012.96,19.6,235.53,33.57,0
415332,48,142,188,813,0,149,4294967295,24.82,1012.96,19.62,236.88,33.48,0
416328,48,141,188,813,0,150,4294967295,24.82,1012.97,19.62,236.2,33.48,0
417324,48,141,188,813,0,152,4294967295,24.82,1012.97,19.6,237.9,33.4,0
418320,48,141,188,812,0,152,4294967295,24.82,1012.98,19.59,235.69,33.4,0
419316,48,141,187,812,0,149,4294967295,24.82,1012.98,19.6,237.56,33.4,0
420312,48,141,187,812,0,150,4294967295,24.82,1012.98,19.59,236.88,33.32,0
421308,48,141,186,811,0,149,4294967295,24.82,1012.99,19.61,237.9,33.23,0
422304,48,141,187,811,0,149,4294967295,24.82,1013.0,19.6,238.93,33.23,0
423300,48,141,187,812,0,148,4294967295,24.82,1013.0,19.59,239.45,33.23,0
424296,48,140,187,813,0,148,4294967295,24.82,1013.0,19.59,240.85,33.32,0
425292,47,140,186,813,0,148,4294967295,24.82,1012.99,19.58,240.85,33.32,0
426288,48,141,187,812,0,145,4294967295,24.82,1012.99,19.59,242.61,33.4,0
427284,48,140,187,812,0,148,4294967295,24.82,1012.98,19.58,242.43,33.4,0
428280,48,140,186,813,0,144,4294967295,24.82,1012.98,19.58,243.51,33.4,0
429276,48,140,186,813,0,149,4294967295,24.82,1012.98,19.58,242.08,33.4,0
430272,48,140,187,814,0,163,4294967295,24.82,1012.98,19.57,238.41,33.48,0
431268,48,140,186,814,0,152,4294967295,24.82,1012.97,19.58,236.2,33.57,0
432264,48,139,186,814,0,153,4294967295,24.82,1012.96,19.58,229.64,33.57,0
433260,48,140,186,814,0,152,4294967295,24.82,1012.96,19.59,226.33,33.57,0
434256,48,140,186,815,0,154,4294967295,24.82,1012.96,19.59,221.04,33.57,0
435252,48,139,186,815,0,154,4294967295,24.82,1012.96,19.59,216.97,33.57,0
436248,48,140,186,816,0,157,4294967295,24.82,1012.96,19.6,215.28,33.57,0
437244,48,140,186,817,0,156,4294967295,24.82,1012.96,19.59,214.03,33.57,0
438240,48,140,185,817,0,159,4294967295,24.82,1012.96,19.6,213.89,33.57,0
439236,48,139,185,815,0,155,4294967295,24.82,1012.96,19.59,214.16,33.48,0
440232,48,138,186,814,0,160,4294967295,24.82,1012.97,19.59,213.89,33.48,0
441228,48,139,185,815,0,155,4294967295,24.82,1012.97,19.6,212.51,33.48,0
442224,47,139,185,815,0,153,4294967295,24.82,1012.97,19.6,210.62,33.48,0
443220,48,139,186,817,0,157,4294967295,24.82,1012.97,19.62,207.71,33.4,0
444216,48,139,186,817,0,170,4294967295,24.82,1012.98,19.6,208.89,33.48,0
445212,47,139,185,817,0,157,4294967295,24.83,1012.97,19.61,204.37,33.48,0
446208,48,138,185,817,0,158,4294967295,24.83,1012.97,19.63,201.99,33.48,0
447204,48,139,185,816,0,161,4294967295,24.83,1012.97,19.62,199.31,33.48,0
448200,48,138,185,816,0,160,4294967295,24.83,1012.97,19.63,198.0,33.4,0
449196,48,138,184,815,0,156,4294967295,24.83,1012.98,19.64,196.12,33.4,0
450192,48,138,184,815,0,158,4294967295,24.83,1012.98,19.64,196.35,33.4,0
451188,48,138,185,814,0,148,4294967295,24.83,1012.98,19.64,194.62,33.4,0
452184,48,138,184,814,0,160,4294967295,24.83,1012.98,19.64,193.71,33.32,0
453180,48,138,184,813,0,161,4294967295,24.83,1012.99,19.63,193.37,33.4,0
454176,47,137,184,812,0,159,4294967295,24.83,1012.98,19.63,194.51,33.4,0
455172,48,138,184,811,0,158,4294967295,24.83,1012.98,19.63,193.25,33.4,0
456168,48,137,184,810,0,159,4294967295,24.83,1012.98,19.63,194.96,33.4,0
457164,48,137,184,811,0,162,4294967295,24.83,1012.98,19.63,194.51,33.48,0
458160,48,137,184,811,0,157,4294967295,24.83,1012.97,19.62,195.08,33.48,0
459156,48,138,183,812,0,156,4294967295,24.83,1012.97,19.62,197.65,33.48,0
460152,48,137,183,812,0,160,4294967295,24.83,1012.97,19.61,197.88,33.48,0
461148,48,137,183,813,0,155,4294967295,24.83,1012.97,19.6,200.28,33.4,0
462144,48,137,183,812,0,145,4294967295,24.83,1012.98,19.6,202.12,33.4,0
463140,48,137,183,813,0,156,4294967295,24.83,1012.98,19.59,201.99,33.4,0
464136,48,137,183,814,0,157,4294967295,24.83,1012.98,19.59,202.49,33.4,0
465132,48,137,183,814,0,156,4294967295,24.83,1012.98,19.58,202.49,33.4,0
466128,48,137,183,817,0,157,4294967295,24.83,1012.98,19.58,201.87,33.4,0
467124,48,137,183,818,0,160,4294967295,24.83,1012.98,19.57,201.5,33.4,0
468120,47,136,184,819,0,158,4294967295,24.83,1012.98,19.58,202.12,33.32,0
469116,48,137,184,821,0,160,4294967295,24.84,1012.99,19.58,202.12,33.32,0
470112,48,137,183,821,0,145,4294967295,24.84,1012.99,19.57,202.99,33.23,0
471108,48,137,183,821,0,158,4294967295,24.84,1013.0,19.56,202.86,33.23,0
472104,48,137,183,821,0,162,4294967295,24.84,1013.0,19.57,201.38,33.23,0
473100,48,136,183,820,0,158,4294967295,24.84,1013.0,19.56,201.87,33.23,0
474096,48,136,184,820,0,158,4294967295,24.84,1013.0,19.55,201.38,33.23,1
475092,48,136,182,819,0,156,4294967295,24.84,1013.0,19.55,202.61,33.15,1
476088,47,136,183,820,0,157,4294967295,24.83,1013.01,19.55,201.87,33.23,1
477084,48,136,183,820,0,178,4294967295,24.83,1013.0,19.55,203.11,33.15,1
478080,48,136,183,820,0,158,4294967295,24.83,1013.01,19.56,205.13,33.23,1
479076,48,137,183,820,0,150,4294967295,24.83,1013.0,19.55,202.12,33.23,1
480072,48,136,183,820,0,156,4294967295,24.83,1013.0,19.55,202.74,33.23,1
481068,48,136,182,820,0,160,4294967295,24.83,1013.0,19.54,200.16,33.15,1
482064,48,136,183,821,0,156,4294967295,24.83,1013.01,19.55,199.19,33.15,1
483060,48,136,183,821,0,175,4294967295,24.83,1013.01,19.56,199.31,33.07,1
484056,48,136,183,823,0,158,4294967295,24.83,1013.02,19.56,197.53,32.98,1
485052,48,136,183,823,0,156,4294967295,24.83,1013.03,19.56,197.88,32.9,1
486048,48,136,183,823,0,160,4294967295,24.83,1013.04,19.56,197.29,32.9,1
487044,48,135,183,824,0,160,4294967295,24.83,1013.04,19.55,196.47,32.98,1
488040,48,136,182,823,0,146,4294967295,24.83,1013.03,19.56,196.47,32.98,1
489036,48,136,183,824,0,162,4294967295,24.83,1013.03,19.56,196.24,32.98,1
490032,48,136,183,824,0,161,4294967295,24.83,1013.03,19.56,194.62,32.98,1
491028,48,136,183,824,0,164,4294967295,24.83,1013.03,19.56,195.43,32.98,1
492024,48,136,183,823,0,161,4294967295,24.83,1013.03,19.57,194.96,33.07,1
493020,48,135,182,823,0,162,4294967295,24.83,1013.02,19.56,198.12,32.98,1
494016,48,135,182,822,0,161,4294967295,24.83,1013.03,19.56,198.48,33.07,1
495012,48,135,182,822,0,165,4294967295,24.83,1013.02,19.56,200.4,32.98,1
496008,48,135,182,821,0,162,4294967295,24.83,1013.03,19.56,200.77,33.07,1
497004,48,135,182,820,0,160,4294967295,24.83,1013.02,19.56,202.49,32.98,1
498000,48,135,182,820,0,165,4294967295,24.83,1013.03,19.56,202.74,32.98,1
498996,48,135,182,818,0,163,4294967295,24.83,1013.03,19.56,203.86,32.98,1
499992,48,135,181,819,0,162,4294967295,24.83,1013.03,19.56,203.86,32.9,1
500988,47,135,181,818,0,161,4294967295,24.83,1013.04,19.57,204.37,32.9,1
501984,47,134,182,817,0,159,4294967295,24.83,1013.04,19.57,204.87,32.9,1
502980,48,135,181,817,0,161,4294967295,24.83,1013.04,19.56,204.87,32.98,0
503976,47,135,181,816,0,161,4294967295,24.83,1013.03,19.57,205.13,32.9,0
504972,48,134,181,816,0,159,4294967295,24.83,1013.04,19.56,205.0,32.9,0
505968,48,135,181,816,0,161,4294967295,24.83,1013.04,19.56,205.89,32.9,0
506964,47,134,181,815,0,161,4294967295,24.83,1013.04,19.57,206.79,32.98,0
507960,48,134,180,814,0,154,4294967295,24.83,1013.03,19.58,206.93,32.98,0
508956,48,133,181,814,0,160,4294967295,24.83,1013.03,19.57,206.15,32.9,0
509952,48,134,180,815,0,160,4294967295,24.83,1013.04,19.57,207.71,32.9,0
510948,47,134,181,822,0,158,4294967295,24.83,1013.04,19.56,206.93,32.9,0
511944,48,135,182,831,0,159,4294967295,24.83,1013.04,19.57,207.18,32.9,0
512940,48,135,183,836,0,159,4294967295,24.83,1013.04,19.57,206.79,32.9,0
513936,48,135,182,836,0,157,4294967295,24.83,1013.04,19.57,205.89,32.98,0
514932,48,135,183,835,0,157,4294967295,24.84,1013.03,19.57,204.62,32.98,0
515928,48,135,183,835,0,159,4294967295,24.84,1013.03,19.58,205.64,32.98,0
516924,48,135,183,836,0,175,4294967295,24.84,1013.03,19.57,204.37,32.98,0
517920,48,135,182,834,0,159,4294967295,24.84,1013.03,19.57,204.75,32.98,0
518916,48,135,182,834,0,157,4294967295,24.84,1013.03,19.58,204.37,33.07,0
519912,48,135,182,832,0,158,4294967295,24.84,1013.02,19.58,203.11,32.98,0
520908,48,134,182,831,0,157,4294967295,24.84,1013.03,19.58,203.61,32.98,0
521904,48,135,182,830,0,158,4294967295,24.84,1013.03,19.58,202.24,32.98,0
522900,47,134,181,830,0,155,4294967295,24.84,1013.03,19.57,203.99,32.98,0
523896,48,134,182,829,0,156,4294967295,24.84,1013.03,19.58,203.11,32.98,0
524892,48,134,181,828,0,155,4294967295,24.84,1013.03,19.57,202.37,32.98,0
525888,48,134,182,829,0,159,4294967295,24.84,1013.03,19.57,202.61,32.9,0
526884,48,134,182,829,0,156,4294967295,24.84,1013.04,19.57,204.37,32.98,0
527880,48,134,182,828,0,156,4294967295,24.84,1013.03,19.57,203.11,32.9,0
528876,47,134,181,828,0,157,4294967295,24.84,1013.04,19.57,203.49,32.98,0
529872,48,134,181,827,0,157,4294967295,24.84,1013.03,19.57,204.24,32.98,0
530868,48,133,181,827,0,155,4294967295,24.84,1013.03,19.56,204.87,32.98,0
531864,48,133,180,825,0,156,4294967295,24.84,1013.03,19.56,205.51,32.98,0
532860,48,134,181,825,0,157,4294967295,24.84,1013.03,19.56,205.89,32.98,0
533856,48,133,181,825,0,157,4294967295,24.84,1013.03,19.56,207.71,32.9,0
534852,48,133,180,824,0,156,4294967295,24.84,1013.04,19.57,209.55,32.9,0
535848,48,133,181,822,0,148,4294967295,24.84,1013.04,19.56,210.21,32.9,0
536844,48,133,180,821,0,158,4294967295,24.84,1013.04,19.55,211.69,32.82,0
537840,48,133,180,820,0,155,4294967295,24.84,1013.05,19.55,210.75,32.9,0
538836,48,133,180,819,0,156,4294967295,24.84,1013.04,19.53,211.97,32.9,0
539832,47,133,179,818,0,149,4294967295,24.84,1013.04,19.54,212.24,32.9,0
540828,47,133,179,816,0,154,4294967295,24.84,1013.04,19.55,214.03,32.9,0
541824,48,132,179,816,0,153,4294967295,24.84,1013.04,19.55,213.47,32.82,0
542820,47,132,179,815,0,155,4294967295,24.84,1013.05,19.54,214.16,32.82,0
543816,48,132,179,814,0,155,4294967295,24.84,1013.05,19.55,214.16,32.82,0
544812,48,132,178,815,0,154,4294967295,24.84,1013.05,19.55,214.16,32.82,0
545808,47,132,179,814,0,150,4294967295,24.84,1013.05,19.55,214.44,32.82,0
546804,47,132,179,814,0,178,4294967295,24.84,1013.05,19.54,212.65,32.82,0
547800,47,132,178,814,0,154,4294967295,24.84,1013.05,19.55,214.3,32.82,0
548796,47,132,178,813,0,153,4294967295,24.84,1013.05,19.54,212.37,32.82,0
549792,47,132,178,813,0,150,4294967295,24.84,1013.05,19.55,215.28,32.82,0
550788,47,132,178,813,0,152,4294967295,24.84,1013.05,19.55,212.92,32.82,0
551784,47,131,177,813,0,149,4294967295,24.84,1013.05,19.55,214.44,32.9,0
552780,47,131,177,812,0,151,4294967295,24.84,1013.04,19.56,216.83,32.9,0
553776,47,131,177,812,0,141,4294967295,24.84,1013.04,19.55,217.12,32.98,0
554772,47,131,178,811,0,148,4294967295,24.84,1013.03,19.55,217.83,32.9,0
555768,47,131,177,812,0,152,4294967295,24.84,1013.04,19.54,217.69,32.9,0
556764,47,131,177,811,0,149,4294967295,24.84,1013.04,19.56,218.84,32.98,0
557760,47,130,178,812,0,149,4294967295,24.85,1013.03,19.55,221.33,32.9,0
558756,47,131,177,813,0,149,4294967295,24.85,1013.04,19.54,219.86,32.9,0
559752,47,131,177,812,0,148,4294967295,24.85,1013.04,19.53,220.74,32.9,0
560748,47,131,177,812,0,148,4294967295,24.85,1013.04,19.55,222.23,32.9,0
561744,47,130,177,814,0,147,4294967295,24.85,1013.04,19.53,221.93,32.82,1
562740,47,131,177,814,0,147,4294967295,24.85,1013.05,19.55,222.38,32.9,1
563736,48,130,178,816,0,148,4294967295,24.85,1013.04,19.54,226.33,32.9,1
564732,47,131,177,817,0,147,4294967295,24.85,1013.04,19.53,225.72,32.9,1
565728,48,131,178,819,0,141,4294967295,24.85,1013.04,19.52,226.03,32.82,1
566724,48,130,177,819,0,148,4294967295,24.85,1013.05,19.52,226.49,32.82,1
567720,48,130,177,820,0,139,4294967295,24.85,1013.05,19.51,228.37,32.82,1
568716,48,131,178,819,0,146,4294967295,24.85,1013.05,19.53,230.12,32.9,1
569712,48,131,177,819,0,145,4294967295,24.85,1013.04,19.52,230.76,32.9,1
570708,48,130,177,819,0,144,4294967295,24.85,1013.04,19.51,232.38,32.9,1
571704,47,131,177,820,0,147,4294967295,24.85,1013.04,19.51,232.54,32.98,1
572700,47,130,177,820,0,146,4294967295,24.85,1013.03,19.51,232.54,32.98,1
573696,47,131,177,820,0,147,4294967295,24.85,1013.03,19.53,233.04,32.98,1
574692,48,131,177,822,0,145,4294967295,24.85,1013.03,19.52,233.53,32.9,1
575688,48,131,177,822,0,145,4294967295,24.85,1013.04,19.52,230.12,32.98,1
576684,48,130,177,823,0,147,4294967295,24.85,1013.03,19.53,224.95,32.98,1
577680,47,130,177,821,0,147,4294967295,24.85,1013.03,19.52,223.43,32.98,1
578676,47,129,176,821,0,149,4294967295,24.85,1013.03,19.53,219.71,32.98,1
579672,47,130,177,819,0,145,4294967295,24.85,1013.03,19.53,219.57,32.98,1
580668,47,130,177,818,0,148,4294967295,24.85,1013.03,19.54,216.55,33.07,1
581664,47,129,176,816,0,148,4294967295,24.85,1013.02,19.54,212.51,33.07,1
582660,47,129,175,815,0,149,4294967295,24.85,1013.02,19.55,213.34,33.07,1
583656,47,129,176,813,0,165,4294967295,24.85,1013.02,19.55,212.1,32.98,1
584652,47,129,176,812,0,148,4294967295,24.85,1013.03,19.55,210.35,32.98,1
585648,47,128,175,811,0,149,4294967295,24.85,1013.03,19.55,210.88,32.98,1
586644,47,128,175,809,0,148,4294967295,24.85,1013.03,19.55,208.36,32.9,1
587640,47,129,175,808,0,134,4294967295,24.85,1013.04,19.55,207.44,32.9,1
588636,47,128,175,807,0,147,4294967295,24.85,1013.04,19.56,206.15,32.9,1
589632,46,128,174,805,0,146,4294967295,24.85,1013.04,19.57,203.49,32.98,1
590628,47,128,173,805,0,148,4294967295,24.85,1013.03,19.56,204.49,33.07,1
591624,46,128,174,804,0,145,4294967295,24.85,1013.02,19.56,205.51,33.07,1
592620,47,128,174,806,0,146,4294967295,24.85,1013.02,19.56,204.11,33.07,1
593616,47,127,174,806,0,147,4294967295,24.85,1013.02,19.55,203.99,33.07,1
594612,47,127,173,805,0,148,4294967295,24.85,1013.02,19.55,204.75,33.07,1
595608,47,128,173,805,0,145,4294967295,24.85,1013.02,19.55,203.36,33.15,1
596604,47,128,173,804,0,144,4294967295,24.85,1013.01,19.55,203.49,33.07,1
597600,47,127,173,804,0,144,4294967295,24.85,1013.02,19.54,203.86,33.07,1
598596,46,127,173,802,0,143,4294967295,24.85,1013.02,19.54,204.87,32.98,1
599592,47,127,173,801,0,143,4294967295,24.85,1013.03,19.54,205.25,32.98,1
0,45,127,173,803,0,143,4294967295,24.85,1013.03,19.54,207.31,32.98,1
996,46,127,172,802,0,141,4294967295,24.76,1013.03,19.56,207.05,32.98,1
1992,47,127,172,802,0,132,4294967295,24.75,1013.03,19.59,209.68,32.9,1
2988,47,126,172,800,0,145,4294967295,24.76,1013.04,19.61,210.35,32.98,1
3984,47,126,172,800,0,143,4294967295,24.77,1013.03,19.62,210.21,32.9,1
4980,46,126,171,799,0,141,4294967295,24.78,1013.04,19.62,211.42,32.98,1
5976,46,126,172,799,0,142,4294967295,24.79,1013.03,19.61,211.83,32.98,1
6972,46,126,171,799,0,140,4294967295,24.8,1013.03,19.62,212.51,32.98,1
7968,46,126,171,798,0,140,4294967295,24.81,1013.03,19.61,213.89,32.98,1
8964,46,126,170,798,0,138,4294967295,24.81,1013.03,19.61,215.28,32.98,1
9960,46,125,171,797,0,138,4294967295,24.82,1013.03,19.58,216.41,32.98,1
10956,46,125,170,797,0,137,4294967295,24.82,1013.03,19.58,218.99,32.98,1
11952,46,125,170,796,0,147,4294967295,24.83,1013.03,19.58,222.83,32.9,1
12948,46,126,170,796,0,137,4294967295,24.83,1013.04,19.57,222.83,32.9,1
13944,46,126,170,796,0,137,4294967295,24.83,1013.04,19.56,224.64,32.98,1
14940,46,125,170,796,0,137,4294967295,24.84,1013.03,19.56,225.1,32.98,1
15936,46,125,170,795,0,137,4294967295,24.84,1013.03,19.56,227.27,32.98,1
16932,46,125,170,796,0,155,4294967295,24.84,1013.03,19.55,228.05,32.98,1
17928,46,125,170,799,0,135,4294967295,24.84,1013.03,19.55,228.21,32.98,1
18924,46,125,170,801,0,130,4294967295,24.84,1013.03,19.56,226.65,32.9,1
19920,46,125,170,803,0,135,4294967295,24.84,1013.04,19.56,229.0,32.82,1
20916,46,125,171,806,0,135,4294967295,24.84,1013.05,19.55,227.74,32.82,1
21912,46,126,171,809,0,136,4294967295,24.84,1013.05,19.55,227.58,32.82,1
22908,46,125,171,811,0,134,4294967295,24.84,1013.05,19.55,228.84,32.82,1
23904,46,125,171,813,0,135,4294967295,24.84,1013.05,19.54,229.48,32.82,1
24900,46,125,170,812,0,135,4294967295,24.84,1013.05,19.55,229.64,32.82,1
25896,47,125,171,810,0,134,4294967295,24.84,1013.05,19.56,229.96,32.73,1
26892,46,125,170,810,0,134,4294967295,24.84,1013.06,19.55,230.44,32.73,1
27888,46,125,169,810,0,135,4294967295,24.84,1013.06,19.54,232.05,32.73,0
28884,45,125,170,810,0,145,4294967295,24.84,1013.06,19.55,232.54,32.73,0
29880,46,125,170,810,0,134,4294967295,24.84,1013.06,19.56,230.92,32.65,0
30876,46,125,170,811,0,136,4294967295,24.84,1013.07,19.54,229.8,32.65,0
31872,46,125,170,811,0,138,4294967295,24.84,1013.07,19.54,229.32,32.73,0
32868,46,125,170,811,0,134,4294967295,24.84,1013.06,19.54,229.16,32.73,0
33864,46,124,170,810,0,136,4294967295,24.84,1013.06,19.54,228.68,32.82,0
34860,46,125,169,809,0,136,4294967295,24.84,1013.05,19.55,229.64,32.9,0
35856,46,124,169,808,0,141,4294967295,24.84,1013.04,19.55,226.18,32.9,0
36852,46,124,169,808,0,136,4294967295,24.84,1013.04,19.55,225.72,32.98,0
37848,46,124,169,807,0,127,4294967295,24.84,1013.03,19.55,225.87,32.98,0
38844,46,124,169,807,0,136,4294967295,24.84,1013.03,19.54,225.25,32.98,0
39840,46,124,169,806,0,136,4294967295,24.84,1013.03,19.55,223.58,32.98,0
40836,45,124,169,805,0,137,4294967295,24.84,1013.03,19.56,223.13,32.98,0
41832,46,124,169,805,0,139,4294967295,24.84,1013.03,19.56,222.38,33.07,0
42828,46,123,168,803,0,139,4294967295,24.84,1013.02,19.56,224.03,33.07,0
43824,46,124,168,803,0,156,4294967295,24.84,1013.02,19.56,222.98,33.07,0
44820,46,124,168,802,0,137,4294967295,24.84,1013.02,19.56,222.08,33.07,0
45816,46,124,168,804,0,128,4294967295,24.84,1013.02,19.56,224.49,33.07,0
46812,46,124,169,808,0,135,4294967295,24.84,1013.02,19.56,223.88,33.07,0
47808,46,124,169,811,0,140,4294967295,24.84,1013.02,19.56,223.88,33.07,0
48804,46,124,168,812,0,142,4294967295,24.84,1013.02,19.56,224.34,33.15,0
49800,46,124,169,811,0,136,4294967295,24.84,1013.01,19.56,224.95,33.07,0
50796,46,124,168,811,0,138,4294967295,24.84,1013.02,19.55,224.19,33.07,0
51792,46,124,168,811,0,136,4294967295,24.84,1013.02,19.56,226.18,33.15,0
52788,46,124,169,811,0,127,4294967295,24.84,1013.01,19.56,224.34,33.07,0
53784,46,124,169,813,0,138,4294967295,24.84,1013.02,19.56,224.79,33.07,0
54780,46,124,168,812,0,137,4294967295,24.84,1013.02,19.56,224.95,33.07,0
55776,46,124,168,813,0,136,4294967295,24.84,1013.02,19.56,226.65,33.07,0
56772,46,124,169,813,0,139,4294967295,24.84,1013.02,19.57,226.49,33.07,0
57768,46,123,168,813,0,139,4294967295,24.84,1013.02,19.55,226.18,33.07,0
58764,46,123,168,812,0,140,4294967295,24.84,1013.02,19.57,224.79,33.07,0
59760,46,124,168,813,0,141,4294967295,24.84,1013.02,19.56,225.56,33.15,0
60756,46,124,168,814,0,139,4294967295,24.84,1013.01,19.57,223.73,33.15,0
61752,47,124,168,814,0,140,4294967295,24.84,1013.01,19.56,224.64,33.15,0
62748,46,123,168,814,0,138,4294967295,24.84,1013.01,19.55,222.23,33.15,0
63744,47,123,168,814,0,132,4294967295,24.84,1013.01,19.56,222.23,33.15,0
64740,46,124,168,814,0,139,4294967295,24.84,1013.01,19.57,219.71,33.15,0
65736,46,124,168,815,0,162,4294967295,24.84,1013.01,19.57,219.42,33.23,0
66732,46,124,168,816,0,141,4294967295,24.83,1013.0,19.58,218.12,33.23,0
67728,46,123,168,816,0,142,4294967295,24.83,1013.0,19.57,217.83,33.23,0
68724,46,123,168,818,0,139,4294967295,24.83,1013.0,19.56,218.7,33.15,0
69720,46,124,168,821,0,145,4294967295,24.83,1013.01,19.57,220.3,33.15,0
70716,46,124,168,822,0,160,4294967295,24.83,1013.01,19.57,220.89,33.23,0
71712,46,124,168,822,0,144,4294967295,24.83,1013.0,19.57,220.01,33.23,0
72708,46,124,168,821,0,140,4294967295,24.83,1013.0,19.57,219.71,33.15,0
73704,46,123,168,820,0,145,4294967295,24.84,1013.01,19.55,219.28,33.15,0
74700,46,123,168,818,0,147,4294967295,24.84,1013.01,19.56,220.01,33.23,0
75696,46,123,168,817,0,147,4294967295,24.84,1013.0,19.56,217.83,33.23,0
76692,46,123,167,815,0,146,4294967295,24.84,1013.0,19.56,219.86,33.23,0
77688,46,123,167,814,0,146,4294967295,24.84,1013.0,19.55,216.83,33.23,0
78684,46,123,168,813,0,144,4294967295,24.84,1013.0,19.55,219.57,33.23,0
79680,46,123,167,813,0,147,4294967295,24.84,1013.0,19.55,218.26,33.23,1
80676,46,123,167,812,0,146,4294967295,24.84,1013.0,19.56,218.26,33.15,1
81672,46,123,167,812,0,143,4294967295,24.84,1013.01,19.54,218.7,33.23,1
82668,46,123,167,811,0,144,4294967295,24.84,1013.0,19.55,219.28,33.15,1
83664,46,122,166,810,0,138,4294967295,24.84,1013.01,19.54,220.45,32.98,1
84660,46,122,167,809,0,144,4294967295,24.84,1013.03,19.54,219.28,32.98,1
85656,46,123,167,810,0,163,4294967295,24.84,1013.03,19.55,219.13,32.98,1
86652,46,123,166,810,0,132,4294967295,24.84,1013.03,19.54,219.13,32.9,1
87648,46,122,167,811,0,144,4294967295,24.84,1013.04,19.55,217.83,32.9,1
88644,46,122,167,811,0,143,4294967295,24.84,1013.04,19.55,217.98,32.82,1
89640,46,122,167,814,0,146,4294967295,24.83,1013.05,19.56,218.41,32.82,1
90636,46,123,167,813,0,143,4294967295,24.83,1013.05,19.56,217.55,32.73,1
91632,46,122,166,814,0,143,4294967295,24.83,1013.06,19.56,218.41,32.73,1
92628,46,123,167,813,0,143,4294967295,24.83,1013.06,19.56,217.83,32.82,1
93624,46,122,167,813,0,142,4294967295,24.83,1013.05,19.56,218.41,32.82,1
94620,46,122,167,813,0,143,4294967295,24.83,1013.05,19.56,219.86,32.82,1
95616,46,123,166,812,0,142,4294967295,24.83,1013.05,19.56,219.71,32.9,1
96612,46,122,166,813,0,133,4294967295,24.83,1013.04,19.56,221.33,32.9,1
97608,46,122,166,812,0,144,4294967295,24.83,1013.04,19.55,222.08,32.98,1
98604,45,122,166,812,0,141,4294967295,24.83,1013.03,19.56,221.63,33.07,1
99600,46,122,166,811,0,141,4294967295,24.83,1013.02,19.56,222.53,33.15,1
100596,46,122,165,810,0,141,4294967295,24.83,1013.01,19.56,222.53,33.07,1
101592,46,122,165,809,0,147,4294967295,24.83,1013.02,19.55,223.73,32.98,1
102588,45,122,166,810,0,143,4294967295,24.83,1013.03,19.55,224.34,32.98,1
103584,46,121,166,808,0,132,4294967295,24.83,1013.03,19.55,226.49,32.98,1
104580,45,121,166,808,0,142,4294967295,24.83,1013.03,19.55,228.68,32.98,1
105576,45,122,165,809,0,142,4294967295,24.83,1013.03,19.55,228.37,32.9,1
106572,45,121,165,809,0,142,4294967295,24.84,1013.04,19.54,230.92,32.98,1
107568,45,122,165,808,0,142,4294967295,24.84,1013.03,19.54,230.44,32.98,1
108564,46,121,165,809,0,140,4294967295,24.84,1013.03,19.55,230.92,32.98,1
109560,46,121,165,808,0,139,4294967295,24.84,1013.03,19.53,231.24,32.98,1
110556,46,122,164,809,0,142,4294967295,24.84,1013.03,19.54,232.22,33.07,1
111552,45,121,165,808,0,138,4294967295,24.84,1013.02,19.54,233.53,33.15,1
112548,46,121,165,809,0,140,4294967295,24.84,1013.01,19.54,232.71,33.15,1
113544,46,121,165,810,0,139,4294967295,24.84,1013.01,19.54,232.71,33.07,1
114540,46,122,165,811,0,142,4294967295,24.84,1013.02,19.55,233.53,33.15,1
115536,45,121,165,813,0,141,4294967295,24.84,1013.01,19.53,233.37,33.15,1
116532,46,122,166,816,0,135,4294967295,24.84,1013.01,19.54,233.69,33.15,1
117528,46,121,166,820,0,138,4294967295,24.84,1013.01,19.54,232.87,33.15,1
118524,46,122,166,824,0,141,4294967295,24.84,1013.01,19.54,230.92,33.15,1
119520,46,122,166,824,0,141,4294967295,24.84,1013.01,19.54,228.68,33.15,1
120516,46,122,165,822,0,142,4294967295,24.83,1013.01,19.56,224.19,33.23,1
121512,46,122,166,821,0,145,4294967295,24.83,1013.0,19.56,219.42,33.23,1
122508,46,122,166,820,0,143,4294967295,24.83,1013.0,19.56,216.55,33.23,1
123504,46,122,166,821,0,146,4294967295,24.83,1013.0,19.57,210.88,33.23,1
124500,46,122,165,821,0,147,4294967295,24.83,1013.0,19.58,206.67,33.15,1
125496,46,122,166,822,0,149,4294967295,24.84,1013.01,19.59,201.87,33.15,1
126492,46,122,166,823,0,148,4294967295,24.84,1013.01,19.6,196.35,33.15,1
127488,45,122,165,822,0,149,4294967295,24.84,1013.01,19.61,192.24,33.07,1
128484,46,121,166,821,0,153,4294967295,24.84,1013.02,19.63,187.66,33.07,1
129480,46,122,165,821,0,154,4294967295,24.84,1013.02,19.63,185.66,32.98,1
130476,46,122,166,820,0,159,4294967295,24.84,1013.03,19.63,185.36,33.15,1
131472,46,122,166,819,0,155,4294967295,24.84,1013.01,19.64,182.35,33.15,1
132468,45,120,165,818,0,173,4294967295,24.84,1013.01,19.63,180.97,33.23,1
133464,45,121,164,818,0,155,4294967295,24.84,1013.0,19.62,178.48,33.32,1
134460,45,121,165,818,0,159,4294967295,24.84,1012.99,19.62,178.67,33.32,1
135456,46,121,165,819,0,156,4294967295,24.84,1012.99,19.63,178.29,33.4,1
136452,45,121,165,818,0,157,4294967295,24.84,1012.98,19.61,179.43,33.4,1
137448,45,120,164,817,0,149,4294967295,24.84,1012.98,19.62,180.59,33.4,1
138444,46,121,165,817,0,154,4294967295,24.84,1012.98,19.62,181.17,33.48,1
139440,45,121,165,818,0,154,4294967295,24.84,1012.97,19.6,182.74,33.57,1
140436,46,121,165,819,0,152,4294967295,24.84,1012.96,19.6,184.75,33.57,0
141432,46,121,165,820,0,158,4294967295,24.84,1012.96,19.59,184.35,33.57,0
142428,46,121,165,821,0,155,4294967295,24.84,1012.96,19.59,186.81,33.57,0
143424,46,121,165,823,0,154,4294967295,24.84,1012.96,19.58,185.36,33.48,0
144420,45,121,165,824,0,155,4294967295,24.84,1012.97,19.59,187.43,33.57,0
145416,46,121,165,825,0,160,4294967295,24.84,1012.96,19.59,186.6,33.57,0
146412,46,121,165,824,0,155,4294967295,24.84,1012.96,19.58,186.18,33.57,0
147408,45,121,165,823,0,154,4294967295,24.84,1012.96,19.58,186.71,33.57,0
148404,46,121,165,822,0,146,4294967295,24.84,1012.96,19.58,187.45,33.57,0
149400,45,121,164,821,0,155,4294967295,24.84,1012.96,19.59,187.87,33.57,0
150396,45,121,165,820,0,148,4294967295,24.84,1012.96,19.59,188.84,33.65,0
151392,46,121,164,818,0,159,4294967295,24.84,1012.95,19.58,188.62,33.57,0
152388,45,120,164,818,0,154,4294967295,24.84,1012.96,19.57,189.92,33.57,0
153384,46,120,164,818,0,154,4294967295,24.84,1012.96,19.58,191.02,33.57,0
154380,46,121,164,817,0,154,4294967295,24.84,1012.96,19.57,190.58,33.57,0
155376,45,120,164,817,0,153,4294967295,24.84,1012.96,19.57,190.58,33.57,0
156372,45,120,163,816,0,152,4294967295,24.84,1012.96,19.57,192.02,33.73,0
157368,46,120,164,814,0,154,4294967295,24.84,1012.94,19.57,192.92,33.73,0
158364,45,120,163,813,0,154,4294967295,24.85,1012.94,19.56,193.25,33.73,0
159360,46,120,164,812,0,147,4294967295,24.85,1012.94,19.56,193.71,33.73,0
160356,46,120,163,812,0,154,4294967295,24.85,1012.94,19.56,194.51,33.73,0
161352,46,120,163,812,0,147,4294967295,24.85,1012.94,19.56,196.47,33.73,0
162348,46,120,163,811,0,153,4294967295,24.85,1012.94,19.56,196.12,33.65,0
163344,45,120,162,810,0,152,4294967295,24.85,1012.95,19.56,197.76,33.65,0
164340,45,120,162,809,0,151,4294967295,24.85,1012.95,19.56,199.19,33.65,0
165336,45,119,163,808,0,151,4294967295,24.85,1012.95,19.54,199.8,33.73,0
166332,45,119,163,807,0,151,4294967295,24.85,1012.94,19.54,199.92,33.73,0
167328,44,119,162,806,0,149,4294967295,24.85,1012.94,19.54,201.13,33.73,0
168324,45,119,163,806,0,148,4294967295,24.85,1012.94,19.54,201.5,33.65,0
169320,45,119,162,806,0,152,4294967295,24.85,1012.95,19.53,203.99,33.73,0
170316,45,119,163,807,0,143,4294967295,24.85,1012.94,19.54,205.25,33.82,0
171312,45,119,162,806,0,145,4294967295,24.85,1012.93,19.53,206.67,33.82,0
172308,45,119,162,805,0,148,4294967295,24.85,1012.93,19.53,208.23,33.9,0
173304,45,119,162,805,0,144,4294967295,24.85,1012.92,19.52,210.21,33.82,0
174300,45,119,161,806,0,145,4294967295,24.85,1012.93,19.52,212.65,33.82,0
175296,45,119,161,806,0,144,4294967295,24.85,1012.93,19.51,212.65,33.9,0
176292,45,119,161,807,0,145,4294967295,24.85,1012.92,19.53,214.03,33.9,0
177288,45,118,162,809,0,145,4294967295,24.85,1012.92,19.52,214.03,33.9,0
178284,45,119,161,812,0,145,4294967295,24.85,1012.92,19.52,213.75,33.9,0
179280,45,119,162,815,0,143,4294967295,24.85,1012.92,19.53,213.89,33.82,0
180276,46,119,162,815,0,143,4294967295,24.85,1012.93,19.52,213.34,33.98,0
181272,45,119,161,814,0,142,4294967295,24.85,1012.91,19.52,213.61,33.98,0
182268,45,119,162,813,0,142,4294967295,24.85,1012.91,19.53,212.65,33.9,0
183264,45,119,162,815,0,143,4294967295,24.85,1012.92,19.52,211.42,33.98,0
184260,45,119,162,818,0,142,4294967295,24.85,1012.91,19.53,212.24,33.98,0
185256,45,119,162,819,0,145,4294967295,24.85,1012.91,19.53,212.24,33.98,0
186252,46,119,162,819,0,133,4294967295,24.85,1012.91,19.53,211.56,33.98,0
187248,45,119,162,818,0,145,4294967295,24.85,1012.91,19.52,211.42,33.98,0
188244,45,119,162,817,0,150,4294967295,24.85,1012.91,19.52,209.95,33.98,0
189240,46,119,161,816,0,145,4294967295,24.85,1012.91,19.54,209.02,34.06,0
190236,45,118,162,815,0,145,4294967295,24.85,1012.9,19.54,207.84,34.06,0
191232,45,119,161,815,0,144,4294967295,24.85,1012.9,19.55,207.71,34.06,0
192228,45,119,161,814,0,144,4294967295,24.85,1012.9,19.54,207.44,34.06,0
193224,45,118,162,812,0,143,4294967295,24.85,1012.9,19.54,207.71,34.15,0
194220,44,118,161,813,0,145,4294967295,24.85,1012.89,19.56,207.97,34.15,0
195216,45,118,161,813,0,153,4294967295,24.85,1012.89,19.56,207.18,34.15,0
196212,45,118,161,814,0,144,4294967295,24.85,1012.89,19.57,209.28,34.23,0
197208,45,119,162,815,0,152,4294967295,24.84,1012.88,19.57,208.49,34.23,0
198204,45,119,162,815,0,144,4294967295,24.84,1012.88,19.56,210.08,34.23,1
199200,45,118,161,815,0,144,4294967295,24.85,1012.88,19.57,210.48,34.23,1
200196,45,119,161,814,0,142,4294967295,24.84,1012.88,19.56,213.34,34.23,1
201192,45,118,161,812,0,142,4294967295,24.84,1012.88,19.56,211.56,34.23,1
202188,45,118,161,814,0,141,4294967295,24.84,1012.88,19.57,214.03,34.23,1
203184,45,118,161,815,0,143,4294967295,24.85,1012.88,19.57,215.14,34.31,1
204180,45,118,161,816,0,143,4294967295,24.85,1012.87,19.56,215.84,34.23,1
205176,45,118,161,815,0,143,4294967295,24.85,1012.88,19.56,215.56,34.15,1
206172,45,118,160,815,0,158,4294967295,24.85,1012.89,19.57,214.16,34.15,1
207168,45,118,161,817,0,143,4294967295,24.85,1012.89,19.57,213.2,34.15,1
208164,45,118,161,817,0,156,4294967295,24.85,1012.89,19.57,212.1,34.15,1
209160,45,118,161,818,0,143,4294967295,24.85,1012.89,19.56,211.15,34.15,1
210156,45,118,161,817,0,143,4294967295,24.85,1012.89,19.57,210.08,34.23,1
211152,45,118,161,816,0,142,4294967295,24.85,1012.88,19.57,213.2,34.31,1
212148,45,118,160,815,0,142,4294967295,24.85,1012.87,19.57,211.42,34.31,1
213144,45,118,161,815,0,141,4294967295,24.85,1012.87,19.57,211.83,34.23,1
214140,45,117,161,815,0,144,4294967295,24.85,1012.88,19.56,212.51,34.31,1
215136,45,118,160,814,0,140,4294967295,24.85,1012.87,19.56,212.65,34.31,1
216132,45,118,160,814,0,142,4294967295,24.85,1012.87,19.57,212.37,34.31,1
217128,45,117,161,814,0,143,4294967295,24.85,1012.87,19.57,212.78,34.31,1
218124,45,118,161,814,0,161,4294967295,24.85,1012.87,19.56,213.47,34.31,1
219120,44,118,160,814,0,143,4294967295,24.85,1012.87,19.55,213.06,34.31,1
220116,45,117,160,814,0,144,4294967295,24.85,1012.87,19.56,213.89,34.31,1
221112,45,117,160,813,0,140,4294967295,24.85,1012.87,19.56,212.78,34.4,1
222108,45,117,159,811,0,144,4294967295,24.85,1012.86,19.57,213.06,34.48,1
223104,45,118,160,811,0,142,4294967295,24.85,1012.85,19.55,212.65,34.4,1
224100,45,118,160,811,0,143,4294967295,24.84,1012.86,19.56,214.72,34.48,1
225096,45,117,159,811,0,139,4294967295,24.84,1012.85,19.56,216.27,34.48,1
226092,45,118,160,809,0,142,4294967295,24.84,1012.85,19.55,216.55,34.48,1
227088,45,117,159,809,0,140,4294967295,24.84,1012.85,19.55,217.4,34.48,1
228084,45,117,159,807,0,138,4294967295,24.84,1012.85,19.55,217.69,34.48,1
229080,45,117,159,807,0,141,4294967295,24.85,1012.85,19.54,221.63,34.48,1
230076,44,117,159,806,0,138,4294967295,24.85,1012.85,19.55,220.3,34.48,1
231072,45,117,158,806,0,139,4294967295,24.85,1012.85,19.53,222.38,34.48,1
232068,44,117,158,805,0,136,4294967295,24.85,1012.85,19.54,225.56,34.56,1
233064,45,116,158,803,0,137,4294967295,24.85,1012.84,19.53,224.95,34.48,1
234060,45,116,157,803,0,139,4294967295,24.85,1012.85,19.53,226.8,34.48,1
235056,44,116,158,802,0,139,4294967295,24.85,1012.85,19.53,227.27,34.48,1
236052,44,116,158,801,0,137,4294967295,24.85,1012.85,19.53,228.21,34.48,1
237048,44,117,158,802,0,137,4294967295,24.85,1012.85,19.54,227.58,34.56,1
238044,44,116,158,802,0,126,4294967295,24.84,1012.84,19.53,229.0,34.56,1
239040,44,117,157,801,0,137,4294967295,24.85,1012.84,19.52,229.48,34.56,1
240036,44,115,157,800,0,126,4294967295,24.84,1012.84,19.54,232.71,34.65,1
241032,44,116,157,798,0,133,4294967295,24.84,1012.83,19.53,232.54,34.56,1
242028,44,116,157,800,0,135,4294967295,24.84,1012.84,19.54,234.03,34.65,1
243024,44,116,157,799,0,152,4294967295,24.84,1012.83,19.53,235.19,34.65,1
244020,44,116,157,799,0,133,4294967295,24.84,1012.83,19.54,234.69,34.65,1
245016,44,116,157,800,0,128,4294967295,24.84,1012.83,19.54,237.05,34.65,1
246012,44,115,157,800,0,132,4294967295,24.84,1012.83,19.55,238.93,34.65,1
247008,44,116,157,802,0,131,4294967295,24.85,1012.83,19.54,238.41,34.65,1
248004,44,116,157,805,0,132,4294967295,24.85,1012.83,19.55,239.62,34.65,1
249000,44,116,157,808,0,122,4294967295,24.84,1012.83,19.55,239.97,34.65,1
249996,44,115,157,808,0,131,4294967295,24.84,1012.83,19.54,239.8,34.65,1
250992,44,116,157,808,0,128,4294967295,24.84,1012.83,19.54,238.93,34.65,1
251988,44,116,157,809,0,129,4294967295,24.84,1012.83,19.55,239.28,34.65,1
252984,44,115,157,810,0,132,4294967295,24.84,1012.83,19.54,239.8,34.81,1
253980,44,115,157,811,0,138,4294967295,24.84,1012.81,19.55,240.32,34.81,1
254976,44,116,157,812,0,124,4294967295,24.84,1012.81,19.55,241.02,34.73,1
255972,45,116,157,816,0,133,4294967295,24.84,1012.82,19.55,241.2,34.73,1
256968,44,116,158,819,0,134,4294967295,24.84,1012.82,19.55,242.08,34.81,1
257964,45,116,158,819,0,140,4294967295,24.84,1012.81,19.55,241.73,34.81,1
258960,45,116,158,819,0,136,4294967295,24.84,1012.81,19.55,242.79,34.81,1
259956,45,116,157,819,0,145,4294967295,24.84,1012.81,19.55,242.61,34.73,1
260952,45,116,157,818,0,140,4294967295,24.84,1012.82,19.55,243.87,34.73,1
261948,44,116,157,817,0,141,4294967295,24.84,1012.82,19.55,244.41,34.73,1
262944,44,116,157,816,0,139,4294967295,24.84,1012.82,19.55,244.95,34.73,1
263940,44,116,157,815,0,143,4294967295,24.84,1012.82,19.55,242.26,34.73,1
264936,44,116,157,814,0,159,4294967295,24.84,1012.82,19.55,242.08,34.81,1
265932,44,116,157,812,0,145,4294967295,24.84,1012.81,19.55,240.67,34.9,1
266928,44,115,157,811,0,144,4294967295,24.84,1012.8,19.55,239.62,34.81,1
267924,44,116,156,810,0,143,4294967295,24.84,1012.81,19.55,240.5,34.81,1
268920,44,116,157,809,0,146,4294967295,24.84,1012.81,19.56,242.43,34.81,1
269916,44,115,156,810,0,144,4294967295,24.84,1012.81,19.56,243.87,34.81,1
270912,44,115,156,811,0,145,4294967295,24.84,1012.81,19.56,241.73,34.73,1
271908,44,115,157,812,0,143,4294967295,24.84,1012.82,19.55,241.73,34.73,1
272904,44,115,156,811,0,142,4294967295,24.84,1012.82,19.55,243.15,34.73,1
273900,44,115,156,811,0,131,4294967295,24.84,1012.82,19.55,242.61,34.81,1
274896,44,115,156,811,0,142,4294967295,24.84,1012.81,19.56,244.59,34.81,1
275892,44,116,156,811,0,144,4294967295,24.84,1012.81,19.56,244.05,34.81,1
276888,43,115,156,810,0,142,4294967295,24.84,1012.81,19.55,243.87,34.81,1
277884,44,114,156,808,0,140,4294967295,24.84,1012.81,19.55,246.59,34.81,1
278880,44,115,155,807,0,128,4294967295,24.84,1012.81,19.54,247.33,34.81,1
279876,44,115,155,807,0,140,4294967295,24.84,1012.81,19.54,249.01,34.81,1
280872,43,115,156,806,0,140,4294967295,24.84,1012.81,19.55,248.82,34.81,1
281868,44,114,155,805,0,140,4294967295,24.84,1012.81,19.54,249.76,34.81,1
282864,44,115,155,805,0,145,4294967295,24.84,1012.81,19.55,249.38,34.81,1
283860,43,114,155,803,0,139,4294967295,24.84,1012.81,19.54,251.66,34.9,1
284856,44,115,154,803,0,129,4294967295,24.84,1012.8,19.53,253.01,34.98,1
285852,44,114,155,803,0,136,4294967295,24.84,1012.79,19.53,253.4,34.98,1
286848,43,115,154,805,0,137,4294967295,24.84,1012.79,19.54,252.82,34.98,1
287844,44,115,155,805,0,147,4294967295,24.84,1012.79,19.52,253.59,34.98,1
288840,44,114,155,806,0,137,4294967295,24.84,1012.79,19.52,253.98,34.98,1
289836,44,114,155,807,0,136,4294967295,24.84,1012.79,19.52,256.94,34.9,1
290832,44,114,155,808,0,135,4294967295,24.84,1012.8,19.53,255.75,34.9,1
291828,44,115,155,809,0,137,4294967295,24.85,1012.8,19.52,256.15,34.98,1
292824,44,114,156,811,0,136,4294967295,24.85,1012.79,19.51,255.56,35.06,1
293820,44,114,155,812,0,141,4294967295,24.85,1012.78,19.52,253.59,34.98,1
294816,43,114,156,813,0,139,4294967295,24.85,1012.79,19.53,251.28,34.98,1
295812,44,114,155,812,0,138,4294967295,24.85,1012.79,19.52,251.28,35.06,1
296808,44,115,155,812,0,142,4294967295,24.85,1012.78,19.52,248.63,34.98,1
297804,44,114,155,814,0,139,4294967295,24.85,1012.79,19.53,249.38,35.06,1
298800,44,115,155,815,0,141,4294967295,24.85,1012.78,19.53,246.59,35.06,1
299796,44,115,156,815,0,138,4294967295,24.85,1012.78,19.53,246.59,35.06,1
300792,44,115,155,814,0,140,4294967295,24.85,1012.78,19.53,244.77,35.15,1
301788,44,114,155,814,0,130,4294967295,24.85,1012.77,19.53,244.59,35.15,1
302784,44,115,155,815,0,140,4294967295,24.85,1012.77,19.54,244.05,35.15,1
303780,44,114,155,813,0,141,4294967295,24.85,1012.77,19.54,243.51,35.06,1
304776,44,115,155,813,0,138,4294967295,24.85,1012.78,19.53,242.08,34.98,1
305772,44,114,155,811,0,139,4294967295,24.85,1012.79,19.53,242.26,34.98,1
306768,44,114,154,810,0,140,4294967295,24.85,1012.79,19.54,241.55,35.06,1
307764,44,114,154,808,0,144,4294967295,24.85,1012.78,19.53,241.02,35.15,1
308760,44,114,154,808,0,141,4294967295,24.85,1012.77,19.53,241.73,35.23,1
309756,43,114,154,808,0,139,4294967295,24.85,1012.76,19.55,242.08,35.15,1
310752,43,114,154,807,0,142,4294967295,24.85,1012.77,19.54,241.73,35.15,1
311748,43,114,154,808,0,139,4294967295,24.85,1012.77,19.54,242.97,35.15,1
312744,44,113,154,809,0,139,4294967295,24.85,1012.77,19.53,245.13,35.15,1
313740,44,113,154,809,0,138,4294967295,24.85,1012.77,19.55,244.59,35.15,1
314736,43,114,154,810,0,138,4294967295,24.85,1012.77,19.55,243.51,35.15,1
315732,43,113,154,809,0,140,4294967295,24.85,1012.77,19.55,242.43,35.15,1
316728,44,114,153,808,0,139,4294967295,24.85,1012.77,19.55,241.02,35.15,1
317724,44,113,154,808,0,139,4294967295,24.85,1012.77,19.56,242.97,35.15,1
318720,43,114,154,806,0,141,4294967295,24.85,1012.77,19.57,241.9,35.23,1
319716,44,113,154,806,0,150,4294967295,24.85,1012.76,19.57,242.79,35.23,1
320712,43,114,154,806,0,140,4294967295,24.85,1012.76,19.57,242.79,35.23,1
321708,43,113,153,806,0,148,4294967295,24.85,1012.76,19.57,241.73,35.23,1
322704,43,113,153,805,0,137,4294967295,24.85,1012.76,19.57,241.37,35.23,0
323700,44,114,153,806,0,139,4294967295,24.85,1012.76,19.57,240.67,35.23,0
324696,44,113,153,805,0,153,4294967295,24.85,1012.76,19.58,238.24,35.23,0
325692,43,113,153,804,0,138,4294967295,24.85,1012.76,19.57,236.54,35.15,0
326688,43,113,153,804,0,136,4294967295,24.85,1012.77,19.57,236.2,35.15,0
327684,44,113,153,804,0,136,4294967295,24.85,1012.77,19.58,236.54,35.23,0
328680,43,112,153,803,0,139,4294967295,24.85,1012.76,19.58,237.05,35.23,0
329676,43,112,153,804,0,138,4294967295,24.85,1012.76,19.58,236.2,35.23,0
330672,43,112,153,803,0,124,4294967295,24.85,1012.76,19.56,237.05,35.23,0
331668,43,113,153,803,0,138,4294967295,24.85,1012.76,19.57,238.07,35.23,0
332664,43,112,152,802,0,133,4294967295,24.85,1012.76,19.57,237.22,35.23,0
333660,43,113,152,801,0,136,4294967295,24.85,1012.76,19.56,239.1,35.23,0
334656,43,113,152,802,0,132,4294967295,24.85,1012.76,19.56,237.39,35.23,0
335652,43,112,152,801,0,133,4294967295,24.85,1012.76,19.55,237.9,35.23,0
336648,43,113,152,800,0,132,4294967295,24.85,1012.76,19.57,239.28,35.23,0
337644,43,112,152,799,0,134,4294967295,24.85,1012.76,19.57,238.07,35.23,0
338640,43,113,152,798,0,134,4294967295,24.85,1012.76,19.56,237.05,35.31,0
339636,43,112,152,798,0,133,4294967295,24.86,1012.75,19.57,237.73,35.31,0
340632,43,112,152,797,0,127,4294967295,24.85,1012.75,19.57,236.03,35.23,0
341628,43,112,152,798,0,117,4294967295,24.86,1012.76,19.57,235.53,35.23,0
342624,43,112,151,796,0,135,4294967295,24.86,1012.76,19.57,234.19,35.23,0
343620,43,112,152,797,0,127,4294967295,24.86,1012.76,19.57,230.92,35.23,0
344616,43,112,152,798,0,124,4294967295,24.86,1012.76,19.57,228.68,35.31,0
345612,43,113,152,798,0,126,4294967295,24.86,1012.75,19.57,224.79,35.23,0
346608,43,113,152,800,0,126,4294967295,24.86,1012.76,19.58,220.15,35.23,0
347604,43,112,152,803,0,134,4294967295,24.86,1012.76,19.58,215.28,35.15,0
348600,43,112,152,803,0,135,4294967295,24.86,1012.77,19.59,211.15,35.15,0
349596,43,112,152,803,0,137,4294967295,24.86,1012.77,19.6,207.97,35.06,0
350592,43,112,152,804,0,137,4294967295,24.86,1012.78,19.6,204.37,35.15,0
351588,43,112,152,806,0,130,4294967295,24.86,1012.77,19.6,202.12,35.15,0
352584,43,112,152,805,0,139,4294967295,24.86,1012.77,19.61,197.41,35.15,0
353580,43,112,152,806,0,130,4294967295,24.86,1012.77,19.62,196.24,35.15,0
354576,44,112,152,808,0,140,4294967295,24.86,1012.77,19.61,193.59,35.15,0
355572,43,112,152,811,0,140,4294967295,24.86,1012.77,19.62,189.92,35.23,0
356568,43,112,152,813,0,131,4294967295,24.86,1012.76,19.62,188.3,35.23,0
357564,44,113,152,813,0,144,4294967295,24.86,1012.76,19.62,185.14,35.23,0
358560,44,112,152,812,0,143,4294967295,24.86,1012.76,19.62,185.57,35.23,0
359556,44,112,152,812,0,147,4294967295,24.86,1012.76,19.61,183.54,35.23,0
360552,44,112,152,811,0,147,4294967295,24.86,1012.76,19.61,184.15,35.23,0
361548,43,113,152,811,0,148,4294967295,24.86,1012.76,19.62,181.76,35.23,0
362544,43,112,152,810,0,143,4294967295,24.86,1012.76,19.61,180.97,35.31,0
363540,43,111,151,809,0,146,4294967295,24.86,1012.75,19.6,180.39,35.23,0
364536,44,112,152,809,0,146,4294967295,24.86,1012.76,19.59,181.56,35.31,0
365532,44,112,152,816,0,143,4294967295,24.86,1012.75,19.6,181.76,35.31,0
366528,44,113,153,822,0,145,4294967295,24.86,1012.75,19.6,182.15,35.31,0
367524,44,112,153,826,0,146,4294967295,24.86,1012.75,19.58,180.78,35.31,0
368520,44,113,153,826,0,147,4294967295,24.85,1012.75,19.59,180.2,35.23,0
369516,44,113,153,826,0,148,4294967295,24.85,1012.76,19.59,181.17,35.23,0
370512,44,113,153,823,0,147,4294967295,24.85,1012.76,19.59,182.15,35.23,0
371508,44,113,152,821,0,151,4294967295,24.85,1012.76,19.6,182.15,35.31,0
372504,44,112,152,818,0,153,4294967295,24.85,1012.75,19.6,182.55,35.31,0
373500,44,112,152,816,0,150,4294967295,24.85,1012.75,19.6,183.34,35.31,0
374496,44,112,152,815,0,141,4294967295,24.85,1012.75,19.62,184.35,35.31,0
375492,43,112,152,813,0,149,4294967295,24.85,1012.75,19.6,184.15,35.31,0
376488,44,113,152,812,0,150,4294967295,24.85,1012.75,19.61,184.55,35.4,0
377484,44,112,151,811,0,151,4294967295,24.85,1012.74,19.62,182.94,35.4,0
378480,44,112,151,811,0,150,4294967295,24.85,1012.74,19.62,183.74,35.4,0
379476,44,112,151,810,0,147,4294967295,24.85,1012.74,19.63,184.55,35.4,0
380472,44,112,150,809,0,150,4294967295,24.85,1012.74,19.63,183.74,35.4,0
381468,43,111,151,809,0,150,4294967295,24.85,1012.74,19.63,184.55,35.31,0
382464,43,112,150,808,0,148,4294967295,24.85,1012.75,19.62,184.96,35.31,0
383460,44,112,151,807,0,148,4294967295,24.85,1012.75,19.63,186.39,35.31,0
384456,44,112,150,806,0,145,4294967295,24.85,1012.75,19.64,185.66,35.31,0
385452,43,112,151,805,0,144,4294967295,24.85,1012.75,19.63,185.55,35.23,0
386448,43,111,150,804,0,147,4294967295,24.85,1012.76,19.63,185.87,35.23,1
387444,43,112,150,804,0,145,4294967295,24.85,1012.76,19.64,188.62,35.23,1
388440,43,111,150,804,0,146,4294967295,24.85,1012.76,19.63,190.69,35.15,1
389436,43,111,150,804,0,145,4294967295,24.85,1012.77,19.64,193.14,35.15,1
390432,43,110,149,803,0,145,4294967295,24.85,1012.77,19.63,194.05,35.15,1
391428,43,111,150,803,0,144,4294967295,24.85,1012.77,19.64,194.74,35.15,1
392424,43,111,150,803,0,141,4294967295,24.85,1012.77,19.63,196.24,35.23,1
393420,43,111,149,803,0,143,4294967295,24.85,1012.76,19.63,197.53,35.23,1
394416,43,111,150,803,0,147,4294967295,24.85,1012.76,19.63,198.95,35.15,1
395412,43,111,150,804,0,141,4294967295,24.85,1012.77,19.63,199.31,35.15,1
396408,43,111,149,803,0,142,4294967295,24.85,1012.77,19.61,201.01,35.06,1
397404,43,110,150,803,0,138,4294967295,24.85,1012.78,19.61,202.37,34.98,1
398400,42,111,149,803,0,141,4294967295,24.85,1012.79,19.61,202.99,34.9,1
399396,43,111,149,802,0,139,4294967295,24.85,1012.8,19.63,205.89,34.81,1
400392,43,111,149,802,0,139,4294967295,24.85,1012.81,19.62,207.18,34.81,1
401388,43,110,150,801,0,140,4294967295,24.85,1012.81,19.62,207.18,34.9,1
402384,43,111,148,801,0,137,4294967295,24.85,1012.8,19.6,208.62,34.98,1
403380,43,111,149,800,0,138,4294967295,24.85,1012.79,19.61,211.29,35.06,1
404376,43,110,149,799,0,137,4294967295,24.85,1012.78,19.6,212.24,35.15,1
405372,43,111,149,799,0,139,4294967295,24.85,1012.77,19.61,213.34,35.15,1
406368,43,110,148,798,0,124,4294967295,24.85,1012.77,19.6,214.3,35.31,1
407364,43,110,149,799,0,137,4294967295,24.85,1012.75,19.61,215.7,35.31,1
408360,43,110,148,798,0,135,4294967295,24.86,1012.75,19.61,216.83,35.23,1
409356,43,110,148,798,0,137,4294967295,24.86,1012.76,19.59,218.55,35.31,1
410352,43,110,148,797,0,132,4294967295,24.86,1012.75,19.59,218.7,35.31,1
411348,43,110,149,797,0,133,4294967295,24.86,1012.75,19.6,218.99,35.31,1
412344,43,110,148,795,0,134,4294967295,24.86,1012.75,19.58,221.78,35.31,1
413340,42,110,148,796,0,151,4294967295,24.86,1012.75,19.58,223.13,35.31,1
414336,42,109,148,796,0,134,4294967295,24.86,1012.75,19.58,224.19,35.23,1
415332,43,110,148,796,0,133,4294967295,24.85,1012.76,19.58,227.74,35.31,1
416328,43,110,147,795,0,132,4294967295,24.85,1012.75,19.59,228.37,35.4,1
417324,43,110,147,796,0,133,4294967295,24.85,1012.74,19.58,228.68,35.48,1
418320,43,110,148,797,0,126,4294967295,24.85,1012.73,19.58,228.68,35.48,1
419316,43,109,147,796,0,130,4294967295,24.85,1012.73,19.58,228.84,35.48,1
420312,43,109,148,797,0,131,4294967295,24.85,1012.73,19.57,228.53,35.31,1
421308,43,110,148,797,0,132,4294967295,24.86,1012.75,19.58,226.49,35.31,1
422304,42,109,147,797,0,130,4294967295,24.86,1012.75,19.57,226.03,35.23,1
423300,43,109,147,798,0,122,4294967295,24.86,1012.76,19.58,224.03,35.31,1
424296,43,109,147,800,0,127,4294967295,24.86,1012.75,19.58,223.43,35.31,1
425292,42,110,147,799,0,127,4294967295,24.85,1012.75,19.59,222.83,35.31,1
426288,43,110,147,798,0,127,4294967295,24.85,1012.75,19.58,224.03,35.31,1
427284,43,110,146,797,0,131,4294967295,24.86,1012.75,19.6,223.43,35.31,1
428280,43,109,147,797,0,133,4294967295,24.85,1012.75,19.61,221.63,35.23,1
429276,43,109,147,800,0,134,4294967295,24.85,1012.76,19.58,220.15,35.23,1
430272,42,110,148,801,0,128,4294967295,24.85,1012.76,19.6,217.98,35.23,1
431268,43,109,147,802,0,123,4294967295,24.85,1012.76,19.6,217.4,35.23,1
432264,43,109,147,802,0,132,4294967295,24.85,1012.76,19.6,214.58,35.23,1
433260,43,110,147,801,0,134,4294967295,24.85,1012.76,19.62,215.14,35.23,1
434256,43,110,147,800,0,138,4294967295,24.85,1012.76,19.61,213.61,35.23,1
435252,43,109,147,801,0,135,4294967295,24.85,1012.76,19.62,211.83,35.15,1
436248,43,109,147,803,0,133,4294967295,24.85,1012.77,19.62,211.42,35.15,1
437244,43,109,147,804,0,131,4294967295,24.85,1012.77,19.62,210.88,35.15,1
438240,43,109,147,803,0,136,4294967295,24.85,1012.77,19.62,210.08,35.15,1
439236,43,109,147,801,0,155,4294967295,24.85,1012.77,19.62,210.75,35.06,1
440232,42,109,147,800,0,135,4294967295,24.85,1012.78,19.62,210.35,35.06,1
441228,43,109,147,799,0,134,4294967295,24.85,1012.78,19.63,210.35,35.06,1
442224,43,109,147,799,0,133,4294967295,24.85,1012.78,19.63,213.34,35.06,1
443220,43,108,146,798,0,135,4294967295,24.85,1012.78,19.61,213.89,35.06,1
444216,43,108,147,797,0,132,4294967295,24.85,1012.78,19.62,214.03,35.06,1
445212,42,109,146,796,0,132,4294967295,24.85,1012.78,19.62,216.69,35.06,1
446208,42,109,146,796,0,150,4294967295,24.85,1012.78,19.62,216.83,35.06,1
447204,42,109,146,794,0,132,4294967295,24.86,1012.78,19.62,218.26,35.06,1
448200,42,108,146,794,0,132,4294967295,24.85,1012.78,19.62,218.84,35.15,1
449196,42,109,146,794,0,122,4294967295,24.85,1012.77,19.62,220.3,35.15,1
450192,43,109,146,793,0,126,4294967295,24.86,1012.77,19.62,221.63,35.06,1
451188,42,108,145,793,0,127,4294967295,24.86,1012.78,19.62,222.08,35.06,1
452184,42,108,145,793,0,126,4294967295,24.86,1012.78,19.62,223.43,35.06,1
453180,43,108,145,792,0,122,4294967295,24.86,1012.78,19.62,226.03,35.06,1
454176,42,108,146,793,0,122,4294967295,24.86,1012.78,19.61,225.56,35.06,1
455172,42,108,145,792,0,116,4294967295,24.85,1012.78,19.61,227.11,35.06,1
456168,42,108,145,791,0,122,4294967295,24.85,1012.78,19.6,226.96,35.15,1
457164,42,108,145,791,0,115,4294967295,24.86,1012.77,19.6,227.9,35.15,1
458160,42,108,145,791,0,122,4294967295,24.86,1012.77,19.6,227.9,35.15,1
459156,43,108,145,793,0,122,4294967295,24.86,1012.77,19.6,229.16,35.06,1
460152,42,108,145,793,0,122,4294967295,24.86,1012.78,19.59,228.21,35.06,1
461148,43,108,144,793,0,112,4294967295,24.86,1012.78,19.59,228.21,35.15,1
462144,43,108,145,792,0,122,4294967295,24.86,1012.77,19.61,227.9,35.06,1
463140,43,107,144,791,0,122,4294967295,24.86,1012.78,19.6,227.74,35.06,1
464136,42,108,145,791,0,122,4294967295,24.86,1012.78,19.61,227.11,35.06,1
465132,42,108,145,790,0,122,4294967295,24.86,1012.78,19.61,228.53,35.06,1
466128,42,108,144,790,0,121,4294967295,24.86,1012.78,19.6,227.11,34.98,1
467124,42,108,145,790,0,122,4294967295,24.86,1012.79,19.6,226.96,35.06,1
468120,42,107,144,790,0,122,4294967295,24.86,1012.78,19.59,228.21,35.06,1
469116,42,107,144,790,0,119,4294967295,24.86,1012.78,19.58,229.16,34.98,1
470112,43,107,144,790,0,121,4294967295,24.86,1012.79,19.59,230.12,35.06,1
471108,42,107,144,790,0,122,4294967295,24.86,1012.78,19.59,232.38,35.06,1
472104,42,107,144,790,0,122,4294967295,24.86,1012.78,19.58,232.54,35.06,1
473100,43,107,144,791,0,120,4294967295,24.86,1012.78,19.57,233.37,35.06,1
474096,43,107,144,792,0,119,4294967295,24.86,1012.78,19.56,232.87,34.98,1
475092,42,107,144,793,0,113,4294967295,24.86,1012.79,19.56,232.22,34.98,1
476088,42,107,143,794,0,119,4294967295,24.86,1012.79,19.57,232.38,34.98,1
477084,43,108,144,793,0,119,4294967295,24.86,1012.79,19.56,231.89,34.98,1
478080,43,107,143,793,0,121,4294967295,24.86,1012.79,19.58,231.24,34.98,1
479076,43,107,144,792,0,113,4294967295,24.86,1012.79,19.58,229.96,34.98,1
480072,42,107,143,792,0,120,4294967295,24.86,1012.79,19.58,231.89,34.9,1
481068,43,107,143,791,0,119,4294967295,24.86,1012.8,19.58,231.57,34.9,1
482064,43,107,143,790,0,117,4294967295,24.86,1012.8,19.58,233.69,34.9,1
483060,42,107,143,790,0,119,4294967295,24.86,1012.8,19.58,232.87,34.9,1
484056,42,107,143,790,0,118,4294967295,24.86,1012.8,19.58,233.53,34.9,1
485052,43,107,144,791,0,113,4294967295,24.86,1012.8,19.58,234.19,34.9,1
486048,42,107,143,793,0,120,4294967295,24.86,1012.8,19.58,236.54,34.81,1
487044,42,106,144,794,0,135,4294967295,24.86,1012.81,19.58,236.2,34.81,1
488040,43,107,143,796,0,118,4294967295,24.86,1012.81,19.59,236.2,34.73,1
489036,43,107,143,799,0,119,4294967295,24.86,1012.82,19.58,237.56,34.73,1
490032,43,108,144,802,0,120,4294967295,24.86,1012.82,19.59,238.24,34.65,1
491028,43,107,144,805,0,118,4294967295,24.86,1012.83,19.59,237.05,34.65,1
492024,43,108,143,806,0,119,4294967295,24.86,1012.83,19.59,233.2,34.73,1
493020,42,107,144,806,0,121,4294967295,24.86,1012.82,19.6,230.92,34.81,1
494016,43,108,144,807,0,114,4294967295,24.86,1012.81,19.6,228.05,34.73,1
495012,42,107,143,805,0,122,4294967295,24.86,1012.82,19.62,227.42,34.73,1
496008,42,108,144,805,0,122,4294967295,24.86,1012.82,19.62,227.42,34.73,1
497004,42,108,144,805,0,122,4294967295,24.86,1012.82,19.63,229.16,34.73,1
498000,43,107,143,806,0,122,4294967295,24.86,1012.82,19.64,227.74,34.73,1
498996,43,107,144,808,0,122,4294967295,24.86,1012.82,19.63,229.0,34.73,0
499992,42,108,143,809,0,122,4294967295,24.86,1012.82,19.64,227.27,34.65,0
500988,42,108,144,809,0,122,4294967295,24.86,1012.83,19.64,225.87,34.73,0
501984,42,108,144,810,0,122,4294967295,24.86,1012.82,19.65,224.95,34.65,0
502980,43,108,144,811,0,122,4294967295,24.86,1012.83,19.64,222.83,34.65,0
503976,43,108,144,814,0,122,4294967295,24.86,1012.83,19.66,221.48,34.56,0
504972,43,108,144,815,0,126,4294967295,24.86,1012.84,19.66,219.86,34.56,0
505968,43,108,144,816,0,122,4294967295,24.86,1012.84,19.65,220.89,34.56,0
506964,43,108,144,815,0,122,4294967295,24.86,1012.84,19.66,219.86,34.48,0
507960,42,108,144,814,0,122,4294967295,24.86,1012.85,19.66,218.99,34.56,0
508956,42,108,145,814,0,128,4294967295,24.86,1012.84,19.66,219.57,34.56,0
509952,43,108,144,813,0,126,4294967295,24.86,1012.84,19.65,222.23,34.48,0
510948,43,108,144,813,0,127,4294967295,24.86,1012.85,19.66,222.68,34.48,0
511944,42,108,143,812,0,132,4294967295,24.86,1012.85,19.66,223.58,34.48,0
512940,43,108,144,809,0,128,4294967295,24.86,1012.85,19.65,224.64,34.48,0
513936,42,108,143,808,0,126,4294967295,24.86,1012.85,19.66,226.49,34.56,0
514932,43,108,144,807,0,139,4294967295,24.86,1012.84,19.65,228.37,34.56,0
515928,43,107,143,805,0,122,4294967295,24.86,1012.84,19.64,229.8,34.56,0
516924,43,108,143,804,0,122,4294967295,24.86,1012.84,19.65,231.89,34.56,0
517920,43,108,142,803,0,127,4294967295,24.86,1012.84,19.64,235.53,34.56,0
518916,43,107,143,801,0,126,4294967295,24.86,1012.84,19.63,236.71,34.65,0
519912,42,107,143,801,0,122,4294967295,24.86,1012.83,19.62,238.07,34.56,0
520908,43,107,143,801,0,122,4294967295,24.86,1012.84,19.63,241.55,34.56,0
521904,42,107,142,803,0,122,4294967295,24.85,1012.84,19.63,239.62,34.56,0
522900,43,107,143,803,0,122,4294967295,24.85,1012.84,19.63,241.2,34.65,0
523896,42,107,143,803,0,115,4294967295,24.85,1012.83,19.62,240.5,34.56,0
524892,42,107,142,802,0,121,4294967295,24.85,1012.84,19.63,243.51,34.56,0
525888,43,107,142,802,0,122,4294967295,24.85,1012.84,19.62,243.15,34.56,0
526884,43,107,143,802,0,122,4294967295,24.85,1012.84,19.63,245.86,34.56,0
527880,43,107,142,802,0,122,4294967295,24.85,1012.84,19.62,245.31,34.56,0
528876,42,107,142,801,0,114,4294967295,24.86,1012.84,19.62,245.68,34.48,0
529872,43,106,142,801,0,122,4294967295,24.86,1012.85,19.62,246.04,34.48,0
530868,42,107,142,799,0,120,4294967295,24.86,1012.85,19.62,246.41,34.48,0
531864,42,106,142,799,0,122,4294967295,24.86,1012.85,19.62,245.68,34.48,0
532860,43,107,142,798,0,122,4294967295,24.86,1012.85,19.6,244.95,34.48,0
533856,42,106,142,797,0,117,4294967295,24.86,1012.85,19.6,243.15,34.48,0
534852,42,107,142,798,0,120,4294967295,24.86,1012.85,19.61,241.37,34.48,0
535848,42,107,142,799,0,117,4294967295,24.86,1012.85,19.61,238.93,34.48,0
536844,42,107,142,802,0,120,4294967295,24.86,1012.85,19.61,239.28,34.48,0
537840,43,107,142,803,0,122,4294967295,24.86,1012.85,19.61,238.41,34.48,0
538836,43,107,142,805,0,121,4294967295,24.86,1012.85,19.62,240.5,34.48,0
539832,43,107,142,804,0,121,4294967295,24.86,1012.85,19.61,239.62,34.48,0
540828,43,107,142,806,0,119,4294967295,24.86,1012.85,19.62,240.15,34.48,0
541824,42,106,142,807,0,121,4294967295,24.86,1012.85,19.61,242.79,34.48,0
542820,43,107,142,809,0,119,4294967295,24.86,1012.85,19.63,244.77,34.48,0
543816,42,107,143,810,0,120,4294967295,24.86,1012.85,19.64,244.41,34.4,0
544812,43,107,142,810,0,121,4294967295,24.86,1012.86,19.64,244.95,34.4,0
545808,42,106,143,811,0,134,4294967295,24.86,1012.86,19.63,246.59,34.4,0
546804,43,107,143,813,0,122,4294967295,24.86,1012.86,19.63,245.31,34.48,0
547800,43,107,142,812,0,121,4294967295,24.86,1012.85,19.63,246.59,34.4,0
548796,42,107,143,813,0,122,4294967295,24.86,1012.86,19.63,245.31,34.48,0
549792,42,107,143,811,0,122,4294967295,24.86,1012.85,19.63,243.51,34.48,0
550788,43,107,143,810,0,122,4294967295,24.86,1012.85,19.64,244.95,34.4,0
551784,43,107,142,810,0,126,4294967295,24.86,1012.86,19.64,242.43,34.4,0
552780,43,107,143,814,0,122,4294967295,24.86,1012.86,19.64,242.79,34.4,0
553776,43,107,144,817,0,122,4294967295,24.86,1012.86,19.64,239.45,34.48,0
554772,43,107,144,819,0,122,4294967295,24.86,1012.85,19.66,237.39,34.4,0
555768,43,107,144,821,0,122,4294967295,24.86,1012.86,19.65,235.53,34.4,0
556764,43,108,144,823,0,122,4294967295,24.86,1012.86,19.65,234.69,34.4,0
557760,43,107,144,822,0,122,4294967295,24.86,1012.86,19.67,233.53,34.4,0
558756,43,108,144,822,0,118,4294967295,24.86,1012.86,19.68,233.53,34.4,0
559752,43,108,144,821,0,131,4294967295,24.86,1012.86,19.68,233.53,34.4,0
560748,43,108,144,821,0,124,4294967295,24.86,1012.86,19.68,231.89,34.4,0
561744,43,108,144,822,0,134,4294967295,24.87,1012.86,19.69,229.96,34.4,0
562740,43,107,144,823,0,134,4294967295,24.87,1012.86,19.69,228.05,34.4,0
563736,43,108,144,823,0,122,4294967295,24.87,1012.86,19.7,224.49,34.4,0
564732,43,108,144,821,0,135,4294967295,24.87,1012.86,19.7,218.55,34.4,0
565728,42,108,144,819,0,136,4294967295,24.87,1012.86,19.72,215.14,34.48,0
566724,43,108,143,819,0,137,4294967295,24.87,1012.85,19.72,210.48,34.4,0
567720,42,108,144,817,0,136,4294967295,24.87,1012.86,19.72,208.23,34.4,0
568716,43,107,143,816,0,138,4294967295,24.87,1012.86,19.72,205.51,34.4,0
569712,43,107,143,816,0,139,4294967295,24.87,1012.86,19.74,202.86,34.4,0
570708,42,107,143,814,0,150,4294967295,24.87,1012.86,19.73,203.24,34.4,0
571704,43,107,143,812,0,137,4294967295,24.87,1012.86,19.72,201.38,34.4,1
572700,42,107,144,813,0,138,4294967295,24.87,1012.86,19.73,200.28,34.4,1
573696,43,107,143,812,0,141,4294967295,24.87,1012.86,19.73,198.95,34.4,1
574692,43,107,143,811,0,140,4294967295,24.87,1012.86,19.72,198.95,34.4,1
575688,43,107,143,809,0,139,4294967295,24.87,1012.86,19.72,199.56,34.4,1
576684,42,106,143,809,0,136,4294967295,24.87,1012.86,19.73,199.31,34.48,1
577680,43,106,143,811,0,140,4294967295,24.87,1012.85,19.71,198.48,34.48,1
578676,43,107,142,811,0,138,4294967295,24.87,1012.85,19.71,198.48,34.48,1
579672,42,107,142,809,0,126,4294967295,24.87,1012.85,19.71,200.04,34.48,1
580668,43,107,142,809,0,156,4294967295,24.87,1012.85,19.72,199.92,34.4,1
581664,43,107,143,808,0,137,4294967295,24.87,1012.86,19.71,199.56,34.4,1
582660,43,106,142,806,0,142,4294967295,24.87,1012.86,19.71,201.87,34.48,1
583656,43,107,142,805,0,136,4294967295,24.87,1012.85,19.72,203.49,34.4,1
584652,42,107,142,805,0,135,4294967295,24.87,1012.86,19.71,204.87,34.48,1
585648,42,106,142,805,0,136,4294967295,24.86,1012.85,19.71,206.67,34.48,1
586644,42,106,141,804,0,127,4294967295,24.86,1012.85,19.7,207.97,34.56,1
587640,42,106,142,803,0,134,4294967295,24.87,1012.84,19.7,210.21,34.48,1
588636,42,106,141,803,0,133,4294967295,24.87,1012.85,19.71,212.65,34.48,1
589632,43,106,142,802,0,150,4294967295,24.87,1012.85,19.7,214.16,34.48,1
590628,42,107,141,802,0,129,4294967295,24.87,1012.85,19.7,214.86,34.48,1
591624,42,106,141,800,0,130,4294967295,24.87,1012.85,19.7,216.97,34.4,1
592620,42,106,141,800,0,127,4294967295,24.87,1012.86,19.71,217.12,34.31,1
593616,43,106,141,800,0,132,4294967295,24.87,1012.87,19.7,218.55,34.31,1
594612,42,106,142,799,0,122,4294967295,24.87,1012.87,19.7,218.7,34.31,1
595608,42,106,141,799,0,126,4294967295,24.87,1012.87,19.7,219.86,34.4,1
596604,42,106,141,799,0,122,4294967295,24.87,1012.86,19.71,220.15,34.4,1
597600,43,106,141,799,0,122,4294967295,24.87,1012.86,19.71,222.98,34.31,1
598596,43,106,141,798,0,132,4294967295,24.87,1012.87,19.7,224.79,34.23,1
599592,42,105,141,800,0,122,4294967295,24.87,1012.88,19.71,224.79,34.31,1
0,41,106,141,801,0,122,4294967295,24.87,1012.87,19.71,226.96,34.4,1
996,42,106,140,801,0,122,4294967295,24.78,1012.86,19.73,222.98,34.4,1
1992,43,105,140,800,0,126,4294967295,24.77,1012.86,19.77,225.25,34.31,1
2988,42,106,141,800,0,137,4294967295,24.78,1012.87,19.79,227.42,34.4,1
3984,43,105,141,801,0,122,4294967295,24.79,1012.86,19.8,227.11,34.48,1
4980,42,106,141,802,0,122,4294967295,24.8,1012.85,19.79,228.05,34.4,1
5976,42,106,141,802,0,120,4294967295,24.81,1012.86,19.79,227.9,34.31,1
6972,42,106,141,803,0,122,4294967295,24.82,1012.87,19.78,227.74,34.31,1
7968,42,105,141,803,0,122,4294967295,24.83,1012.87,19.78,228.68,34.23,1
8964,42,106,141,805,0,122,4294967295,24.83,1012.88,19.78,229.64,34.31,1
9960,42,106,141,805,0,122,4294967295,24.84,1012.87,19.79,230.76,34.31,1
10956,42,106,141,807,0,122,4294967295,24.84,1012.87,19.78,231.4,34.4,1
11952,43,106,141,807,0,132,4294967295,24.85,1012.86,19.78,234.03,34.31,1
12948,42,106,140,805,0,122,4294967295,24.85,1012.87,19.77,235.86,34.31,1
13944,42,105,140,804,0,122,4294967295,24.85,1012.87,19.76,236.54,34.31,1
14940,43,106,141,804,0,122,4294967295,24.85,1012.87,19.75,237.39,34.4,1
15936,42,106,141,805,0,122,4294967295,24.85,1012.86,19.76,237.05,34.4,1
16932,42,106,141,805,0,122,4294967295,24.85,1012.86,19.74,237.9,34.31,1
17928,42,106,141,805,0,122,4294967295,24.86,1012.87,19.75,237.05,34.23,1
18924,42,105,140,804,0,122,4294967295,24.86,1012.88,19.75,236.88,34.15,1
19920,42,105,140,802,0,122,4294967295,24.86,1012.89,19.74,237.39,34.23,1
20916,42,105,140,801,0,122,4294967295,24.86,1012.88,19.75,239.62,34.15,1
21912,42,106,140,802,0,122,4294967295,24.86,1012.89,19.74,239.28,34.23,1
22908,43,105,140,804,0,122,4294967295,24.86,1012.88,19.74,240.67,34.15,1
23904,42,105,140,805,0,122,4294967295,24.86,1012.89,19.72,239.8,34.15,1
24900,42,105,140,805,0,122,4294967295,24.86,1012.89,19.72,238.59,34.15,1
25896,42,106,141,807,0,122,4294967295,24.86,1012.89,19.71,237.22,34.15,1
26892,42,106,141,808,0,122,4294967295,24.86,1012.89,19.71,234.86,34.15,1
27888,42,105,141,808,0,122,4294967295,24.86,1012.89,19.72,233.69,34.23,1
28884,43,105,140,807,0,128,4294967295,24.86,1012.88,19.71,232.87,34.15,1
29880,43,106,141,807,0,122,4294967295,24.86,1012.89,19.73,231.89,34.15,1
30876,42,105,141,806,0,129,4294967295,24.86,1012.89,19.72,230.92,34.15,1
31872,42,105,140,805,0,122,4294967295,24.86,1012.89,19.72,230.6,34.06,1
32868,42,105,140,804,0,122,4294967295,24.86,1012.9,19.73,230.28,34.06,1
33864,42,106,140,804,0,122,4294967295,24.86,1012.9,19.72,230.92,34.06,1
34860,42,105,140,804,0,122,4294967295,24.86,1012.9,19.74,233.53,34.06,1
35856,42,105,139,804,0,122,4294967295,24.86,1012.9,19.72,234.03,34.15,1
36852,42,105,140,803,0,122,4294967295,24.86,1012.89,19.73,236.88,34.06,1
37848,42,105,140,802,0,116,4294967295,24.86,1012.9,19.73,235.86,34.06,0
38844,42,105,140,802,0,122,4294967295,24.86,1012.9,19.73,237.56,33.98,0
39840,42,104,139,802,0,122,4294967295,24.86,1012.91,19.73,239.97,34.06,0
40836,42,105,140,804,0,121,4294967295,24.86,1012.9,19.74,239.8,34.06,0
41832,42,105,140,805,0,122,4294967295,24.86,1012.9,19.73,240.85,34.06,0
42828,42,105,140,806,0,122,4294967295,24.86,1012.9,19.74,242.79,33.98,0
43824,42,105,140,806,0,121,4294967295,24.86,1012.91,19.74,242.61,34.06,0
44820,42,105,140,805,0,122,4294967295,24.86,1012.9,19.73,242.79,34.06,0
45816,42,105,140,805,0,122,4294967295,24.86,1012.9,19.74,241.37,34.06,0
46812,42,105,140,804,0,122,4294967295,24.86,1012.9,19.74,241.2,34.06,0
47808,43,105,140,805,0,122,4294967295,24.86,1012.9,19.74,242.79,34.15,0
48804,42,105,139,804,0,122,4294967295,24.86,1012.89,19.74,242.08,34.15,0
49800,42,105,140,805,0,122,4294967295,24.86,1012.89,19.74,242.26,34.15,0
50796,42,105,140,806,0,122,4294967295,24.86,1012.89,19.75,241.73,34.15,0
51792,42,105,140,806,0,122,4294967295,24.86,1012.89,19.74,242.97,34.06,0
52788,42,105,139,806,0,122,4294967295,24.86,1012.9,19.72,240.85,34.15,0
53784,42,105,140,808,0,143,4294967295,24.86,1012.89,19.74,238.41,34.15,0
54780,42,106,140,809,0,122,4294967295,24.86,1012.89,19.75,237.22,34.15,0
55776,42,105,140,810,0,122,4294967295,24.86,1012.89,19.74,234.19,34.15,0
56772,42,106,140,811,0,127,4294967295,24.86,1012.89,19.75,231.89,34.15,0
57768,42,105,140,815,0,133,4294967295,24.86,1012.89,19.75,231.89,34.15,0
58764,42,106,141,817,0,133,4294967295,24.86,1012.89,19.74,232.54,34.15,0
59760,42,106,140,821,0,137,4294967295,24.86,1012.89,19.75,231.57,34.15,0
60756,43,106,141,822,0,136,4294967295,24.86,1012.89,19.75,230.28,34.23,0
61752,42,106,141,821,0,135,4294967295,24.86,1012.88,19.76,231.89,34.23,0
62748,42,105,141,820,0,138,4294967295,24.86,1012.88,19.75,231.4,34.23,0
63744,42,105,140,818,0,138,4294967295,24.86,1012.88,19.75,231.4,34.23,0
64740,42,106,141,817,0,138,4294967295,24.86,1012.88,19.75,231.73,34.23,0
65736,42,105,141,816,0,137,4294967295,24.86,1012.88,19.75,231.4,34.23,0
66732,42,105,140,815,0,137,4294967295,24.86,1012.88,19.76,231.24,34.23,0
67728,43,105,140,814,0,137,4294967295,24.86,1012.88,19.75,233.2,34.31,0
68724,42,106,140,813,0,130,4294967295,24.86,1012.87,19.75,234.36,34.31,0
69720,42,105,140,812,0,142,4294967295,24.86,1012.87,19.76,235.36,34.4,0
70716,42,105,140,811,0,138,4294967295,24.86,1012.86,19.76,234.52,34.31,0
71712,42,105,140,809,0,137,4294967295,24.86,1012.87,19.75,234.52,34.31,0
72708,42,104,140,808,0,135,4294967295,24.86,1012.87,19.76,236.37,34.31,0
73704,42,105,139,807,0,133,4294967295,24.86,1012.87,19.76,236.2,34.23,0
74700,42,105,139,805,0,134,4294967295,24.86,1012.88,19.75,235.36,34.23,0
75696,42,105,139,804,0,133,4294967295,24.86,1012.88,19.76,237.05,34.23,0
76692,42,105,139,803,0,132,4294967295,24.86,1012.88,19.77,238.93,34.31,0
77688,42,105,139,802,0,127,4294967295,24.86,1012.87,19.76,242.08,34.4,0
78684,42,105,139,802,0,127,4294967295,24.86,1012.86,19.77,241.73,34.4,0
79680,42,105,139,804,0,127,4294967295,24.86,1012.86,19.76,243.69,34.4,0
80676,42,105,139,804,0,126,4294967295,24.86,1012.86,19.75,244.77,34.4,0
81672,42,104,139,804,0,131,4294967295,24.86,1012.86,19.76,247.52,34.31,0
82668,42,104,139,803,0,122,4294967295,24.86,1012.87,19.77,248.07,34.31,0
83664,41,104,139,801,0,122,4294967295,24.85,1012.87,19.75,249.01,34.23,0
84660,42,104,138,801,0,118,4294967295,24.86,1012.88,19.75,249.2,34.31,0
85656,42,105,138,801,0,117,4294967295,24.86,1012.87,19.76,247.52,34.31,0
86652,42,105,138,800,0,122,4294967295,24.86,1012.87,19.77,247.52,34.31,0
87648,42,104,139,799,0,130,4294967295,24.86,1012.87,19.76,246.41,34.31,0
88644,42,104,138,799,0,122,4294967295,24.86,1012.87,19.76,247.89,34.4,0
89640,41,104,138,799,0,122,4294967295,24.86,1012.86,19.77,246.41,34.4,0
90636,42,104,138,798,0,122,4294967295,24.86,1012.86,19.76,245.86,34.4,0
91632,42,104,138,797,0,122,4294967295,24.86,1012.86,19.77,245.86,34.31,0
92628,42,104,138,797,0,122,4294967295,24.86,1012.87,19.77,244.95,34.23,0
93624,42,104,137,796,0,122,4294967295,24.86,1012.88,19.76,246.41,34.23,0
94620,41,104,138,795,0,122,4294967295,24.86,1012.88,19.76,245.13,34.31,0
95616,42,104,138,794,0,122,4294967295,24.86,1012.87,19.77,245.13,34.31,0
96612,42,104,138,793,0,121,4294967295,24.86,1012.87,19.76,245.86,34.31,0
97608,41,104,137,793,0,120,4294967295,24.86,1012.87,19.76,248.26,34.31,0
98604,42,104,137,793,0,122,4294967295,24.86,1012.87,19.75,250.33,34.31,0
99600,41,104,137,792,0,120,4294967295,24.86,1012.87,19.75,250.52,34.31,0
100596,41,103,137,791,0,140,4294967295,24.86,1012.87,19.75,253.98,34.23,0
101592,42,103,137,791,0,120,4294967295,24.86,1012.88,19.75,254.77,34.31,0
102588,41,103,137,790,0,118,4294967295,24.86,1012.87,19.75,254.96,34.31,0
103584,42,103,137,790,0,113,4294967295,24.86,1012.87,19.75,255.56,34.31,0
104580,41,103,137,790,0,117,4294967295,24.86,1012.87,19.75,256.75,34.31,0
105576,42,103,137,789,0,116,4294967295,24.86,1012.87,19.73,255.36,34.4,0
106572,41,103,137,789,0,117,4294967295,24.86,1012.86,19.74,255.95,34.4,0
107568,42,103,137,793,0,116,4294967295,24.86,1012.86,19.74,255.56,34.48,0
108564,42,104,137,795,0,116,4294967295,24.86,1012.85,19.73,256.75,34.48,0
109560,42,103,136,795,0,116,4294967295,24.86,1012.85,19.74,259.98,34.48,0
110556,42,103,137,796,0,106,4294967295,24.86,1012.85,19.73,259.57,34.48,1
111552,42,103,137,797,0,114,4294967295,24.86,1012.85,19.74,257.95,34.48,1
112548,42,103,137,799,0,115,4294967295,24.87,1012.85,19.73,257.95,34.48,1
113544,41,104,137,801,0,119,4294967295,24.87,1012.85,19.73,255.16,34.31,1
114540,41,104,137,803,0,114,4294967295,24.86,1012.87,19.75,256.15,34.4,1
115536,41,104,138,805,0,119,4294967295,24.86,1012.86,19.75,251.66,34.4,1
116532,42,104,137,804,0,116,4294967295,24.86,1012.86,19.75,249.57,34.4,1
117528,41,104,137,804,0,131,4294967295,24.87,1012.86,19.75,248.07,34.48,1
118524,42,104,137,803,0,117,4294967295,24.87,1012.85,19.76,248.63,34.48,1
119520,42,104,137,803,0,117,4294967295,24.86,1012.85,19.76,246.59,34.48,1
120516,42,103,137,803,0,120,4294967295,24.86,1012.85,19.76,246.96,34.56,1
121512,42,104,137,802,0,118,4294967295,24.86,1012.84,19.77,244.77,34.56,1
122508,42,104,137,801,0,117,4294967295,24.86,1012.84,19.76,244.41,34.65,1
123504,41,103,137,801,0,118,4294967295,24.86,1012.83,19.76,241.9,34.65,1
124500,41,103,137,800,0,118,4294967295,24.86,1012.83,19.76,243.33,34.65,1
125496,42,103,137,799,0,117,4294967295,24.86,1012.83,19.76,241.37,34.65,1
126492,41,103,137,798,0,118,4294967295,24.86,1012.83,19.76,239.62,34.65,1
127488,42,103,137,796,0,118,4294967295,24.86,1012.83,19.75,237.73,34.56,1
128484,42,103,136,797,0,119,4294967295,24.86,1012.84,19.76,235.19,34.48,1
129480,41,103,136,796,0,111,4294967295,24.86,1012.85,19.77,232.54,34.48,1
130476,41,103,136,796,0,116,4294967295,24.86,1012.85,19.77,232.87,34.48,1
131472,42,103,137,796,0,116,4294967295,24.87,1012.85,19.78,230.92,34.56,1
132468,42,103,137,795,0,118,4294967295,24.87,1012.84,19.77,231.24,34.65,1
133464,42,103,136,796,0,110,4294967295,24.87,1012.83,19.76,230.76,34.73,1
134460,42,103,136,795,0,115,4294967295,24.87,1012.82,19.77,229.16,34.73,1
135456,42,103,136,794,0,117,4294967295,24.87,1012.82,19.76,230.6,34.81,1
136452,42,103,136,793,0,116,4294967295,24.87,1012.81,19.76,229.8,34.81,1
137448,41,103,136,793,0,116,4294967295,24.87,1012.81,19.76,231.73,34.81,1
138444,41,103,135,791,0,116,4294967295,24.87,1012.81,19.77,232.54,34.81,1
139440,41,103,136,791,0,120,4294967295,24.87,1012.81,19.76,233.69,34.81,1
140436,41,103,135,791,0,114,4294967295,24.87,1012.81,19.77,235.53,34.81,1
141432,41,102,135,790,0,115,4294967295,24.87,1012.81,19.76,237.9,34.81,1
142428,41,102,135,789,0,115,4294967295,24.87,1012.81,19.76,238.76,34.9,1
143424,42,102,135,789,0,115,4294967295,24.87,1012.8,19.75,241.02,34.81,1
144420,41,102,135,789,0,115,4294967295,24.87,1012.81,19.75,243.51,34.81,1
145416,42,102,135,789,0,115,4294967295,24.87,1012.81,19.75,245.31,34.81,1
146412,41,102,135,791,0,115,4294967295,24.87,1012.81,19.74,246.59,34.81,1
147408,42,102,136,794,0,113,4294967295,24.87,1012.81,19.74,247.89,34.9,1
148404,42,102,135,796,0,114,4294967295,24.87,1012.8,19.74,249.2,34.9,1
149400,41,103,135,799,0,113,4294967295,24.87,1012.8,19.75,249.57,34.9,1
150396,42,103,135,798,0,114,4294967295,24.87,1012.8,19.74,251.47,34.98,1
151392,41,102,136,798,0,118,4294967295,24.87,1012.79,19.74,250.9,34.98,1
152388,42,102,135,796,0,112,4294967295,24.87,1012.79,19.75,253.59,35.06,1
153384,42,102,135,796,0,115,4294967295,24.87,1012.78,19.75,253.59,34.98,1
154380,42,102,135,796,0,117,4294967295,24.87,1012.79,19.74,253.21,34.98,1
155376,41,102,135,796,0,112,4294967295,24.87,1012.79,19.74,257.14,34.98,1
156372,41,103,135,797,0,117,4294967295,24.87,1012.79,19.75,256.55,34.98,1
157368,41,102,136,797,0,114,4294967295,24.87,1012.79,19.74,257.75,34.98,1
158364,41,103,135,798,0,115,4294967295,24.87,1012.79,19.74,257.55,34.98,1
159360,41,103,136,799,0,113,4294967295,24.87,1012.79,19.73,259.16,34.98,1
160356,42,102,135,799,0,115,4294967295,24.87,1012.79,19.74,258.55,34.9,1
161352,42,102,135,797,0,116,4294967295,24.87,1012.8,19.74,256.75,34.98,1
162348,42,102,135,797,0,113,4294967295,24.87,1012.79,19.74,255.95,34.98,1
163344,41,102,135,798,0,116,4294967295,24.87,1012.79,19.75,252.82,34.98,1
164340,42,103,135,799,0,115,4294967295,24.87,1012.79,19.75,248.63,34.98,1
165336,42,102,135,800,0,117,4294967295,24.87,1012.79,19.76,246.04,34.98,1
166332,42,103,135,800,0,118,4294967295,24.87,1012.79,19.76,242.79,34.9,1
167328,41,103,135,799,0,118,4294967295,24.87,1012.8,19.76,242.43,34.9,1
168324,41,102,136,800,0,118,4294967295,24.87,1012.8,19.77,243.69,34.9,1
169320,41,102,135,801,0,118,4294967295,24.87,1012.8,19.76,243.15,34.98,1
170316,42,102,135,802,0,118,4294967295,24.87,1012.79,19.76,246.04,35.06,1
171312,42,102,136,803,0,117,4294967295,24.87,1012.78,19.76,244.95,35.06,1
172308,42,103,136,806,0,115,4294967295,24.87,1012.78,19.77,248.45,35.06,1
173304,41,103,135,807,0,119,4294967295,24.87,1012.78,19.76,247.15,34.98,1
174300,42,103,135,808,0,119,4294967295,24.87,1012.79,19.77,248.26,35.06,1
175296,42,103,135,807,0,118,4294967295,24.87,1012.78,19.77,247.89,35.06,1
