timestamp,NO2,C2H50H,VOC,CO,Alcohol,LPG,Benzene,Temperature,Pressure,Humidity,Gas_Resistance,Altitude,State0,40,77,63,870,0,2,0,0.00,0.00,0.00,0.00,12.53,1
996,42,78,63,875,0,2,0,24.98,1015.49,16.75,562.20,12.37,1
1992,41,76,63,871,0,2,0,24.77,1015.51,16.83,566.47,12.20,1
2988,42,76,63,871,0,2,0,24.64,1015.53,16.90,564.56,12.12,1
3984,41,76,63,867,0,2,0,24.55,1015.54,16.95,563.14,12.12,1
4980,42,76,62,863,0,3,0,24.48,1015.54,16.98,563.61,12.12,1
5976,42,76,62,862,0,2,0,24.44,1015.54,17.00,565.04,12.12,1
6972,42,77,62,866,0,2,0,24.41,1015.54,17.01,567.42,12.04,1
7968,42,77,62,866,0,2,0,24.39,1015.55,17.00,565.04,12.04,1
8964,42,75,61,861,0,2,0,24.38,1015.55,16.97,564.56,12.04,1
9960,42,75,62,855,0,2,0,24.37,1015.55,16.96,567.42,12.04,1
10956,41,76,62,856,0,2,0,24.37,1015.55,16.94,566.94,12.04,1
11952,41,76,61,855,0,2,0,24.37,1015.55,16.91,568.38,12.04,1
12948,42,76,62,859,0,2,0,24.37,1015.55,16.88,568.38,12.04,1
13944,42,77,63,858,0,2,0,24.37,1015.55,16.86,569.83,11.95,1
14940,42,76,62,853,0,2,0,24.37,1015.56,16.82,569.35,12.04,1
15936,42,77,62,850,0,2,0,24.37,1015.55,16.77,570.31,12.04,1
16932,41,77,63,849,0,2,0,24.38,1015.55,16.73,571.77,12.04,1
17928,42,77,62,849,0,2,0,24.38,1015.55,16.69,568.86,11.95,1
18924,43,76,63,851,0,2,0,24.38,1015.56,16.66,571.77,11.95,1
19920,42,77,62,850,0,2,0,24.38,1015.56,16.61,572.74,11.95,1
20916,42,76,62,844,0,2,0,24.38,1015.56,16.56,573.72,11.95,1
21912,42,76,62,840,0,2,0,24.39,1015.56,16.52,573.23,11.95,1
22908,42,75,61,835,0,2,0,24.39,1015.56,16.49,572.74,11.95,1
23904,41,74,61,831,0,2,0,24.39,1015.56,16.46,579.16,11.95,1
24900,42,75,61,829,0,2,0,24.39,1015.56,16.42,573.72,11.95,1
25896,41,74,60,825,0,2,0,24.39,1015.56,16.40,575.20,11.95,1
26892,42,75,61,823,0,2,0,24.39,1015.56,16.37,578.16,12.04,1
27888,42,74,60,820,0,2,0,24.40,1015.55,16.34,577.67,12.04,1
28884,41,74,60,819,0,2,0,24.40,1015.55,16.32,579.16,12.04,1
29880,42,74,60,817,0,2,0,24.40,1015.55,16.30,579.16,11.95,1
30876,41,73,60,814,0,2,0,24.40,1015.56,16.28,573.72,12.04,1
31872,42,74,60,812,0,2,0,24.40,1015.55,16.27,580.66,12.04,1
32868,41,74,60,811,0,2,0,24.40,1015.55,16.24,578.16,12.04,1
33864,41,74,60,809,0,2,0,24.41,1015.55,16.22,581.17,12.04,1
34860,41,74,60,808,0,2,0,24.41,1015.55,16.20,582.17,12.04,1
35856,41,73,61,809,0,2,0,24.41,1015.55,16.19,579.66,12.12,1
36852,42,74,61,809,0,2,0,24.41,1015.54,16.18,585.22,12.12,1
37848,41,74,61,810,0,2,0,24.41,1015.54,16.16,580.66,12.12,1
38844,42,75,61,812,0,2,0,24.41,1015.54,16.14,581.17,12.12,1
39840,42,75,63,821,0,2,0,24.41,1015.54,16.13,581.67,12.04,1
40836,42,76,64,842,0,2,0,24.41,1015.55,16.12,585.22,12.12,1
41832,42,77,65,860,0,2,0,24.41,1015.54,16.12,584.71,12.12,1
42828,43,77,65,872,0,2,0,24.41,1015.54,16.12,586.24,12.20,1
43824,42,78,65,877,0,2,0,24.41,1015.53,16.10,587.26,12.20,1
44820,42,78,64,876,0,2,0,24.42,1015.53,16.10,585.22,12.20,1
45816,42,78,63,875,0,2,0,24.42,1015.53,16.08,585.73,12.12,1
46812,42,78,63,873,0,2,0,24.42,1015.54,16.08,582.68,12.12,1
47808,42,77,63,872,0,2,0,24.42,1015.54,16.07,588.29,12.12,1
48804,43,77,62,870,0,2,0,24.42,1015.54,16.07,589.84,12.04,1
49800,43,78,64,874,0,2,0,24.42,1015.55,16.05,589.84,12.12,1
50796,43,78,64,879,0,2,0,24.42,1015.54,16.06,588.29,12.12,1
51792,43,78,65,882,0,2,0,24.42,1015.54,16.05,588.81,12.12,1
52788,43,79,65,889,0,2,0,24.42,1015.54,16.05,589.84,12.12,1
53784,43,80,66,893,0,2,0,24.42,1015.54,16.05,591.40,12.04,1
54780,43,80,65,892,0,2,0,24.42,1015.55,16.05,589.84,12.04,1
55776,43,80,64,889,0,2,0,24.43,1015.55,16.06,583.69,12.04,1
56772,42,79,64,887,0,2,0,24.43,1015.55,16.07,590.88,12.04,1
57768,43,80,65,888,0,2,0,24.43,1015.55,16.08,588.29,12.04,1
58764,43,80,66,891,0,2,0,24.43,1015.55,16.09,587.78,12.04,1
59760,43,80,66,897,0,2,0,24.43,1015.55,16.10,591.40,12.04,1
60756,44,81,66,899,0,2,0,24.43,1015.55,16.10,586.24,12.04,1
61752,44,81,67,901,0,3,0,24.43,1015.55,16.12,591.40,12.04,1
62748,44,81,67,904,0,2,0,24.43,1015.55,16.15,584.20,12.04,1
63744,44,81,67,906,0,2,0,24.43,1015.55,16.16,590.88,12.12,1
64740,44,82,67,909,0,2,0,24.43,1015.54,16.18,589.84,12.04,1
65736,44,81,68,912,0,2,0,24.43,1015.55,16.20,590.88,12.04,1
66732,44,82,69,915,0,2,0,24.43,1015.55,16.21,589.84,12.04,1
67728,44,82,68,919,0,2,0,24.43,1015.55,16.23,586.75,12.04,1
68724,44,83,69,920,0,2,0,24.43,1015.55,16.24,588.81,12.04,1
69720,44,83,69,921,0,2,0,24.43,1015.55,16.25,588.81,12.04,1
70716,45,82,67,915,0,2,0,24.44,1015.55,16.27,588.29,11.95,1
71712,45,82,68,908,0,2,0,24.44,1015.56,16.27,590.88,12.04,1
72708,44,80,66,899,0,2,0,24.44,1015.55,16.28,590.88,12.04,1
73704,44,80,66,891,0,2,0,24.44,1015.55,16.29,590.88,11.95,1
74700,44,79,65,885,0,2,0,24.44,1015.56,16.32,589.84,11.95,0
75696,44,79,65,878,0,2,0,24.44,1015.56,16.35,589.84,12.04,0
76692,44,79,65,873,0,2,0,24.44,1015.55,16.36,590.36,12.04,0
77688,44,78,64,868,0,2,0,24.44,1015.55,16.38,590.36,11.95,0
78684,43,78,64,863,0,2,0,24.44,1015.56,16.39,588.29,11.87,0
79680,44,77,64,858,0,2,0,24.44,1015.57,16.40,587.78,11.87,0
80676,43,77,63,855,0,2,0,24.44,1015.57,16.40,590.88,11.95,0
81672,43,78,64,853,0,2,0,24.44,1015.56,16.40,588.81,11.87,0
82668,43,77,64,851,0,2,0,24.44,1015.57,16.41,590.36,11.95,0
83664,43,78,64,848,0,2,0,24.45,1015.56,16.40,592.96,11.95,0
84660,43,77,64,845,0,2,0,24.45,1015.56,16.41,589.84,11.87,0
85656,43,77,63,842,0,2,0,24.45,1015.57,16.45,590.88,11.87,0
86652,43,77,63,839,0,2,0,24.45,1015.57,16.50,592.44,11.87,0
87648,43,76,63,837,0,2,0,24.45,1015.57,16.54,588.81,11.87,0
88644,43,77,64,834,0,2,0,24.45,1015.57,16.57,588.81,11.87,0
89640,43,76,64,831,0,2,0,24.46,1015.57,16.60,588.81,11.87,0
90636,43,77,63,829,0,2,0,24.46,1015.57,16.63,590.88,11.87,0
91632,43,76,63,828,0,2,0,24.46,1015.57,16.65,589.84,11.79,0
92628,42,77,63,827,0,2,0,24.46,1015.58,16.66,587.26,11.70,0
93624,43,77,63,825,0,2,0,24.46,1015.59,16.67,590.88,11.79,0
94620,43,77,63,822,0,2,0,24.46,1015.58,16.68,590.36,11.79,0
95616,43,76,63,822,0,2,0,24.47,1015.58,16.70,589.84,11.79,0
96612,43,75,62,820,0,2,0,24.47,1015.58,16.73,589.84,11.70,0
97608,43,76,63,818,0,2,0,24.47,1015.59,16.75,590.88,11.70,0
98604,43,76,62,817,0,2,0,24.47,1015.59,16.78,587.78,11.79,0
99600,43,76,63,815,0,2,0,24.47,1015.58,16.81,589.84,11.70,0
100596,42,75,63,815,0,2,0,24.47,1015.59,16.86,585.73,11.62,0
101592,43,76,62,814,0,2,0,24.47,1015.60,16.88,586.24,11.62,0
102588,43,76,63,812,0,2,0,24.47,1015.60,16.91,588.29,11.62,0
103584,43,76,63,810,0,2,0,24.47,1015.60,16.95,588.81,11.62,0
104580,42,76,63,810,0,2,0,24.47,1015.60,16.97,586.75,11.62,0
105576,43,76,63,809,0,2,0,24.47,1015.60,16.98,587.26,11.62,0
106572,42,75,63,808,0,2,0,24.47,1015.60,17.00,587.78,11.62,0
107568,43,75,63,807,0,2,0,24.47,1015.60,16.99,587.78,11.70,0
108564,43,75,62,806,0,2,0,24.47,1015.59,17.01,585.73,11.70,0
109560,43,76,63,804,0,2,0,24.47,1015.59,17.01,582.17,11.62,0
110556,42,75,63,803,0,2,0,24.47,1015.60,17.00,592.44,11.62,0
111552,42,75,62,802,0,2,0,24.47,1015.60,17.01,589.32,11.54,0
112548,42,75,62,801,0,2,0,24.47,1015.61,17.01,587.26,11.62,0
113544,42,75,62,801,0,2,0,24.47,1015.60,17.02,585.73,11.70,0
114540,43,75,62,800,0,2,0,24.47,1015.59,17.01,582.68,11.62,0
115536,43,76,63,803,0,2,0,24.47,1015.60,17.01,587.78,11.62,0
116532,43,76,64,806,0,2,0,24.47,1015.60,17.00,583.69,11.54,0
117528,43,76,64,808,0,2,0,24.47,1015.61,17.02,581.17,11.62,0
118524,42,76,63,809,0,2,0,24.47,1015.60,17.11,578.66,11.62,0
119520,43,76,64,809,0,2,0,24.48,1015.60,17.24,577.67,11.62,0
120516,43,76,64,809,0,2,0,24.48,1015.60,17.37,573.72,11.54,0
121512,43,77,64,808,0,2,0,24.48,1015.61,17.46,573.72,11.54,0
122508,43,76,63,804,0,2,0,24.48,1015.61,17.54,578.16,11.54,0
123504,43,75,63,801,0,2,0,24.48,1015.61,17.57,574.70,11.54,0
124500,42,75,63,799,0,2,0,24.48,1015.61,17.59,575.20,11.54,0
125496,43,75,63,798,0,2,0,24.48,1015.61,17.58,577.17,11.54,0
126492,42,75,63,796,0,2,0,24.48,1015.61,17.55,576.68,11.54,0
127488,43,75,63,794,0,2,0,24.48,1015.61,17.52,575.20,11.45,0
128484,42,75,62,794,0,2,0,24.48,1015.62,17.48,574.70,11.54,0
129480,42,75,63,793,0,2,0,24.48,1015.61,17.44,576.18,11.45,0
130476,42,74,62,792,0,2,0,24.48,1015.62,17.39,576.18,11.45,0
131472,42,74,63,791,0,2,0,24.48,1015.62,17.33,576.68,11.45,0
132468,43,75,63,790,0,2,0,24.48,1015.62,17.27,577.67,11.45,1
133464,42,75,62,790,0,2,0,24.48,1015.62,17.22,578.66,11.45,1
134460,42,74,63,788,0,2,0,24.48,1015.62,17.18,578.16,11.45,1
135456,43,74,62,788,0,2,0,24.47,1015.62,17.13,578.16,11.45,1
136452,42,74,63,788,0,2,0,24.48,1015.62,17.10,578.16,11.45,1
137448,43,74,63,787,0,2,0,24.48,1015.62,17.05,577.67,11.45,1
138444,43,74,63,786,0,2,0,24.48,1015.62,17.02,580.16,11.37,1
139440,43,75,62,786,0,2,0,24.48,1015.63,17.00,577.67,11.45,1
140436,43,74,63,785,0,2,0,24.48,1015.62,16.97,581.17,11.45,1
141432,42,74,63,784,0,2,0,24.48,1015.62,16.94,577.17,11.37,1
142428,42,74,63,784,0,2,0,24.48,1015.63,16.92,579.16,11.37,1
143424,43,75,63,784,0,2,0,24.48,1015.63,16.91,580.66,11.37,1
144420,42,74,63,784,0,2,0,24.48,1015.63,16.88,580.66,11.37,1
145416,43,74,63,784,0,2,0,24.48,1015.63,16.86,580.66,11.37,1
146412,43,74,63,783,0,2,0,24.48,1015.63,16.84,576.68,11.37,1
147408,43,74,63,782,0,2,0,24.48,1015.63,16.84,581.17,11.29,1
148404,43,74,62,782,0,2,0,24.48,1015.64,16.82,580.66,11.37,1
149400,43,74,63,781,0,2,0,24.48,1015.63,16.81,581.17,11.29,1
150396,42,74,64,782,0,2,0,24.48,1015.64,16.81,582.68,11.37,1
151392,42,74,63,781,0,2,0,24.48,1015.63,16.79,585.22,11.37,1
152388,43,74,63,781,0,2,0,24.48,1015.63,16.78,585.73,11.45,1
153384,43,74,62,781,0,2,0,24.48,1015.62,16.77,579.66,11.45,1
154380,43,74,63,780,0,2,0,24.48,1015.62,16.76,581.67,11.45,1
155376,42,74,63,780,0,2,0,24.48,1015.62,16.76,580.66,11.45,1
156372,43,74,63,781,0,2,0,24.48,1015.62,16.75,581.17,11.45,1
157368,42,74,64,782,0,2,0,24.48,1015.62,16.74,582.17,11.45,1
158364,43,75,64,783,0,2,0,24.48,1015.62,16.74,582.68,11.45,1
159360,42,74,63,782,0,2,0,24.48,1015.62,16.73,581.17,11.45,1
160356,43,74,63,780,0,2,0,24.48,1015.62,16.73,581.67,11.54,1
161352,42,74,63,780,0,2,0,24.48,1015.61,16.73,583.69,11.54,1
162348,43,74,63,779,0,2,0,24.48,1015.61,16.72,577.67,11.54,1
163344,43,73,63,778,0,2,0,24.48,1015.61,16.72,581.17,11.45,1
164340,42,74,63,778,0,2,0,24.48,1015.62,16.72,581.67,11.54,1
165336,43,74,64,778,0,2,0,24.48,1015.61,16.71,577.17,11.45,1
166332,42,74,64,779,0,2,0,24.48,1015.62,16.71,582.17,11.45,1
167328,42,74,64,779,0,2,0,24.48,1015.62,16.70,582.68,11.45,1
168324,43,74,64,778,0,2,0,24.48,1015.62,16.71,580.66,11.45,1
169320,43,74,64,778,0,2,0,24.48,1015.62,16.70,580.66,11.54,1
170316,43,74,65,779,0,2,0,24.48,1015.61,16.71,580.66,11.54,1
171312,43,74,65,783,0,2,0,24.48,1015.61,16.71,584.20,11.45,1
172308,43,74,65,783,0,2,0,24.48,1015.62,16.71,580.16,11.54,1
173304,43,75,64,782,0,2,0,24.48,1015.61,16.71,581.67,11.45,1
174300,43,74,65,781,0,2,0,24.48,1015.62,16.71,582.68,11.45,1
175296,43,74,65,780,0,2,0,24.48,1015.62,16.70,581.67,11.37,1
176292,43,74,65,780,0,2,0,24.48,1015.63,16.70,583.18,11.37,1
177288,43,74,65,779,0,2,0,24.48,1015.63,16.71,580.66,11.37,1
178284,43,74,65,779,0,2,0,24.49,1015.63,16.71,581.17,11.45,1
179280,43,74,65,779,0,2,0,24.49,1015.62,16.71,583.69,11.54,1
180276,44,74,65,780,0,2,0,24.49,1015.61,16.71,582.68,11.45,1
181272,43,75,66,781,0,2,0,24.49,1015.62,16.70,580.66,11.45,1
182268,44,75,67,785,0,3,0,24.49,1015.62,16.71,586.24,11.45,1
183264,44,75,66,788,0,2,0,24.49,1015.62,16.71,578.16,11.37,1
184260,44,76,68,800,0,2,0,24.49,1015.63,16.70,582.17,11.45,1
185256,44,77,68,817,0,2,0,24.49,1015.62,16.67,582.68,11.45,1
186252,44,79,68,829,0,2,0,24.49,1015.62,16.66,581.67,11.45,1
187248,44,78,70,840,0,2,0,24.48,1015.62,16.63,582.68,11.45,1
188244,45,79,70,844,0,2,0,24.48,1015.62,16.61,581.67,11.45,1
189240,45,78,70,839,0,2,0,24.48,1015.62,16.61,586.24,11.45,1
190236,45,77,70,833,0,2,0,24.48,1015.62,16.60,579.66,11.37,1
191232,44,77,68,827,0,2,0,24.48,1015.63,16.59,584.71,11.37,1
192228,44,76,66,821,0,2,0,24.48,1015.63,16.59,582.17,11.45,0
193224,44,76,67,817,0,2,0,24.48,1015.62,16.57,583.18,11.37,0
194220,45,75,65,812,0,2,0,24.48,1015.63,16.56,583.18,11.37,0
195216,44,75,66,809,0,2,0,24.48,1015.63,16.58,588.29,11.29,0
196212,44,75,65,806,0,2,0,24.48,1015.64,16.55,582.17,11.37,0
197208,44,74,65,804,0,2,0,24.48,1015.63,16.53,582.68,11.37,0
198204,44,75,65,802,0,2,0,24.48,1015.63,16.54,578.66,11.45,0
199200,44,74,65,799,0,2,0,24.48,1015.62,16.52,583.18,11.37,0
200196,44,74,65,797,0,2,0,24.48,1015.63,16.51,583.69,11.37,0
201192,44,75,64,796,0,2,0,24.48,1015.63,16.48,581.67,11.37,0
202188,43,74,65,794,0,2,0,24.47,1015.63,16.47,583.69,11.45,0
203184,43,74,64,793,0,2,0,24.47,1015.62,16.46,583.69,11.37,0
204180,43,74,65,792,0,2,0,24.47,1015.63,16.44,583.18,11.45,0
205176,43,74,64,791,0,2,0,24.48,1015.62,16.44,585.73,11.37,0
206172,43,73,64,790,0,2,0,24.48,1015.63,16.42,585.73,11.45,0
207168,43,74,64,788,0,2,0,24.48,1015.62,16.41,580.16,11.45,0
208164,44,73,64,788,0,2,0,24.48,1015.62,16.41,586.24,11.45,0
209160,43,74,63,787,0,2,0,24.48,1015.62,16.42,583.69,11.45,0
210156,43,73,64,786,0,2,0,24.48,1015.62,16.41,586.24,11.45,0
211152,43,74,64,785,0,2,0,24.48,1015.62,16.41,583.18,11.54,0
212148,42,74,64,784,0,2,0,24.48,1015.61,16.42,583.69,11.54,0
213144,43,74,64,784,0,2,0,24.48,1015.61,16.42,586.24,11.54,0
214140,43,74,64,783,0,2,0,24.48,1015.61,16.41,585.22,11.54,0
215136,43,74,64,782,0,2,0,24.49,1015.61,16.43,585.73,11.54,0
216132,43,73,64,782,0,2,0,24.49,1015.61,16.44,586.75,11.54,0
217128,43,73,63,781,0,2,0,24.49,1015.61,16.44,586.75,11.54,0
218124,43,74,64,780,0,2,0,24.49,1015.61,16.45,585.73,11.54,0
219120,43,73,63,780,0,2,0,24.49,1015.61,16.45,586.75,11.54,0
220116,43,74,64,780,0,2,0,24.49,1015.61,16.46,587.78,11.54,0
221112,43,73,64,778,0,2,0,24.49,1015.61,16.45,585.73,11.54,0
222108,42,73,64,778,0,2,0,24.49,1015.61,16.47,588.81,11.54,0
223104,43,74,63,777,0,2,0,24.49,1015.61,16.46,585.73,11.54,0
224100,43,73,63,777,0,2,0,24.49,1015.61,16.46,586.24,11.54,0
225096,43,73,63,777,0,2,0,24.50,1015.61,16.46,588.29,11.54,0
226092,43,74,63,776,0,2,0,24.50,1015.61,16.46,587.26,11.45,0
227088,43,73,63,776,0,2,0,24.50,1015.62,16.47,588.81,11.54,0
228084,43,73,63,775,0,2,0,24.50,1015.61,16.46,587.26,11.45,0
229080,43,73,63,775,0,2,0,24.50,1015.62,16.48,587.78,11.45,0
230076,43,73,63,774,0,2,0,24.50,1015.62,16.47,588.81,11.45,0
231072,43,73,64,773,0,2,0,24.50,1015.62,16.46,586.75,11.45,0
232068,43,73,63,773,0,2,0,24.50,1015.62,16.46,589.32,11.45,0
233064,42,73,63,773,0,2,0,24.50,1015.62,16.45,589.84,11.45,0
234060,42,73,64,773,0,2,0,24.50,1015.62,16.45,588.29,11.45,0
235056,43,73,63,773,0,2,0,24.50,1015.62,16.45,589.32,11.45,0
236052,42,73,63,772,0,2,0,24.50,1015.62,16.45,587.78,11.37,0
237048,42,73,62,772,0,2,0,24.50,1015.63,16.45,589.84,11.37,0
238044,42,73,64,771,0,2,0,24.50,1015.63,16.45,587.26,11.37,0
239040,42,73,63,771,0,2,0,24.50,1015.63,16.45,582.68,11.37,0
240036,42,73,62,771,0,2,0,24.50,1015.63,16.45,588.29,11.37,0
241032,42,73,63,770,0,2,0,24.50,1015.63,16.45,588.81,11.37,0
242028,42,73,63,770,0,2,0,24.51,1015.63,16.47,585.73,11.45,0
243024,43,73,63,771,0,2,0,24.51,1015.62,16.49,583.18,11.45,0
244020,43,73,63,770,0,2,0,24.51,1015.62,16.50,583.18,11.45,0
245016,43,73,64,771,0,2,0,24.51,1015.62,16.52,578.16,11.45,0
246012,43,73,64,771,0,2,0,24.51,1015.62,16.54,579.66,11.45,0
247008,44,73,64,770,0,2,0,24.51,1015.62,16.56,572.25,11.45,0
248004,43,73,64,769,0,2,0,24.51,1015.62,16.58,569.35,11.45,0
249000,43,73,64,769,0,2,0,24.51,1015.62,16.59,567.42,11.37,0
249996,44,73,64,770,0,2,0,24.51,1015.63,16.61,565.04,11.37,0
250992,44,74,65,770,0,2,0,24.50,1015.63,16.62,561.26,11.37,0
251988,44,73,64,770,0,2,0,24.50,1015.63,16.63,562.20,11.37,1
252984,44,74,65,769,0,2,0,24.50,1015.63,16.64,565.04,11.37,1
253980,44,73,65,769,0,3,0,24.50,1015.63,16.66,558.92,11.29,1
254976,44,73,65,770,0,2,0,24.50,1015.64,16.67,559.39,11.29,1
255972,44,74,65,770,0,2,0,24.50,1015.64,16.68,557.53,11.29,1
256968,44,74,66,769,0,2,0,24.50,1015.64,16.68,558.46,11.29,1
257964,44,74,65,769,0,2,0,24.50,1015.64,16.68,558.92,11.29,1
258960,45,73,65,769,0,2,0,24.50,1015.64,16.69,557.53,11.29,1
259956,45,74,66,769,0,2,0,24.50,1015.64,16.68,556.15,11.29,1
260952,44,74,66,769,0,2,0,24.50,1015.64,16.69,554.31,11.20,1
261948,45,74,66,769,0,2,0,24.50,1015.65,16.70,557.53,11.20,1
262944,45,74,66,769,0,2,0,24.50,1015.65,16.70,558.46,11.20,1
263940,45,75,67,769,0,2,0,24.50,1015.65,16.70,554.77,11.12,1
264936,45,74,66,768,0,2,0,24.50,1015.66,16.70,560.32,11.20,1
265932,45,74,66,768,0,2,0,24.50,1015.65,16.69,553.86,11.20,1
266928,45,74,66,769,0,3,0,24.50,1015.65,16.70,553.86,11.29,1
267924,45,74,66,768,0,2,0,24.50,1015.64,16.69,559.39,11.29,1
268920,45,74,67,768,0,2,0,24.50,1015.64,16.70,552.49,11.37,1
269916,46,74,66,768,0,2,0,24.50,1015.63,16.68,555.23,11.29,1
270912,45,74,67,768,0,2,0,24.50,1015.64,16.68,553.40,11.37,1
271908,45,75,67,770,0,2,0,24.50,1015.63,16.67,555.23,11.37,1
272904,46,75,68,772,0,2,0,24.50,1015.63,16.66,555.69,11.29,1
273900,45,75,68,776,0,2,0,24.50,1015.64,16.67,554.77,11.29,1
274896,45,75,69,778,0,2,0,24.50,1015.64,16.66,554.77,11.29,1
275892,46,75,68,778,0,2,0,24.50,1015.64,16.66,557.53,11.29,1
276888,46,75,69,778,0,2,0,24.50,1015.64,16.66,553.40,11.29,1
277884,45,75,69,777,0,2,0,24.50,1015.64,16.66,552.94,11.29,1
278880,46,75,69,778,0,2,0,24.50,1015.64,16.66,553.86,11.20,1
279876,46,75,69,777,0,2,0,24.50,1015.65,16.66,549.33,11.20,1
280872,46,76,69,778,0,2,0,24.50,1015.65,16.67,554.77,11.20,1
281868,47,77,70,784,0,2,0,24.50,1015.65,16.67,555.23,11.20,1
282864,47,76,70,787,0,2,0,24.50,1015.65,16.67,554.31,11.29,1
283860,46,76,69,785,0,2,0,24.50,1015.64,16.67,558.92,11.29,1
284856,46,76,69,783,0,2,0,24.50,1015.64,16.67,552.49,11.29,1
285852,46,76,69,781,0,2,0,24.50,1015.64,16.68,552.94,11.20,1
286848,46,75,69,781,0,2,0,24.50,1015.65,16.69,554.77,11.20,1
287844,46,75,69,781,0,2,0,24.50,1015.65,16.69,556.15,11.29,1
288840,46,75,69,781,0,2,0,24.50,1015.64,16.69,552.49,11.29,1
289836,46,75,68,779,0,2,0,24.50,1015.64,16.70,553.86,11.29,1
290832,46,75,68,778,0,2,0,24.50,1015.64,16.70,552.04,11.29,1
291828,46,75,68,777,0,2,0,24.50,1015.64,16.70,552.04,11.29,1
292824,46,75,69,776,0,2,0,24.50,1015.64,16.70,552.94,11.29,1
293820,46,74,69,777,0,2,0,24.50,1015.64,16.70,552.04,11.20,1
294816,46,75,70,780,0,2,0,24.50,1015.65,16.71,548.88,11.29,1
295812,46,76,70,783,0,3,0,24.50,1015.64,16.70,551.13,11.20,1
296808,46,76,71,787,0,2,0,24.50,1015.65,16.69,553.40,11.20,1
297804,47,75,70,788,0,2,0,24.50,1015.65,16.69,552.94,11.29,1
298800,47,76,71,788,0,2,0,24.51,1015.64,16.69,554.31,11.20,1
299796,46,75,70,787,0,2,0,24.51,1015.65,16.68,556.15,11.20,1
300792,46,75,70,785,0,2,0,24.51,1015.65,16.67,554.77,11.20,1
301788,46,75,70,786,0,2,0,24.51,1015.65,16.67,554.77,11.12,1
302784,47,76,71,788,0,2,0,24.51,1015.66,16.66,552.94,11.12,1
303780,46,75,70,786,0,2,0,24.51,1015.66,16.66,554.31,11.20,1
304776,46,75,69,783,0,2,0,24.51,1015.65,16.66,551.58,11.20,1
305772,46,74,69,782,0,2,0,24.51,1015.65,16.64,555.69,11.20,1
306768,46,75,69,781,0,2,0,24.51,1015.65,16.65,555.69,11.20,1
307764,46,75,69,783,0,2,0,24.51,1015.65,16.64,555.69,11.20,1
308760,46,76,70,784,0,2,0,24.51,1015.65,16.65,553.86,11.20,0
309756,46,75,69,783,0,2,0,24.51,1015.65,16.66,554.31,11.12,0
310752,46,75,69,783,0,2,0,24.51,1015.66,16.65,554.77,11.20,0
311748,46,75,69,781,0,2,0,24.51,1015.65,16.65,553.86,11.20,0
312744,46,75,68,779,0,2,0,24.51,1015.65,16.65,555.23,11.20,0
313740,46,74,67,778,0,3,0,24.51,1015.65,16.66,555.23,11.20,0
314736,46,75,68,777,0,2,0,24.51,1015.65,16.65,555.23,11.20,0
315732,46,75,68,777,0,2,0,24.51,1015.65,16.66,557.07,11.12,0
316728,46,74,67,775,0,2,0,24.51,1015.66,16.66,554.77,11.20,0
317724,45,75,68,775,0,2,0,24.51,1015.65,16.67,552.94,11.12,0
318720,45,75,67,773,0,3,0,24.51,1015.66,16.68,553.40,11.12,0
319716,46,74,67,773,0,2,0,24.51,1015.66,16.70,559.39,11.12,0
320712,45,74,67,773,0,2,0,24.51,1015.66,16.69,552.94,11.12,0
321708,46,74,67,772,0,2,0,24.51,1015.66,16.71,552.94,11.12,0
322704,45,74,67,772,0,2,0,24.51,1015.66,16.71,552.04,11.12,0
323700,45,74,67,771,0,2,0,24.52,1015.66,16.72,550.23,11.12,0
324696,46,74,67,770,0,3,0,24.52,1015.66,16.73,550.23,11.12,0
325692,45,74,67,770,0,2,0,24.52,1015.66,16.75,548.43,11.12,0
326688,45,74,67,770,0,2,0,24.52,1015.66,16.76,547.98,11.12,0
327684,45,74,67,769,0,2,0,24.52,1015.66,16.76,547.54,11.12,0
328680,45,74,67,769,0,2,0,24.52,1015.66,16.77,545.76,11.12,0
329676,45,74,67,769,0,2,0,24.52,1015.66,16.80,551.13,11.04,0
330672,45,74,67,768,0,2,0,24.52,1015.67,16.81,547.54,11.04,0
331668,45,74,66,768,0,2,0,24.52,1015.67,16.82,543.99,11.04,0
332664,45,73,67,768,0,2,0,24.52,1015.67,16.83,545.76,11.04,0
333660,45,74,67,768,0,2,0,24.52,1015.67,16.84,544.87,11.12,0
334656,45,74,66,767,0,2,0,24.52,1015.66,16.84,543.99,11.12,0
335652,45,74,67,767,0,2,0,24.52,1015.66,16.82,544.87,11.12,0
336648,44,74,66,767,0,2,0,24.52,1015.66,16.80,544.87,11.12,0
337644,44,74,67,767,0,2,0,24.52,1015.66,16.77,543.99,11.12,0
338640,44,74,66,766,0,2,0,24.52,1015.66,16.75,544.43,11.12,0
339636,45,73,66,766,0,2,0,24.52,1015.66,16.72,545.32,11.12,0
340632,45,74,67,765,0,2,0,24.52,1015.66,16.70,545.76,11.04,0
341628,45,74,66,766,0,2,0,24.52,1015.67,16.67,549.78,11.04,0
342624,45,74,67,765,0,2,0,24.52,1015.67,16.65,546.65,11.04,0
343620,45,73,66,764,0,2,0,24.52,1015.67,16.62,550.23,11.04,0
344616,45,73,66,764,0,2,0,24.52,1015.67,16.61,546.65,11.12,0
345612,45,73,67,765,0,2,0,24.52,1015.66,16.58,545.32,11.12,0
346608,45,74,67,763,0,2,0,24.52,1015.66,16.57,547.54,11.04,0
347604,45,74,66,764,0,2,0,24.52,1015.67,16.55,547.54,11.04,0
348600,45,74,66,764,0,2,0,24.52,1015.67,16.54,546.65,11.04,0
349596,44,74,66,763,0,2,0,24.52,1015.67,16.53,547.98,11.04,0
350592,45,74,66,763,0,2,0,24.52,1015.67,16.52,549.33,10.96,0
351588,44,74,66,763,0,2,0,24.52,1015.68,16.51,546.20,11.04,0
352584,44,73,67,762,0,2,0,24.52,1015.67,16.50,549.78,11.04,0
353580,44,73,66,763,0,2,0,24.52,1015.67,16.48,547.09,11.04,0
354576,44,73,66,762,0,2,0,24.52,1015.67,16.47,551.58,11.04,0
355572,44,73,66,763,0,2,0,24.52,1015.67,16.45,545.76,10.96,0
356568,44,74,66,762,0,2,0,24.52,1015.68,16.45,549.33,10.96,0
357564,45,73,66,762,0,2,0,24.52,1015.68,16.44,548.88,10.96,0
358560,44,73,66,762,0,2,0,24.53,1015.68,16.43,550.68,10.96,0
359556,44,73,66,762,0,2,0,24.53,1015.68,16.41,548.43,10.87,0
360552,44,74,66,762,0,2,0,24.53,1015.69,16.41,549.33,10.96,0
361548,44,73,66,762,0,2,0,24.53,1015.68,16.41,552.94,11.04,0
362544,44,74,66,761,0,2,0,24.53,1015.67,16.40,556.15,11.04,0
363540,44,73,66,762,0,2,0,24.52,1015.67,16.39,551.13,11.04,0
364536,44,73,66,762,0,2,0,24.52,1015.67,16.39,552.49,11.04,0
365532,44,73,66,761,0,2,0,24.52,1015.67,16.40,551.58,11.04,0
366528,44,73,66,761,0,2,0,24.52,1015.67,16.40,552.49,11.04,0
367524,44,73,66,761,0,2,0,24.52,1015.67,16.40,552.04,10.96,0
368520,44,73,66,761,0,2,0,24.52,1015.68,16.40,552.94,10.96,0
369516,44,74,66,762,0,2,0,24.52,1015.68,16.40,556.61,11.04,0
370512,44,73,66,761,0,2,0,24.52,1015.67,16.41,551.58,10.96,0
371508,44,74,66,762,0,3,0,24.52,1015.68,16.40,551.58,10.87,0
372504,44,73,67,761,0,2,0,24.52,1015.69,16.41,552.04,10.87,0
373500,44,74,66,761,0,2,0,24.52,1015.69,16.42,552.94,10.87,0
374496,44,73,66,761,0,3,0,24.52,1015.69,16.41,552.94,10.96,0
375492,44,73,66,761,0,3,0,24.52,1015.68,16.41,553.40,11.04,0
376488,44,73,66,762,0,3,0,24.52,1015.67,16.41,552.04,10.96,1
377484,44,73,66,761,0,3,0,24.52,1015.68,16.40,554.77,10.96,1
378480,43,73,67,764,0,3,0,24.52,1015.68,16.41,552.94,10.96,1
379476,44,74,66,765,0,3,0,24.52,1015.68,16.41,553.86,10.96,1
380472,44,73,67,765,0,2,0,24.52,1015.68,16.40,552.94,10.96,1
381468,43,74,67,765,0,3,0,24.52,1015.68,16.40,552.94,10.87,1
382464,44,74,67,763,0,2,0,24.52,1015.69,16.40,555.23,10.96,1
383460,44,74,67,763,0,3,0,24.52,1015.68,16.39,558.00,10.87,1
384456,44,74,67,762,0,2,0,24.52,1015.69,16.40,553.40,10.87,1
385452,44,74,66,763,0,3,0,24.52,1015.69,16.40,556.15,10.87,1
386448,44,74,67,763,0,2,0,24.52,1015.69,16.40,553.86,10.87,1
387444,44,74,67,763,0,2,0,24.52,1015.69,16.40,553.86,10.79,1
388440,44,74,68,762,0,2,0,24.52,1015.70,16.39,554.31,10.79,1
389436,44,74,68,763,0,2,0,24.52,1015.70,16.38,556.61,10.79,1
390432,44,74,68,764,0,2,0,24.52,1015.70,16.38,553.86,10.79,1
391428,44,74,68,764,0,2,0,24.52,1015.70,16.37,554.31,10.87,1
392424,45,73,68,763,0,2,0,24.52,1015.69,16.38,554.77,10.96,1
393420,45,74,68,763,0,2,0,24.52,1015.68,16.36,552.94,10.96,1
394416,44,74,68,763,0,2,0,24.52,1015.68,16.37,555.69,11.04,1
395412,44,74,69,764,0,2,0,24.52,1015.67,16.36,555.23,10.96,1
396408,45,74,71,767,0,2,0,24.52,1015.68,16.36,554.77,10.96,1
397404,45,75,73,780,0,3,0,24.52,1015.68,16.37,557.07,10.96,1
398400,46,77,73,803,0,2,0,24.52,1015.68,16.36,554.77,10.96,1
399396,46,79,73,825,0,2,0,24.52,1015.68,16.36,551.58,10.96,1
400392,46,78,74,836,0,3,0,24.52,1015.68,16.36,555.69,10.87,1
401388,46,79,74,843,0,3,0,24.52,1015.69,16.36,560.79,10.87,1
402384,46,80,75,849,0,2,0,24.52,1015.69,16.35,557.07,10.87,1
403380,46,80,75,852,0,3,0,24.52,1015.69,16.36,557.53,10.87,1
404376,46,80,75,853,0,3,0,24.52,1015.69,16.34,558.46,10.87,1
405372,47,80,75,854,0,3,0,24.52,1015.69,16.35,555.69,10.87,1
406368,46,81,75,859,0,3,0,24.52,1015.69,16.34,555.69,10.87,1
407364,46,81,76,864,0,3,0,24.52,1015.69,16.33,558.46,10.87,1
408360,46,81,75,864,0,3,0,24.52,1015.69,16.33,558.00,10.87,1
409356,47,81,76,862,0,3,0,24.52,1015.69,16.32,561.26,10.87,1
410352,47,81,76,861,0,3,0,24.52,1015.69,16.31,560.32,10.87,1
411348,47,81,77,863,0,3,0,24.52,1015.69,16.31,557.53,10.87,1
412344,46,79,75,857,0,3,0,24.52,1015.69,16.29,559.39,10.87,1
413340,47,78,75,850,0,2,0,24.52,1015.69,16.29,554.77,10.79,1
414336,47,78,75,844,0,3,0,24.52,1015.70,16.28,558.46,10.79,1
415332,46,77,74,838,0,3,0,24.52,1015.70,16.29,559.39,10.71,1
416328,47,77,74,834,0,3,0,24.52,1015.71,16.27,557.53,10.71,1
417324,47,77,74,828,0,3,0,24.52,1015.71,16.27,557.53,10.71,1
418320,47,77,75,826,0,3,0,24.52,1015.71,16.27,558.00,10.71,1
419316,47,77,74,823,0,3,0,24.52,1015.71,16.26,554.77,10.71,1
420312,46,77,73,821,0,3,0,24.52,1015.71,16.26,559.39,10.79,1
421308,46,76,73,818,0,3,0,24.52,1015.70,16.26,556.15,10.79,1
422304,46,76,72,815,0,3,0,24.52,1015.70,16.27,556.61,10.79,1
423300,46,76,74,812,0,3,0,24.52,1015.70,16.27,555.69,10.87,1
424296,46,76,73,809,0,3,0,24.52,1015.69,16.27,556.15,10.87,1
425292,47,76,72,807,0,3,0,24.52,1015.69,16.27,554.77,10.79,1
426288,47,76,72,805,0,3,0,24.52,1015.70,16.30,553.86,10.79,1
427284,47,76,71,803,0,3,0,24.52,1015.70,16.30,555.23,10.79,1
428280,47,76,70,801,0,2,0,24.52,1015.70,16.32,553.40,10.71,1
429276,46,76,71,800,0,3,0,24.52,1015.71,16.31,554.77,10.79,1
430272,47,76,71,798,0,3,0,24.52,1015.70,16.32,552.94,10.71,1
431268,46,75,71,796,0,3,0,24.52,1015.71,16.32,556.15,10.62,1
432264,46,75,70,795,0,3,0,24.52,1015.72,16.34,555.23,10.62,1
433260,46,75,71,794,0,3,0,24.52,1015.72,16.33,557.07,10.62,1
434256,47,75,71,793,0,3,0,24.52,1015.72,16.34,556.15,10.71,1
435252,47,74,71,792,0,3,0,24.52,1015.71,16.33,558.00,10.71,1
436248,46,75,72,792,0,3,0,24.52,1015.71,16.32,556.15,10.71,0
437244,46,75,71,792,0,3,0,24.52,1015.71,16.33,555.69,10.79,0
438240,46,75,71,791,0,3,0,24.52,1015.70,16.33,555.69,10.87,0
439236,46,75,70,790,0,3,0,24.52,1015.69,16.33,555.23,10.96,0
440232,46,75,70,788,0,3,0,24.52,1015.68,16.32,556.15,10.87,0
441228,46,74,70,787,0,3,0,24.52,1015.69,16.33,555.23,10.79,0
442224,46,75,69,786,0,3,0,24.52,1015.70,16.33,555.69,10.79,0
443220,46,74,69,785,0,3,0,24.52,1015.70,16.34,551.58,10.79,0
444216,46,75,70,785,0,3,0,24.52,1015.70,16.33,558.46,10.79,0
445212,46,74,69,784,0,3,0,24.52,1015.70,16.33,555.69,10.71,0
446208,45,74,69,783,0,3,0,24.52,1015.71,16.34,556.61,10.71,0
447204,46,74,70,782,0,3,0,24.52,1015.71,16.33,559.39,10.79,0
448200,46,74,69,781,0,3,0,24.52,1015.70,16.32,562.20,10.71,0
449196,46,74,69,780,0,3,0,24.52,1015.71,16.34,554.77,10.71,0
450192,45,74,69,779,0,3,0,24.52,1015.71,16.32,556.15,10.71,0
451188,45,74,69,779,0,3,0,24.52,1015.71,16.33,558.46,10.71,0
452184,45,74,69,778,0,2,0,24.52,1015.71,16.34,562.20,10.71,0
453180,45,74,68,778,0,3,0,24.52,1015.71,16.33,556.61,10.71,0
454176,45,74,68,777,0,3,0,24.52,1015.71,16.34,558.00,10.71,0
455172,45,74,69,777,0,3,0,24.52,1015.71,16.34,559.39,10.71,0
456168,45,74,68,776,0,3,0,24.52,1015.71,16.33,561.26,10.71,0
457164,45,74,69,776,0,3,0,24.52,1015.71,16.33,560.79,10.71,0
458160,45,74,69,775,0,3,0,24.52,1015.71,16.33,558.46,10.71,0
459156,45,74,69,775,0,3,0,24.52,1015.71,16.32,560.79,10.71,0
460152,45,74,68,775,0,3,0,24.52,1015.71,16.32,560.79,10.71,0
461148,45,73,68,774,0,3,0,24.52,1015.71,16.32,563.61,10.71,0
462144,45,74,68,773,0,3,0,24.52,1015.71,16.31,560.32,10.71,0
463140,45,74,69,773,0,3,0,24.51,1015.71,16.31,561.26,10.71,0
464136,45,73,68,773,0,3,0,24.51,1015.71,16.30,562.20,10.62,0
465132,45,74,69,772,0,3,0,24.52,1015.72,16.29,562.20,10.71,0
466128,45,74,68,772,0,3,0,24.52,1015.71,16.30,560.79,10.71,0
467124,45,74,68,771,0,3,0,24.51,1015.71,16.28,560.32,10.71,0
468120,45,74,68,771,0,3,0,24.51,1015.71,16.28,561.26,10.71,0
469116,45,74,69,771,0,3,0,24.51,1015.71,16.29,562.20,10.79,0
470112,45,74,69,770,0,3,0,24.51,1015.70,16.28,564.09,10.87,0
471108,44,73,68,770,0,3,0,24.51,1015.69,16.29,565.04,10.79,0
472104,44,74,68,768,0,3,0,24.51,1015.70,16.29,560.32,10.87,0
473100,45,73,68,769,0,3,0,24.51,1015.69,16.28,564.09,10.87,0
474096,45,74,68,768,0,3,0,24.51,1015.69,16.27,564.56,10.87,0
475092,44,74,68,769,0,3,0,24.52,1015.69,16.28,562.67,10.87,0
476088,45,73,67,768,0,3,0,24.51,1015.69,16.27,568.38,10.87,0
477084,45,74,68,768,0,3,0,24.51,1015.69,16.28,565.04,10.79,0
478080,44,74,68,768,0,3,0,24.51,1015.70,16.28,570.80,10.87,0
479076,45,74,68,768,0,3,0,24.51,1015.69,16.26,562.67,10.79,0
480072,44,74,67,767,0,3,0,24.51,1015.70,16.26,566.94,10.79,0
481068,45,73,67,768,0,3,0,24.51,1015.70,16.25,566.47,10.79,0
482064,44,74,68,767,0,3,0,24.51,1015.70,16.25,569.35,10.71,0
483060,44,73,68,766,0,3,0,24.51,1015.71,16.24,567.42,10.71,0
484056,44,73,68,767,0,3,0,24.52,1015.71,16.25,566.94,10.71,0
485052,45,74,68,766,0,3,0,24.51,1015.71,16.23,566.94,10.71,0
486048,44,74,68,766,0,3,0,24.51,1015.71,16.23,569.83,10.71,0
487044,44,73,68,765,0,3,0,24.52,1015.71,16.23,568.38,10.71,0
488040,44,73,68,765,0,3,0,24.52,1015.71,16.23,569.83,10.71,0
489036,44,73,68,765,0,2,0,24.52,1015.71,16.23,567.90,10.79,0
490032,44,73,68,764,0,3,0,24.52,1015.70,16.23,562.67,10.79,0
491028,44,73,68,764,0,3,0,24.52,1015.70,16.23,567.90,10.79,0
492024,44,74,68,764,0,3,0,24.52,1015.70,16.22,563.14,10.79,0
493020,43,74,68,763,0,3,0,24.52,1015.70,16.23,568.86,10.87,0
494016,44,73,68,764,0,3,0,24.52,1015.69,16.22,569.35,10.79,0
495012,44,73,67,762,0,3,0,24.52,1015.70,16.22,566.94,10.87,0
496008,44,73,67,763,0,3,0,24.52,1015.69,16.23,569.83,10.87,0
497004,44,73,67,763,0,3,0,24.52,1015.69,16.23,568.86,10.87,0
498000,44,73,67,762,0,3,0,24.52,1015.69,16.22,572.74,10.79,0
498996,44,73,68,762,0,2,0,24.52,1015.70,16.22,567.90,10.79,0
499992,44,73,68,762,0,3,0,24.52,1015.70,16.23,569.35,10.79,0
500988,43,73,67,761,0,3,0,24.52,1015.70,16.22,566.47,10.79,0
501984,43,73,67,762,0,3,0,24.52,1015.70,16.22,568.86,10.87,0
502980,43,73,67,762,0,3,0,24.52,1015.69,16.22,566.47,10.87,0
503976,44,73,67,761,0,3,0,24.52,1015.69,16.23,567.90,10.87,0
504972,44,73,67,761,0,3,0,24.52,1015.69,16.23,567.42,10.79,0
505968,44,73,67,761,0,2,0,24.52,1015.70,16.24,569.83,10.79,0
506964,43,73,67,760,0,3,0,24.52,1015.70,16.24,569.83,10.79,0
507960,43,73,67,760,0,3,0,24.52,1015.70,16.23,569.83,10.71,0
508956,43,73,67,760,0,3,0,24.52,1015.71,16.24,568.86,10.79,0
509952,43,73,67,760,0,2,0,24.52,1015.70,16.24,567.90,10.71,0
510948,43,73,67,759,0,3,0,24.52,1015.71,16.24,567.90,10.71,0
511944,42,73,67,760,0,2,0,24.52,1015.71,16.24,567.90,10.79,0
512940,43,73,67,760,0,3,0,24.52,1015.70,16.25,567.90,10.79,0
513936,43,73,67,759,0,3,0,24.53,1015.70,16.25,567.42,10.79,0
514932,43,73,67,759,0,3,0,24.53,1015.70,16.23,569.35,10.79,0
515928,43,73,67,759,0,3,0,24.52,1015.70,16.25,569.83,10.87,0
516924,43,72,67,759,0,2,0,24.53,1015.69,16.25,569.35,10.79,0
517920,43,73,66,759,0,3,0,24.53,1015.70,16.24,569.83,10.79,0
518916,43,73,67,758,0,3,0,24.53,1015.70,16.23,570.80,10.71,0
519912,43,72,67,758,0,3,0,24.53,1015.71,16.23,575.69,10.79,0
520908,43,73,67,759,0,3,0,24.53,1015.70,16.22,571.77,10.79,0
521904,43,73,67,759,0,3,0,24.53,1015.70,16.20,570.31,10.79,0
522900,43,72,67,759,0,3,0,24.53,1015.70,16.20,575.20,10.79,0
523896,43,73,67,759,0,3,0,24.53,1015.70,16.19,570.80,10.71,0
524892,43,73,67,759,0,3,0,24.53,1015.71,16.19,571.28,10.79,0
525888,43,73,67,760,0,3,0,24.53,1015.70,16.16,576.18,10.71,0
526884,42,73,67,761,0,3,0,24.53,1015.71,16.16,573.23,10.79,0
527880,43,72,67,761,0,3,0,24.53,1015.70,16.15,572.25,10.79,0
528876,43,73,67,761,0,3,0,24.53,1015.70,16.14,572.25,10.79,0
529872,43,73,67,760,0,2,0,24.53,1015.70,16.12,571.77,10.71,0
530868,43,73,66,759,0,3,0,24.53,1015.71,16.12,575.69,10.71,0
531864,42,73,67,759,0,2,0,24.53,1015.71,16.12,571.28,10.62,0
532860,43,73,67,759,0,3,0,24.53,1015.72,16.11,572.74,10.62,0
533856,42,73,67,759,0,2,0,24.53,1015.72,16.11,573.72,10.71,0
534852,42,73,67,759,0,3,0,24.53,1015.71,16.10,571.28,10.79,0
535848,42,73,67,759,0,2,0,24.53,1015.70,16.09,570.80,10.87,0
536844,42,72,67,758,0,3,0,24.53,1015.69,16.09,574.70,10.87,0
537840,43,73,66,758,0,2,0,24.54,1015.69,16.09,572.74,10.87,0
538836,42,73,66,758,0,3,0,24.54,1015.69,16.08,576.18,10.87,0
539832,43,72,67,759,0,3,0,24.54,1015.69,16.08,577.17,10.79,0
540828,43,72,67,760,0,3,0,24.54,1015.70,16.08,575.69,10.71,0
541824,43,73,67,762,0,3,0,24.54,1015.71,16.07,578.66,10.71,0
542820,43,73,67,761,0,2,0,24.54,1015.71,16.08,575.20,10.62,0
543816,44,73,68,762,0,3,0,24.55,1015.72,16.07,573.72,10.62,0
544812,43,73,68,763,0,3,0,24.55,1015.72,16.10,574.70,10.62,0
545808,43,74,68,761,0,3,0,24.55,1015.72,16.11,572.25,10.54,0
546804,43,74,67,761,0,3,0,24.55,1015.73,16.14,575.69,10.54,0
547800,44,74,68,760,0,3,0,24.54,1015.73,16.15,572.74,10.54,0
548796,44,73,68,760,0,3,0,24.54,1015.73,16.16,572.74,10.54,0
549792,44,73,68,760,0,2,0,24.55,1015.73,16.17,577.67,10.54,0
550788,44,73,69,759,0,2,0,24.55,1015.73,16.17,571.77,10.46,0
551784,44,74,68,759,0,3,0,24.55,1015.74,16.18,570.80,10.46,0
552780,44,74,68,759,0,3,0,24.55,1015.74,16.18,576.18,10.54,0
553776,43,74,68,758,0,3,0,24.55,1015.73,16.19,572.74,10.54,0
554772,44,74,68,759,0,2,0,24.55,1015.73,16.20,573.72,10.46,0
555768,44,73,68,759,0,2,0,24.55,1015.74,16.19,571.77,10.46,1
556764,44,73,68,759,0,3,0,24.55,1015.74,16.20,571.28,10.54,1
557760,44,74,68,759,0,3,0,24.55,1015.73,16.20,571.28,10.54,1
558756,44,74,68,759,0,3,0,24.54,1015.73,16.19,569.35,10.54,1
559752,43,73,68,759,0,2,0,24.54,1015.73,16.20,566.94,10.54,1
560748,44,73,68,759,0,2,0,24.54,1015.73,16.20,571.28,10.54,1
561744,44,74,68,759,0,3,0,24.54,1015.73,16.21,570.80,10.54,1
562740,44,73,69,759,0,3,0,24.54,1015.73,16.21,569.83,10.54,1
563736,44,74,69,759,0,3,0,24.54,1015.73,16.21,571.28,10.54,1
564732,44,74,69,760,0,3,0,24.54,1015.73,16.21,573.23,10.54,1
565728,44,73,70,760,0,3,0,24.54,1015.73,16.21,572.74,10.54,1
566724,45,73,70,760,0,3,0,24.54,1015.73,16.21,569.83,10.54,1
567720,45,73,70,760,0,3,0,24.54,1015.73,16.22,568.86,10.54,1
568716,46,74,72,761,0,3,0,24.54,1015.73,16.22,566.94,10.54,1
569712,47,75,74,764,0,3,0,24.54,1015.73,16.22,567.42,10.54,1
570708,47,75,75,767,0,3,0,24.54,1015.73,16.23,567.42,10.54,1
571704,48,75,75,769,0,3,0,24.54,1015.73,16.23,564.09,10.54,1
572700,48,75,76,768,0,3,0,24.54,1015.73,16.25,563.14,10.62,1
573696,49,75,76,768,0,3,0,24.54,1015.72,16.23,564.56,10.54,1
574692,49,75,75,767,0,3,0,24.54,1015.73,16.24,568.86,10.54,1
575688,48,75,75,766,0,3,0,24.54,1015.73,16.24,562.67,10.62,1
576684,49,75,75,765,0,3,0,24.54,1015.72,16.24,563.61,10.54,1
577680,49,74,75,765,0,3,0,24.54,1015.73,16.24,563.61,10.54,1
578676,48,75,75,765,0,3,0,24.54,1015.73,16.25,564.56,10.54,1
579672,49,75,74,764,0,2,0,24.54,1015.73,16.25,562.67,10.54,1
580668,49,75,75,764,0,3,0,24.54,1015.73,16.24,561.26,10.54,1
581664,49,75,75,764,0,2,0,24.54,1015.73,16.24,569.35,10.54,1
582660,48,75,75,765,0,3,0,24.54,1015.73,16.24,562.20,10.54,1
583656,49,75,76,766,0,2,0,24.54,1015.73,16.24,563.14,10.54,1
584652,50,75,77,768,0,3,0,24.54,1015.73,16.24,561.26,10.54,1
585648,49,75,77,771,0,3,0,24.54,1015.73,16.24,562.67,10.46,1
586644,50,76,78,777,0,2,0,24.54,1015.74,16.24,560.32,10.54,1
587640,50,76,78,783,0,3,0,24.54,1015.73,16.23,565.04,10.46,1
588636,50,77,76,787,0,3,0,24.54,1015.74,16.23,554.31,10.46,1
589632,50,78,75,790,0,3,0,24.54,1015.74,16.24,544.87,10.46,1
590628,50,78,75,791,0,3,0,24.54,1015.74,16.22,537.03,10.54,1
591624,50,77,76,790,0,3,0,24.54,1015.73,16.23,527.75,10.54,1
592620,50,77,78,791,0,3,0,24.54,1015.73,16.23,522.01,10.62,1
593616,50,77,78,792,0,3,0,24.54,1015.72,16.22,515.21,10.62,1
594612,51,78,79,808,0,3,0,24.54,1015.72,16.23,508.96,10.62,1
595608,51,78,81,822,0,1,0,24.54,1015.72,16.21,509.35,10.62,1
596604,51,79,82,833,0,2,0,24.54,1015.72,16.21,498.76,10.54,1
597600,53,80,83,836,0,2,0,24.54,1015.73,16.21,494.72,10.54,1
598596,53,80,83,837,0,2,0,24.54,1015.73,16.21,494.35,10.54,1
599592,54,82,85,838,0,2,0,24.55,1015.73,16.20,495.08,10.54,1
0,55,83,87,848,0,2,0,24.55,1015.73,16.21,491.46,10.54,1
996,56,83,87,844,0,2,0,24.46,1015.73,16.20,481.60,10.54,1
1992,57,82,87,841,0,2,0,24.45,1015.73,16.23,481.60,10.54,1
2988,57,82,86,834,0,2,0,24.46,1015.73,16.23,480.22,10.54,1
3984,57,81,85,829,0,2,0,24.47,1015.73,16.22,482.29,10.54,1
4980,57,82,84,823,0,2,0,24.48,1015.73,16.24,483.68,10.54,1
5976,56,81,84,819,0,2,0,24.49,1015.73,16.23,485.77,10.54,1
6972,57,81,84,815,0,2,0,24.50,1015.73,16.24,482.98,10.62,1
7968,56,81,85,813,0,2,0,24.50,1015.72,16.23,482.29,10.62,1
8964,56,81,86,815,0,2,0,24.51,1015.72,16.23,487.89,10.54,1
9960,57,83,87,829,0,2,0,24.51,1015.73,16.22,485.42,10.54,1
10956,57,83,87,840,0,2,0,24.52,1015.73,16.22,483.68,10.54,1
11952,56,83,87,837,0,3,0,24.52,1015.73,16.22,483.68,10.62,1
12948,56,82,86,830,0,2,0,24.52,1015.72,16.21,484.72,10.54,1
13944,56,81,85,825,0,2,0,24.53,1015.73,16.21,485.42,10.54,1
14940,57,81,85,820,0,2,0,24.53,1015.73,16.21,485.77,10.54,1
15936,57,81,86,817,0,2,0,24.53,1015.73,16.21,485.07,10.62,1
16932,57,81,85,813,0,2,0,24.53,1015.72,16.19,487.18,10.62,1
17928,58,81,85,810,0,2,0,24.53,1015.72,16.18,480.56,10.71,1
18924,58,80,85,808,0,2,0,24.53,1015.71,16.18,475.46,10.71,1
19920,59,81,86,806,0,2,0,24.53,1015.71,16.18,466.22,10.71,1
20916,61,81,87,803,0,2,0,24.53,1015.71,16.17,459.53,10.71,1
21912,62,81,89,802,0,2,0,24.53,1015.71,16.16,451.19,10.71,1
22908,63,82,89,800,0,2,0,24.53,1015.71,16.15,437.96,10.79,1
23904,64,82,91,799,0,3,0,24.53,1015.70,16.15,424.94,10.71,1
24900,67,82,93,797,0,3,0,24.53,1015.71,16.14,410.40,10.71,1
25896,69,83,96,798,0,3,0,24.54,1015.71,16.14,395.89,10.71,1
26892,70,84,98,797,0,2,0,24.54,1015.71,16.14,383.68,10.62,1
27888,72,85,99,796,0,2,0,24.54,1015.72,16.14,369.95,10.62,1
28884,73,86,99,795,0,2,0,24.54,1015.72,16.13,356.78,10.62,1
29880,75,87,101,794,0,2,0,24.53,1015.72,16.12,344.51,10.62,1
30876,77,88,102,793,0,2,0,24.53,1015.72,16.12,332.72,10.62,1
31872,80,90,106,791,0,2,0,24.53,1015.72,16.11,321.40,10.62,1
32868,84,91,108,791,0,2,0,24.53,1015.72,16.12,311.41,10.62,1
33864,86,91,109,790,0,2,0,24.53,1015.72,16.11,301.74,10.62,1
34860,86,91,110,789,0,2,0,24.54,1015.72,16.11,293.96,10.62,1
35856,88,93,112,788,0,2,0,24.54,1015.72,16.10,287.07,10.54,1
36852,91,93,114,787,0,2,0,24.53,1015.73,16.10,280.25,10.62,1
37848,94,94,116,787,0,2,0,24.53,1015.72,16.09,273.75,10.62,1
38844,96,95,119,787,0,3,0,24.53,1015.72,16.09,267.12,10.62,1
39840,99,97,122,786,0,2,0,24.53,1015.72,16.08,260.59,10.71,1
40836,102,98,126,786,0,2,0,24.53,1015.71,16.08,255.16,10.62,1
41832,105,98,129,786,0,2,0,24.53,1015.72,16.08,249.20,10.62,1
42828,107,101,132,785,0,2,0,24.53,1015.72,16.07,242.79,10.62,1
43824,109,101,134,785,0,2,0,24.53,1015.72,16.07,238.24,10.62,1
44820,109,101,135,785,0,2,0,24.53,1015.72,16.07,233.04,10.71,1
45816,109,102,135,784,0,2,0,24.53,1015.71,16.06,230.12,10.71,1
46812,109,102,134,783,0,2,0,24.53,1015.71,16.07,227.42,10.54,1
47808,108,102,134,783,0,2,0,24.53,1015.73,16.06,226.80,10.54,1
48804,107,102,135,782,0,2,0,24.53,1015.73,16.06,227.11,10.46,1
49800,108,102,135,783,0,2,0,24.53,1015.74,16.06,226.96,10.54,1
50796,107,103,135,782,0,2,0,24.53,1015.73,16.06,228.37,10.46,1
51792,107,103,135,782,0,2,0,24.53,1015.74,16.05,227.11,10.46,1
52788,106,103,134,780,0,3,0,24.53,1015.74,16.05,227.42,10.46,1
53784,106,103,135,781,0,3,0,24.53,1015.74,16.06,227.74,10.46,1
54780,106,103,135,780,0,3,0,24.53,1015.74,16.06,226.18,10.46,1
55776,104,103,136,781,0,2,0,24.53,1015.74,16.05,224.95,10.46,1
56772,104,103,135,781,0,2,0,24.53,1015.74,16.04,222.98,10.46,1
57768,103,103,134,779,0,2,0,24.53,1015.74,16.05,222.08,10.46,1
58764,104,103,134,779,0,2,0,24.53,1015.74,16.04,218.84,10.37,1
59760,103,103,135,779,0,2,0,24.53,1015.75,16.04,218.26,10.37,1
60756,103,103,134,778,0,2,0,24.53,1015.75,16.04,217.26,10.37,1
61752,103,103,134,778,0,2,0,24.53,1015.75,16.04,216.97,10.37,1
62748,102,103,134,777,0,2,0,24.53,1015.75,16.04,216.55,10.37,1
63744,102,103,135,777,0,2,0,24.53,1015.75,16.04,215.84,10.37,1
64740,101,103,135,778,0,2,0,24.53,1015.75,16.04,214.30,10.37,1
65736,101,103,135,776,0,2,0,24.53,1015.75,16.05,210.62,10.37,1
66732,100,103,134,776,0,2,0,24.53,1015.75,16.05,209.55,10.37,0
67728,99,103,133,776,0,2,0,24.53,1015.75,16.05,207.31,10.37,0
68724,99,102,134,776,0,2,0,24.53,1015.75,16.06,205.13,10.37,0
69720,98,103,134,776,0,2,0,24.53,1015.75,16.06,203.11,10.37,0
70716,99,102,133,775,0,2,0,24.53,1015.75,16.06,202.37,10.37,0
71712,98,103,133,775,0,2,0,24.53,1015.75,16.07,201.75,10.37,0
72708,98,103,133,775,0,2,0,24.53,1015.75,16.08,200.65,10.37,0
73704,97,103,133,775,0,2,0,24.53,1015.75,16.08,200.40,10.37,0
74700,97,103,133,775,0,2,0,24.53,1015.75,16.08,200.28,10.37,0
75696,97,103,134,774,0,2,0,24.53,1015.75,16.09,200.04,10.37,0
76692,101,104,136,775,0,3,0,24.53,1015.75,16.08,198.60,10.46,0
77688,110,106,145,775,0,3,0,24.53,1015.74,16.09,196.12,10.46,0
78684,121,110,155,775,0,2,0,24.53,1015.74,16.10,191.35,10.46,0
79680,129,113,165,776,0,2,0,24.53,1015.74,16.08,186.39,10.46,0
80676,136,116,173,777,0,2,0,24.53,1015.74,16.09,183.14,10.46,0
81672,143,119,181,778,0,2,0,24.53,1015.74,16.08,177.16,10.54,0
82668,149,122,188,778,0,2,0,24.53,1015.73,16.09,171.73,10.46,0
83664,151,125,192,779,0,2,0,24.53,1015.74,16.09,167.96,10.54,0
84660,152,127,195,779,0,2,0,24.53,1015.73,16.09,163.70,10.62,0
85656,153,129,197,780,0,2,0,24.53,1015.72,16.10,159.21,10.62,0
86652,154,130,199,781,0,2,0,24.53,1015.72,16.09,154.67,10.54,0
87648,153,131,199,782,0,2,0,24.53,1015.73,16.08,150.78,10.54,0
88644,153,131,199,781,0,2,0,24.53,1015.73,16.09,147.35,10.54,0
89640,153,131,200,782,0,2,0,24.53,1015.73,16.08,144.06,10.62,0
90636,154,132,201,782,0,2,0,24.53,1015.72,16.09,141.88,10.62,0
91632,154,132,203,781,0,2,0,24.53,1015.72,16.09,140.57,10.62,0
92628,154,133,204,782,0,2,0,24.53,1015.72,16.09,138.83,10.62,0
93624,153,134,203,782,0,2,0,24.53,1015.72,16.09,137.13,10.54,0
94620,151,134,204,781,0,2,0,24.53,1015.73,16.08,136.13,10.46,0
95616,150,134,202,781,0,2,0,24.53,1015.74,16.09,133.86,10.46,0
96612,148,134,202,781,0,2,0,24.53,1015.74,16.08,132.38,10.46,0
97608,146,134,201,781,0,2,0,24.53,1015.74,16.08,129.73,10.46,0
98604,145,134,200,781,0,2,0,24.53,1015.74,16.08,127.66,10.46,0
99600,142,134,199,780,0,2,0,24.53,1015.74,16.07,124.63,10.46,0
100596,141,133,198,781,0,2,0,24.53,1015.74,16.08,121.83,10.46,0
101592,139,133,197,780,0,2,0,24.53,1015.74,16.07,118.48,10.46,0
102588,140,133,197,780,0,2,0,24.53,1015.74,16.08,116.35,10.46,0
103584,141,133,197,780,0,2,0,24.53,1015.74,16.06,114.37,10.46,0
104580,143,132,199,779,0,2,0,24.53,1015.74,16.08,112.16,10.46,0
105576,146,133,199,780,0,2,0,24.53,1015.74,16.08,110.75,10.54,0
106572,149,134,204,780,0,2,0,24.53,1015.73,16.07,109.81,10.46,0
107568,154,136,210,779,0,2,0,24.53,1015.74,16.07,109.39,10.46,0
108564,157,138,214,781,0,2,0,24.53,1015.74,16.06,109.39,10.54,0
109560,160,139,219,781,0,2,0,24.53,1015.73,16.07,110.03,10.46,0
110556,163,140,222,781,0,2,0,24.53,1015.74,16.06,111.41,10.54,0
111552,169,142,227,781,0,2,0,24.53,1015.73,16.07,112.08,10.46,0
112548,175,145,234,783,0,2,0,24.53,1015.74,16.06,112.99,10.46,0
113544,182,147,242,782,0,2,0,24.53,1015.74,16.06,113.90,10.46,0
114540,187,148,248,783,0,2,0,24.53,1015.74,16.06,114.29,10.46,0
115536,192,150,252,783,0,2,0,24.53,1015.74,16.06,114.53,10.46,0
116532,195,151,257,784,0,2,0,24.53,1015.74,16.05,115.07,10.54,0
117528,197,153,261,784,0,3,0,24.53,1015.73,16.06,116.67,10.54,0
118524,197,154,263,784,0,2,0,24.53,1015.73,16.05,118.40,10.46,0
119520,197,155,265,785,0,2,0,24.53,1015.74,16.03,118.90,10.54,0
120516,196,156,266,785,0,2,0,24.53,1015.73,16.04,121.21,10.54,0
121512,194,157,267,786,0,2,0,24.53,1015.73,16.04,121.39,10.62,0
122508,191,158,266,791,0,2,0,24.53,1015.72,16.03,122.09,10.54,0
123504,187,159,265,793,0,2,0,24.53,1015.73,16.04,122.18,10.54,0
124500,184,158,262,794,0,2,0,24.53,1015.73,16.03,122.63,10.54,0
125496,181,158,260,794,0,2,0,24.53,1015.73,16.04,123.26,10.46,0
126492,179,159,258,793,0,2,0,24.53,1015.74,16.03,122.54,10.46,0
127488,176,158,255,793,0,2,0,24.53,1015.74,16.04,122.99,10.54,1
128484,174,158,255,795,0,3,0,24.53,1015.73,16.04,121.30,10.62,1
129480,171,158,254,795,0,3,0,24.53,1015.72,16.04,121.39,10.62,1
130476,170,157,252,792,0,3,0,24.53,1015.72,16.05,121.30,10.62,1
131472,169,157,251,791,0,3,0,24.53,1015.72,16.05,120.35,10.71,1
132468,168,156,250,790,0,3,0,24.53,1015.71,16.05,120.78,10.62,1
133464,166,156,249,789,0,3,0,24.53,1015.72,16.06,120.87,10.71,1
134460,165,156,248,789,0,3,0,24.53,1015.71,16.06,120.43,10.62,1
135456,164,155,249,788,0,3,0,24.53,1015.72,16.06,121.30,10.62,1
136452,162,154,247,787,0,3,0,24.53,1015.72,16.07,121.39,10.62,1
137448,161,154,247,787,0,3,0,24.53,1015.72,16.07,122.09,10.71,1
138444,160,153,246,785,0,3,0,24.53,1015.71,16.09,122.54,10.71,1
139440,159,153,245,786,0,3,0,24.53,1015.71,16.09,123.89,10.71,1
140436,157,153,245,786,0,3,0,24.53,1015.71,16.09,124.26,10.71,1
141432,157,153,244,785,0,3,0,24.53,1015.71,16.09,125.09,10.71,1
142428,160,152,244,785,0,3,0,24.53,1015.71,16.09,124.81,10.71,1
143424,167,152,249,783,0,3,0,24.53,1015.71,16.09,124.08,10.71,1
144420,173,152,255,784,0,3,0,24.53,1015.71,16.09,122.99,10.71,1
145416,179,152,260,783,0,3,0,24.53,1015.71,16.09,121.92,10.62,1
146412,183,152,267,783,0,3,0,24.53,1015.72,16.08,120.00,10.71,1
147408,187,152,274,785,0,3,0,24.53,1015.71,16.08,118.98,10.62,1
148404,189,152,275,785,0,3,0,24.53,1015.72,16.08,118.40,10.71,1
149400,189,153,275,785,0,3,0,24.53,1015.71,16.07,117.82,10.71,1
150396,190,153,275,784,0,3,0,24.53,1015.71,16.08,117.32,10.71,1
151392,190,154,276,784,0,3,0,24.53,1015.71,16.07,116.51,10.71,1
152388,191,154,277,784,0,3,0,24.53,1015.71,16.07,116.83,10.62,1
153384,191,155,278,783,0,2,0,24.53,1015.72,16.06,116.35,10.62,1
154380,191,155,278,784,0,3,0,24.53,1015.72,16.05,116.59,10.62,1
155376,190,155,279,783,0,3,0,24.53,1015.72,16.06,117.65,10.62,1
156372,189,155,278,783,0,3,0,24.53,1015.72,16.04,119.49,10.54,1
157368,187,154,277,782,0,3,0,24.53,1015.73,16.03,121.56,10.54,1
158364,185,154,276,782,0,3,0,24.53,1015.73,16.02,123.80,10.54,1
159360,183,154,274,782,0,3,0,24.53,1015.73,16.02,125.28,10.54,1
160356,180,154,274,781,0,3,0,24.53,1015.73,16.02,127.66,10.54,1
161352,178,154,271,781,0,3,0,24.53,1015.73,16.01,129.53,10.54,1
162348,176,153,272,782,0,3,0,24.53,1015.73,16.00,132.49,10.54,1
163344,174,153,270,781,0,3,0,24.53,1015.73,15.99,134.39,10.46,1
164340,173,154,272,783,0,3,0,24.53,1015.74,16.01,136.46,10.37,1
165336,171,153,271,785,0,2,0,24.53,1015.75,15.99,139.64,10.46,1
166332,169,153,270,785,0,2,0,24.53,1015.74,15.99,141.88,10.46,1
167328,168,153,269,787,0,2,0,24.53,1015.74,16.00,143.94,10.46,1
168324,167,152,268,789,0,2,0,24.53,1015.74,16.00,145.44,10.54,1
169320,165,152,265,787,0,2,0,24.53,1015.73,16.01,148.65,10.54,1
170316,162,151,263,786,0,3,0,24.53,1015.73,16.02,150.65,10.62,1
171312,161,151,261,785,0,2,0,24.53,1015.72,16.02,152.43,10.62,1
172308,160,151,261,785,0,2,0,24.53,1015.72,16.01,154.24,10.62,1
173304,159,150,259,784,0,2,0,24.53,1015.72,16.01,156.98,10.54,1
174300,157,150,259,784,0,2,0,24.53,1015.73,16.01,159.51,10.54,1
175296,156,150,258,783,0,2,0,24.53,1015.73,15.99,161.35,10.46,1
176292,155,149,257,782,0,2,0,24.53,1015.74,15.99,163.07,10.54,1
177288,154,149,257,782,0,2,0,24.53,1015.73,15.99,165.31,10.46,1
178284,152,148,255,781,0,2,0,24.53,1015.74,15.98,166.13,10.46,1
179280,151,149,254,781,0,2,0,24.53,1015.74,15.99,168.12,10.46,1
180276,150,148,253,781,0,2,0,24.53,1015.74,15.98,170.34,10.46,1
181272,150,148,253,781,0,2,0,24.53,1015.74,15.98,172.08,10.46,1
182268,149,148,252,781,0,2,0,24.53,1015.74,15.98,173.50,10.54,1
183264,149,147,252,781,0,2,0,24.53,1015.73,15.97,174.22,10.54,1
184260,149,148,253,781,0,2,0,24.53,1015.73,15.97,176.05,10.46,1
185256,149,147,254,781,0,2,0,24.53,1015.74,15.97,176.05,10.54,1
186252,148,148,255,781,0,2,0,24.53,1015.73,15.97,176.42,10.62,0
187248,147,147,252,780,0,2,0,24.53,1015.72,15.98,178.86,10.54,0
188244,147,147,251,781,0,2,0,24.53,1015.73,15.97,179.43,10.54,0
189240,146,147,249,780,0,2,0,24.53,1015.73,15.97,179.62,10.62,0
190236,144,146,249,780,0,2,0,24.53,1015.72,15.97,180.97,10.62,0
191232,143,146,248,779,0,2,0,24.53,1015.72,15.96,181.17,10.62,0
192228,141,146,246,779,0,2,0,24.53,1015.72,15.97,181.17,10.62,0
193224,140,145,245,778,0,2,0,24.53,1015.72,15.97,181.36,10.54,0
194220,139,145,244,779,0,2,0,24.53,1015.73,15.98,181.76,10.62,0
195216,137,145,243,778,0,2,0,24.53,1015.72,15.97,181.17,10.62,0
196212,136,144,242,777,0,2,0,24.53,1015.72,15.97,181.76,10.62,0
197208,135,144,241,777,0,2,0,24.53,1015.72,15.97,181.76,10.62,0
198204,134,143,239,777,0,2,0,24.53,1015.72,15.97,181.36,10.54,0
199200,133,143,239,776,0,3,0,24.53,1015.73,15.97,182.35,10.46,0
200196,131,142,238,776,0,2,0,24.53,1015.74,15.98,181.17,10.46,0
201192,131,143,237,776,0,2,0,24.53,1015.74,15.96,182.55,10.37,0
202188,130,142,236,776,0,2,0,24.52,1015.75,15.97,181.95,10.37,0
203184,129,141,235,775,0,2,0,24.52,1015.75,15.97,181.56,10.37,0
204180,128,141,234,775,0,2,0,24.52,1015.75,15.96,180.59,10.37,0
205176,127,141,234,776,0,2,0,24.52,1015.75,15.97,179.05,10.37,0
206172,127,141,235,776,0,2,0,24.52,1015.75,15.96,176.42,10.37,0
207168,129,141,235,775,0,2,0,24.52,1015.75,15.97,174.95,10.37,0
208164,129,142,236,776,0,2,0,24.52,1015.75,15.95,174.58,10.29,0
209160,130,141,237,776,0,2,0,24.52,1015.76,15.96,173.68,10.29,0
210156,130,141,237,775,0,2,0,24.52,1015.76,15.94,174.22,10.29,0
211152,130,141,237,775,0,2,0,24.52,1015.76,15.94,175.68,10.37,0
212148,129,142,236,775,0,2,0,24.52,1015.75,15.94,177.16,10.46,0
213144,129,142,237,775,0,2,0,24.52,1015.74,15.94,179.62,10.46,0
214140,128,142,236,775,0,2,0,24.52,1015.74,15.93,180.59,10.46,0
215136,128,142,236,775,0,2,0,24.52,1015.74,15.93,179.81,10.46,0
216132,129,142,238,775,0,2,0,24.52,1015.74,15.93,177.35,10.62,0
217128,131,142,240,775,0,2,0,24.52,1015.72,15.92,173.68,10.62,0
218124,132,143,242,776,0,2,0,24.52,1015.72,15.93,170.51,10.71,0
219120,134,144,245,776,0,2,0,24.52,1015.71,15.93,167.12,10.79,0
220116,136,144,247,777,0,2,0,24.52,1015.70,15.93,162.75,10.79,0
221112,137,145,248,776,0,2,0,24.51,1015.70,15.94,160.88,10.79,0
222108,139,145,250,776,0,3,0,24.51,1015.70,15.93,159.21,10.71,0
223104,140,146,251,778,0,2,0,24.51,1015.71,15.93,158.76,10.71,0
224100,142,147,252,777,0,2,0,24.51,1015.71,15.93,158.61,10.62,0
225096,142,147,254,776,0,2,0,24.51,1015.72,15.94,159.06,10.62,0
226092,143,148,254,777,0,2,0,24.51,1015.72,15.96,159.81,10.62,0
227088,143,148,253,777,0,2,0,24.51,1015.72,15.96,159.97,10.71,0
228084,143,148,254,777,0,2,0,24.51,1015.71,15.96,160.73,10.54,0
229080,143,148,255,777,0,3,0,24.51,1015.73,15.97,160.58,10.54,0
230076,143,148,254,777,0,2,0,24.51,1015.73,15.99,161.04,10.62,0
231072,143,149,254,777,0,2,0,24.50,1015.72,15.99,161.97,10.62,0
232068,142,148,254,778,0,2,0,24.50,1015.72,15.99,162.60,10.71,0
233064,142,148,254,777,0,2,0,24.50,1015.71,16.01,164.02,10.79,0
234060,142,148,254,778,0,2,0,24.50,1015.70,16.02,165.31,10.71,0
235056,141,148,254,778,0,2,0,24.50,1015.71,16.02,165.80,10.62,0
236052,140,148,253,778,0,2,0,24.50,1015.72,16.03,167.12,10.62,0
237048,140,148,252,778,0,2,0,24.50,1015.72,16.04,167.79,10.62,0
238044,138,148,252,778,0,2,0,24.50,1015.72,16.04,169.31,10.62,0
239040,138,148,251,777,0,2,0,24.50,1015.72,16.05,169.48,10.62,0
240036,137,148,250,777,0,2,0,24.50,1015.72,16.06,170.86,10.62,0
241032,137,147,250,778,0,2,0,24.50,1015.72,16.08,172.08,10.54,0
242028,136,147,249,777,0,2,0,24.50,1015.73,16.08,173.68,10.54,0
243024,135,147,249,778,0,2,0,24.50,1015.73,16.08,176.05,10.46,0
244020,134,147,248,778,0,2,0,24.50,1015.74,16.09,177.53,10.46,0
245016,134,146,247,777,0,2,0,24.50,1015.74,16.10,178.29,10.46,0
246012,133,146,247,777,0,2,0,24.50,1015.74,16.12,179.24,10.46,0
247008,131,146,246,777,0,2,0,24.50,1015.74,16.11,181.17,10.54,0
248004,131,146,246,776,0,3,0,24.50,1015.73,16.13,181.76,10.54,0
249000,130,146,245,777,0,2,0,24.50,1015.73,16.12,182.74,10.54,0
249996,130,145,244,777,0,2,0,24.50,1015.73,16.12,185.57,10.46,1
250992,129,145,244,777,0,2,0,24.50,1015.74,16.13,184.15,10.37,1
251988,129,145,243,777,0,2,0,24.50,1015.75,16.13,185.14,10.37,1
252984,128,145,243,777,0,2,0,24.50,1015.75,16.12,186.81,10.29,1
253980,128,145,242,777,0,2,0,24.50,1015.76,16.13,187.66,10.37,1
254976,128,144,241,776,0,2,0,24.50,1015.75,16.14,188.19,10.29,1
255972,127,144,242,777,0,2,0,24.51,1015.76,16.13,189.06,10.37,1
256968,126,144,241,776,0,2,0,24.51,1015.75,16.13,190.47,10.37,1
257964,125,144,240,776,0,2,0,24.51,1015.75,16.12,192.47,10.37,1
258960,125,143,239,775,0,2,0,24.51,1015.75,16.12,192.13,10.37,1
259956,124,143,239,775,0,2,0,24.51,1015.75,16.13,193.48,10.37,1
260952,124,143,238,775,0,2,0,24.51,1015.75,16.12,194.16,10.46,1
261948,123,142,237,775,0,2,0,24.51,1015.74,16.12,196.00,10.46,1
262944,123,142,237,774,0,2,0,24.51,1015.74,16.11,196.82,10.46,1
263940,122,141,236,775,0,2,0,24.51,1015.74,16.11,198.36,10.46,1
264936,121,141,236,774,0,2,0,24.51,1015.74,16.11,199.07,10.37,1
265932,120,141,235,774,0,2,0,24.51,1015.75,16.11,200.16,10.46,1
266928,121,142,234,774,0,2,0,24.51,1015.74,16.11,200.40,10.37,1
267924,120,141,234,774,0,2,0,24.51,1015.75,16.10,202.12,10.37,1
268920,120,141,234,775,0,2,0,24.51,1015.75,16.11,202.86,10.37,1
269916,120,141,234,774,0,2,0,24.51,1015.75,16.10,204.62,10.37,1
270912,120,140,234,775,0,2,0,24.51,1015.75,16.10,205.38,10.37,1
271908,119,140,233,774,0,2,0,24.51,1015.75,16.10,206.67,10.37,1
272904,119,140,233,774,0,2,0,24.51,1015.75,16.09,207.18,10.37,1
273900,118,140,233,774,0,2,0,24.51,1015.75,16.09,208.49,10.37,1
274896,118,139,232,774,0,2,0,24.51,1015.75,16.09,208.49,10.37,1
275892,116,140,231,773,0,2,0,24.51,1015.75,16.09,209.41,10.37,1
276888,117,139,230,774,0,2,0,24.51,1015.75,16.08,211.97,10.37,1
277884,116,139,230,774,0,2,0,24.51,1015.75,16.08,211.97,10.29,1
278880,116,139,230,773,0,2,0,24.51,1015.76,16.08,213.61,10.37,1
279876,114,139,229,773,0,2,0,24.51,1015.75,16.06,213.61,10.37,1
280872,115,138,228,773,0,2,0,24.51,1015.75,16.07,215.42,10.37,1
281868,115,138,228,773,0,2,0,24.51,1015.75,16.05,215.56,10.37,1
282864,114,137,227,774,0,2,0,24.51,1015.75,16.07,217.12,10.46,1
283860,113,138,227,773,0,2,0,24.51,1015.74,16.05,217.40,10.37,1
284856,113,137,226,773,0,2,0,24.51,1015.75,16.05,219.13,10.37,1
285852,112,137,225,772,0,2,0,24.51,1015.75,16.04,220.89,10.37,1
286848,112,137,225,772,0,2,0,24.51,1015.75,16.04,221.93,10.37,1
287844,111,137,224,773,0,2,0,24.50,1015.75,16.04,223.28,10.46,1
288840,111,136,225,772,0,2,0,24.51,1015.74,16.03,226.03,10.37,1
289836,111,136,223,772,0,3,0,24.51,1015.75,16.03,225.56,10.46,1
290832,110,136,223,772,0,2,0,24.51,1015.74,16.02,228.53,10.46,1
291828,109,136,223,773,0,3,0,24.51,1015.74,16.01,229.32,10.37,1
292824,109,135,221,772,0,2,0,24.51,1015.75,16.02,229.80,10.46,1
293820,109,135,220,772,0,2,0,24.50,1015.74,16.03,232.54,10.37,1
294816,107,134,221,773,0,2,0,24.50,1015.75,16.02,233.20,10.46,1
295812,107,135,220,772,0,2,0,24.50,1015.74,16.02,235.02,10.46,1
296808,107,135,219,773,0,2,0,24.50,1015.74,16.01,236.71,10.46,1
297804,106,134,219,771,0,2,0,24.50,1015.74,16.00,237.22,10.46,1
298800,106,134,218,772,0,2,0,24.50,1015.74,16.00,239.62,10.46,1
299796,106,133,218,772,0,2,0,24.50,1015.74,15.99,240.50,10.46,1
300792,105,133,217,772,0,2,0,24.50,1015.74,15.99,241.20,10.46,1
301788,104,134,216,771,0,2,0,24.50,1015.74,16.00,242.43,10.46,1
302784,104,133,216,771,0,2,0,24.50,1015.74,16.03,243.87,10.46,1
303780,104,133,216,772,0,2,0,24.50,1015.74,16.02,243.87,10.37,1
304776,104,133,219,779,0,2,0,24.50,1015.75,16.02,246.78,10.37,1
305772,104,135,220,795,0,2,0,24.50,1015.75,16.02,247.89,10.46,1
306768,104,134,218,802,0,2,0,24.50,1015.74,16.03,247.15,10.46,1
307764,104,135,219,808,0,2,0,24.50,1015.74,16.04,249.95,10.46,1
308760,104,134,219,811,0,2,0,24.50,1015.74,16.05,249.76,10.54,0
309756,104,135,219,815,0,2,0,24.50,1015.73,16.06,251.66,10.54,0
310752,104,135,219,817,0,2,0,24.51,1015.73,16.07,250.90,10.46,0
311748,104,136,220,823,0,2,0,24.51,1015.74,16.07,252.43,10.46,0
312744,104,136,219,821,0,2,0,24.51,1015.74,16.09,252.24,10.46,0
313740,104,134,217,814,0,2,0,24.51,1015.74,16.07,253.59,10.46,0
314736,103,134,215,810,0,2,0,24.51,1015.74,16.09,254.37,10.46,0
315732,103,133,215,806,0,2,0,24.51,1015.74,16.10,255.56,10.46,0
316728,102,133,214,803,0,2,0,24.50,1015.74,16.09,255.95,10.46,0
317724,102,133,213,800,0,2,0,24.51,1015.74,16.11,257.55,10.46,0
318720,102,132,212,798,0,2,0,24.50,1015.74,16.11,259.16,10.46,0
319716,101,132,212,796,0,2,0,24.51,1015.74,16.10,260.39,10.46,0
320712,100,131,211,795,0,2,0,24.51,1015.74,16.10,262.45,10.46,0
321708,99,131,210,793,0,2,0,24.51,1015.74,16.10,264.13,10.46,0
322704,99,131,209,792,0,2,0,24.51,1015.74,16.11,263.71,10.46,0
323700,98,130,208,791,0,2,0,24.51,1015.74,16.10,264.13,10.54,0
324696,98,130,207,790,0,2,0,24.51,1015.73,16.09,265.19,10.54,0
325692,97,130,207,788,0,2,0,24.51,1015.73,16.10,266.04,10.54,0
326688,96,129,206,788,0,2,0,24.51,1015.73,16.09,267.99,10.54,0
327684,95,129,205,787,0,2,0,24.51,1015.73,16.09,267.99,10.46,0
328680,96,129,204,786,0,2,0,24.51,1015.74,16.09,269.95,10.46,0
329676,95,128,203,785,0,2,0,24.51,1015.74,16.09,271.51,10.54,0
330672,94,127,203,784,0,2,0,24.51,1015.73,16.10,271.73,10.54,0
331668,94,127,202,784,0,2,0,24.51,1015.73,16.08,271.73,10.54,0
332664,93,127,201,784,0,2,0,24.51,1015.73,16.09,272.63,10.54,0
333660,93,126,200,782,0,2,0,24.51,1015.73,16.09,273.53,10.46,0
334656,92,127,200,782,0,2,0,24.51,1015.74,16.09,271.06,10.54,0
335652,92,126,199,782,0,2,0,24.51,1015.73,16.11,271.95,10.46,0
336648,91,126,198,780,0,2,0,24.50,1015.74,16.11,271.28,10.46,0
337644,90,126,197,780,0,2,0,24.51,1015.74,16.10,272.63,10.46,0
338640,90,125,197,780,0,3,0,24.51,1015.74,16.10,270.62,10.37,0
339636,89,125,197,780,0,2,0,24.51,1015.75,16.10,270.62,10.46,0
340632,90,124,196,778,0,2,0,24.51,1015.74,16.09,272.63,10.46,0
341628,89,124,195,778,0,2,0,24.50,1015.74,16.09,274.44,10.46,0
342624,89,124,195,778,0,2,0,24.50,1015.74,16.09,273.75,10.46,0
343620,88,124,194,777,0,2,0,24.50,1015.74,16.07,276.50,10.37,0
344616,88,123,193,778,0,2,0,24.50,1015.75,16.07,274.89,10.46,0
345612,87,123,192,777,0,2,0,24.50,1015.74,16.07,275.81,10.54,0
346608,87,123,193,777,0,2,0,24.50,1015.73,16.07,276.50,10.46,0
347604,87,123,191,776,0,2,0,24.50,1015.74,16.05,278.83,10.54,0
348600,87,123,190,776,0,2,0,24.50,1015.73,16.05,278.83,10.46,0
349596,86,122,191,776,0,2,0,24.50,1015.74,16.05,279.78,10.54,0
350592,86,122,190,776,0,2,0,24.50,1015.73,16.04,280.25,10.62,0
351588,86,122,189,775,0,2,0,24.50,1015.72,16.04,280.73,10.62,0
352584,85,122,189,775,0,2,0,24.50,1015.72,16.04,281.69,10.54,0
353580,85,122,189,774,0,2,0,24.51,1015.73,16.04,281.69,10.62,0
354576,84,122,188,775,0,2,0,24.51,1015.72,16.03,282.89,10.46,0
355572,85,121,189,774,0,2,0,24.51,1015.74,16.03,281.45,10.54,0
356568,85,122,188,774,0,2,0,24.51,1015.73,16.04,284.11,10.54,0
357564,84,122,188,774,0,2,0,24.51,1015.73,16.02,282.17,10.62,0
358560,85,121,189,774,0,2,0,24.51,1015.72,16.01,286.82,10.71,0
359556,85,121,190,774,0,2,0,24.51,1015.71,16.02,288.07,10.62,0
360552,85,122,189,773,0,2,0,24.51,1015.72,16.02,286.57,10.62,0
361548,86,122,190,774,0,2,0,24.51,1015.72,16.02,287.07,10.62,0
362544,86,121,191,774,0,2,0,24.51,1015.72,16.02,286.82,10.54,0
363540,87,121,191,774,0,2,0,24.51,1015.73,16.02,287.82,10.62,0
364536,88,122,192,773,0,2,0,24.51,1015.72,16.02,287.57,10.62,0
365532,89,122,193,774,0,2,0,24.51,1015.72,16.01,287.57,10.62,0
366528,90,123,194,773,0,2,0,24.51,1015.72,15.99,287.82,10.62,0
367524,90,122,195,773,0,2,0,24.51,1015.72,16.00,287.82,10.54,0
368520,90,123,195,774,0,2,0,24.51,1015.73,16.00,287.32,10.54,0
369516,91,123,197,774,0,2,0,24.51,1015.73,16.00,287.57,10.54,1
370512,93,123,198,774,0,2,0,24.51,1015.73,16.00,286.32,10.54,1
371508,96,123,200,773,0,2,0,24.51,1015.73,15.99,285.58,10.62,1
372504,96,124,201,773,0,2,0,24.51,1015.72,15.98,284.84,10.54,1
373500,99,124,202,773,0,2,0,24.51,1015.73,15.99,283.13,10.54,1
374496,100,124,204,773,0,2,0,24.51,1015.73,16.00,281.93,10.54,1
375492,102,124,205,773,0,2,0,24.51,1015.73,15.99,282.65,10.54,1
376488,102,124,205,773,0,2,0,24.51,1015.73,16.00,282.89,10.62,1
377484,103,124,205,773,0,2,0,24.51,1015.72,15.99,282.89,10.62,1
378480,103,124,206,773,0,2,0,24.51,1015.72,16.00,284.11,10.62,1
379476,103,124,206,772,0,2,0,24.51,1015.72,15.99,283.62,10.62,1
380472,104,124,206,772,0,2,0,24.51,1015.72,15.98,284.60,10.62,1
381468,104,124,206,772,0,2,0,24.51,1015.72,15.99,283.86,10.54,1
382464,105,124,207,772,0,2,0,24.51,1015.73,15.99,286.07,10.46,1
383460,106,124,208,774,0,2,0,24.51,1015.74,15.99,286.32,10.46,1
384456,106,124,209,773,0,2,0,24.51,1015.74,15.98,286.57,10.54,1
385452,107,124,209,774,0,2,0,24.51,1015.73,15.98,286.82,10.54,1
386448,108,124,211,773,0,2,0,24.51,1015.73,15.98,287.07,10.54,1
387444,110,124,213,773,0,2,0,24.51,1015.73,15.98,287.32,10.54,1
388440,111,124,213,773,0,2,0,24.51,1015.73,15.97,288.07,10.54,1
389436,113,125,215,773,0,2,0,24.51,1015.73,15.98,287.32,10.46,1
390432,114,126,217,779,0,2,0,24.51,1015.74,15.98,287.82,10.46,1
391428,114,128,218,786,0,2,0,24.52,1015.74,15.97,286.32,10.46,1
392424,115,130,222,809,0,2,0,24.52,1015.74,15.96,287.32,10.46,1
393420,116,130,223,823,0,2,0,24.51,1015.74,15.97,286.82,10.54,1
394416,116,131,225,827,0,2,0,24.52,1015.73,15.97,287.07,10.46,1
395412,116,130,226,833,0,2,0,24.52,1015.74,15.97,286.82,10.46,1
396408,117,130,225,831,0,2,0,24.52,1015.74,15.96,287.07,10.54,1
397404,118,130,225,826,0,2,0,24.52,1015.73,15.96,286.32,10.54,1
398400,120,131,227,822,0,2,0,24.52,1015.73,15.96,288.57,10.54,1
399396,122,131,226,820,0,2,0,24.52,1015.73,15.96,289.58,10.54,1
400392,124,132,226,816,0,2,0,24.51,1015.73,15.96,289.08,10.54,1
401388,125,133,224,813,0,2,0,24.51,1015.73,15.97,291.11,10.54,1
402384,127,133,223,809,0,2,0,24.51,1015.73,15.97,291.11,10.54,1
403380,126,132,222,807,0,2,0,24.52,1015.73,15.98,290.86,10.62,1
404376,125,135,225,811,0,2,0,24.52,1015.72,16.01,291.37,10.62,1
405372,123,135,224,816,0,2,0,24.52,1015.72,16.01,292.14,10.54,1
406368,122,136,223,819,0,2,0,24.52,1015.73,16.02,292.66,10.54,1
407364,120,136,222,820,0,2,0,24.52,1015.73,16.02,294.22,10.54,1
408360,121,138,222,830,0,2,0,24.52,1015.73,16.02,293.70,10.62,1
409356,120,139,222,840,0,2,0,24.52,1015.72,16.02,296.86,10.62,1
410352,119,139,220,847,0,2,0,24.52,1015.72,16.03,298.20,10.62,1
411348,117,138,219,844,0,2,0,24.52,1015.72,16.05,293.70,10.62,1
412344,116,137,216,838,0,2,0,24.52,1015.72,16.07,294.48,10.62,1
413340,116,137,215,833,0,2,0,24.52,1015.72,16.07,295.01,10.62,1
414336,117,138,216,835,0,2,0,24.52,1015.72,16.08,294.22,10.54,1
415332,118,139,220,846,0,2,0,24.52,1015.73,16.08,293.96,10.62,1
416328,117,138,218,848,0,2,0,24.52,1015.72,16.08,296.33,10.54,1
417324,116,137,217,846,0,2,0,24.52,1015.73,16.08,295.80,10.54,1
418320,115,135,216,841,0,2,0,24.52,1015.73,16.06,296.60,10.54,1
419316,114,135,214,835,0,2,0,24.52,1015.73,16.07,296.60,10.54,1
420312,113,134,214,831,0,2,0,24.52,1015.73,16.05,297.93,10.54,1
421308,112,134,213,826,0,2,0,24.52,1015.73,16.05,298.47,10.62,1
422304,113,133,213,823,0,2,0,24.52,1015.72,16.04,299.55,10.62,1
423300,111,133,212,820,0,2,0,24.52,1015.72,16.04,301.19,10.71,1
424296,111,132,212,817,0,2,0,24.52,1015.71,16.03,300.64,10.62,1
425292,111,132,213,815,0,2,0,24.52,1015.72,16.03,302.29,10.62,1
426288,113,133,214,822,0,2,0,24.52,1015.72,16.02,303.12,10.62,1
427284,114,135,219,839,0,2,0,24.52,1015.72,16.02,304.80,10.62,1
428280,114,136,218,848,0,2,0,24.52,1015.72,16.01,304.52,10.62,0
429276,114,136,217,845,0,2,0,24.52,1015.72,15.99,304.52,10.62,0
430272,116,135,216,842,0,2,0,24.52,1015.72,15.99,306.21,10.54,0
431268,119,134,220,837,0,2,0,24.52,1015.73,15.99,305.37,10.54,0
432264,121,134,222,831,0,2,0,24.52,1015.73,15.98,306.78,10.54,0
433260,120,134,222,827,0,2,0,24.52,1015.73,15.97,306.78,10.62,0
434256,120,133,222,823,0,2,0,24.52,1015.72,15.97,307.64,10.62,0
435252,121,133,221,819,0,2,0,24.52,1015.72,15.96,307.93,10.62,0
436248,121,133,221,816,0,2,0,24.52,1015.72,15.96,307.93,10.54,0
437244,121,132,220,814,0,2,0,24.52,1015.73,15.96,304.80,10.62,0
438240,121,132,220,812,0,2,0,24.52,1015.72,15.95,296.07,10.54,0
439236,120,132,219,810,0,2,0,24.52,1015.73,15.95,282.65,10.62,0
440232,119,131,218,808,0,2,0,24.52,1015.72,15.95,271.51,10.62,0
441228,119,131,219,807,0,2,0,24.52,1015.72,15.94,261.21,10.62,0
442224,119,131,218,805,0,2,0,24.52,1015.72,15.95,250.90,10.62,0
443220,119,131,219,803,0,2,0,24.52,1015.72,15.93,242.97,10.62,0
444216,122,131,220,803,0,2,0,24.52,1015.72,15.94,233.86,10.54,0
445212,124,131,222,802,0,2,0,24.52,1015.73,15.93,224.19,10.62,0
446208,127,131,223,800,0,3,0,24.52,1015.72,15.93,215.14,10.62,0
447204,132,131,226,799,0,2,0,24.52,1015.72,15.94,207.57,10.62,0
448200,135,131,228,798,0,2,0,24.52,1015.72,15.93,200.28,10.62,0
449196,136,131,230,797,0,2,0,24.52,1015.72,15.94,192.92,10.62,0
450192,139,133,233,797,0,2,0,24.52,1015.72,15.93,186.18,10.62,0
451188,139,133,235,796,0,2,0,24.52,1015.72,15.94,180.59,10.62,0
452184,140,134,238,797,0,2,0,24.52,1015.72,15.93,174.95,10.62,0
453180,142,134,241,795,0,2,0,24.52,1015.72,15.94,167.29,10.62,0
454176,144,136,244,795,0,2,0,24.51,1015.72,15.93,159.66,10.62,0
455172,146,137,246,795,0,2,0,24.51,1015.72,15.94,153.12,10.62,0
456168,147,137,249,795,0,2,0,24.52,1015.72,15.95,147.09,10.54,0
457164,146,138,249,795,0,2,0,24.52,1015.73,15.94,142.60,10.54,0
458160,147,139,250,794,0,2,0,24.52,1015.73,15.94,137.36,10.54,0
459156,148,139,251,793,0,2,0,24.52,1015.73,15.93,133.43,10.54,0
460152,149,140,252,794,0,2,0,24.52,1015.73,15.94,131.04,10.54,0
461148,150,141,254,793,0,2,0,24.52,1015.73,15.94,127.27,10.54,0
462144,149,140,254,793,0,2,0,24.52,1015.73,15.93,123.89,10.54,0
463140,151,141,257,792,0,2,0,24.51,1015.73,15.93,121.74,10.54,0
464136,152,142,259,792,0,2,0,24.51,1015.73,15.92,119.66,10.54,0
465132,154,143,262,792,0,2,0,24.52,1015.73,15.93,117.90,10.62,0
466128,156,144,265,792,0,2,0,24.52,1015.72,15.93,116.51,10.62,0
467124,158,145,268,792,0,2,0,24.52,1015.72,15.92,114.76,10.71,0
468120,158,145,270,791,0,2,0,24.52,1015.71,15.92,113.21,10.62,0
469116,157,146,269,792,0,2,0,24.52,1015.72,15.91,112.46,10.62,0
470112,155,146,269,790,0,2,0,24.52,1015.72,15.92,111.41,10.62,0
471108,154,147,267,790,0,2,0,24.52,1015.72,15.92,110.68,10.62,0
472104,154,146,267,790,0,2,0,24.52,1015.72,15.93,111.12,10.71,0
473100,153,147,265,790,0,2,0,24.52,1015.71,15.93,111.78,10.62,0
474096,151,147,265,789,0,2,0,24.52,1015.72,15.94,112.76,10.71,0
475092,150,147,264,788,0,2,0,24.52,1015.71,15.94,113.83,10.71,0
476088,148,147,263,789,0,2,0,24.52,1015.71,15.95,115.23,10.62,0
477084,147,147,262,789,0,2,0,24.52,1015.72,15.95,116.92,10.54,0
478080,144,146,261,789,0,2,0,24.52,1015.73,15.96,117.65,10.62,0
479076,142,147,259,788,0,2,0,24.52,1015.72,15.97,119.41,10.62,0
480072,141,146,257,788,0,2,0,24.52,1015.72,15.97,121.13,10.71,0
481068,139,146,256,788,0,2,0,24.52,1015.71,15.97,122.36,10.71,0
482064,137,145,254,786,0,2,0,24.52,1015.71,15.98,124.44,10.62,0
483060,135,144,252,786,0,2,0,24.52,1015.72,15.99,125.09,10.62,0
484056,134,144,251,786,0,2,0,24.52,1015.72,15.99,126.50,10.71,0
485052,132,144,249,785,0,2,0,24.52,1015.71,16.00,128.63,10.79,0
486048,131,143,248,784,0,2,0,24.52,1015.70,15.99,129.33,10.79,0
487044,129,143,247,784,0,2,0,24.52,1015.70,15.99,131.25,10.71,1
488040,128,143,247,785,0,2,0,24.52,1015.71,16.00,133.01,10.71,1
489036,127,144,250,803,0,2,0,24.52,1015.71,15.99,135.58,10.71,1
490032,125,142,246,801,0,2,0,24.52,1015.71,15.99,137.36,10.71,1
491028,125,143,244,798,0,2,0,24.52,1015.71,15.99,138.49,10.71,1
492024,126,142,244,794,0,2,0,24.52,1015.71,16.00,140.81,10.79,1
493020,126,142,244,794,0,2,0,24.52,1015.70,15.98,142.12,10.79,1
494016,126,142,245,792,0,2,0,24.52,1015.70,15.99,143.94,10.79,1
495012,126,142,244,791,0,2,0,24.52,1015.70,16.01,145.06,10.71,1
496008,127,142,245,790,0,2,0,24.52,1015.71,15.98,147.35,10.71,1
497004,128,143,247,789,0,2,0,24.52,1015.71,15.98,148.91,10.71,1
498000,128,142,247,789,0,2,0,24.52,1015.71,15.99,150.92,10.79,1
498996,129,142,247,788,0,2,0,24.52,1015.70,16.00,152.70,10.71,1
499992,129,142,248,787,0,2,0,24.52,1015.71,15.98,153.82,10.71,1
500988,132,142,251,788,0,2,0,24.52,1015.71,15.98,154.67,10.71,1
501984,134,144,256,791,0,2,0,24.52,1015.71,15.97,156.25,10.71,1
502980,135,146,259,795,0,2,0,24.52,1015.71,15.97,156.98,10.71,1
503976,136,147,262,804,0,2,0,24.52,1015.71,15.97,157.71,10.71,1
504972,136,148,263,818,0,2,0,24.52,1015.71,15.97,158.16,10.71,1
505968,136,150,263,831,0,2,0,24.52,1015.71,15.97,159.06,10.62,1
506964,135,151,263,840,0,2,0,24.52,1015.72,15.97,159.36,10.62,1
507960,134,151,262,845,0,2,0,24.52,1015.72,15.97,159.21,10.62,1
508956,134,151,261,849,0,2,0,24.52,1015.72,15.96,159.36,10.71,1
509952,133,151,261,851,0,2,0,24.52,1015.71,15.97,158.31,10.71,1
510948,132,151,260,848,0,2,0,24.52,1015.71,15.97,156.10,10.71,1
511944,132,150,259,846,0,2,0,24.52,1015.71,15.96,155.24,10.71,1
512940,131,150,257,843,0,2,0,24.52,1015.71,15.97,154.10,10.79,1
513936,131,149,257,840,0,2,0,24.52,1015.70,15.97,153.54,10.79,1
514932,131,148,256,836,0,2,0,24.52,1015.70,15.97,152.43,10.79,1
515928,131,147,255,833,0,2,0,24.52,1015.70,15.97,151.46,10.87,1
516924,130,146,254,830,0,2,0,24.52,1015.69,15.97,151.74,10.79,1
517920,130,145,255,827,0,2,0,24.52,1015.70,15.97,151.06,10.87,1
518916,131,146,255,825,0,2,0,24.52,1015.69,15.97,149.98,10.87,1
519912,133,146,257,824,0,2,0,24.52,1015.69,15.97,148.65,10.87,1
520908,133,145,256,821,0,2,0,24.52,1015.69,15.96,148.39,10.87,1
521904,132,145,253,818,0,2,0,24.53,1015.69,15.96,146.58,10.87,1
522900,131,145,253,815,0,2,0,24.52,1015.69,15.96,147.48,10.87,1
523896,132,144,253,814,0,2,0,24.53,1015.69,15.96,146.07,10.79,1
524892,133,144,253,812,0,2,0,24.53,1015.70,15.95,145.31,10.71,1
525888,134,143,254,810,0,2,0,24.53,1015.71,15.95,145.31,10.79,1
526884,136,143,254,808,0,2,0,24.53,1015.70,15.95,145.56,10.79,1
527880,138,143,257,806,0,2,0,24.53,1015.70,15.95,145.56,10.79,1
528876,139,143,258,806,0,2,0,24.53,1015.70,15.95,145.31,10.79,1
529872,142,143,262,804,0,2,0,24.53,1015.70,15.95,146.07,10.79,1
530868,142,143,263,803,0,2,0,24.53,1015.70,15.96,146.96,10.79,1
531864,143,142,262,802,0,2,0,24.53,1015.70,15.97,147.48,10.79,1
532860,142,143,262,801,0,2,0,24.53,1015.70,15.97,147.87,10.71,1
533856,143,143,262,801,0,2,0,24.53,1015.71,15.97,148.91,10.71,1
534852,143,143,263,801,0,2,0,24.53,1015.71,15.98,150.65,10.71,1
535848,145,143,266,801,0,2,0,24.53,1015.71,15.99,150.92,10.79,1
536844,145,144,269,804,0,2,0,24.53,1015.70,15.99,152.15,10.79,1
537840,146,145,272,809,0,2,0,24.53,1015.70,16.01,152.15,10.79,1
538836,147,146,273,812,0,2,0,24.53,1015.70,16.01,153.96,10.79,1
539832,148,147,275,813,0,2,0,24.53,1015.70,16.02,153.26,10.87,1
540828,149,147,276,817,0,2,0,24.53,1015.69,16.03,153.82,10.87,1
541824,149,149,277,827,0,2,0,24.53,1015.69,16.03,153.12,10.87,1
542820,150,148,276,829,0,2,0,24.53,1015.69,16.02,154.38,10.87,1
543816,150,147,275,827,0,2,0,24.53,1015.69,16.03,154.38,10.96,1
544812,149,146,271,823,0,2,0,24.53,1015.68,16.03,155.67,10.87,1
545808,148,146,270,819,0,2,0,24.53,1015.69,16.04,155.53,10.87,0
546804,147,145,270,816,0,2,0,24.53,1015.69,16.04,156.10,10.87,0
547800,147,146,269,813,0,2,0,24.53,1015.69,16.04,155.53,10.79,0
548796,147,146,268,811,0,2,0,24.53,1015.70,16.04,155.53,10.87,0
549792,148,146,270,808,0,2,0,24.53,1015.69,16.04,156.98,10.87,0
550788,148,146,270,808,0,2,0,24.53,1015.69,16.04,157.86,10.87,0
551784,148,147,271,806,0,2,0,24.53,1015.69,16.03,160.27,10.87,0
552780,148,146,270,805,0,2,0,24.52,1015.69,16.02,161.81,10.87,0
553776,148,147,270,803,0,2,0,24.52,1015.69,16.03,163.70,10.87,0
554772,148,147,272,803,0,2,0,24.53,1015.69,16.02,165.64,10.87,0
555768,148,148,272,805,0,2,0,24.52,1015.69,16.00,167.29,10.87,0
556764,147,148,272,808,0,2,0,24.52,1015.69,15.99,170.34,10.87,0
557760,146,148,271,805,0,2,0,24.52,1015.69,15.98,171.21,10.87,0
558756,146,148,271,803,0,2,0,24.52,1015.69,15.96,174.40,10.87,0
559752,145,147,269,801,0,2,0,24.52,1015.69,15.96,175.68,10.96,0
560748,144,147,269,799,0,2,0,24.52,1015.68,15.95,178.10,10.87,0
561744,143,147,267,799,0,2,0,24.52,1015.69,15.95,180.39,10.87,0
562740,141,147,267,797,0,3,0,24.52,1015.69,15.95,180.00,10.96,0
563736,141,146,267,796,0,2,0,24.52,1015.68,15.95,180.59,10.96,0
564732,140,147,266,796,0,2,0,24.53,1015.68,15.94,182.15,10.87,0
565728,139,147,266,795,0,2,0,24.53,1015.69,15.95,183.14,10.79,0
566724,139,146,266,796,0,2,0,24.53,1015.70,15.94,182.94,10.79,0
567720,139,147,266,794,0,2,0,24.53,1015.70,15.94,184.35,10.79,0
568716,139,146,267,794,0,2,0,24.53,1015.70,15.94,184.55,10.79,0
569712,141,146,268,793,0,2,0,24.53,1015.70,15.93,186.60,10.79,0
570708,142,146,269,792,0,2,0,24.53,1015.70,15.94,185.36,10.79,0
571704,142,147,270,792,0,2,0,24.53,1015.70,15.94,185.77,10.71,0
572700,142,147,270,792,0,2,0,24.53,1015.71,15.95,184.55,10.62,0
573696,141,147,270,791,0,2,0,24.53,1015.72,15.95,184.15,10.71,0
574692,139,146,269,791,0,2,0,24.53,1015.71,15.95,182.15,10.71,0
575688,137,146,267,791,0,2,0,24.53,1015.71,15.95,180.20,10.79,0
576684,135,146,265,790,0,2,0,24.53,1015.70,15.96,180.20,10.79,0
577680,134,145,264,789,0,2,0,24.53,1015.70,15.97,179.81,10.79,0
578676,132,145,263,788,0,2,0,24.53,1015.70,15.97,179.43,10.87,0
579672,131,144,260,788,0,2,0,24.53,1015.69,15.98,179.43,10.87,0
580668,129,144,259,788,0,2,0,24.53,1015.69,15.99,179.05,10.79,0
581664,128,144,258,787,0,2,0,24.53,1015.70,15.98,178.67,10.79,0
582660,125,143,256,787,0,3,0,24.53,1015.70,15.98,179.05,10.79,0
583656,124,143,254,786,0,2,0,24.53,1015.70,15.98,179.24,10.96,0
584652,123,142,254,785,0,2,0,24.53,1015.68,15.98,179.81,10.87,0
585648,122,142,251,785,0,2,0,24.53,1015.69,15.97,181.76,10.96,0
586644,121,142,251,785,0,2,0,24.53,1015.68,15.96,182.74,10.87,0
587640,120,141,250,786,0,2,0,24.53,1015.69,15.96,184.15,10.87,0
588636,119,142,250,792,0,2,0,24.53,1015.69,15.96,184.55,10.87,0
589632,118,142,250,793,0,3,0,24.53,1015.69,15.95,187.01,10.87,0
590628,118,141,248,794,0,2,0,24.53,1015.69,15.95,185.45,10.87,0
591624,117,141,248,795,0,2,0,24.53,1015.69,15.94,186.81,10.96,0
592620,117,140,246,792,0,2,0,24.53,1015.68,15.94,186.18,10.87,0
593616,116,140,245,791,0,2,0,24.53,1015.69,15.94,185.45,10.79,0
594612,116,140,246,790,0,2,0,24.53,1015.70,15.93,185.36,10.79,0
595608,117,140,247,789,0,2,0,24.53,1015.70,15.93,185.57,10.79,0
596604,117,140,247,787,0,2,0,24.53,1015.70,15.92,183.34,10.79,0
597600,118,139,247,787,0,2,0,24.53,1015.70,15.92,182.55,10.71,0
598596,117,139,247,786,0,3,0,24.53,1015.71,15.92,182.15,10.79,0
599592,118,140,247,787,0,2,0,24.53,1015.70,15.92,183.14,10.71,0
0,120,141,250,784,0,2,0,24.53,1015.71,15.92,180.97,10.71,0
996,121,140,251,784,0,3,0,24.45,1015.71,15.93,166.46,10.79,0
1992,122,140,251,785,0,2,0,24.44,1015.70,15.96,166.96,10.79,0
2988,123,141,252,784,0,2,0,24.45,1015.70,15.98,166.46,10.79,0
3984,123,141,253,784,0,2,0,24.46,1015.70,15.97,165.97,10.71,0
4980,123,141,253,783,0,2,0,24.47,1015.71,15.98,166.46,10.71,0
5976,123,141,253,782,0,2,0,24.48,1015.71,15.97,165.80,10.71,0
6972,123,141,255,783,0,2,0,24.48,1015.71,15.98,166.13,10.79,0
7968,124,141,256,783,0,2,0,24.49,1015.70,15.97,167.12,10.79,1
8964,125,142,256,783,0,2,0,24.50,1015.70,15.97,166.79,10.71,1
9960,125,142,258,783,0,2,0,24.50,1015.71,15.96,166.79,10.79,1
10956,126,143,258,783,0,2,0,24.51,1015.70,15.96,165.80,10.71,1
11952,127,143,258,783,0,2,0,24.51,1015.71,15.96,165.31,10.71,1
12948,126,143,258,782,0,3,0,24.51,1015.71,15.95,166.62,10.79,1
13944,126,143,259,782,0,2,0,24.52,1015.70,15.94,166.62,10.87,1
14940,127,143,258,782,0,2,0,24.52,1015.69,15.95,166.79,10.87,1
15936,127,144,259,781,0,2,0,24.52,1015.69,15.94,167.46,10.79,1
16932,128,144,259,781,0,2,0,24.52,1015.70,15.94,167.29,10.79,1
17928,128,144,260,781,0,2,0,24.52,1015.70,15.93,168.63,10.87,1
18924,130,144,260,781,0,2,0,24.52,1015.69,15.92,168.63,10.87,1
19920,130,145,262,781,0,2,0,24.53,1015.69,15.92,169.65,10.87,1
20916,131,145,262,782,0,2,0,24.53,1015.69,15.92,170.17,10.87,1
21912,132,145,263,781,0,2,0,24.53,1015.69,15.91,170.86,10.87,1
22908,131,146,263,781,0,2,0,24.53,1015.69,15.91,171.38,10.87,1
23904,131,145,263,781,0,2,0,24.53,1015.69,15.92,172.43,10.87,1
24900,130,145,262,781,0,2,0,24.53,1015.69,15.92,172.61,10.87,1
25896,131,146,266,781,0,2,0,24.53,1015.69,15.91,174.04,10.87,1
26892,132,146,269,784,0,2,0,24.53,1015.69,15.92,174.22,10.87,1
27888,133,148,272,789,0,2,0,24.53,1015.69,15.91,174.58,10.87,1
28884,134,150,275,800,0,2,0,24.53,1015.69,15.90,174.22,10.87,1
29880,134,151,276,815,0,2,0,24.53,1015.69,15.91,174.95,10.87,1
30876,134,152,274,831,0,2,0,24.53,1015.69,15.91,176.79,10.87,1
31872,133,154,272,841,0,2,0,24.53,1015.69,15.91,176.05,10.87,1
32868,134,155,271,845,0,2,0,24.53,1015.69,15.91,176.60,10.87,1
33864,134,155,274,855,0,2,0,24.53,1015.69,15.91,177.91,10.87,1
34860,133,157,272,867,0,2,0,24.53,1015.69,15.91,178.29,10.79,1
35856,132,155,271,868,0,2,0,24.53,1015.70,15.91,180.97,10.79,1
36852,131,157,270,873,0,2,0,24.53,1015.70,15.90,180.78,10.79,1
37848,130,156,265,867,0,2,0,24.53,1015.70,15.90,181.36,10.79,1
38844,129,155,267,866,0,2,0,24.53,1015.70,15.90,182.94,10.79,1
39840,129,157,266,873,0,2,0,24.53,1015.70,15.89,184.55,10.79,1
40836,128,157,265,877,0,2,0,24.53,1015.70,15.89,185.36,10.79,1
41832,128,157,265,882,0,2,0,24.53,1015.70,15.90,186.81,10.87,1
42828,127,157,264,888,0,2,0,24.53,1015.69,15.89,186.39,10.87,1
43824,126,157,263,890,0,2,0,24.54,1015.69,15.89,187.34,10.87,1
44820,126,157,265,895,0,2,0,24.54,1015.69,15.90,188.73,10.87,1
45816,125,157,265,901,0,2,0,24.54,1015.69,15.90,189.60,10.87,1
46812,124,156,264,902,0,2,0,24.54,1015.69,15.88,189.81,10.87,1
47808,124,157,263,905,0,2,0,24.54,1015.69,15.89,188.41,10.96,1
48804,124,157,260,905,0,2,0,24.54,1015.68,15.89,189.38,10.87,1
49800,123,156,260,905,0,3,0,24.54,1015.69,15.89,186.81,10.87,1
50796,122,157,256,904,0,2,0,24.54,1015.69,15.89,187.01,10.79,1
51792,122,157,257,907,0,2,0,24.54,1015.70,15.88,183.14,10.87,1
52788,122,157,257,911,0,2,0,24.54,1015.69,15.90,180.39,10.87,1
53784,120,156,256,910,0,2,0,24.54,1015.69,15.91,178.29,10.87,1
54780,121,155,256,910,0,2,0,24.54,1015.69,15.90,175.68,10.87,1
55776,120,155,257,912,0,2,0,24.54,1015.69,15.91,175.13,10.87,1
56772,119,155,256,913,0,3,0,24.54,1015.69,15.91,174.77,10.96,1
57768,119,154,255,915,0,2,0,24.55,1015.68,15.92,174.95,10.87,1
58764,119,155,255,917,0,2,0,24.55,1015.69,15.93,174.22,10.96,1
59760,118,154,252,917,0,2,0,24.55,1015.68,15.93,174.58,10.96,1
60756,118,154,253,916,0,2,0,24.55,1015.68,15.93,175.50,10.87,1
61752,118,153,254,915,0,2,0,24.55,1015.69,15.93,174.40,10.87,1
62748,117,154,252,916,0,2,0,24.55,1015.69,15.93,173.15,10.87,1
63744,117,153,252,917,0,2,0,24.55,1015.69,15.93,170.34,10.87,1
64740,117,153,253,917,0,2,0,24.55,1015.69,15.92,167.62,10.87,1
65736,116,154,253,921,0,2,0,24.55,1015.69,15.93,164.34,10.79,1
66732,116,153,249,923,0,2,0,24.55,1015.70,15.92,159.97,10.87,1
67728,114,152,245,918,0,2,0,24.55,1015.69,15.92,156.69,10.87,1
68724,113,151,244,911,0,2,0,24.55,1015.69,15.92,153.68,10.79,1
69720,114,150,242,905,0,2,0,24.55,1015.70,15.92,150.65,10.87,1
70716,113,149,243,902,0,2,0,24.55,1015.69,15.91,148.65,10.79,1
71712,112,147,241,894,0,2,0,24.55,1015.70,15.90,145.56,10.79,1
72708,113,146,239,886,0,2,0,24.55,1015.70,15.91,143.33,10.79,1
73704,114,145,239,881,0,2,0,24.56,1015.70,15.90,142.84,10.79,1
74700,115,144,239,875,0,2,0,24.56,1015.70,15.91,141.04,10.71,1
75696,117,144,240,870,0,2,0,24.56,1015.71,15.90,139.87,10.71,1
76692,120,145,243,866,0,2,0,24.56,1015.71,15.90,138.72,10.71,1
77688,125,147,247,862,0,2,0,24.56,1015.71,15.90,138.60,10.71,1
78684,130,148,251,858,0,2,0,24.56,1015.71,15.91,137.92,10.62,1
