timestamp,NO2,C2H50H,VOC,CO,Alcohol,LPG,Benzene,Temperature,Pressure,Humidity,Gas_Resistance,Altitude,State575688
576684,40,72,72,799,1,13,0,24.62,1027.65,12.33,806.84,-87.97,1
577680,40,72,73,798,1,13,0,24.62,1027.65,12.32,810.73,-87.97,1
578676,40,73,73,798,1,13,0,24.62,1027.65,12.32,811.71,-88.05,1
579672,40,72,72,800,1,12,0,24.62,1027.66,12.32,811.71,-87.97,1
580668,41,73,73,801,1,13,0,24.63,1027.65,12.33,811.71,-87.97,1
581664,40,73,73,805,1,13,0,24.63,1027.65,12.31,809.26,-88.05,1
582660,40,74,74,813,1,13,0,24.63,1027.66,12.31,816.14,-87.97,1
583656,40,74,75,812,1,13,0,24.63,1027.65,12.30,808.78,-87.97,1
584652,41,74,74,808,1,13,0,24.63,1027.65,12.31,815.15,-88.05,1
585648,40,74,75,813,1,12,0,24.64,1027.66,12.30,808.78,-88.13,1
586644,40,75,75,817,1,13,0,24.64,1027.67,12.31,809.26,-88.05,1
587640,40,74,75,815,1,13,0,24.64,1027.66,12.31,806.84,-88.13,1
588636,41,74,75,812,1,13,0,24.64,1027.67,12.30,807.81,-88.13,1
589632,41,74,75,809,1,13,0,24.65,1027.67,12.31,806.35,-88.05,1
590628,41,74,74,806,1,13,0,24.65,1027.66,12.29,805.87,-88.13,1
591624,40,74,74,805,1,13,0,24.66,1027.67,12.30,806.35,-88.05,1
592620,40,73,74,803,1,13,0,24.66,1027.66,12.30,808.29,-88.05,1
593616,41,73,73,800,1,14,0,24.66,1027.66,12.30,807.32,-88.05,1
594612,41,73,74,799,1,13,0,24.67,1027.66,12.30,805.87,-88.05,1
595608,41,73,73,797,1,13,0,24.67,1027.66,12.30,810.24,-88.05,1
596604,40,72,73,796,1,13,0,24.67,1027.66,12.31,810.73,-88.05,1
597600,40,73,73,796,1,14,0,24.68,1027.66,12.30,810.73,-88.05,1
598596,40,73,73,794,1,13,0,24.68,1027.66,12.30,805.87,-88.05,1
599592,40,73,73,795,1,14,0,24.68,1027.66,12.29,807.81,-88.13,1
0,39,72,73,795,1,14,0,24.68,1027.67,12.27,808.29,-88.05,1
996,40,73,73,800,1,14,0,24.61,1027.66,12.28,804.91,-88.13,1
1992,41,73,73,801,1,14,0,24.60,1027.67,12.31,809.75,-88.05,1
2988,40,73,73,799,1,14,0,24.60,1027.66,12.31,808.78,-88.05,1
3984,41,72,73,797,1,14,0,24.62,1027.66,12.31,806.84,-88.05,1
4980,40,72,73,796,1,14,0,24.63,1027.66,12.32,807.81,-88.05,1
5976,40,73,72,804,1,14,0,24.64,1027.66,12.31,810.73,-88.05,1
6972,41,73,73,805,1,14,0,24.65,1027.66,12.30,809.75,-88.13,1
7968,40,73,73,807,1,14,0,24.66,1027.67,12.30,809.26,-88.13,1
8964,41,73,73,809,1,14,0,24.67,1027.67,12.30,814.16,-88.13,1
9960,40,73,74,813,1,14,0,24.68,1027.67,12.31,808.29,-88.22,1
10956,40,74,73,814,1,14,0,24.68,1027.68,12.30,805.39,-88.22,1
11952,40,73,73,814,1,14,0,24.69,1027.68,12.28,807.32,-88.22,1
12948,40,73,73,812,1,13,0,24.69,1027.68,12.28,809.75,-88.22,1
13944,40,73,73,810,1,13,0,24.70,1027.68,12.27,811.22,-88.22,1
14940,40,73,73,810,1,14,0,24.70,1027.68,12.27,810.73,-88.22,1
15936,41,73,73,811,1,14,0,24.71,1027.68,12.26,805.87,-88.22,1
16932,40,73,73,809,1,14,0,24.71,1027.68,12.25,812.69,-88.13,1
17928,40,73,73,809,1,14,0,24.71,1027.67,12.25,809.75,-88.22,1
18924,40,73,73,808,1,13,0,24.71,1027.68,12.25,805.39,-88.30,1
19920,40,74,73,810,1,13,0,24.72,1027.69,12.24,811.22,-88.30,1
20916,41,73,73,810,1,15,0,24.72,1027.69,12.24,808.78,-88.30,1
21912,41,73,72,809,1,14,0,24.72,1027.69,12.24,809.26,-88.30,1
22908,41,73,73,808,1,14,0,24.72,1027.69,12.24,808.78,-88.22,1
23904,41,73,74,807,1,14,0,24.72,1027.68,12.24,814.66,-88.22,1
24900,41,73,74,807,1,14,0,24.73,1027.68,12.23,810.73,-88.22,1
25896,42,73,74,806,1,14,0,24.73,1027.68,12.23,811.22,-88.22,1
26892,41,73,73,804,1,14,0,24.73,1027.68,12.23,809.75,-88.30,1
27888,41,73,74,805,1,14,0,24.73,1027.69,12.22,810.73,-88.30,1
28884,41,72,74,803,1,14,0,24.73,1027.69,12.22,810.73,-88.30,1
29880,42,73,74,803,1,15,0,24.73,1027.69,12.22,807.81,-88.22,1
30876,42,73,74,803,1,15,0,24.73,1027.68,12.23,810.24,-88.30,1
31872,43,73,75,803,1,14,0,24.74,1027.69,12.23,810.73,-88.30,1
32868,43,73,75,803,1,15,0,24.74,1027.69,12.23,810.24,-88.30,1
33864,43,73,74,802,1,15,0,24.74,1027.69,12.23,811.71,-88.22,1
34860,42,73,75,801,1,14,0,24.74,1027.68,12.23,813.18,-88.30,1
35856,43,73,75,800,1,14,0,24.74,1027.69,12.23,809.75,-88.38,1
36852,43,72,75,799,1,15,0,24.74,1027.70,12.22,812.20,-88.38,1
37848,42,73,75,798,1,14,0,24.74,1027.70,12.21,808.78,-88.38,1
38844,43,73,74,799,0,14,0,24.74,1027.70,12.21,808.78,-88.38,1
39840,43,73,74,799,1,15,0,24.74,1027.70,12.22,814.66,-88.38,0
40836,42,73,75,805,1,15,0,24.75,1027.70,12.22,808.78,-88.38,0
41832,43,73,75,804,1,14,0,24.75,1027.70,12.21,809.75,-88.38,0
42828,43,72,75,802,1,14,0,24.75,1027.70,12.21,808.29,-88.38,0
43824,43,73,75,801,1,14,0,24.75,1027.70,12.20,808.78,-88.38,0
44820,42,73,75,800,1,13,0,24.75,1027.70,12.20,810.24,-88.46,0
45816,42,73,74,799,1,14,0,24.75,1027.71,12.19,807.81,-88.46,0
46812,42,73,74,799,1,13,0,24.76,1027.71,12.20,807.32,-88.38,0
47808,42,73,74,797,1,14,0,24.76,1027.70,12.20,805.87,-88.38,0
48804,42,73,74,796,1,14,0,24.76,1027.70,12.20,805.87,-88.46,0
49800,42,72,74,795,1,14,0,24.76,1027.71,12.19,805.39,-88.46,0
50796,41,73,73,794,1,13,0,24.76,1027.71,12.19,802.99,-88.46,0
51792,41,72,73,794,1,14,0,24.76,1027.71,12.20,805.39,-88.54,0
52788,42,72,74,793,1,13,0,24.77,1027.72,12.20,807.81,-88.54,0
53784,42,72,73,792,1,13,0,24.77,1027.72,12.20,803.95,-88.54,0
54780,41,73,73,792,1,13,0,24.77,1027.72,12.19,802.03,-88.63,0
55776,41,72,73,791,1,13,0,24.77,1027.73,12.20,799.64,-88.63,0
56772,41,72,73,791,1,13,0,24.78,1027.73,12.19,801.55,-88.63,0
57768,41,72,73,790,1,12,0,24.78,1027.73,12.19,797.75,-88.54,0
58764,42,72,73,789,1,13,0,24.78,1027.72,12.21,797.27,-88.54,0
59760,41,72,73,788,1,13,0,24.78,1027.72,12.20,800.60,-88.54,0
60756,41,72,73,789,1,12,0,24.78,1027.72,12.21,793.51,-88.63,0
61752,41,72,73,788,1,12,0,24.78,1027.73,12.21,791.64,-88.63,0
62748,41,72,73,787,1,12,0,24.79,1027.73,12.21,795.39,-88.54,0
63744,41,72,73,787,1,12,0,24.79,1027.72,12.20,795.86,-88.54,0
64740,41,72,73,786,1,12,0,24.79,1027.72,12.22,793.04,-88.54,0
65736,41,72,73,785,1,11,0,24.79,1027.72,12.22,793.51,-88.46,0
66732,40,72,72,785,1,12,0,24.79,1027.71,12.23,793.98,-88.46,0
67728,40,72,72,785,1,11,0,24.80,1027.71,12.22,794.45,-88.46,0
68724,40,72,73,785,1,12,0,24.80,1027.71,12.22,795.39,-88.54,0
69720,41,72,72,784,0,12,0,24.80,1027.72,12.22,796.33,-88.54,0
70716,40,71,72,784,1,13,0,24.80,1027.72,12.21,793.98,-88.54,0
71712,40,72,72,783,1,12,0,24.80,1027.72,12.22,801.07,-88.63,0
72708,40,72,72,783,1,11,0,24.80,1027.73,12.22,799.17,-88.63,0
73704,40,72,72,783,1,12,0,24.80,1027.73,12.21,802.03,-88.63,0
74700,40,72,72,783,1,11,0,24.80,1027.73,12.22,800.12,-88.63,0
75696,40,72,72,783,1,11,0,24.80,1027.73,12.22,795.39,-88.71,0
76692,40,71,72,782,1,12,0,24.81,1027.74,12.21,798.22,-88.71,0
77688,40,72,71,782,1,12,0,24.81,1027.74,12.21,795.39,-88.71,0
78684,40,72,71,782,1,11,0,24.81,1027.74,12.21,798.22,-88.71,0
79680,40,72,71,781,1,11,0,24.81,1027.74,12.22,800.12,-88.71,0
80676,40,71,71,781,1,11,0,24.81,1027.74,12.21,803.95,-88.71,0
81672,40,72,71,781,1,11,0,24.81,1027.74,12.21,801.55,-88.71,0
82668,39,72,71,780,1,11,0,24.82,1027.74,12.21,801.55,-88.79,0
83664,39,71,71,781,1,11,0,24.82,1027.75,12.22,802.51,-88.79,0
84660,39,71,71,780,1,11,0,24.82,1027.75,12.20,796.33,-88.79,0
85656,39,72,71,780,1,11,0,24.82,1027.75,12.21,799.17,-88.79,0
86652,39,72,71,780,0,11,0,24.82,1027.75,12.21,794.92,-88.79,0
87648,39,72,71,779,0,11,0,24.83,1027.75,12.20,795.39,-88.79,0
88644,39,72,71,779,1,10,0,24.83,1027.75,12.20,798.22,-88.79,0
89640,39,72,71,779,1,11,0,24.83,1027.75,12.20,796.33,-88.79,0
90636,39,72,71,779,1,11,0,24.83,1027.75,12.21,801.55,-88.79,0
91632,39,72,71,779,1,11,0,24.83,1027.75,12.20,802.99,-88.79,0
92628,39,71,71,778,1,11,0,24.83,1027.75,12.20,800.12,-88.79,0
93624,39,71,71,778,1,11,0,24.83,1027.75,12.21,802.03,-88.79,0
94620,38,71,71,778,1,11,0,24.84,1027.75,12.20,801.07,-88.79,0
95616,39,71,70,778,1,11,0,24.84,1027.75,12.21,801.07,-88.87,0
96612,39,71,71,779,1,11,0,24.84,1027.76,12.21,804.91,-88.87,1
97608,39,72,70,778,1,11,0,24.84,1027.76,12.20,802.51,-88.87,1
98604,39,72,73,787,1,11,0,24.84,1027.76,12.20,801.07,-88.87,1
99600,39,72,73,790,1,11,0,24.85,1027.76,12.21,802.99,-88.87,1
100596,40,73,73,792,1,11,0,24.85,1027.76,12.22,803.46,-88.96,1
101592,39,72,74,795,1,11,0,24.85,1027.77,12.21,803.46,-88.96,1
102588,41,73,75,806,1,11,0,24.85,1027.77,12.23,802.51,-88.96,1
103584,41,74,75,812,1,11,0,24.85,1027.77,12.22,801.07,-88.96,1
104580,41,73,75,814,1,11,0,24.85,1027.77,12.23,796.80,-88.96,1
105576,42,73,77,821,1,9,0,24.85,1027.77,12.23,805.87,-89.04,1
106572,43,73,78,828,1,10,0,24.86,1027.78,12.24,802.51,-88.96,1
107568,43,74,79,834,1,11,0,24.86,1027.77,12.25,804.91,-88.96,1
108564,44,75,77,838,1,10,0,24.86,1027.77,12.23,803.95,-89.04,1
109560,44,75,78,841,1,11,0,24.86,1027.78,12.24,802.99,-89.04,1
110556,46,76,79,848,1,11,0,24.86,1027.78,12.25,802.99,-89.04,1
111552,46,76,80,852,1,11,0,24.86,1027.78,12.25,806.84,-88.96,1
112548,47,76,81,857,1,11,0,24.87,1027.77,12.24,802.99,-88.96,1
113544,48,76,82,865,1,11,0,24.87,1027.77,12.25,808.29,-88.96,1
114540,48,77,83,866,1,11,0,24.87,1027.77,12.25,802.03,-88.96,1
115536,50,77,83,863,1,11,0,24.87,1027.77,12.25,802.99,-88.96,1
116532,50,77,83,860,1,11,0,24.87,1027.77,12.25,802.03,-88.96,1
117528,50,76,83,855,1,11,0,24.87,1027.77,12.25,805.39,-88.87,1
118524,51,75,83,850,1,11,0,24.88,1027.76,12.24,805.39,-88.87,1
119520,51,76,83,848,1,11,0,24.88,1027.76,12.25,803.46,-88.96,1
120516,51,76,84,850,1,11,0,24.88,1027.77,12.25,804.91,-88.96,1
121512,51,77,85,855,1,11,0,24.88,1027.77,12.24,806.84,-88.96,1
122508,51,76,84,851,0,11,0,24.88,1027.77,12.23,808.29,-88.87,1
123504,51,76,82,845,1,11,0,24.88,1027.76,12.22,804.42,-88.87,1
124500,51,76,83,846,1,11,0,24.88,1027.76,12.22,812.20,-88.96,1
125496,51,76,82,846,1,11,0,24.88,1027.77,12.21,812.69,-88.96,1
126492,51,75,82,844,1,11,0,24.89,1027.77,12.21,809.75,-88.96,1
127488,51,76,83,845,1,11,0,24.89,1027.77,12.19,809.26,-88.96,1
128484,52,77,84,853,1,11,0,24.89,1027.77,12.19,805.87,-88.96,1
129480,52,78,84,854,1,10,0,24.89,1027.77,12.19,806.84,-89.04,1
130476,52,78,83,853,1,11,0,24.89,1027.78,12.18,810.73,-89.04,1
131472,53,78,84,859,1,11,0,24.89,1027.78,12.18,810.73,-89.12,1
132468,54,79,85,867,1,11,0,24.89,1027.79,12.17,810.24,-89.20,1
133464,54,80,86,870,1,11,0,24.89,1027.80,12.17,807.81,-89.12,1
134460,54,79,84,871,1,10,0,24.90,1027.79,12.17,814.16,-89.20,1
135456,54,80,84,866,1,11,0,24.90,1027.80,12.16,808.29,-89.12,1
136452,54,79,83,862,1,10,0,24.90,1027.79,12.15,806.84,-89.20,1
137448,54,79,83,859,1,11,0,24.90,1027.80,12.16,816.14,-89.20,1
138444,54,79,83,855,1,11,0,24.90,1027.80,12.16,814.16,-89.20,1
139440,54,79,82,851,1,11,0,24.90,1027.80,12.16,815.64,-89.29,1
140436,54,80,84,857,1,10,0,24.91,1027.81,12.16,811.71,-89.20,1
141432,55,81,84,861,1,10,0,24.91,1027.80,12.15,815.15,-89.12,1
142428,55,80,84,861,1,11,0,24.91,1027.79,12.15,811.71,-89.12,1
143424,55,81,84,861,1,11,0,24.91,1027.79,12.15,810.73,-89.12,1
144420,55,81,84,860,1,11,0,24.91,1027.79,12.15,807.32,-89.20,1
145416,56,80,84,862,1,11,0,24.91,1027.80,12.14,817.13,-89.12,1
146412,56,80,85,865,1,10,0,24.91,1027.79,12.15,810.24,-89.12,1
147408,57,81,86,868,1,11,0,24.92,1027.79,12.14,809.75,-89.20,1
148404,57,81,87,872,1,10,0,24.92,1027.80,12.14,810.73,-89.20,1
149400,58,81,88,875,1,10,0,24.92,1027.80,12.13,811.71,-89.29,1
150396,59,81,87,874,1,10,0,24.92,1027.81,12.14,817.13,-89.29,1
151392,59,82,87,873,1,10,0,24.92,1027.81,12.14,822.13,-89.20,1
152388,60,82,88,875,1,10,0,24.92,1027.80,12.13,816.64,-89.29,1
153384,60,82,87,873,1,10,0,24.92,1027.81,12.13,816.64,-89.29,1
154380,60,82,86,871,1,11,0,24.92,1027.81,12.12,814.66,-89.29,0
155376,60,83,87,872,0,11,0,24.93,1027.81,12.12,813.18,-89.29,0
156372,59,81,87,869,1,10,0,24.93,1027.81,12.13,817.13,-89.29,0
157368,60,81,87,863,1,11,0,24.93,1027.81,12.13,817.63,-89.29,0
158364,59,80,86,858,0,11,0,24.93,1027.81,12.11,815.15,-89.29,0
159360,58,80,86,854,1,11,0,24.93,1027.81,12.12,814.66,-89.29,0
160356,58,80,84,851,0,11,0,24.93,1027.81,12.13,812.69,-89.37,0
161352,57,80,85,848,1,11,0,24.93,1027.82,12.12,811.22,-89.37,0
162348,58,80,84,846,1,11,0,24.93,1027.82,12.13,812.69,-89.45,0
163344,57,79,85,843,1,11,0,24.93,1027.83,12.13,814.16,-89.45,0
164340,56,79,83,840,1,11,0,24.94,1027.83,12.12,815.64,-89.45,0
165336,56,79,84,838,1,11,0,24.94,1027.83,12.13,817.63,-89.53,0
166332,55,78,84,836,1,11,0,24.94,1027.84,12.12,818.62,-89.53,0
167328,56,79,82,834,1,11,0,24.94,1027.84,12.12,808.78,-89.45,0
168324,55,78,83,832,1,10,0,24.94,1027.83,12.12,812.69,-89.45,0
169320,55,78,82,831,1,11,0,24.94,1027.83,12.12,813.67,-89.45,0
170316,55,78,82,830,1,10,0,24.94,1027.83,12.11,811.22,-89.45,0
171312,54,78,82,828,1,10,0,24.94,1027.83,12.12,810.24,-89.45,0
172308,54,77,83,826,1,10,0,24.94,1027.83,12.12,811.22,-89.45,0
173304,54,77,82,825,1,10,0,24.95,1027.83,12.11,814.16,-89.45,0
174300,54,77,82,824,1,10,0,24.95,1027.83,12.11,815.64,-89.45,0
175296,53,77,82,822,1,10,0,24.95,1027.83,12.12,810.73,-89.37,0
176292,53,77,82,821,1,10,0,24.95,1027.82,12.11,813.18,-89.37,0
177288,53,77,81,820,1,10,0,24.95,1027.82,12.11,811.71,-89.45,0
178284,52,76,81,819,1,10,0,24.95,1027.83,12.10,816.14,-89.45,0
179280,52,77,81,818,1,10,0,24.95,1027.83,12.11,809.75,-89.37,0
180276,52,77,81,817,1,10,0,24.95,1027.82,12.10,811.71,-89.37,0
181272,52,76,81,817,1,10,0,24.95,1027.82,12.10,811.71,-89.37,0
182268,51,76,81,814,1,10,0,24.95,1027.82,12.09,816.64,-89.45,0
183264,51,76,81,813,1,10,0,24.95,1027.83,12.10,808.29,-89.37,0
184260,51,76,81,813,1,10,0,24.96,1027.82,12.10,811.71,-89.45,0
185256,51,77,81,812,1,10,0,24.96,1027.83,12.10,812.20,-89.37,0
186252,50,76,81,811,1,10,0,24.96,1027.82,12.10,814.66,-89.45,0
187248,50,75,81,810,1,10,0,24.96,1027.83,12.10,811.71,-89.45,0
188244,50,76,80,809,1,10,0,24.96,1027.83,12.10,815.15,-89.53,0
189240,50,76,80,809,1,10,0,24.96,1027.84,12.09,812.69,-89.53,0
190236,50,76,79,808,1,10,0,24.96,1027.84,12.09,811.22,-89.53,0
191232,49,76,80,807,0,10,0,24.96,1027.84,12.08,815.15,-89.53,0
192228,49,75,79,806,1,10,0,24.96,1027.84,12.08,816.14,-89.53,0
193224,49,76,79,806,0,10,0,24.96,1027.84,12.07,818.13,-89.53,0
194220,49,76,79,805,1,10,0,24.97,1027.84,12.07,814.16,-89.53,0
195216,48,76,79,805,1,9,0,24.97,1027.84,12.07,821.62,-89.53,0
196212,48,75,79,804,1,10,0,24.97,1027.84,12.06,821.62,-89.53,0
197208,48,75,79,804,1,11,0,24.97,1027.84,12.07,819.62,-89.53,0
198204,48,76,78,803,1,10,0,24.97,1027.84,12.06,815.64,-89.53,0
199200,48,75,79,802,1,10,0,24.97,1027.84,12.05,821.12,-89.61,0
200196,48,75,78,802,1,10,0,24.97,1027.85,12.06,814.16,-89.61,0
201192,47,75,78,801,0,10,0,24.97,1027.85,12.05,814.16,-89.70,0
202188,47,76,79,801,1,10,0,24.97,1027.86,12.05,816.14,-89.61,0
203184,47,75,78,799,1,10,0,24.97,1027.85,12.05,824.65,-89.61,0
204180,47,75,78,799,1,9,0,24.98,1027.85,12.05,816.64,-89.61,0
205176,47,75,78,799,1,10,0,24.98,1027.85,12.06,815.64,-89.70,0
206172,47,75,78,799,1,9,0,24.98,1027.86,12.04,816.64,-89.70,0
207168,47,75,78,798,1,9,0,24.98,1027.86,12.04,820.62,-89.70,0
208164,46,75,77,797,1,10,0,24.98,1027.86,12.04,816.64,-89.78,0
209160,47,75,78,797,1,10,0,24.98,1027.87,12.05,819.12,-89.70,0
210156,46,75,78,797,1,10,0,24.98,1027.86,12.04,813.18,-89.70,0
211152,46,75,78,796,1,11,0,24.98,1027.86,12.04,818.13,-89.78,0
212148,46,74,77,795,1,10,0,24.98,1027.87,12.05,811.22,-89.78,0
213144,46,74,77,795,1,9,0,24.99,1027.87,12.04,818.13,-89.78,0
214140,46,75,78,795,1,10,0,24.99,1027.87,12.04,814.66,-89.86,0
215136,46,74,77,795,0,10,0,24.99,1027.88,12.05,812.69,-89.78,0
216132,46,74,77,795,1,9,0,24.99,1027.87,12.05,824.14,-89.86,0
217128,46,74,77,794,1,9,0,24.99,1027.88,12.04,814.16,-89.86,0
218124,45,75,77,794,0,9,0,24.99,1027.88,12.03,819.12,-89.78,1
219120,45,75,78,797,0,9,0,24.99,1027.87,12.03,819.62,-89.86,1
220116,46,75,79,803,1,9,0,24.99,1027.88,12.04,818.62,-89.94,1
221112,46,76,79,805,0,9,0,25.00,1027.89,12.04,815.15,-89.94,1
222108,47,75,79,804,1,9,0,25.00,1027.89,12.03,820.12,-90.03,1
223104,46,75,79,801,1,10,0,25.00,1027.90,12.04,816.64,-90.11,1
224100,46,75,79,800,1,10,0,25.00,1027.91,12.03,820.12,-90.03,1
225096,46,75,78,799,1,10,0,25.00,1027.90,12.02,819.62,-90.03,1
226092,46,75,78,797,1,10,0,25.00,1027.90,12.02,823.13,-90.03,1
227088,46,75,78,796,1,10,0,25.00,1027.90,12.01,816.64,-89.94,1
228084,46,75,78,796,1,10,0,25.00,1027.89,12.02,821.62,-89.94,1
229080,46,75,78,796,1,10,0,25.00,1027.89,12.01,817.13,-90.03,1
230076,46,75,78,796,1,10,0,25.00,1027.90,12.00,821.12,-90.03,1
231072,47,75,78,796,0,10,0,25.00,1027.90,12.00,815.64,-90.11,1
232068,46,75,79,795,1,10,0,25.00,1027.91,12.00,815.64,-90.11,1
233064,46,74,78,797,1,10,0,25.00,1027.91,11.99,819.62,-90.11,1
234060,46,75,79,797,1,10,0,25.00,1027.91,12.01,821.12,-90.03,1
235056,46,74,80,801,1,10,0,25.00,1027.90,12.00,822.63,-89.94,1
236052,47,75,82,810,1,10,0,25.00,1027.89,12.00,821.62,-90.03,1
237048,47,76,82,823,1,9,0,25.00,1027.90,12.00,816.64,-90.11,1
238044,48,77,82,828,1,9,0,25.00,1027.91,12.00,816.64,-90.19,1
239040,48,76,82,828,1,10,0,25.00,1027.92,12.00,819.62,-90.19,1
240036,48,76,82,829,1,10,0,25.00,1027.92,12.00,817.13,-90.19,1
241032,49,77,82,831,1,10,0,25.00,1027.92,12.00,820.12,-90.19,1
242028,49,77,83,833,1,10,0,25.00,1027.92,11.99,822.63,-90.27,1
243024,50,78,83,836,1,10,0,25.00,1027.93,11.98,821.62,-90.19,1
244020,50,78,83,839,1,10,0,25.00,1027.92,11.98,824.65,-90.19,1
245016,51,78,84,843,1,10,0,25.00,1027.92,11.99,817.63,-90.27,1
246012,51,78,84,846,1,11,0,25.01,1027.93,11.99,821.12,-90.27,1
247008,52,79,84,845,1,10,0,25.01,1027.93,11.98,827.69,-90.27,1
248004,51,78,84,844,1,10,0,25.01,1027.93,11.98,820.62,-90.27,1
249000,52,79,85,849,1,10,0,25.01,1027.93,11.98,817.63,-90.27,1
249996,53,80,85,854,1,9,0,25.01,1027.93,11.98,825.66,-90.27,1
250992,53,79,87,857,1,10,0,25.01,1027.93,11.98,818.62,-90.27,1
251988,54,80,89,865,1,10,0,25.01,1027.93,11.97,824.65,-90.27,1
252984,55,80,88,865,1,10,0,25.01,1027.93,11.97,824.14,-90.27,1
253980,54,80,87,860,1,10,0,25.01,1027.93,11.97,826.67,-90.19,1
254976,55,80,86,857,1,9,0,25.01,1027.92,11.97,825.15,-90.19,1
255972,54,79,86,856,1,10,0,25.01,1027.92,11.97,826.67,-90.19,1
256968,55,80,87,858,1,10,0,25.01,1027.92,11.97,826.17,-90.27,1
257964,56,81,87,860,1,10,0,25.01,1027.93,11.97,826.67,-90.27,1
258960,56,82,87,864,1,10,0,25.01,1027.93,11.96,826.17,-90.27,1
259956,56,82,88,869,1,10,0,25.01,1027.93,11.96,827.69,-90.27,1
260952,57,82,88,873,1,10,0,25.01,1027.93,11.95,827.69,-90.27,1
261948,58,83,89,877,1,9,0,25.01,1027.93,11.94,831.79,-90.27,1
262944,59,83,91,881,1,10,0,25.01,1027.93,11.94,826.67,-90.27,1
263940,60,84,92,886,1,10,0,25.02,1027.93,11.94,825.66,-90.27,1
264936,62,84,95,889,1,10,0,25.02,1027.93,11.93,828.71,-90.35,1
265932,64,84,96,893,1,11,0,25.02,1027.94,11.93,830.76,-90.35,1
266928,65,84,96,891,1,10,0,25.02,1027.94,11.92,833.85,-90.35,1
267924,66,85,96,889,1,11,0,25.02,1027.94,11.92,823.13,-90.52,1
268920,65,84,96,887,1,11,0,25.02,1027.96,11.92,832.30,-90.44,1
269916,66,85,94,883,0,11,0,25.02,1027.95,11.91,833.33,-90.44,1
270912,66,84,93,880,1,12,0,25.02,1027.95,11.92,827.69,-90.44,1
271908,67,86,94,883,1,11,0,25.02,1027.95,11.92,829.22,-90.44,1
272904,67,86,95,885,1,11,0,25.02,1027.95,11.92,827.69,-90.44,1
273900,68,85,97,885,1,11,0,25.02,1027.95,11.92,819.12,-90.52,1
274896,68,86,97,884,1,11,0,25.02,1027.96,11.93,825.66,-90.44,0
275892,67,85,96,880,0,10,0,25.02,1027.95,11.92,828.20,-90.44,0
276888,67,84,95,875,1,11,0,25.02,1027.95,11.93,826.67,-90.44,0
277884,65,83,93,870,1,11,0,25.02,1027.95,11.94,824.65,-90.35,0
278880,66,83,93,866,1,11,0,25.02,1027.94,11.93,827.69,-90.44,0
279876,65,83,93,862,1,10,0,25.02,1027.95,11.94,826.67,-90.44,0
280872,64,83,92,858,1,11,0,25.02,1027.95,11.94,821.12,-90.44,0
281868,63,83,91,856,1,10,0,25.03,1027.95,11.94,829.22,-90.44,0
282864,63,82,91,853,1,10,0,25.03,1027.95,11.94,829.22,-90.52,0
283860,63,81,90,851,1,11,0,25.03,1027.96,11.93,821.12,-90.52,0
284856,62,81,90,848,1,10,0,25.03,1027.96,11.93,828.71,-90.52,0
285852,61,81,91,846,1,10,0,25.03,1027.96,11.92,825.66,-90.52,0
286848,61,81,90,843,1,10,0,25.03,1027.96,11.93,833.33,-90.52,0
287844,61,81,90,842,1,10,0,25.03,1027.96,11.94,827.18,-90.44,0
288840,59,81,89,840,1,12,0,25.03,1027.95,11.93,829.73,-90.44,0
289836,60,81,88,838,1,10,0,25.03,1027.95,11.93,820.12,-90.44,0
290832,59,80,88,836,1,10,0,25.03,1027.95,11.93,819.62,-90.52,0
291828,59,80,88,834,1,10,0,25.03,1027.96,11.94,824.65,-90.44,0
292824,58,80,88,833,1,10,0,25.03,1027.95,11.94,825.15,-90.52,0
293820,57,80,88,831,1,10,0,25.03,1027.96,11.94,826.67,-90.52,0
294816,58,80,88,830,1,9,0,25.03,1027.96,11.92,819.62,-90.44,0
295812,57,80,87,829,1,10,0,25.03,1027.95,11.92,823.64,-90.44,0
296808,57,79,87,828,1,10,0,25.03,1027.95,11.91,821.12,-90.44,0
297804,56,79,87,827,0,10,0,25.03,1027.95,11.90,821.12,-90.44,0
298800,56,79,87,826,1,10,0,25.03,1027.95,11.91,821.62,-90.44,0
299796,56,79,87,825,0,10,0,25.03,1027.95,11.90,831.27,-90.52,0
300792,55,79,86,824,1,10,0,25.03,1027.96,11.90,826.17,-90.52,0
301788,55,79,86,821,1,10,0,25.03,1027.96,11.90,825.66,-90.52,0
302784,54,78,85,821,1,10,0,25.03,1027.96,11.89,823.13,-90.44,0
303780,54,79,85,821,1,9,0,25.03,1027.95,11.89,824.65,-90.44,0
304776,54,79,86,819,1,10,0,25.03,1027.95,11.88,824.14,-90.52,0
305772,53,78,85,818,1,9,0,25.03,1027.96,11.88,825.66,-90.52,0
306768,53,78,85,818,1,10,0,25.03,1027.96,11.88,824.65,-90.52,0
307764,53,78,85,817,1,10,0,25.03,1027.96,11.88,824.65,-90.60,0
308760,52,78,85,815,1,10,0,25.03,1027.97,11.88,825.15,-90.52,0
309756,53,78,84,815,1,10,0,25.03,1027.96,11.88,830.76,-90.60,0
310752,52,78,85,814,1,11,0,25.03,1027.97,11.89,824.14,-90.60,0
311748,52,78,85,813,1,10,0,25.03,1027.97,11.88,831.79,-90.60,0
312744,52,78,85,813,1,10,0,25.03,1027.97,11.88,828.71,-90.60,0
313740,52,78,83,811,1,10,0,25.03,1027.97,11.87,826.67,-90.52,0
314736,51,78,83,811,1,10,0,25.04,1027.96,11.88,831.79,-90.60,0
315732,51,78,84,810,1,9,0,25.04,1027.97,11.89,830.76,-90.68,0
316728,51,77,84,810,1,10,0,25.04,1027.98,11.88,831.79,-90.60,0
317724,51,78,84,809,1,10,0,25.04,1027.97,11.87,826.67,-90.52,0
318720,50,78,83,808,1,10,0,25.04,1027.96,11.87,826.67,-90.52,0
319716,50,77,83,807,1,10,0,25.04,1027.96,11.87,829.73,-90.52,0
320712,50,77,84,807,1,10,0,25.04,1027.96,11.87,824.65,-90.52,0
321708,50,77,83,807,1,11,0,25.04,1027.96,11.86,831.27,-90.52,0
322704,49,77,83,806,1,10,0,25.04,1027.96,11.87,825.66,-90.52,0
323700,49,78,82,806,1,10,0,25.04,1027.96,11.87,825.66,-90.44,0
324696,48,77,83,804,1,10,0,25.04,1027.95,11.88,830.76,-90.52,0
325692,49,77,83,804,1,10,0,25.04,1027.96,11.88,825.15,-90.60,0
326688,49,76,82,803,1,9,0,25.04,1027.97,11.88,833.33,-90.60,0
327684,48,78,82,803,0,9,0,25.04,1027.97,11.88,831.27,-90.60,0
328680,48,77,82,803,1,10,0,25.04,1027.97,11.89,824.65,-90.60,0
329676,48,77,82,802,1,11,0,25.04,1027.97,11.90,831.27,-90.60,0
330672,48,77,82,801,1,10,0,25.04,1027.97,11.89,824.65,-90.68,0
331668,48,76,82,801,1,9,0,25.04,1027.98,11.89,823.64,-90.68,0
332664,48,76,82,801,1,10,0,25.04,1027.98,11.89,825.66,-90.68,0
333660,48,77,81,800,1,10,0,25.04,1027.98,11.89,822.13,-90.68,0
334656,47,76,82,800,1,9,0,25.04,1027.98,11.90,828.20,-90.60,1
335652,47,76,81,799,0,9,0,25.04,1027.97,11.90,824.65,-90.60,1
336648,46,77,81,802,1,10,0,25.04,1027.97,11.90,831.79,-90.68,1
337644,46,77,82,804,1,9,0,25.04,1027.98,11.90,821.62,-90.68,1
338640,47,78,83,809,1,10,0,25.04,1027.98,11.90,824.14,-90.68,1
339636,47,78,84,816,1,10,0,25.04,1027.98,11.90,823.64,-90.68,1
340632,48,78,85,821,1,10,0,25.04,1027.98,11.90,825.15,-90.68,1
341628,49,79,85,825,1,10,0,25.04,1027.98,11.90,822.63,-90.68,1
342624,49,80,86,833,1,10,0,25.04,1027.98,11.90,825.66,-90.68,1
343620,50,79,85,834,1,10,0,25.05,1027.98,11.90,828.71,-90.60,1
344616,50,80,86,839,1,10,0,25.05,1027.97,11.91,822.63,-90.60,1
345612,51,80,88,845,1,9,0,25.05,1027.97,11.91,821.62,-90.60,1
346608,51,80,88,847,1,9,0,25.05,1027.97,11.91,820.62,-90.52,1
347604,51,80,87,845,1,10,0,25.05,1027.96,11.91,824.65,-90.52,1
348600,51,80,87,843,1,10,0,25.05,1027.96,11.91,818.62,-90.52,1
349596,52,80,89,845,0,10,0,25.04,1027.96,11.91,821.62,-90.52,1
350592,52,80,88,847,1,10,0,25.04,1027.96,11.93,820.62,-90.60,1
351588,52,80,87,843,1,10,0,25.04,1027.97,11.92,824.14,-90.52,1
352584,52,80,88,845,1,10,0,25.04,1027.96,11.92,823.64,-90.52,1
353580,53,81,89,849,1,11,0,25.04,1027.96,11.93,822.63,-90.52,1
354576,54,81,90,850,1,10,0,25.04,1027.96,11.92,824.14,-90.52,1
355572,54,81,90,852,1,10,0,25.04,1027.96,11.93,823.64,-90.52,1
356568,55,80,90,850,1,10,0,25.04,1027.96,11.91,822.63,-90.44,1
357564,54,81,89,847,1,10,0,25.04,1027.95,11.91,823.64,-90.52,1
358560,54,81,89,845,0,9,0,25.04,1027.96,11.92,817.63,-90.52,1
359556,54,81,89,843,1,10,0,25.04,1027.96,11.92,825.66,-90.52,1
360552,54,80,88,840,0,10,0,25.04,1027.96,11.93,823.64,-90.44,1
361548,54,80,88,841,1,10,0,25.04,1027.95,11.92,822.13,-90.52,1
362544,53,80,88,839,1,10,0,25.04,1027.96,11.92,825.66,-90.52,1
363540,54,80,88,837,1,10,0,25.04,1027.96,11.93,827.69,-90.44,1
364536,54,80,88,838,1,10,0,25.04,1027.95,11.92,826.17,-90.44,1
365532,53,80,88,839,1,10,0,25.04,1027.95,11.91,826.17,-90.44,1
366528,54,80,88,838,1,10,0,25.03,1027.95,11.92,828.71,-90.52,1
367524,54,80,88,838,1,10,0,25.03,1027.96,11.92,822.63,-90.52,1
368520,54,80,88,837,1,9,0,25.03,1027.96,11.91,828.71,-90.44,1
369516,53,80,88,835,1,10,0,25.03,1027.95,11.92,826.17,-90.44,1
370512,54,80,88,837,1,10,0,25.03,1027.95,11.92,827.18,-90.44,1
371508,53,80,88,837,1,10,0,25.03,1027.95,11.92,825.66,-90.52,1
372504,54,81,88,839,1,10,0,25.03,1027.96,11.93,827.18,-90.52,1
373500,54,82,89,843,0,10,0,25.03,1027.96,11.92,826.67,-90.52,1
374496,54,82,91,849,1,11,0,25.03,1027.96,11.91,824.65,-90.52,1
375492,54,82,90,855,1,10,0,25.03,1027.96,11.93,827.69,-90.52,1
376488,55,83,91,859,1,10,0,25.03,1027.96,11.91,829.73,-90.52,1
377484,55,82,90,859,1,10,0,25.03,1027.96,11.92,829.73,-90.52,1
378480,56,83,91,857,0,10,0,25.03,1027.96,11.91,826.17,-90.52,1
379476,57,83,91,860,1,12,0,25.03,1027.96,11.90,825.66,-90.52,1
380472,57,83,91,859,0,10,0,25.03,1027.96,11.91,826.67,-90.52,1
381468,57,84,92,863,1,10,0,25.03,1027.96,11.90,821.12,-90.52,1
382464,57,84,94,866,1,10,0,25.03,1027.96,11.91,829.73,-90.52,1
383460,58,84,94,868,1,10,0,25.03,1027.96,11.89,826.17,-90.52,1
384456,59,84,94,870,1,11,0,25.03,1027.96,11.90,827.18,-90.52,1
385452,58,84,94,869,1,10,0,25.03,1027.96,11.90,830.25,-90.68,1
386448,59,84,94,867,1,11,0,25.03,1027.98,11.90,830.76,-90.68,1
387444,59,84,93,864,1,10,0,25.03,1027.98,11.90,828.71,-90.60,1
388440,59,84,93,863,1,10,0,25.03,1027.97,11.90,825.15,-90.52,1
389436,59,85,95,864,1,10,0,25.03,1027.96,11.90,827.18,-90.52,1
390432,60,85,96,867,1,10,0,25.03,1027.96,11.91,829.73,-90.52,1
391428,61,84,95,862,1,10,0,25.03,1027.96,11.91,830.25,-90.52,1
392424,60,84,94,859,1,10,0,25.03,1027.96,11.91,828.20,-90.52,0
393420,60,82,94,854,1,10,0,25.03,1027.96,11.91,824.65,-90.52,0
394416,59,82,93,851,1,10,0,25.03,1027.96,11.92,825.15,-90.44,0
395412,58,82,93,847,1,10,0,25.03,1027.95,11.93,827.69,-90.44,0
396408,58,82,92,844,1,10,0,25.03,1027.95,11.94,827.69,-90.44,0
397404,58,81,92,842,1,11,0,25.03,1027.95,11.94,827.18,-90.44,0
398400,58,81,92,840,1,10,0,25.03,1027.95,11.93,826.67,-90.35,0
399396,58,81,91,838,1,10,0,25.03,1027.94,11.94,827.18,-90.44,0
400392,57,81,91,836,1,10,0,25.03,1027.95,11.94,824.65,-90.44,0
401388,56,81,91,834,1,10,0,25.03,1027.95,11.93,830.25,-90.35,0
402384,56,81,90,832,1,10,0,25.03,1027.94,11.93,825.15,-90.44,0
403380,56,81,91,832,1,10,0,25.03,1027.95,11.94,830.76,-90.44,0
404376,56,80,90,830,1,10,0,25.03,1027.95,11.94,831.27,-90.44,0
405372,55,81,90,830,1,10,0,25.03,1027.95,11.93,827.18,-90.44,0
406368,55,80,89,829,1,10,0,25.03,1027.95,11.93,825.66,-90.52,0
407364,55,80,89,826,1,10,0,25.03,1027.96,11.94,833.33,-90.44,0
408360,54,81,89,825,1,10,0,25.03,1027.95,11.93,828.71,-90.44,0
409356,54,80,89,824,1,9,0,25.03,1027.95,11.94,825.66,-90.44,0
410352,53,80,89,823,1,10,0,25.03,1027.95,11.93,830.25,-90.35,0
411348,53,80,89,822,1,10,0,25.03,1027.94,11.92,827.69,-90.35,0
412344,53,80,88,821,1,10,0,25.03,1027.94,11.92,826.67,-90.35,0
413340,53,80,88,820,1,10,0,25.03,1027.94,11.92,829.73,-90.44,0
414336,52,80,89,820,1,10,0,25.03,1027.95,11.93,826.67,-90.35,0
415332,52,80,87,818,1,10,0,25.03,1027.94,11.91,830.76,-90.27,0
416328,52,79,87,818,1,10,0,25.03,1027.93,11.93,831.79,-90.35,0
417324,52,79,87,816,0,10,0,25.03,1027.94,11.93,833.85,-90.35,0
418320,52,79,87,816,1,10,0,25.03,1027.94,11.94,826.67,-90.44,0
419316,51,79,87,815,1,10,0,25.03,1027.95,11.93,828.71,-90.35,0
420312,51,79,87,814,1,10,0,25.03,1027.94,11.94,827.69,-90.35,0
421308,51,79,87,813,1,10,0,25.03,1027.94,11.93,833.85,-90.44,0
422304,51,79,86,812,0,10,0,25.03,1027.95,11.94,833.33,-90.35,0
423300,51,79,86,812,1,11,0,25.03,1027.94,11.93,830.76,-90.35,0
424296,50,79,86,811,1,10,0,25.03,1027.94,11.93,833.33,-90.35,0
425292,50,78,86,810,1,10,0,25.03,1027.94,11.93,832.82,-90.35,0
426288,50,79,86,809,1,10,0,25.03,1027.94,11.93,828.20,-90.44,0
427284,50,78,86,808,1,10,0,25.03,1027.95,11.94,828.20,-90.44,0
428280,49,78,86,808,1,10,0,25.03,1027.95,11.94,829.73,-90.44,0
429276,49,79,86,808,1,10,0,25.03,1027.95,11.93,838.01,-90.52,0
430272,49,78,85,807,1,10,0,25.03,1027.96,11.93,828.71,-90.52,0
431268,49,78,85,807,1,10,0,25.03,1027.96,11.94,829.22,-90.35,0
432264,48,78,85,806,1,9,0,25.03,1027.94,11.93,832.82,-90.44,0
433260,48,78,85,805,0,10,0,25.03,1027.95,11.94,835.92,-90.35,0
434256,48,78,85,805,1,10,0,25.03,1027.94,11.94,830.76,-90.35,0
435252,48,78,84,804,0,11,0,25.03,1027.94,11.94,830.25,-90.27,0
436248,48,78,85,804,1,9,0,25.03,1027.93,11.95,828.71,-90.27,0
437244,48,78,85,802,1,10,0,25.03,1027.93,11.96,830.76,-90.19,0
438240,48,78,85,802,1,9,0,25.03,1027.92,11.96,830.76,-90.19,0
439236,48,78,84,803,1,9,0,25.03,1027.92,11.97,832.30,-90.19,0
440232,47,77,84,802,1,9,0,25.03,1027.92,11.96,828.71,-90.19,0
441228,47,78,84,802,1,10,0,25.03,1027.92,11.96,827.69,-90.19,0
442224,47,78,83,801,1,10,0,25.03,1027.92,11.97,833.85,-90.11,0
443220,47,77,84,800,1,10,0,25.03,1027.91,11.98,827.69,-90.11,0
444216,47,77,84,800,0,9,0,25.03,1027.91,11.97,827.69,-90.11,0
445212,46,77,84,799,1,9,0,25.03,1027.91,11.97,830.76,-90.11,0
446208,46,78,83,799,1,9,0,25.02,1027.91,11.97,831.27,-90.03,0
447204,46,77,83,799,1,9,0,25.02,1027.90,11.97,828.20,-90.11,0
448200,46,77,83,798,1,9,0,25.02,1027.91,11.97,831.27,-90.11,0
449196,46,78,83,797,1,9,0,25.02,1027.91,11.97,829.22,-90.11,0
450192,46,77,83,797,1,9,0,25.02,1027.91,11.97,831.27,-90.03,0
451188,46,77,82,796,1,9,0,25.02,1027.90,11.97,830.76,-90.03,0
452184,46,77,83,797,1,9,0,25.02,1027.90,11.96,826.67,-90.11,0
453180,45,77,83,796,1,9,0,25.02,1027.91,11.97,828.20,-90.03,0
454176,45,78,82,795,1,10,0,25.02,1027.90,11.94,830.76,-90.03,0
455172,45,77,83,795,1,10,0,25.02,1027.90,11.95,833.85,-90.11,0
456168,45,77,82,794,1,9,0,25.02,1027.91,11.94,831.27,-90.11,0
457164,45,77,82,794,1,9,0,25.02,1027.91,11.94,839.05,-90.11,0
458160,44,77,82,793,1,9,0,25.02,1027.91,11.93,837.48,-90.11,0
459156,45,77,82,793,1,10,0,25.02,1027.91,11.92,833.85,-90.11,0
460152,45,77,82,796,0,9,0,25.02,1027.91,11.92,837.48,-90.03,1
461148,44,77,83,810,1,9,0,25.02,1027.90,11.91,833.33,-90.03,1
462144,45,78,83,811,1,9,0,25.02,1027.90,11.91,832.82,-90.03,1
463140,45,78,83,811,1,9,0,25.02,1027.90,11.90,831.79,-90.03,1
464136,45,78,83,812,1,9,0,25.02,1027.90,11.90,832.82,-90.03,1
465132,45,79,84,819,1,9,0,25.02,1027.90,11.89,833.33,-90.11,1
466128,46,80,86,831,1,9,0,25.02,1027.91,11.89,838.01,-90.03,1
467124,47,81,86,835,1,9,0,25.03,1027.90,11.88,842.73,-90.11,1
468120,47,80,85,833,1,10,0,25.03,1027.91,11.89,839.58,-90.11,1
469116,47,80,85,829,1,9,0,25.03,1027.91,11.89,834.88,-90.03,1
470112,47,80,85,828,1,10,0,25.03,1027.90,11.87,832.30,-90.03,1
471108,47,80,86,834,1,9,0,25.03,1027.90,11.87,841.68,-90.03,1
472104,48,81,86,838,1,9,0,25.03,1027.90,11.87,835.92,-89.94,1
473100,49,81,87,840,1,9,0,25.03,1027.89,11.88,830.76,-89.94,1
474096,50,82,87,842,1,9,0,25.02,1027.89,11.86,832.82,-89.94,1
475092,51,82,89,849,1,9,0,25.02,1027.89,11.86,834.37,-89.94,1
476088,52,83,91,860,1,9,0,25.02,1027.89,11.86,834.88,-89.94,1
477084,54,84,92,869,1,9,0,25.02,1027.89,11.84,840.10,-89.86,1
478080,55,84,93,872,1,10,0,25.02,1027.88,11.84,841.68,-89.94,1
479076,56,86,93,876,1,10,0,25.02,1027.89,11.84,840.10,-89.94,1
480072,57,85,92,873,1,9,0,25.02,1027.89,11.83,835.92,-89.86,1
481068,57,84,92,868,1,9,0,25.02,1027.88,11.84,842.20,-89.86,1
482064,57,85,91,864,1,9,0,25.02,1027.88,11.82,837.48,-89.86,1
483060,58,85,91,863,1,9,0,25.02,1027.88,11.82,838.01,-89.86,1
484056,57,85,92,863,1,9,0,25.02,1027.88,11.82,844.32,-89.86,1
485052,58,84,94,864,0,9,0,25.02,1027.88,11.82,840.62,-89.94,1
486048,59,84,93,864,1,9,0,25.02,1027.89,11.82,844.85,-89.86,1
487044,59,84,93,863,0,9,0,25.02,1027.88,11.81,839.58,-89.86,1
488040,59,86,95,869,1,9,0,25.02,1027.88,11.81,839.58,-89.78,1
489036,60,86,97,877,0,9,0,25.02,1027.87,11.81,845.38,-89.86,1
490032,61,87,97,882,1,9,0,25.02,1027.88,11.80,839.05,-89.86,1
491028,62,86,98,883,1,9,0,25.03,1027.88,11.80,842.73,-89.78,1
492024,63,87,99,883,1,9,0,25.03,1027.87,11.81,837.48,-89.86,1
493020,63,87,100,884,1,9,0,25.02,1027.88,11.80,845.38,-89.86,1
494016,63,86,98,880,1,9,0,25.02,1027.88,11.80,844.85,-89.86,1
495012,64,87,99,877,1,9,0,25.02,1027.88,11.81,835.92,-89.94,1
496008,65,87,101,879,1,9,0,25.03,1027.89,11.81,839.05,-89.94,1
497004,65,86,101,880,1,9,0,25.02,1027.89,11.81,840.10,-89.94,1
498000,66,87,102,883,1,9,0,25.03,1027.89,11.81,844.32,-90.03,1
498996,66,87,103,883,1,9,0,25.02,1027.90,11.81,841.15,-90.03,1
499992,67,87,104,883,1,9,0,25.02,1027.90,11.82,841.15,-89.94,1
500988,67,87,104,882,1,9,0,25.02,1027.89,11.81,838.01,-90.03,1
501984,67,87,105,881,1,10,0,25.02,1027.90,11.82,839.58,-90.11,1
502980,68,88,105,882,1,9,0,25.02,1027.91,11.82,844.32,-90.11,1
503976,68,88,104,883,1,9,0,25.02,1027.91,11.82,839.05,-90.03,1
504972,69,88,105,884,1,9,0,25.02,1027.90,11.83,835.92,-90.11,1
505968,69,89,107,890,1,9,0,25.02,1027.91,11.83,839.58,-90.11,1
506964,71,89,107,894,1,9,0,25.02,1027.91,11.83,841.68,-90.03,1
507960,72,89,106,895,1,9,0,25.02,1027.90,11.84,836.44,-90.03,1
508956,72,90,106,893,1,10,0,25.02,1027.90,11.84,841.15,-90.03,1
509952,72,90,105,892,1,9,0,25.02,1027.90,11.84,836.96,-90.03,1
510948,73,90,104,888,1,9,0,25.02,1027.90,11.85,841.68,-90.11,1
511944,73,90,105,888,1,9,0,25.02,1027.91,11.86,836.44,-90.03,1
512940,73,91,104,885,1,9,0,25.02,1027.90,11.86,835.92,-90.03,1
513936,73,91,104,882,1,9,0,25.02,1027.90,11.86,830.76,-90.03,1
514932,73,89,102,878,1,9,0,25.02,1027.90,11.87,831.79,-90.03,1
515928,72,89,101,871,1,9,0,25.02,1027.90,11.87,839.05,-90.11,1
516924,71,88,100,867,1,9,0,25.02,1027.91,11.87,829.73,-90.11,1
517920,70,88,100,865,1,9,0,25.03,1027.91,11.87,832.82,-90.03,1
518916,69,87,100,863,1,9,0,25.03,1027.90,11.88,831.27,-90.03,1
519912,69,88,101,860,1,9,0,25.03,1027.90,11.88,827.69,-90.03,1
520908,69,88,100,863,1,9,0,25.03,1027.90,11.88,831.79,-90.03,1
521904,69,88,101,862,1,9,0,25.03,1027.90,11.89,829.73,-90.11,0
522900,68,87,101,862,0,9,0,25.03,1027.91,11.90,817.63,-90.11,0
523896,68,87,100,858,1,9,0,25.03,1027.91,11.93,813.18,-90.11,0
524892,68,87,99,854,0,9,0,25.03,1027.91,11.96,814.16,-90.11,0
525888,68,86,99,852,1,9,0,25.03,1027.91,11.99,811.71,-90.11,0
526884,67,86,99,849,1,9,0,25.03,1027.91,12.01,810.24,-90.11,0
527880,67,86,98,848,1,9,0,25.03,1027.91,12.04,807.81,-90.11,0
528876,65,86,98,845,1,9,0,25.03,1027.91,12.04,804.42,-90.19,0
529872,65,85,98,844,1,9,0,25.03,1027.92,12.04,805.87,-90.11,0
530868,64,85,97,842,1,9,0,25.02,1027.91,12.04,815.64,-90.11,0
531864,64,85,97,840,1,11,0,25.02,1027.91,12.04,809.26,-90.11,0
532860,64,85,96,839,1,9,0,25.02,1027.91,12.03,814.66,-90.11,0
533856,63,84,96,837,1,9,0,25.02,1027.91,12.03,809.75,-90.11,0
534852,63,84,96,836,1,9,0,25.02,1027.91,12.03,814.16,-90.11,0
535848,62,84,96,835,1,9,0,25.02,1027.91,12.02,815.64,-90.19,0
536844,61,84,95,833,1,9,0,25.02,1027.92,12.01,808.78,-90.11,0
537840,62,84,95,832,1,9,0,25.02,1027.91,12.01,810.24,-90.11,0
538836,60,83,95,830,1,9,0,25.02,1027.91,11.99,817.63,-90.19,0
539832,60,84,95,830,1,9,0,25.02,1027.92,12.00,811.71,-90.19,0
540828,60,83,94,828,1,9,0,25.01,1027.92,11.99,815.64,-90.19,0
541824,60,83,94,827,1,9,0,25.01,1027.92,11.99,814.66,-90.19,0
542820,59,82,93,826,1,9,0,25.01,1027.92,12.00,812.69,-90.27,0
543816,59,83,93,825,1,9,0,25.01,1027.93,11.98,816.14,-90.35,0
544812,59,83,94,824,0,8,0,25.01,1027.94,11.99,812.20,-90.35,0
545808,58,82,93,823,1,9,0,25.01,1027.94,12.00,819.62,-90.27,0
546804,58,82,93,822,1,9,0,25.01,1027.93,12.00,817.63,-90.35,0
547800,57,82,93,822,1,9,0,25.01,1027.94,12.00,814.66,-90.35,0
548796,57,82,93,821,1,9,0,25.01,1027.94,12.00,817.13,-90.35,0
549792,57,82,93,820,1,9,0,25.01,1027.94,12.00,817.13,-90.35,0
550788,57,83,92,820,1,9,0,25.01,1027.94,12.01,811.71,-90.35,0
551784,56,82,92,819,1,9,0,25.01,1027.94,12.00,810.73,-90.44,0
552780,56,82,93,818,1,9,0,25.00,1027.95,12.00,816.64,-90.44,0
553776,56,82,92,817,1,9,0,25.00,1027.95,12.02,811.22,-90.44,0
554772,55,81,92,817,1,9,0,25.00,1027.95,12.02,811.22,-90.35,0
555768,55,82,91,816,1,9,0,25.00,1027.94,12.03,816.14,-90.27,0
556764,55,82,92,815,0,9,0,25.00,1027.93,12.03,810.24,-90.27,0
557760,55,81,92,815,1,9,0,25.00,1027.93,12.03,811.71,-90.19,0
558756,55,81,91,814,1,9,0,25.00,1027.92,12.04,809.26,-90.19,0
559752,55,81,91,813,1,9,0,25.00,1027.92,12.03,812.20,-90.27,0
560748,54,82,91,813,1,9,0,25.00,1027.93,12.04,818.62,-90.27,0
561744,54,81,91,813,1,9,0,25.00,1027.93,12.05,812.69,-90.27,0
562740,53,81,91,812,1,9,0,25.00,1027.93,12.03,816.64,-90.27,0
563736,53,81,90,811,1,9,0,25.00,1027.93,12.04,814.66,-90.35,0
564732,52,81,90,811,1,9,0,25.00,1027.94,12.04,815.64,-90.44,0
565728,53,81,90,810,1,9,0,25.00,1027.95,12.04,815.15,-90.44,0
566724,52,81,90,810,1,9,0,25.00,1027.95,12.04,818.62,-90.44,0
567720,52,81,90,809,1,9,0,25.00,1027.95,12.05,817.63,-90.44,0
568716,52,80,90,809,1,9,0,25.00,1027.95,12.03,815.64,-90.52,0
569712,52,81,89,809,1,9,0,25.00,1027.96,12.03,819.62,-90.52,0
570708,52,81,90,809,1,9,0,25.00,1027.96,12.04,815.64,-90.52,0
571704,52,81,90,809,1,9,0,25.00,1027.96,12.04,811.71,-90.52,0
572700,51,81,89,809,1,8,0,25.00,1027.96,12.05,811.22,-90.52,0
573696,52,81,89,808,1,9,0,25.00,1027.96,12.04,817.13,-90.52,0
574692,50,81,89,809,1,9,0,25.00,1027.96,12.06,809.75,-90.44,0
575688,51,81,89,808,1,10,0,25.00,1027.95,12.06,813.67,-90.52,0
576684,50,81,89,807,1,9,0,25.00,1027.96,12.06,813.18,-90.52,0
577680,51,81,88,806,1,9,0,25.00,1027.96,12.07,811.22,-90.44,0
578676,50,81,89,805,1,9,0,25.00,1027.95,12.08,808.29,-90.52,0
579672,50,80,89,805,1,9,0,25.00,1027.96,12.09,810.24,-90.52,0
580668,50,80,89,804,1,10,0,25.00,1027.96,12.08,809.26,-90.52,0
581664,50,80,88,805,1,9,0,25.00,1027.96,12.09,806.84,-90.52,0
582660,50,80,88,803,1,9,0,25.00,1027.96,12.09,809.26,-90.52,0
583656,49,80,89,803,1,9,0,25.00,1027.96,12.10,810.73,-90.52,1
584652,50,82,91,817,1,9,0,25.00,1027.96,12.11,807.32,-90.60,1
585648,51,82,92,821,1,9,0,25.00,1027.97,12.11,811.71,-90.60,1
586644,51,81,92,819,0,9,0,25.00,1027.97,12.11,808.78,-90.68,1
587640,51,82,91,822,0,9,0,25.00,1027.98,12.11,808.29,-90.60,1
588636,52,82,92,830,1,9,0,25.00,1027.97,12.11,810.24,-90.60,1
589632,53,83,92,840,1,9,0,25.00,1027.97,12.12,805.87,-90.68,1
590628,52,83,92,838,0,9,0,25.00,1027.98,12.12,807.81,-90.68,1
591624,54,83,94,842,0,9,0,25.00,1027.98,12.11,802.03,-90.68,1
592620,55,83,96,845,0,9,0,25.00,1027.98,12.11,805.39,-90.68,1
593616,57,84,97,849,1,9,0,25.00,1027.98,12.11,811.22,-90.77,1
594612,57,85,96,851,1,9,0,25.00,1027.99,12.10,804.42,-90.68,1
595608,58,85,97,852,0,9,0,25.00,1027.98,12.09,807.81,-90.77,1
596604,58,86,96,850,1,9,0,25.00,1027.99,12.09,805.87,-90.77,1
597600,58,85,95,847,0,9,0,25.00,1027.99,12.09,812.69,-90.77,1
598596,59,86,94,846,0,9,0,25.00,1027.99,12.08,814.66,-90.77,1
599592,59,85,94,844,1,9,0,25.00,1027.99,12.09,808.78,-90.77,1
0,57,86,94,844,1,9,0,25.00,1027.99,12.07,813.67,-90.77,1
996,59,86,95,847,1,9,0,24.92,1027.99,12.06,802.99,-90.77,1
1992,59,87,96,856,0,9,0,24.91,1027.99,12.07,805.39,-90.85,1
2988,60,87,95,858,0,9,0,24.92,1028.00,12.08,812.69,-90.77,1
3984,61,87,96,859,1,9,0,24.93,1027.99,12.08,814.66,-90.85,1
4980,61,89,98,870,1,9,0,24.94,1028.00,12.07,806.35,-90.85,1
5976,62,90,100,881,0,9,0,24.95,1028.00,12.07,814.66,-90.77,1
6972,64,90,101,886,0,9,0,24.96,1027.99,12.06,808.29,-90.85,1
7968,64,91,100,885,1,9,0,24.96,1028.00,12.05,816.64,-90.85,1
8964,64,91,102,888,1,9,0,24.97,1028.00,12.05,815.64,-90.85,1
9960,66,92,103,893,0,9,0,24.97,1028.00,12.04,810.73,-90.85,1
10956,67,92,103,893,1,9,0,24.98,1028.00,12.04,810.24,-90.93,1
11952,69,92,105,896,1,8,0,24.98,1028.01,12.04,810.73,-90.93,1
12948,70,92,106,897,1,9,0,24.98,1028.01,12.05,813.18,-90.93,1
13944,72,93,107,900,1,9,0,24.99,1028.01,12.04,813.67,-90.93,1
14940,73,93,107,899,1,9,0,24.99,1028.01,12.04,807.81,-90.93,1
15936,74,93,108,898,1,9,0,24.99,1028.01,12.03,811.71,-91.01,1
16932,74,93,107,895,1,9,0,24.99,1028.02,12.04,812.69,-91.01,1
17928,74,93,107,896,1,10,0,24.99,1028.02,12.04,810.73,-91.01,1
18924,75,93,109,893,1,10,0,24.99,1028.02,12.05,805.87,-91.01,1
19920,74,92,109,888,0,10,0,25.00,1028.02,12.05,808.29,-91.01,1
20916,75,92,109,888,0,10,0,25.00,1028.02,12.05,808.29,-91.01,1
21912,76,93,111,894,0,10,0,25.00,1028.02,12.05,806.84,-91.01,1
22908,77,94,111,897,1,9,0,25.00,1028.02,12.05,807.32,-91.01,1
23904,78,93,112,897,1,10,0,25.00,1028.02,12.04,807.32,-91.01,1
24900,78,93,112,894,0,10,0,25.00,1028.02,12.06,799.17,-90.93,1
25896,78,92,112,889,0,10,0,25.00,1028.01,12.06,794.92,-90.93,1
26892,77,91,110,883,1,10,0,25.00,1028.01,12.06,800.12,-91.01,1
27888,76,91,109,877,1,10,0,25.00,1028.02,12.05,794.45,-90.93,1
28884,75,91,108,873,1,11,0,25.00,1028.01,12.06,796.80,-91.01,1
29880,74,90,107,869,1,10,0,25.00,1028.02,12.06,796.33,-91.01,1
30876,74,90,107,867,0,10,0,25.00,1028.02,12.06,792.58,-91.01,1
31872,73,90,107,864,1,10,0,25.00,1028.02,12.06,793.04,-91.09,1
32868,72,89,107,861,1,11,0,25.00,1028.03,12.06,795.39,-91.09,0
33864,72,89,105,859,1,11,0,25.00,1028.03,12.07,789.78,-91.01,0
34860,71,89,105,856,1,11,0,25.00,1028.02,12.07,794.45,-91.09,0
35856,70,88,105,855,1,10,0,25.00,1028.03,12.06,788.39,-91.18,0
36852,70,88,105,854,1,10,0,25.00,1028.04,12.08,791.64,-91.18,0
37848,69,88,104,851,1,10,0,25.00,1028.04,12.07,790.71,-91.09,0
38844,69,88,104,850,1,10,0,25.00,1028.03,12.08,785.63,-91.18,0
39840,68,88,103,849,1,10,0,25.00,1028.04,12.08,787.01,-91.09,0
40836,67,87,103,848,1,10,0,25.00,1028.03,12.08,787.01,-91.18,0
41832,67,87,102,845,1,10,0,25.00,1028.04,12.08,784.71,-91.09,0
42828,66,87,102,844,1,10,0,25.00,1028.03,12.09,789.32,-91.09,0
43824,66,86,102,843,0,10,0,25.00,1028.03,12.09,784.26,-91.09,0
44820,65,87,102,840,0,10,0,25.00,1028.03,12.09,787.93,-91.18,0
45816,65,87,101,839,0,10,0,25.00,1028.04,12.09,780.62,-91.18,0
46812,64,86,101,838,0,10,0,25.00,1028.04,12.09,777.91,-91.18,0
47808,63,86,101,837,1,10,0,25.00,1028.04,12.10,777.46,-91.26,0
48804,64,86,101,836,0,10,0,25.00,1028.05,12.10,782.43,-91.26,0
49800,63,86,100,834,0,10,0,25.00,1028.05,12.08,777.91,-91.26,0
50796,62,85,100,833,1,10,0,25.00,1028.05,12.09,779.26,-91.26,0
51792,62,85,100,832,0,10,0,25.00,1028.05,12.09,777.46,-91.26,0
52788,61,86,99,831,1,10,0,25.00,1028.05,12.09,782.43,-91.18,0
53784,61,85,98,830,1,10,0,25.00,1028.04,12.10,778.81,-91.26,0
54780,60,85,99,829,1,10,0,25.00,1028.05,12.09,779.71,-91.18,0
55776,60,85,98,827,1,10,0,25.00,1028.04,12.09,782.89,-91.18,0
56772,59,84,99,827,1,10,0,25.00,1028.04,12.09,781.52,-91.09,0
57768,59,85,97,826,1,10,0,25.00,1028.03,12.09,774.32,-91.09,0
58764,59,85,97,825,1,10,0,25.00,1028.03,12.10,784.71,-91.18,0
59760,58,85,98,824,1,10,0,25.00,1028.04,12.09,780.62,-91.18,0
60756,59,84,98,824,1,10,0,25.00,1028.04,12.10,778.36,-91.26,0
61752,58,84,97,823,1,10,0,25.00,1028.05,12.08,783.80,-91.18,0
62748,58,85,96,822,1,10,0,25.00,1028.04,12.07,785.63,-91.26,0
63744,57,84,96,821,1,10,0,25.00,1028.05,12.09,785.17,-91.26,0
64740,57,83,97,820,1,10,0,25.00,1028.05,12.08,788.39,-91.18,0
65736,56,84,96,820,1,10,0,25.00,1028.04,12.07,787.47,-91.26,0
66732,56,83,95,818,1,10,0,25.00,1028.05,12.07,782.89,-91.26,0
67728,55,84,95,818,1,10,0,25.00,1028.05,12.07,781.98,-91.26,0
68724,55,83,95,818,1,10,0,25.00,1028.05,12.07,786.09,-91.34,0
69720,55,83,95,816,1,10,0,25.00,1028.06,12.07,786.55,-91.26,0
70716,55,84,95,816,1,10,0,25.00,1028.05,12.07,793.51,-91.26,0
71712,54,83,95,815,1,10,0,25.00,1028.05,12.08,784.71,-91.26,0
72708,54,83,94,815,1,10,0,25.00,1028.05,12.07,791.64,-91.26,0
73704,53,83,94,814,1,10,0,25.00,1028.05,12.07,793.04,-91.26,0
74700,54,83,94,814,1,10,0,25.00,1028.05,12.06,791.64,-91.26,0
75696,54,83,94,813,1,9,0,25.00,1028.05,12.06,786.09,-91.26,0
76692,53,83,94,812,1,10,0,25.00,1028.05,12.05,793.51,-91.26,0
77688,53,83,94,812,1,10,0,25.00,1028.05,12.05,789.32,-91.34,0
78684,53,83,94,811,1,12,0,25.00,1028.06,12.03,796.33,-91.34,0
79680,53,83,93,811,1,10,0,25.00,1028.06,12.04,792.58,-91.34,0
80676,53,83,93,810,1,10,0,25.00,1028.06,12.04,794.45,-91.42,0
81672,52,83,93,810,1,10,0,25.00,1028.07,12.03,796.33,-91.42,0
82668,52,83,93,810,1,10,0,25.00,1028.07,12.03,794.45,-91.34,0
83664,52,82,93,809,1,10,0,25.00,1028.06,12.02,798.69,-91.42,0
84660,51,82,92,808,1,10,0,25.00,1028.07,12.03,790.71,-91.34,0
85656,51,82,92,808,1,10,0,25.00,1028.06,12.02,792.11,-91.34,0
86652,51,82,91,807,1,9,0,25.00,1028.06,12.01,793.04,-91.42,0
87648,51,82,92,807,1,10,0,25.00,1028.07,12.02,796.80,-91.42,0
88644,51,82,92,807,1,10,0,25.00,1028.07,12.03,795.86,-91.34,0
89640,50,82,92,806,1,9,0,25.00,1028.06,12.02,786.09,-91.34,0
90636,50,81,92,806,1,10,0,25.00,1028.06,12.02,793.04,-91.34,0
91632,50,82,91,804,1,10,0,25.00,1028.06,12.03,787.93,-91.34,0
92628,50,82,92,804,1,10,0,25.00,1028.06,12.02,796.80,-91.34,0
93624,50,82,91,804,1,10,0,25.00,1028.06,12.03,790.71,-91.34,0
94620,50,82,91,804,1,10,0,25.00,1028.06,12.03,791.64,-91.34,0
95616,50,81,91,804,1,11,0,25.00,1028.06,12.02,792.11,-91.34,1
96612,49,81,91,803,1,10,0,25.00,1028.06,12.03,793.98,-91.34,1
97608,49,81,91,804,1,10,0,25.00,1028.06,12.03,793.04,-91.26,1
98604,49,82,91,807,1,12,0,25.00,1028.05,12.04,786.55,-91.34,1
99600,49,83,94,816,1,10,0,25.00,1028.06,12.03,790.25,-91.26,1
100596,51,84,96,834,1,10,0,25.00,1028.05,12.03,793.51,-91.26,1
101592,53,84,98,842,1,10,0,25.00,1028.05,12.03,794.45,-91.26,1
102588,54,86,101,850,1,10,0,25.00,1028.05,12.03,794.92,-91.18,1
103584,57,86,102,861,1,10,0,25.00,1028.04,12.02,790.71,-91.09,1
104580,58,87,104,867,1,10,0,24.99,1028.03,12.04,793.51,-91.09,1
105576,59,88,105,875,1,10,0,24.99,1028.03,12.03,793.98,-91.18,1
106572,60,89,106,878,1,10,0,24.99,1028.04,12.04,797.75,-91.18,1
107568,61,89,107,880,1,12,0,24.99,1028.04,12.04,790.71,-91.18,1
108564,62,89,109,882,1,10,0,24.99,1028.04,12.05,791.64,-91.18,1
109560,64,89,110,885,1,10,0,25.00,1028.04,12.05,789.78,-91.18,1
110556,64,89,111,888,1,10,0,25.00,1028.04,12.05,789.78,-91.18,1
111552,66,90,113,886,1,10,0,25.00,1028.04,12.06,796.80,-91.18,1
112548,66,90,113,885,1,10,0,25.00,1028.04,12.07,788.39,-91.18,1
113544,68,90,115,887,1,10,0,25.00,1028.04,12.07,785.17,-91.09,1
114540,69,91,116,893,1,10,0,25.00,1028.03,12.07,787.47,-91.18,1
115536,69,92,116,894,1,11,0,25.00,1028.04,12.07,789.78,-91.09,1
116532,71,93,116,898,1,11,0,25.00,1028.03,12.07,787.93,-91.09,1
117528,72,93,114,894,1,11,0,25.00,1028.03,12.07,786.55,-91.09,1
118524,71,92,114,888,1,11,0,25.00,1028.03,12.07,787.47,-91.09,1
119520,70,92,112,881,1,10,0,25.00,1028.03,12.08,787.93,-91.09,1
120516,71,92,112,879,1,11,0,25.00,1028.03,12.08,785.17,-91.09,1
121512,71,93,114,883,1,11,0,25.00,1028.03,12.08,780.16,-91.09,1
122508,72,93,113,881,1,11,0,25.00,1028.03,12.09,777.91,-91.09,1
123504,72,93,112,880,1,11,0,25.00,1028.03,12.09,777.01,-91.09,1
124500,72,94,112,877,1,11,0,25.00,1028.03,12.09,776.11,-91.09,1
125496,72,93,114,879,1,11,0,25.00,1028.03,12.09,773.43,-91.09,1
126492,72,94,116,887,1,11,0,25.00,1028.03,12.09,772.54,-91.09,1
127488,74,94,117,890,1,11,0,25.00,1028.03,12.10,769.89,-91.09,1
128484,74,93,117,887,1,12,0,25.00,1028.03,12.10,768.57,-91.09,1
129480,73,93,117,884,1,11,0,25.00,1028.03,12.10,765.51,-91.09,1
130476,73,93,117,882,1,11,0,25.00,1028.03,12.12,772.10,-91.01,1
131472,73,93,117,883,1,12,0,25.00,1028.02,12.09,769.01,-91.01,1
132468,73,94,119,885,1,11,0,25.00,1028.02,12.11,768.57,-91.01,1
133464,74,94,118,886,1,11,0,25.00,1028.02,12.11,766.82,-91.01,1
134460,73,93,116,881,1,11,0,25.00,1028.02,12.10,769.01,-91.01,1
135456,74,92,116,876,2,11,0,25.01,1028.02,12.11,767.26,-90.93,1
136452,74,92,116,874,1,11,0,25.01,1028.01,12.10,771.66,-90.93,1
137448,73,92,116,870,1,11,0,25.01,1028.01,12.10,771.66,-90.93,1
138444,72,93,117,872,1,11,0,25.01,1028.01,12.10,762.90,-90.93,1
139440,74,92,118,874,1,11,0,25.01,1028.01,12.11,766.82,-91.01,1
140436,74,93,118,875,1,12,0,25.01,1028.02,12.10,769.89,-90.93,1
141432,74,92,118,872,1,12,0,25.01,1028.01,12.10,768.57,-90.93,1
142428,74,93,118,875,1,11,0,25.01,1028.01,12.09,766.38,-90.93,1
143424,75,94,121,884,1,12,0,25.01,1028.01,12.09,767.26,-90.85,1
144420,75,94,123,891,1,12,0,25.01,1028.00,12.10,766.82,-90.93,1
145416,77,96,125,895,1,12,0,25.01,1028.01,12.09,769.01,-90.93,1
146412,78,95,126,894,1,12,0,25.01,1028.01,12.08,762.90,-90.93,1
147408,79,96,127,893,1,12,0,25.01,1028.01,12.10,761.18,-90.93,1
148404,80,97,129,897,1,12,0,25.01,1028.01,12.09,767.26,-90.85,1
149400,80,97,129,902,1,12,0,25.01,1028.00,12.09,763.77,-90.93,1
150396,80,96,129,899,1,12,0,25.01,1028.01,12.09,765.51,-90.93,1
151392,80,96,127,895,1,11,0,25.01,1028.01,12.09,767.26,-90.93,1
152388,80,95,127,893,1,12,0,25.01,1028.01,12.09,767.69,-90.85,0
153384,79,95,127,893,1,12,0,25.01,1028.00,12.09,760.75,-90.85,0
154380,79,96,125,890,1,12,0,25.01,1028.00,12.09,766.38,-90.85,0
155376,78,96,125,888,1,12,0,25.01,1028.00,12.09,763.77,-90.85,0
156372,77,96,125,886,1,12,0,25.01,1028.00,12.10,763.34,-90.85,0
157368,77,95,125,884,1,12,0,25.01,1028.00,12.09,766.82,-90.85,0
158364,76,94,123,879,1,11,0,25.01,1028.00,12.09,765.95,-90.93,0
159360,75,94,122,876,1,12,0,25.01,1028.01,12.09,772.10,-90.85,0
160356,74,93,121,872,1,12,0,25.01,1028.00,12.09,766.82,-91.01,0
161352,74,93,120,868,1,12,0,25.01,1028.02,12.09,769.01,-91.01,0
162348,73,92,120,865,1,12,0,25.01,1028.02,12.08,772.99,-91.01,0
163344,72,92,119,862,1,14,0,25.01,1028.02,12.09,771.66,-90.93,0
164340,71,92,118,859,1,11,0,25.01,1028.01,12.09,772.10,-91.01,0
165336,71,91,118,857,1,11,0,25.01,1028.02,12.09,772.54,-91.01,0
166332,70,91,117,855,1,11,0,25.01,1028.02,12.09,766.38,-91.01,0
167328,69,91,116,853,1,11,0,25.01,1028.02,12.09,763.77,-91.01,0
168324,69,91,116,851,1,11,0,25.01,1028.02,12.12,772.10,-91.01,0
169320,68,91,115,850,1,11,0,25.01,1028.02,12.11,767.26,-91.01,0
170316,68,90,115,849,1,11,0,25.01,1028.02,12.12,762.47,-91.09,0
171312,67,90,114,847,1,11,0,25.01,1028.03,12.13,763.77,-91.09,0
172308,67,90,114,845,1,11,0,25.00,1028.03,12.13,762.47,-91.09,0
173304,66,89,114,845,1,12,0,25.01,1028.03,12.13,759.03,-91.09,0
174300,65,90,113,841,1,11,0,25.00,1028.03,12.13,762.90,-91.09,0
175296,65,89,113,841,1,11,0,25.00,1028.03,12.13,762.90,-91.18,0
176292,65,89,112,840,1,11,0,25.00,1028.04,12.13,752.66,-91.09,0
177288,64,89,112,838,1,10,0,25.00,1028.03,12.15,757.75,-91.01,0
178284,64,88,112,838,1,11,0,25.00,1028.02,12.15,753.92,-91.09,0
179280,64,89,112,837,1,11,0,25.00,1028.03,12.15,756.04,-91.09,0
180276,63,89,111,835,1,11,0,25.00,1028.03,12.15,752.66,-91.09,0
181272,63,87,111,834,1,11,0,25.00,1028.03,12.17,747.64,-91.09,0
182268,62,87,110,833,1,11,0,25.00,1028.03,12.16,752.33,-91.09,0
183264,61,88,110,831,1,10,0,25.00,1028.03,12.17,750.64,-91.18,0
184260,61,87,109,831,1,11,0,25.00,1028.04,12.17,745.65,-91.09,0
185256,61,87,109,830,1,11,0,25.00,1028.03,12.17,749.81,-91.09,0
186252,61,87,109,829,1,11,0,25.00,1028.03,12.17,748.14,-91.09,0
187248,60,87,109,828,1,11,0,25.00,1028.03,12.17,744.00,-91.09,0
188244,60,87,109,827,1,10,0,25.00,1028.03,12.17,745.65,-91.09,0
189240,59,87,108,828,1,10,0,25.00,1028.03,12.17,745.65,-91.09,0
190236,59,87,108,826,1,11,0,25.00,1028.03,12.17,741.53,-91.18,0
191232,58,86,107,826,1,11,0,25.00,1028.04,12.17,747.31,-91.18,0
192228,59,87,108,824,1,11,0,25.00,1028.04,12.16,748.14,-91.09,0
193224,58,87,107,824,1,11,0,25.00,1028.03,12.16,748.89,-91.09,0
194220,58,87,107,824,1,11,0,25.00,1028.03,12.14,750.64,-91.09,0
195216,58,86,107,823,1,10,0,25.00,1028.03,12.13,750.64,-91.09,0
196212,57,86,107,822,1,11,0,25.00,1028.03,12.13,750.64,-91.09,0
197208,56,86,106,821,1,11,0,25.00,1028.03,12.13,752.66,-91.18,0
198204,57,86,106,820,1,12,0,25.00,1028.04,12.11,749.30,-91.18,0
199200,56,86,105,820,1,10,0,25.00,1028.04,12.12,750.14,-91.18,0
200196,56,86,105,819,1,11,0,25.01,1028.04,12.10,751.82,-91.18,0
201192,56,85,105,818,1,11,0,25.00,1028.04,12.10,748.47,-91.18,0
202188,56,85,105,818,1,11,0,25.00,1028.04,12.08,749.30,-91.18,0
203184,55,86,105,818,1,11,0,25.00,1028.04,12.09,749.72,-91.09,0
204180,55,86,105,817,1,11,0,25.00,1028.03,12.09,750.98,-91.01,0
205176,54,84,104,816,1,11,0,25.00,1028.02,12.09,756.89,-91.01,0
206172,55,85,104,815,1,11,0,25.00,1028.02,12.07,755.19,-91.01,0
207168,54,84,104,815,1,10,0,25.00,1028.02,12.08,755.62,-91.01,0
208164,54,85,103,815,1,10,0,25.00,1028.02,12.08,753.08,-91.01,0
209160,54,85,103,814,1,11,0,25.00,1028.02,12.07,754.35,-91.01,0
210156,53,84,103,813,1,10,0,25.00,1028.02,12.07,762.90,-91.01,0
211152,53,84,103,813,1,10,0,25.00,1028.02,12.07,750.98,-91.01,0
212148,53,85,103,812,1,10,0,25.00,1028.02,12.06,756.89,-90.93,0
213144,53,84,102,812,1,10,0,25.00,1028.01,12.06,757.32,-90.93,0
214140,53,84,102,811,1,12,0,25.00,1028.01,12.06,756.89,-90.93,1
215136,53,84,102,811,1,10,0,25.00,1028.01,12.06,754.35,-90.93,1
216132,52,85,102,811,1,10,0,25.00,1028.01,12.06,759.89,-90.93,1
217128,52,85,103,816,1,10,0,25.00,1028.01,12.06,755.62,-90.93,1
218124,53,85,104,821,1,10,0,25.00,1028.01,12.06,754.77,-90.93,1
219120,53,86,104,827,1,10,0,25.00,1028.01,12.07,756.04,-90.93,1
220116,54,86,104,831,1,10,0,25.00,1028.01,12.07,756.47,-90.93,1
221112,54,87,105,835,1,10,0,25.00,1028.01,12.06,758.17,-90.85,1
222108,55,87,105,838,1,11,0,25.00,1028.00,12.06,759.46,-90.93,1
223104,54,87,105,837,1,10,0,25.00,1028.01,12.05,755.62,-90.85,1
224100,54,87,106,844,1,10,0,25.00,1028.00,12.05,759.89,-90.85,1
225096,55,87,104,843,1,10,0,25.00,1028.00,12.06,757.32,-90.85,1
226092,54,87,105,841,1,10,0,25.00,1028.00,12.05,760.32,-90.85,1
227088,56,87,106,845,1,10,0,25.00,1028.00,12.05,759.89,-90.85,1
228084,56,88,108,853,1,10,0,25.00,1028.00,12.04,759.03,-90.77,1
229080,57,88,107,856,1,10,0,25.00,1027.99,12.04,757.75,-90.85,1
230076,58,89,108,855,1,11,0,25.00,1028.00,12.04,758.60,-90.93,1
231072,57,88,107,854,1,10,0,25.00,1028.01,12.05,759.46,-90.85,1
232068,58,89,109,859,1,10,0,25.00,1028.00,12.04,762.90,-90.85,1
233064,59,90,110,867,1,10,0,25.00,1028.00,12.04,766.82,-90.93,1
234060,59,91,111,872,1,10,0,25.00,1028.01,12.05,760.32,-90.93,1
235056,60,90,110,871,1,10,0,25.01,1028.01,12.03,762.90,-90.85,1
236052,61,90,113,871,1,10,0,25.01,1028.00,12.04,756.89,-90.85,1
237048,63,91,115,879,1,9,0,25.01,1028.00,12.03,762.90,-90.85,1
238044,64,92,115,882,1,10,0,25.01,1028.00,12.04,759.89,-90.85,1
239040,64,92,115,879,1,10,0,25.00,1028.00,12.03,763.34,-90.85,1
240036,65,92,115,878,1,10,0,25.00,1028.00,12.03,763.77,-90.85,1
241032,65,92,115,875,1,10,0,25.01,1028.00,12.04,765.51,-90.85,1
242028,66,93,116,877,1,11,0,25.01,1028.00,12.03,764.64,-90.85,1
243024,67,93,118,882,1,10,0,25.01,1028.00,12.03,763.34,-90.77,1
244020,68,93,119,886,1,11,0,25.01,1027.99,12.03,763.77,-90.77,1
245016,69,94,120,888,1,10,0,25.01,1027.99,12.02,763.34,-90.77,1
246012,70,94,120,889,1,11,0,25.01,1027.99,12.02,764.64,-90.77,1
247008,71,94,119,888,1,10,0,25.01,1027.99,12.02,765.07,-90.77,1
248004,72,95,120,887,1,10,0,25.01,1027.99,12.02,764.64,-90.85,1
249000,71,95,121,889,1,10,0,25.01,1028.00,12.02,763.34,-90.85,1
249996,73,95,123,892,1,11,0,25.01,1028.00,12.01,769.89,-90.85,1
250992,74,96,124,892,1,11,0,25.01,1028.00,12.01,768.57,-90.85,1
251988,75,95,124,891,1,11,0,25.01,1028.00,12.00,769.89,-90.85,1
252984,75,95,126,890,1,12,0,25.01,1028.00,12.01,770.33,-90.77,1
253980,75,95,126,890,1,11,0,25.01,1027.99,12.02,765.95,-90.77,1
254976,76,97,127,892,1,11,0,25.01,1027.99,12.00,768.13,-90.85,1
255972,77,96,127,892,1,11,0,25.01,1028.00,12.01,771.66,-90.77,1
256968,76,96,127,889,1,11,0,25.00,1027.99,12.00,774.77,-90.77,1
257964,76,95,126,886,1,11,0,25.00,1027.99,11.99,772.54,-90.77,1
258960,75,95,125,886,1,11,0,25.00,1027.99,11.99,770.77,-90.77,1
259956,76,96,127,889,1,11,0,25.00,1027.99,12.00,775.22,-90.68,1
260952,77,96,128,889,1,11,0,25.00,1027.98,11.99,774.32,-90.68,1
261948,77,96,128,890,1,11,0,25.00,1027.98,12.00,773.43,-90.68,1
262944,77,97,128,889,1,10,0,25.00,1027.98,12.00,774.32,-90.77,1
263940,78,98,130,894,1,11,0,25.00,1027.99,11.99,772.54,-90.77,1
264936,79,97,128,894,1,11,0,25.00,1027.99,12.00,770.33,-90.77,1
265932,80,97,128,889,1,11,0,25.00,1027.99,12.01,776.56,-90.85,1
266928,79,96,127,884,1,11,0,25.00,1028.00,12.01,772.10,-90.85,1
267924,78,96,127,882,1,11,0,25.00,1028.00,12.02,769.89,-90.77,1
268920,78,96,127,881,1,11,0,25.00,1027.99,12.01,776.11,-90.85,1
269916,77,96,128,883,1,10,0,25.00,1028.00,12.01,775.22,-90.77,1
270912,77,97,128,881,1,11,0,25.00,1027.99,12.01,769.89,-90.77,1
271908,78,97,129,881,1,11,0,25.00,1027.99,12.02,771.66,-90.68,1
272904,77,96,129,881,1,11,0,25.00,1027.98,12.01,774.32,-90.68,1
273900,77,97,128,878,1,11,0,25.00,1027.98,12.02,773.43,-90.68,0
274896,76,95,128,877,1,11,0,25.00,1027.98,12.01,773.43,-90.68,0
275892,76,96,127,875,1,11,0,25.00,1027.98,12.01,769.89,-90.77,0
276888,76,95,126,872,1,11,0,25.00,1027.99,12.02,771.22,-90.77,0
277884,75,95,126,869,1,11,0,25.00,1027.99,12.01,774.32,-90.77,0
278880,74,95,124,867,1,11,0,25.00,1027.99,12.01,774.77,-90.68,0
279876,74,94,124,865,1,11,0,25.00,1027.98,12.02,771.66,-90.68,0
280872,73,94,124,861,1,11,0,25.00,1027.98,12.00,771.22,-90.68,0
281868,73,94,123,859,1,11,0,25.00,1027.98,12.00,769.89,-90.60,0
282864,72,93,122,856,1,11,0,25.00,1027.97,12.00,773.43,-90.60,0
283860,71,93,122,855,1,12,0,25.00,1027.97,12.01,778.36,-90.60,0
284856,71,93,121,852,1,11,0,25.00,1027.97,12.00,776.56,-90.60,0
285852,70,92,120,850,1,11,0,25.00,1027.97,12.01,770.33,-90.60,0
286848,70,92,120,849,1,11,0,25.00,1027.97,12.00,778.81,-90.60,0
287844,69,92,120,848,1,11,0,25.00,1027.97,12.01,772.10,-90.60,0
288840,68,92,119,846,1,11,0,25.00,1027.97,12.01,772.99,-90.60,0
289836,68,92,119,844,1,11,0,25.00,1027.97,12.01,774.32,-90.68,0
290832,67,91,118,843,1,11,0,25.00,1027.98,12.01,770.33,-90.60,0
291828,66,91,118,841,1,10,0,25.00,1027.97,12.02,776.11,-90.60,0
292824,66,91,117,840,1,11,0,25.00,1027.97,12.03,774.32,-90.60,0
293820,66,91,117,840,1,11,0,25.00,1027.97,12.02,772.10,-90.60,0
294816,65,90,117,839,1,11,0,25.00,1027.97,12.02,777.46,-90.60,0
295812,65,90,117,837,1,11,0,25.00,1027.97,12.02,775.22,-90.60,0
296808,64,90,117,836,1,11,0,25.00,1027.97,12.03,770.77,-90.60,0
297804,64,90,116,835,1,11,0,25.00,1027.97,12.03,777.01,-90.60,0
298800,63,90,115,835,1,10,0,25.00,1027.97,12.04,775.22,-90.60,0
299796,62,89,115,833,1,10,0,25.00,1027.97,12.04,777.91,-90.60,0
300792,63,90,115,833,1,11,0,25.00,1027.97,12.03,776.11,-90.60,0
301788,62,89,115,831,1,11,0,25.00,1027.97,12.04,775.22,-90.60,0
302784,61,89,115,831,1,11,0,25.00,1027.97,12.05,770.77,-90.52,0
303780,61,89,114,830,1,11,0,25.00,1027.96,12.04,773.43,-90.52,0
304776,61,89,114,829,1,11,0,25.00,1027.96,12.04,768.13,-90.52,0
305772,60,89,113,828,1,12,0,25.00,1027.96,12.05,769.45,-90.52,0
306768,60,89,113,827,1,10,0,25.00,1027.96,12.05,772.99,-90.52,0
307764,60,88,113,826,1,10,0,25.00,1027.96,12.05,765.51,-90.52,0
308760,59,88,112,826,1,10,0,25.00,1027.96,12.05,770.77,-90.52,0
309756,59,88,112,825,1,11,0,25.00,1027.96,12.06,765.51,-90.52,0
310752,59,88,112,824,1,10,0,25.00,1027.96,12.06,764.20,-90.52,0
311748,58,88,112,824,1,10,0,25.00,1027.96,12.06,768.57,-90.52,0
312744,59,87,111,822,1,11,0,25.00,1027.96,12.06,766.38,-90.60,0
313740,58,88,111,823,1,10,0,25.00,1027.97,12.06,768.13,-90.68,0
314736,57,88,110,822,1,10,0,25.00,1027.98,12.06,764.64,-90.60,0
315732,57,88,110,821,1,10,0,25.00,1027.97,12.06,769.89,-90.60,0
316728,56,88,110,820,1,11,0,25.00,1027.97,12.07,769.45,-90.60,0
317724,57,87,110,820,1,10,0,25.00,1027.97,12.06,768.13,-90.60,0
318720,56,87,109,818,1,10,0,25.00,1027.97,12.06,767.69,-90.60,0
319716,56,87,109,817,1,10,0,25.00,1027.97,12.07,767.26,-90.52,0
320712,56,87,109,817,1,10,0,25.00,1027.96,12.06,767.26,-90.60,0
321708,56,87,108,816,1,10,0,25.00,1027.97,12.07,766.38,-90.60,0
322704,55,87,109,817,1,10,0,25.00,1027.97,12.06,768.13,-90.52,0
323700,55,87,108,815,1,10,0,25.00,1027.96,12.07,765.51,-90.52,0
324696,54,87,108,815,1,10,0,25.00,1027.96,12.07,765.51,-90.60,0
325692,55,86,108,815,1,10,0,25.00,1027.97,12.06,767.26,-90.52,0
326688,54,86,108,814,1,10,0,25.00,1027.96,12.07,765.51,-90.52,0
327684,54,86,107,813,1,10,0,25.00,1027.96,12.06,767.26,-90.60,0
328680,53,86,107,813,1,10,0,25.00,1027.97,12.07,764.64,-90.52,0
329676,53,86,107,812,1,10,0,25.00,1027.96,12.06,769.45,-90.60,0
330672,53,86,106,812,1,10,0,25.00,1027.97,12.06,762.90,-90.52,0
331668,53,86,106,812,1,10,0,25.00,1027.96,12.06,766.38,-90.52,0
332664,53,86,106,811,1,10,0,25.00,1027.96,12.06,770.33,-90.60,0
333660,53,86,105,810,1,10,0,25.00,1027.97,12.06,767.69,-90.68,1
334656,53,86,106,810,1,10,0,25.00,1027.98,12.05,762.04,-90.68,1
335652,52,87,108,817,1,10,0,25.00,1027.98,12.05,769.89,-90.52,1
336648,53,88,109,828,1,12,0,25.00,1027.96,12.04,768.13,-90.52,1
337644,54,88,110,831,1,9,0,25.00,1027.96,12.03,770.33,-90.52,1
338640,54,87,110,832,1,10,0,25.00,1027.96,12.03,777.01,-90.52,1
339636,54,88,109,830,1,10,0,25.00,1027.96,12.03,769.89,-90.52,1
340632,54,87,108,828,1,10,0,25.00,1027.96,12.03,769.01,-90.52,1
341628,53,87,107,825,1,10,0,25.00,1027.96,12.02,776.56,-90.52,1
342624,52,87,107,823,1,10,0,25.00,1027.96,12.01,772.99,-90.52,1
343620,52,87,107,822,1,11,0,25.00,1027.96,12.01,775.66,-90.44,1
344616,52,86,108,821,1,11,0,25.00,1027.95,12.01,770.77,-90.44,1
345612,53,87,108,820,1,11,0,25.00,1027.95,12.01,778.81,-90.52,1
346608,53,86,107,819,1,11,0,25.00,1027.96,11.99,776.11,-90.52,1
347604,52,86,107,818,1,11,0,24.99,1027.96,12.00,778.81,-90.52,1
348600,52,86,107,816,1,11,0,24.99,1027.96,12.00,780.16,-90.52,1
349596,51,86,106,815,1,11,0,24.99,1027.96,12.00,774.77,-90.52,1
350592,51,86,106,815,1,12,0,24.99,1027.96,11.99,781.52,-90.52,1
351588,53,85,107,814,1,11,0,24.99,1027.96,12.00,781.52,-90.60,1
352584,52,86,107,813,1,12,0,24.99,1027.97,12.00,777.91,-90.60,1
353580,53,85,107,814,1,11,0,24.99,1027.97,12.01,779.71,-90.60,1
354576,54,86,109,814,1,12,0,24.99,1027.97,12.00,779.71,-90.68,1
355572,55,87,110,818,1,14,0,24.99,1027.98,11.99,779.71,-90.68,1
356568,57,86,110,818,1,12,0,24.99,1027.98,12.01,777.01,-90.68,1
357564,56,87,111,817,1,12,0,24.99,1027.98,12.01,781.07,-90.77,1
358560,56,86,109,815,1,12,0,24.99,1027.99,12.01,779.26,-90.77,1
359556,56,86,109,814,1,12,0,24.99,1027.99,12.03,778.81,-90.77,1
360552,56,86,108,813,1,12,0,24.99,1027.99,12.03,772.99,-90.77,1
361548,55,86,108,812,1,13,0,24.99,1027.99,12.04,776.56,-90.77,1
362544,55,86,109,817,1,12,0,24.99,1027.99,12.05,774.32,-90.77,1
363540,56,87,111,826,1,12,0,24.99,1027.99,12.06,781.52,-90.77,1
364536,57,88,113,836,1,12,0,24.99,1027.99,12.07,771.22,-90.68,1
365532,58,89,115,840,1,11,0,24.99,1027.98,12.08,774.32,-90.77,1
366528,60,90,116,843,1,12,0,24.99,1027.99,12.08,773.43,-90.85,1
367524,62,90,117,844,1,12,0,24.99,1028.00,12.11,770.33,-90.93,1
368520,62,91,118,850,1,11,0,24.99,1028.01,12.11,771.22,-90.93,1
369516,64,90,117,849,1,12,0,24.99,1028.01,12.13,773.88,-90.85,1
370512,63,90,117,844,1,12,0,24.99,1028.00,12.14,773.43,-90.85,1
371508,62,89,117,840,1,12,0,24.98,1028.00,12.14,772.54,-90.77,1
372504,62,89,115,838,1,11,0,24.98,1027.99,12.14,778.36,-90.85,1
373500,62,89,114,835,1,11,0,24.98,1028.00,12.15,777.46,-90.85,1
374496,61,88,114,834,1,11,0,24.98,1028.00,12.17,775.22,-90.93,1
375492,61,89,114,830,1,11,0,24.98,1028.01,12.18,770.33,-90.85,1
376488,61,88,114,829,1,11,0,24.98,1028.00,12.18,767.26,-90.85,1
377484,60,88,113,827,1,11,0,24.98,1028.00,12.20,772.54,-90.85,1
378480,59,88,113,826,1,11,0,24.98,1028.00,12.20,769.89,-90.93,1
379476,59,88,113,824,1,11,0,24.98,1028.01,12.21,766.38,-90.93,1
380472,59,88,112,823,1,11,0,24.98,1028.01,12.21,764.20,-90.93,1
381468,58,87,112,822,1,11,0,24.98,1028.01,12.22,766.38,-90.93,1
382464,57,87,112,821,1,11,0,24.98,1028.01,12.22,765.51,-90.93,1
383460,58,87,111,821,1,11,0,24.98,1028.01,12.24,767.69,-90.93,1
384456,57,87,112,820,1,11,0,24.98,1028.01,12.24,764.64,-90.93,1
385452,57,87,111,819,1,12,0,24.98,1028.01,12.25,771.22,-91.01,1
386448,57,87,110,817,1,12,0,24.98,1028.02,12.26,764.64,-91.01,1
387444,57,87,110,816,1,13,0,24.98,1028.02,12.26,771.22,-91.01,1
388440,57,87,110,816,1,11,0,24.98,1028.02,12.27,765.95,-91.09,1
389436,56,88,112,825,1,12,0,24.98,1028.03,12.27,767.26,-91.09,1
390432,58,88,112,828,1,11,0,24.98,1028.03,12.27,767.69,-91.09,1
391428,58,88,114,832,1,12,0,24.97,1028.03,12.27,769.01,-91.09,1
392424,58,88,115,839,1,10,0,24.98,1028.03,12.27,769.01,-91.09,0
393420,59,89,116,840,1,11,0,24.98,1028.03,12.27,769.01,-91.18,0
394416,59,89,116,843,1,11,0,24.97,1028.04,12.27,768.57,-91.18,0
395412,59,89,115,842,1,11,0,24.97,1028.04,12.28,769.01,-91.18,0
396408,58,89,114,839,1,11,0,24.97,1028.04,12.28,769.45,-91.18,0
397404,58,89,113,836,1,11,0,24.97,1028.04,12.29,768.13,-91.26,0
398400,58,88,113,833,1,11,0,24.97,1028.05,12.30,768.57,-91.26,0
399396,57,88,113,832,1,11,0,24.96,1028.05,12.29,772.10,-91.26,0
400392,57,87,111,828,1,11,0,24.96,1028.05,12.29,769.01,-91.26,0
401388,57,87,112,826,1,11,0,24.96,1028.05,12.29,769.01,-91.26,0
402384,56,86,111,825,1,10,0,24.96,1028.05,12.29,767.26,-91.34,0
403380,56,87,110,823,1,10,0,24.96,1028.06,12.30,768.57,-91.34,0
404376,56,87,110,822,1,10,0,24.96,1028.06,12.28,770.77,-91.34,0
405372,55,87,110,820,1,9,0,24.96,1028.06,12.30,771.66,-91.34,0
406368,55,86,110,819,1,10,0,24.96,1028.06,12.28,769.01,-91.34,0
407364,55,87,109,818,1,10,0,24.96,1028.06,12.29,771.66,-91.42,0
408360,55,86,109,817,1,10,0,24.95,1028.07,12.28,770.77,-91.42,0
409356,54,86,109,817,1,10,0,24.95,1028.07,12.28,766.38,-91.51,0
410352,54,86,108,816,1,10,0,24.95,1028.08,12.26,773.88,-91.51,0
411348,53,86,108,815,1,9,0,24.95,1028.08,12.27,771.66,-91.51,0
412344,52,86,108,813,1,10,0,24.95,1028.08,12.27,776.11,-91.51,0
413340,53,85,108,813,1,10,0,24.95,1028.08,12.27,777.01,-91.51,0
414336,53,86,107,811,1,10,0,24.95,1028.08,12.26,772.99,-91.51,0
415332,53,86,107,811,1,10,0,24.95,1028.08,12.25,768.13,-91.51,0
416328,51,85,107,810,1,10,0,24.95,1028.08,12.26,774.77,-91.59,0
417324,52,85,106,810,1,10,0,24.95,1028.09,12.26,766.38,-91.59,0
418320,52,85,106,809,1,10,0,24.95,1028.09,12.26,775.22,-91.59,0
419316,51,85,106,808,1,10,0,24.95,1028.09,12.25,771.66,-91.59,0
420312,51,85,105,808,1,10,0,24.95,1028.09,12.25,771.22,-91.59,0
421308,51,85,106,807,1,10,0,24.95,1028.09,12.25,770.77,-91.59,0
422304,51,85,105,807,1,10,0,24.95,1028.09,12.26,769.89,-91.59,0
423300,50,85,104,806,1,10,0,24.95,1028.09,12.25,777.01,-91.59,0
424296,50,85,105,805,1,10,0,24.95,1028.09,12.25,770.33,-91.59,0
425292,50,85,105,806,1,10,0,24.95,1028.09,12.26,768.13,-91.59,0
426288,50,84,104,805,1,10,0,24.95,1028.09,12.25,774.32,-91.67,0
427284,50,85,104,805,1,10,0,24.95,1028.10,12.25,768.13,-91.67,0
428280,50,84,104,804,1,10,0,24.95,1028.10,12.24,772.54,-91.59,0
429276,49,84,104,804,1,10,0,24.95,1028.09,12.24,777.46,-91.59,0
430272,49,84,104,804,1,10,0,24.94,1028.09,12.24,769.01,-91.59,0
431268,49,84,103,803,1,10,0,24.94,1028.09,12.23,768.57,-91.67,0
432264,48,84,103,803,1,10,0,24.94,1028.10,12.23,769.45,-91.59,0
433260,48,84,103,802,1,10,0,24.94,1028.09,12.23,769.01,-91.59,0
434256,49,85,103,801,1,10,0,24.94,1028.09,12.23,772.54,-91.59,0
435252,48,84,103,801,1,10,0,24.94,1028.09,12.22,769.45,-91.59,0
436248,49,83,102,801,1,10,0,24.94,1028.09,12.22,768.13,-91.67,0
437244,48,83,103,801,1,10,0,24.94,1028.10,12.20,773.43,-91.67,0
438240,48,84,102,799,1,9,0,24.94,1028.10,12.21,761.18,-91.67,0
439236,48,84,102,800,1,10,0,24.94,1028.10,12.20,772.54,-91.67,0
440232,48,83,102,798,1,10,0,24.94,1028.10,12.19,765.07,-91.67,0
441228,47,84,102,799,1,10,0,24.94,1028.10,12.19,770.77,-91.67,0
442224,48,83,101,798,1,10,0,24.94,1028.10,12.19,766.82,-91.67,0
443220,46,83,102,797,1,10,0,24.94,1028.10,12.18,768.57,-91.67,0
444216,47,83,101,796,1,10,0,24.94,1028.10,12.17,767.26,-91.67,0
445212,47,83,101,796,1,11,0,24.94,1028.10,12.17,765.95,-91.59,0
446208,47,83,101,797,1,10,0,24.94,1028.09,12.15,765.51,-91.67,0
447204,46,83,101,796,1,10,0,24.94,1028.10,12.15,763.77,-91.67,0
448200,47,83,100,796,1,9,0,24.94,1028.10,12.15,767.26,-91.67,0
449196,46,82,100,796,1,10,0,24.94,1028.10,12.14,765.51,-91.75,0
450192,46,83,101,795,1,10,0,24.94,1028.11,12.14,763.77,-91.75,0
451188,46,83,100,795,1,10,0,24.94,1028.11,12.14,766.38,-91.75,0
452184,46,82,100,795,1,9,0,24.94,1028.11,12.14,764.20,-91.83,0
453180,45,83,100,795,1,10,0,24.94,1028.12,12.12,766.38,-91.83,0
454176,46,83,100,794,1,10,0,24.94,1028.12,12.13,762.04,-91.83,0
455172,46,82,99,795,1,10,0,24.94,1028.12,12.12,770.33,-91.75,1
456168,45,83,99,794,1,10,0,24.94,1028.11,12.12,762.90,-91.83,1
457164,45,82,99,795,1,10,0,24.94,1028.12,12.12,768.57,-91.83,1
458160,45,83,99,794,1,10,0,24.94,1028.12,12.11,762.47,-91.75,1
459156,45,82,99,794,1,10,0,24.94,1028.11,12.11,762.04,-91.67,1
460152,45,83,99,793,1,10,0,24.94,1028.10,12.12,762.04,-91.75,1
461148,45,83,99,793,1,10,0,24.94,1028.11,12.12,755.62,-91.83,1
462144,45,82,99,794,1,10,0,24.94,1028.12,12.13,760.32,-91.75,1
463140,45,82,98,793,1,10,0,24.94,1028.11,12.14,762.04,-91.75,1
464136,45,82,99,792,1,9,0,24.94,1028.11,12.16,760.75,-91.75,1
465132,44,83,99,792,1,10,0,24.94,1028.11,12.17,759.03,-91.75,1
466128,44,82,98,792,1,10,0,24.94,1028.11,12.18,757.75,-91.67,1
467124,44,82,98,793,1,10,0,24.94,1028.10,12.19,759.46,-91.67,1
468120,45,82,98,792,1,9,0,24.94,1028.10,12.20,759.89,-91.67,1
469116,44,82,98,792,1,10,0,24.94,1028.10,12.22,758.60,-91.75,1
470112,44,82,98,792,1,10,0,24.94,1028.11,12.23,759.03,-91.83,1
471108,44,83,97,791,1,9,0,24.94,1028.12,12.24,761.61,-91.75,1
472104,44,82,98,791,1,10,0,24.94,1028.11,12.25,757.75,-91.75,1
473100,44,82,98,791,1,10,0,24.94,1028.11,12.26,762.90,-91.83,1
474096,44,82,98,791,1,10,0,24.94,1028.12,12.28,762.04,-91.75,1
475092,44,83,99,796,1,10,0,24.94,1028.11,12.26,758.60,-91.75,1
476088,44,83,100,808,1,10,0,24.94,1028.11,12.28,757.32,-91.83,1
477084,46,84,102,817,1,10,0,24.94,1028.12,12.29,758.60,-91.83,1
478080,47,85,102,829,1,10,0,24.94,1028.12,12.31,759.03,-91.83,1
479076,48,86,105,843,1,10,0,24.94,1028.12,12.30,766.38,-91.75,1
480072,49,86,107,850,1,10,0,24.94,1028.11,12.30,759.46,-91.75,1
481068,50,86,107,851,1,10,0,24.93,1028.11,12.31,758.60,-91.67,1
482064,52,87,108,854,1,10,0,24.93,1028.10,12.31,765.51,-91.67,1
483060,52,87,109,858,1,10,0,24.93,1028.10,12.31,763.77,-91.75,1
484056,53,88,111,860,1,10,0,24.93,1028.11,12.30,765.95,-91.75,1
485052,54,88,113,865,1,10,0,24.93,1028.11,12.29,765.07,-91.83,1
486048,56,89,112,864,1,10,0,24.93,1028.12,12.30,762.04,-91.75,1
487044,56,88,111,858,1,10,0,24.93,1028.11,12.29,760.32,-91.67,1
488040,55,88,110,856,1,10,0,24.93,1028.10,12.29,763.34,-91.67,1
489036,56,88,112,861,1,10,0,24.93,1028.10,12.28,760.32,-91.59,1
490032,56,88,111,859,1,10,0,24.93,1028.09,12.28,768.13,-91.67,1
491028,57,89,111,861,1,10,0,24.93,1028.10,12.27,761.18,-91.67,1
492024,58,89,113,867,1,10,0,24.93,1028.10,12.28,768.13,-91.67,1
493020,58,90,115,873,1,10,0,24.93,1028.10,12.28,756.89,-91.75,1
494016,60,91,115,876,1,10,0,24.93,1028.11,12.27,764.64,-91.67,1
495012,61,91,115,877,1,10,0,24.93,1028.10,12.27,759.03,-91.67,1
496008,62,91,115,872,1,9,0,24.93,1028.10,12.25,760.75,-91.59,1
497004,63,91,115,873,1,10,0,24.93,1028.09,12.26,762.04,-91.67,1
498000,63,92,117,877,1,10,0,24.93,1028.10,12.25,765.95,-91.75,1
498996,64,93,118,880,1,10,0,24.93,1028.11,12.24,765.07,-91.67,1
499992,65,93,119,881,1,10,0,24.93,1028.10,12.22,761.18,-91.59,1
500988,66,92,120,880,1,10,0,24.93,1028.09,12.21,763.77,-91.67,1
501984,66,93,120,878,1,10,0,24.93,1028.10,12.21,760.75,-91.67,1
502980,67,93,122,878,1,10,0,24.93,1028.10,12.18,767.69,-91.67,1
503976,68,93,123,881,1,10,0,24.93,1028.10,12.18,769.01,-91.67,1
504972,69,94,125,884,1,10,0,24.93,1028.10,12.16,768.13,-91.59,1
505968,69,93,124,882,1,10,0,24.93,1028.09,12.15,765.07,-91.67,1
506964,70,93,123,878,1,10,0,24.93,1028.10,12.14,763.77,-91.59,1
507960,69,92,123,872,1,10,0,24.93,1028.09,12.13,764.64,-91.51,1
508956,69,92,122,868,1,10,0,24.93,1028.08,12.12,767.69,-91.59,1
509952,69,91,122,864,1,10,0,24.93,1028.09,12.11,769.01,-91.59,1
510948,69,91,121,860,1,10,0,24.93,1028.09,12.11,767.26,-91.59,1
511944,68,91,120,857,1,10,0,24.93,1028.09,12.10,766.38,-91.51,1
512940,67,90,120,854,1,10,0,24.93,1028.08,12.09,766.38,-91.51,1
513936,66,90,120,853,1,10,0,24.93,1028.08,12.09,771.66,-91.51,1
514932,67,91,120,856,1,10,0,24.93,1028.08,12.08,773.88,-91.51,0
515928,67,90,120,854,1,10,0,24.93,1028.08,12.08,774.32,-91.51,0
516924,65,90,119,850,1,12,0,24.93,1028.08,12.08,767.26,-91.42,0
517920,66,89,119,849,1,10,0,24.93,1028.07,12.07,769.01,-91.51,0
518916,65,89,119,848,1,10,0,24.93,1028.08,12.08,766.82,-91.51,0
519912,65,89,118,846,1,10,0,24.93,1028.08,12.08,760.32,-91.51,0
520908,64,89,118,845,1,10,0,24.93,1028.08,12.08,757.75,-91.51,0
521904,63,89,117,842,1,10,0,24.93,1028.08,12.08,762.47,-91.42,0
522900,64,88,117,841,1,10,0,24.93,1028.07,12.08,764.64,-91.42,0
523896,62,89,116,838,1,10,0,24.93,1028.07,12.09,758.17,-91.42,0
524892,62,88,115,837,1,11,0,24.93,1028.07,12.09,763.77,-91.42,0
525888,62,89,115,835,1,10,0,24.92,1028.07,12.08,765.51,-91.34,0
526884,61,88,115,834,1,12,0,24.92,1028.06,12.08,756.04,-91.34,0
527880,60,88,114,833,1,10,0,24.92,1028.06,12.08,757.75,-91.34,0
528876,61,88,114,831,1,10,0,24.92,1028.06,12.07,760.32,-91.26,0
529872,60,87,114,830,1,10,0,24.92,1028.05,12.06,762.90,-91.42,0
530868,59,87,113,829,1,11,0,24.92,1028.07,12.07,763.77,-91.42,0
531864,58,87,113,828,1,10,0,24.93,1028.07,12.07,760.32,-91.34,0
532860,59,87,112,828,1,10,0,24.92,1028.06,12.06,759.46,-91.42,0
533856,59,87,112,826,1,10,0,24.92,1028.07,12.06,760.75,-91.42,0
534852,58,87,112,826,1,10,0,24.92,1028.07,12.06,763.77,-91.42,0
535848,57,87,112,824,1,10,0,24.92,1028.07,12.06,763.77,-91.42,0
536844,58,87,111,823,1,10,0,24.92,1028.07,12.05,768.13,-91.42,0
537840,57,87,111,823,1,10,0,24.92,1028.07,12.06,765.07,-91.42,0
538836,57,86,110,821,1,10,0,24.92,1028.07,12.04,765.95,-91.34,0
539832,56,86,110,821,1,10,0,24.92,1028.06,12.04,762.90,-91.34,0
540828,56,86,110,820,1,10,0,24.92,1028.06,12.04,766.38,-91.34,0
541824,56,86,110,819,1,10,0,24.92,1028.06,12.04,767.26,-91.34,0
542820,55,86,110,818,1,10,0,24.92,1028.06,12.04,765.51,-91.26,0
543816,55,86,109,818,1,10,0,24.92,1028.05,12.05,766.82,-91.34,0
544812,55,86,109,818,1,10,0,24.92,1028.06,12.04,766.38,-91.34,0
545808,55,85,108,816,1,10,0,24.92,1028.06,12.04,770.77,-91.26,0
546804,54,86,108,815,1,10,0,24.92,1028.05,12.03,766.38,-91.26,0
547800,53,86,107,814,1,10,0,24.92,1028.05,12.04,763.77,-91.18,0
548796,53,85,107,814,1,10,0,24.92,1028.04,12.03,772.10,-91.18,0
549792,53,86,108,813,1,10,0,24.92,1028.04,12.04,769.89,-91.18,0
550788,53,85,107,813,1,10,0,24.92,1028.04,12.04,768.57,-91.18,0
551784,53,85,107,812,1,10,0,24.92,1028.04,12.03,768.13,-91.18,0
552780,52,85,107,812,1,10,0,24.92,1028.04,12.03,767.69,-91.26,0
553776,52,85,106,811,1,10,0,24.92,1028.05,12.04,769.89,-91.18,0
554772,52,85,106,810,1,11,0,24.92,1028.04,12.04,773.43,-91.26,0
555768,52,85,106,810,1,10,0,24.92,1028.05,12.04,772.10,-91.34,0
556764,51,84,106,810,1,10,0,24.92,1028.06,12.03,767.69,-91.34,0
557760,51,84,105,809,1,10,0,24.92,1028.06,12.02,770.77,-91.26,0
558756,51,84,105,808,1,10,0,24.92,1028.05,12.03,772.54,-91.26,0
559752,51,85,105,808,1,10,0,24.92,1028.05,12.03,769.01,-91.26,0
560748,50,84,104,808,1,10,0,24.92,1028.05,12.01,769.45,-91.18,0
561744,51,85,104,807,1,10,0,24.92,1028.04,12.02,770.77,-91.18,0
562740,50,84,105,807,1,10,0,24.92,1028.04,12.02,777.91,-91.09,0
563736,50,84,104,806,1,10,0,24.92,1028.03,12.03,773.88,-91.18,0
564732,49,84,104,806,1,10,0,24.92,1028.04,12.02,769.01,-91.18,0
565728,49,84,104,805,1,10,0,24.92,1028.04,12.02,771.22,-91.18,0
566724,49,84,103,805,1,11,0,24.92,1028.04,12.02,771.66,-91.18,0
567720,49,84,103,805,1,10,0,24.92,1028.04,12.03,776.11,-91.09,0
568716,49,84,103,804,1,10,0,24.92,1028.03,12.04,768.13,-91.09,0
569712,48,84,103,803,1,10,0,24.92,1028.03,12.04,774.32,-91.09,0
570708,49,84,102,803,1,10,0,24.92,1028.03,12.05,774.32,-91.09,0
571704,48,83,103,803,1,10,0,24.92,1028.03,12.05,768.57,-91.18,0
572700,48,83,102,803,1,10,0,24.92,1028.04,12.05,770.77,-91.18,0
573696,48,84,102,802,1,10,0,24.92,1028.04,12.06,772.99,-91.18,0
574692,48,84,102,802,1,10,0,24.92,1028.04,12.06,768.13,-91.09,0
575688,48,84,102,801,1,10,0,24.92,1028.03,12.08,769.01,-91.09,0
576684,47,83,102,802,1,9,0,24.92,1028.03,12.07,769.45,-91.09,0
577680,48,83,101,801,1,10,0,24.92,1028.03,12.07,767.69,-91.09,0