timestamp,NO2,C2H50H,VOC,CO,Alcohol,LPG,Benzene,Temperature,Pressure,Humidity,Gas_Resistance,Altitude,State3984
4980,107,102,186,766,2,9,0,24.78,1016.79,15.44,623.79,1.66,0
5976,107,101,186,765,2,9,0,24.79,1016.80,15.45,625.54,1.66,0
6972,107,102,186,765,2,8,0,24.79,1016.80,15.46,624.37,1.66,0
7968,107,102,186,766,2,9,0,24.80,1016.80,15.46,623.22,1.66,0
8964,106,101,186,766,2,8,0,24.81,1016.80,15.45,623.22,1.66,0
9960,107,101,185,766,2,8,0,24.81,1016.80,15.48,623.79,1.66,0
10956,106,101,186,766,2,8,0,24.81,1016.80,15.48,622.64,1.66,0
11952,107,102,185,766,2,9,0,24.82,1016.80,15.48,623.79,1.66,0
12948,106,101,185,766,2,9,0,24.82,1016.80,15.49,620.91,1.58,0
13944,106,101,185,766,2,9,0,24.82,1016.81,15.50,622.64,1.66,0
14940,106,101,184,766,2,8,0,24.82,1016.80,15.51,616.92,1.74,0
15936,106,102,184,766,2,9,0,24.83,1016.79,15.52,626.71,1.74,0
16932,106,101,185,766,2,8,0,24.83,1016.79,15.52,624.37,1.74,0
17928,106,101,184,766,2,9,0,24.83,1016.79,15.53,618.06,1.66,0
18924,106,101,184,766,2,9,0,24.83,1016.80,15.54,617.49,1.58,0
19920,106,101,184,766,2,9,0,24.83,1016.81,15.54,619.77,1.49,0
20916,105,101,184,767,2,9,0,24.83,1016.82,15.55,620.34,1.49,0
21912,105,101,183,766,2,9,0,24.83,1016.82,15.54,619.20,1.49,0
22908,106,101,183,766,2,9,0,24.83,1016.82,15.55,621.49,1.49,0
23904,105,101,184,767,2,8,0,24.83,1016.82,15.56,619.77,1.49,0
24900,106,101,183,767,1,7,0,24.83,1016.82,15.53,619.77,1.49,0
25896,106,101,182,767,1,7,0,24.83,1016.82,15.54,618.63,1.49,0
26892,106,100,183,767,1,7,0,24.84,1016.82,15.55,617.49,1.49,0
27888,106,101,183,766,1,8,0,24.84,1016.82,15.54,619.20,1.58,0
28884,106,101,182,766,1,7,0,24.84,1016.81,15.55,618.63,1.58,0
29880,105,101,183,767,1,7,0,24.84,1016.81,15.55,618.06,1.58,0
30876,106,101,183,767,1,7,0,24.85,1016.81,15.57,616.92,1.58,0
31872,105,101,182,767,1,7,0,24.85,1016.81,15.57,618.63,1.58,0
32868,106,100,182,766,1,7,0,24.85,1016.81,15.58,619.20,1.58,0
33864,106,101,182,766,1,7,0,24.85,1016.81,15.58,619.77,1.58,0
34860,105,101,182,766,1,7,0,24.85,1016.81,15.60,620.34,1.58,0
35856,106,101,182,766,1,7,0,24.85,1016.81,15.60,619.77,1.49,0
36852,105,101,182,767,1,7,0,24.85,1016.82,15.61,621.49,1.58,0
37848,105,101,182,766,1,7,0,24.85,1016.81,15.62,625.54,1.58,0
38844,106,101,182,767,1,7,0,24.86,1016.81,15.63,620.34,1.49,0
39840,105,100,181,765,1,7,0,24.86,1016.82,15.64,616.36,1.58,0
40836,106,101,181,765,1,7,0,24.86,1016.81,15.64,618.63,1.58,0
41832,105,100,181,766,1,7,0,24.86,1016.81,15.65,619.20,1.58,0
42828,105,101,181,765,1,7,0,24.86,1016.81,15.66,622.06,1.58,0
43824,106,100,181,766,1,6,0,24.86,1016.81,15.66,619.20,1.58,0
44820,106,101,181,766,1,6,0,24.86,1016.81,15.67,623.22,1.49,0
45816,106,100,180,766,1,6,0,24.86,1016.82,15.68,618.63,1.49,0
46812,106,100,181,766,1,6,0,24.86,1016.82,15.67,627.29,1.58,0
47808,106,100,180,766,1,6,0,24.87,1016.81,15.67,618.63,1.58,0
48804,105,100,180,766,1,6,0,24.87,1016.81,15.65,624.96,1.66,0
49800,106,100,180,766,1,6,0,24.87,1016.80,15.65,620.91,1.66,0
50796,105,100,180,765,1,6,0,24.87,1016.80,15.63,619.20,1.58,0
51792,105,101,180,767,1,6,0,24.87,1016.81,15.63,618.06,1.58,0
52788,105,100,180,766,1,6,0,24.88,1016.81,15.61,617.49,1.58,0
53784,106,100,180,765,1,6,0,24.88,1016.81,15.61,621.49,1.66,0
54780,105,100,180,766,1,6,0,24.88,1016.80,15.59,622.06,1.58,0
55776,105,101,179,766,1,6,0,24.88,1016.81,15.59,618.63,1.49,0
56772,106,100,179,766,1,6,0,24.88,1016.82,15.56,618.63,1.49,0
57768,105,101,180,765,1,6,0,24.88,1016.82,15.54,620.91,1.58,0
58764,105,100,180,765,1,6,0,24.88,1016.81,15.54,621.49,1.58,0
59760,105,100,179,766,1,6,0,24.88,1016.81,15.52,617.49,1.58,0
60756,106,100,179,765,1,6,0,24.89,1016.81,15.51,623.22,1.49,0
61752,106,100,179,765,1,6,0,24.89,1016.82,15.51,623.22,1.49,0
62748,105,100,179,765,1,6,0,24.89,1016.82,15.50,622.64,1.49,0
63744,105,100,179,765,1,6,0,24.89,1016.82,15.48,620.91,1.49,0
64740,105,100,178,765,1,6,0,24.89,1016.82,15.48,617.49,1.49,0
65736,105,100,179,764,1,6,0,24.89,1016.82,15.46,616.92,1.49,0
66732,105,100,178,765,1,6,0,24.89,1016.82,15.46,616.92,1.49,0
67728,105,100,179,764,1,6,0,24.89,1016.82,15.46,618.06,1.41,0
68724,105,100,178,765,1,6,0,24.89,1016.83,15.45,614.66,1.41,0
69720,105,99,178,765,1,5,0,24.89,1016.83,15.45,610.75,1.49,0
70716,105,99,178,765,1,6,0,24.89,1016.82,15.44,607.99,1.49,0
71712,105,100,178,765,1,6,0,24.89,1016.82,15.45,607.99,1.41,0
72708,105,100,178,765,1,6,0,24.89,1016.83,15.44,606.89,1.41,0
73704,105,100,179,766,1,6,0,24.89,1016.83,15.44,599.85,1.41,0
74700,105,100,178,765,1,5,0,24.89,1016.83,15.45,600.38,1.41,0
75696,105,100,177,766,1,6,0,24.89,1016.83,15.44,604.16,1.33,0
76692,105,99,177,764,1,6,0,24.89,1016.84,15.45,600.92,1.33,0
77688,105,99,178,765,1,6,0,24.89,1016.84,15.46,596.12,1.33,0
78684,105,99,177,765,1,5,0,24.89,1016.84,15.45,600.92,1.33,0
79680,104,99,177,765,1,6,0,24.89,1016.84,15.45,600.38,1.41,0
80676,104,100,177,765,1,6,0,24.89,1016.83,15.47,599.85,1.33,0
81672,104,100,177,765,1,6,0,24.89,1016.84,15.48,598.24,1.41,0
82668,105,99,177,766,1,6,0,24.89,1016.83,15.47,603.08,1.41,0
83664,104,100,176,765,1,6,0,24.90,1016.83,15.48,597.18,1.33,0
84660,104,99,177,766,1,6,0,24.90,1016.84,15.47,602.00,1.33,0
85656,104,99,176,765,1,6,0,24.90,1016.84,15.47,601.46,1.41,0
86652,104,99,177,765,1,6,0,24.90,1016.83,15.46,604.16,1.41,0
87648,104,99,176,765,1,6,0,24.90,1016.83,15.46,605.80,1.33,0
88644,104,99,176,765,1,6,0,24.90,1016.84,15.44,606.89,1.33,0
89640,104,99,177,766,1,7,0,24.90,1016.84,15.45,609.64,1.33,0
90636,104,99,176,765,1,6,0,24.90,1016.84,15.45,606.34,1.33,0
91632,104,99,176,764,1,6,0,24.90,1016.84,15.43,607.99,1.33,0
92628,104,99,176,765,1,6,0,24.90,1016.84,15.42,610.20,1.33,0
93624,104,99,175,764,1,6,0,24.90,1016.84,15.41,614.10,1.33,0
94620,104,99,176,764,1,6,0,24.90,1016.84,15.42,611.31,1.24,0
95616,105,99,176,766,1,7,0,24.90,1016.85,15.41,618.06,1.24,0
96612,107,99,178,769,1,6,0,24.91,1016.85,15.40,618.06,1.16,0
97608,109,100,179,768,1,5,0,24.91,1016.86,15.38,619.77,1.24,0
98604,112,100,181,768,1,6,0,24.91,1016.85,15.37,616.92,1.24,0
99600,114,100,183,767,1,6,0,24.91,1016.85,15.37,623.22,1.16,0
100596,116,100,185,769,1,6,0,24.91,1016.86,15.40,617.49,1.24,0
101592,118,100,187,770,1,6,0,24.91,1016.85,15.44,619.20,1.24,0
102588,119,101,189,769,1,7,0,24.91,1016.85,15.51,618.06,1.24,0
103584,119,100,190,768,1,6,0,24.92,1016.85,15.57,617.49,1.24,0
104580,120,100,191,769,1,6,0,24.92,1016.85,15.64,612.98,1.24,0
105576,122,100,193,768,1,6,0,24.92,1016.85,15.74,613.54,1.24,0
106572,123,101,194,768,1,6,0,24.92,1016.85,15.83,617.49,1.16,0
107568,125,100,196,768,1,6,0,24.92,1016.86,15.91,615.79,1.24,0
108564,126,100,197,768,1,6,0,24.92,1016.85,15.96,615.79,1.24,0
109560,126,101,197,768,1,6,0,24.92,1016.85,16.00,616.92,1.24,0
110556,126,101,197,767,1,6,0,24.92,1016.85,15.99,623.79,1.24,0
111552,126,101,197,767,1,6,0,24.92,1016.85,15.99,621.49,1.33,0
112548,125,101,198,767,1,5,0,24.92,1016.84,15.96,621.49,1.24,0
113544,125,101,198,767,1,6,0,24.92,1016.85,15.94,620.91,1.24,0
114540,124,101,197,767,1,6,0,24.93,1016.85,15.92,625.54,1.24,0
115536,125,101,197,767,1,6,0,24.93,1016.85,15.88,624.96,1.24,0
116532,124,101,197,766,1,6,0,24.93,1016.85,15.85,627.29,1.24,0
117528,123,101,196,766,1,6,0,24.93,1016.85,15.82,627.88,1.24,0
118524,124,101,197,766,1,6,0,24.93,1016.85,15.79,626.71,1.24,0
119520,123,102,197,766,1,6,0,24.93,1016.85,15.76,627.29,1.24,0
120516,124,101,197,766,1,7,0,24.93,1016.85,15.74,626.12,1.24,0
121512,125,101,197,768,1,6,0,24.93,1016.85,15.74,630.23,1.33,0
122508,128,102,200,767,1,6,0,24.93,1016.84,15.72,627.29,1.24,0
123504,131,102,204,768,1,6,0,24.93,1016.85,15.73,632.61,1.24,0
124500,135,102,208,769,1,6,0,24.93,1016.85,15.71,634.40,1.24,0
125496,137,102,211,768,1,6,0,24.93,1016.85,15.69,635.00,1.33,0
126492,139,102,214,768,1,6,0,24.93,1016.84,15.67,632.61,1.24,0
127488,140,103,217,767,1,6,0,24.93,1016.85,15.64,635.00,1.24,0
128484,140,103,217,768,1,6,0,24.93,1016.85,15.62,635.00,1.24,0
129480,141,103,218,767,1,6,0,24.93,1016.85,15.60,638.01,1.24,0
130476,140,103,219,767,1,6,0,24.93,1016.85,15.60,634.40,1.24,0
131472,140,103,220,767,1,6,0,24.93,1016.85,15.58,632.61,1.16,0
132468,140,102,220,767,1,6,0,24.93,1016.86,15.58,634.40,1.16,0
133464,140,103,220,768,1,6,0,24.93,1016.86,15.56,635.60,1.16,0
134460,139,103,220,768,1,6,0,24.93,1016.86,15.57,635.00,1.16,0
135456,139,103,220,768,1,6,0,24.93,1016.86,15.57,636.80,1.16,0
136452,139,103,220,768,1,6,0,24.93,1016.86,15.57,635.00,1.08,0
137448,138,103,219,768,1,6,0,24.93,1016.87,15.57,635.00,1.08,0
138444,137,103,219,768,1,6,0,24.93,1016.87,15.58,633.20,1.16,0
139440,136,103,219,768,1,6,0,24.93,1016.86,15.59,635.00,1.16,0
140436,135,103,218,768,1,7,0,24.93,1016.86,15.60,630.82,1.16,0
141432,134,103,218,768,1,6,0,24.93,1016.86,15.60,636.80,1.16,0
142428,134,104,217,767,1,6,0,24.93,1016.86,15.62,632.01,1.16,0
143424,133,103,217,769,1,6,0,24.93,1016.86,15.62,633.20,1.08,0
144420,133,104,216,768,1,6,0,24.92,1016.87,15.62,632.01,1.08,0
145416,132,104,216,768,1,6,0,24.92,1016.87,15.62,632.01,1.08,0
146412,131,103,216,768,1,6,0,24.92,1016.87,15.62,634.40,1.08,0
147408,130,103,215,768,1,6,0,24.92,1016.87,15.62,634.40,1.08,0
148404,129,104,214,769,1,6,0,24.92,1016.87,15.63,635.00,1.08,0
149400,128,104,215,769,1,6,0,24.92,1016.87,15.62,633.80,1.16,0
150396,128,103,214,768,1,6,0,24.92,1016.86,15.63,631.42,1.08,0
151392,128,104,214,768,1,6,0,24.92,1016.87,15.62,636.80,1.16,0
152388,127,103,214,768,1,6,0,24.92,1016.86,15.63,630.82,1.16,0
153384,127,104,212,768,1,6,0,24.92,1016.86,15.64,632.01,1.16,0
154380,126,103,212,768,1,6,0,24.92,1016.86,15.66,639.23,1.16,0
155376,125,104,212,768,1,6,0,24.91,1016.86,15.65,636.80,1.08,0
156372,125,103,211,769,1,6,0,24.91,1016.87,15.65,635.60,1.16,0
157368,124,103,211,768,1,6,0,24.91,1016.86,15.64,630.82,1.16,0
158364,124,104,210,769,1,6,0,24.91,1016.86,15.65,636.20,1.08,0
159360,123,104,210,768,1,6,0,24.91,1016.87,15.66,630.23,1.08,0
160356,123,104,210,768,1,5,0,24.91,1016.87,15.66,632.01,1.08,0
161352,122,104,209,768,1,6,0,24.91,1016.87,15.67,632.61,1.08,0
162348,121,104,209,768,1,7,0,24.91,1016.87,15.67,635.00,1.08,0
163344,121,104,209,767,1,6,0,24.91,1016.87,15.68,631.42,1.00,0
164340,121,104,208,768,1,6,0,24.91,1016.88,15.67,635.00,1.08,0
165336,121,104,208,767,1,6,0,24.91,1016.87,15.65,635.60,1.08,0
166332,120,104,207,768,1,6,0,24.91,1016.87,15.66,638.01,1.00,0
167328,119,104,207,768,1,6,0,24.91,1016.88,15.66,636.80,1.08,0
168324,118,103,206,768,1,6,0,24.91,1016.87,15.65,635.60,1.08,0
169320,118,104,207,772,1,6,0,24.90,1016.87,15.65,638.62,1.00,0
170316,118,105,207,773,1,6,0,24.90,1016.88,15.65,639.23,1.00,0
171312,118,104,206,771,1,6,0,24.90,1016.88,15.64,637.41,1.00,0
172308,120,104,206,769,1,6,0,24.90,1016.88,15.63,634.40,1.08,0
173304,122,104,206,769,1,6,0,24.90,1016.87,15.63,645.37,1.08,0
174300,122,104,206,769,1,6,0,24.90,1016.87,15.63,638.01,1.08,0
175296,123,103,206,768,1,6,0,24.90,1016.87,15.63,644.75,1.08,0
176292,123,104,207,769,1,6,0,24.90,1016.87,15.64,638.62,1.16,0
177288,123,103,207,769,1,6,0,24.90,1016.86,15.64,637.41,1.08,0
178284,124,103,207,768,1,6,0,24.90,1016.87,15.63,640.45,1.08,0
179280,124,104,206,768,1,7,0,24.90,1016.87,15.62,639.23,1.08,0
180276,123,104,206,767,1,6,0,24.90,1016.87,15.62,639.84,1.08,0
181272,123,103,206,767,1,6,0,24.90,1016.87,15.60,635.60,1.08,0
182268,123,103,206,767,1,6,0,24.90,1016.87,15.60,638.62,1.00,0
183264,123,103,206,766,1,6,0,24.90,1016.88,15.60,635.60,1.00,0
184260,123,103,206,767,1,6,0,24.90,1016.88,15.58,640.45,1.00,0
185256,123,103,205,767,1,6,0,24.90,1016.88,15.58,636.20,1.00,0
186252,122,104,205,767,1,6,0,24.90,1016.88,15.59,639.23,1.00,0
187248,122,103,205,766,1,6,0,24.90,1016.88,15.58,638.01,1.00,0
188244,124,104,206,768,1,7,0,24.90,1016.88,15.58,634.40,1.00,0
189240,126,104,208,767,1,6,0,24.90,1016.88,15.58,638.62,1.08,0
190236,127,104,211,767,1,7,0,24.90,1016.87,15.58,636.80,1.08,0
191232,127,104,212,766,1,6,0,24.90,1016.87,15.58,636.80,1.08,0
192228,128,104,213,767,1,6,0,24.90,1016.87,15.58,635.60,1.08,0
193224,128,104,214,767,1,6,0,24.90,1016.87,15.59,636.80,1.00,0
194220,127,104,214,766,1,6,0,24.91,1016.88,15.58,638.62,1.00,0
195216,128,104,215,766,1,6,0,24.91,1016.88,15.59,635.00,1.00,0
196212,128,104,215,766,1,6,0,24.91,1016.88,15.58,637.41,1.08,0
197208,129,105,216,766,1,6,0,24.91,1016.87,15.60,640.45,1.08,0
198204,130,105,217,768,1,6,0,24.91,1016.87,15.60,645.99,1.00,0
199200,131,105,220,770,1,6,0,24.91,1016.88,15.60,639.84,1.08,0
200196,131,105,220,770,1,6,0,24.91,1016.87,15.60,641.06,1.00,0
201192,132,105,221,768,1,6,0,24.91,1016.88,15.59,641.67,1.00,0
202188,133,105,222,768,1,6,0,24.91,1016.88,15.60,641.67,0.91,0
203184,133,106,222,768,1,6,0,24.91,1016.89,15.59,642.90,0.91,0
204180,133,106,223,768,1,6,0,24.91,1016.89,15.60,647.86,0.91,0
205176,133,107,224,772,1,7,0,24.91,1016.89,15.62,644.13,0.91,0
206172,133,106,224,771,1,6,0,24.91,1016.89,15.65,638.01,0.91,0
207168,133,107,225,771,1,6,0,24.91,1016.89,15.71,642.28,0.91,0
208164,133,107,224,770,2,6,0,24.91,1016.89,15.77,638.01,0.91,0
209160,133,106,225,769,1,6,0,24.91,1016.89,15.81,639.23,0.91,0
210156,133,106,224,769,1,6,0,24.91,1016.89,15.87,638.62,1.00,0
211152,133,107,225,769,1,6,0,24.91,1016.88,15.87,639.84,0.91,0
212148,133,106,226,769,1,6,0,24.91,1016.89,15.86,642.90,0.91,0
213144,133,107,226,769,1,6,0,24.91,1016.89,15.86,636.20,0.83,0
214140,134,107,226,768,1,6,0,24.91,1016.90,15.85,647.23,0.91,0
215136,134,107,227,768,1,6,0,24.91,1016.89,15.84,641.06,0.83,0
216132,133,107,226,767,1,6,0,24.91,1016.90,15.82,641.67,0.91,0
217128,133,108,227,767,1,7,0,24.91,1016.89,15.80,644.13,0.91,0
218124,133,108,227,767,1,6,0,24.91,1016.89,15.80,642.90,0.91,0
219120,132,107,227,767,1,6,0,24.91,1016.89,15.78,646.61,0.91,0
220116,132,107,226,768,1,6,0,24.91,1016.89,15.78,642.28,0.83,0
221112,132,108,226,768,1,6,0,24.91,1016.90,15.77,642.90,0.83,0
222108,132,108,226,768,1,6,0,24.91,1016.90,15.75,644.13,0.83,0
223104,131,108,225,767,1,6,0,24.91,1016.90,15.74,645.37,0.83,0
224100,132,108,227,768,1,6,0,24.91,1016.90,15.73,639.23,0.75,0
225096,133,108,227,768,1,6,0,24.91,1016.91,15.73,640.45,0.83,0
226092,133,109,229,768,1,7,0,24.91,1016.90,15.72,642.28,0.75,0
227088,133,108,228,767,1,6,0,24.91,1016.91,15.72,639.23,0.83,0
228084,132,108,229,767,1,6,0,24.91,1016.90,15.70,641.67,0.83,0
229080,131,108,228,767,1,7,0,24.91,1016.90,15.70,647.23,0.75,0
230076,131,109,228,767,1,6,0,24.91,1016.91,15.70,640.45,0.75,0
231072,130,109,228,766,1,7,0,24.91,1016.91,15.69,644.13,0.75,0
232068,129,109,228,767,1,7,0,24.91,1016.91,15.68,641.06,0.83,0
233064,128,109,227,767,1,7,0,24.91,1016.90,15.67,643.51,0.83,0
234060,129,109,227,767,1,6,0,24.91,1016.90,15.68,643.51,0.83,0
235056,128,109,227,766,1,6,0,24.91,1016.90,15.67,642.90,0.83,0
236052,128,109,226,767,1,6,0,24.92,1016.90,15.67,644.13,0.83,0
237048,128,110,226,767,1,6,0,24.92,1016.90,15.66,645.37,0.75,0
238044,128,109,227,766,1,7,0,24.92,1016.91,15.66,643.51,0.83,0
239040,128,109,227,767,1,7,0,24.92,1016.90,15.64,642.90,0.83,0
240036,127,110,226,767,1,7,0,24.92,1016.90,15.64,645.37,0.83,0
241032,127,109,227,766,1,7,0,24.92,1016.90,15.65,644.75,0.75,0
242028,130,109,228,767,1,7,0,24.92,1016.91,15.64,646.61,0.75,0
243024,132,110,230,767,1,7,0,24.92,1016.91,15.65,641.67,0.75,0
244020,133,110,232,767,1,7,0,24.92,1016.91,15.65,642.28,0.75,0
245016,134,110,233,767,0,7,0,24.92,1016.91,15.65,647.23,0.75,0
246012,136,110,236,768,1,7,0,24.92,1016.91,15.64,646.61,0.75,0
247008,137,110,238,768,1,7,0,24.92,1016.91,15.63,647.86,0.75,0
248004,137,110,240,767,1,7,0,24.92,1016.91,15.64,647.86,0.75,0
249000,136,110,240,767,1,7,0,24.92,1016.91,15.64,647.86,0.75,0
249996,136,110,241,767,1,7,0,24.92,1016.91,15.64,652.89,0.83,0
250992,136,110,241,766,1,7,0,24.92,1016.90,15.65,655.44,0.75,0
251988,135,111,241,767,1,7,0,24.92,1016.91,15.63,647.23,0.83,0
252984,135,111,241,767,1,6,0,24.92,1016.90,15.63,647.86,0.83,0
253980,136,110,241,767,1,7,0,24.92,1016.90,15.63,647.86,0.83,0
254976,135,111,241,767,1,7,0,24.92,1016.90,15.64,652.89,0.83,0
255972,134,110,240,767,1,7,0,24.92,1016.90,15.63,651.63,0.91,0
256968,133,110,240,766,1,7,0,24.92,1016.89,15.64,651.00,0.91,0
257964,133,111,239,767,1,7,0,24.92,1016.89,15.64,654.16,0.83,0
258960,132,110,239,767,1,6,0,24.92,1016.90,15.65,652.89,0.83,0
259956,132,110,238,767,1,7,0,24.92,1016.90,15.64,651.00,0.83,0
260952,131,111,238,767,1,7,0,24.92,1016.90,15.63,650.37,0.75,0
261948,131,110,237,767,1,7,0,24.92,1016.91,15.62,652.89,0.75,0
262944,131,110,237,766,1,7,0,24.92,1016.91,15.62,654.16,0.75,0
263940,129,110,237,766,1,6,0,24.92,1016.91,15.61,654.16,0.66,0
264936,130,111,237,767,1,6,0,24.92,1016.92,15.60,650.37,0.66,0
265932,132,111,237,768,1,6,0,24.92,1016.92,15.59,650.37,0.66,0
266928,135,111,239,769,1,7,0,24.92,1016.92,15.59,656.08,0.66,0
267924,138,111,240,769,1,7,0,24.92,1016.92,15.58,656.08,0.66,0
268920,140,112,240,768,1,7,0,24.92,1016.92,15.59,649.74,0.66,0
269916,141,112,240,766,1,6,0,24.92,1016.92,15.58,655.44,0.66,0
270912,141,112,240,767,1,8,0,24.92,1016.92,15.58,649.74,0.66,0
271908,144,113,241,768,1,7,0,24.92,1016.92,15.59,655.44,0.66,0
272904,147,112,243,770,1,6,0,24.92,1016.92,15.59,658.01,0.75,0
273900,149,113,246,771,1,6,0,24.92,1016.91,15.60,652.89,0.75,0
274896,151,114,249,771,1,7,0,24.92,1016.91,15.59,653.53,0.66,0
275892,153,114,251,771,1,6,0,24.92,1016.92,15.60,651.63,0.66,0
276888,156,114,254,771,1,7,0,24.93,1016.92,15.60,654.80,0.66,0
277884,157,114,257,771,1,7,0,24.93,1016.92,15.60,655.44,0.58,0
278880,160,115,260,772,1,7,0,24.93,1016.93,15.59,656.72,0.58,0
279876,162,116,263,773,1,7,0,24.93,1016.93,15.60,654.16,0.66,0
280872,165,116,268,775,1,7,0,24.93,1016.92,15.60,652.89,0.58,0
281868,169,117,273,776,1,7,0,24.93,1016.93,15.59,651.63,0.66,0
282864,173,118,279,777,1,7,0,24.93,1016.92,15.59,652.89,0.66,0
283860,175,118,283,777,1,7,0,24.93,1016.92,15.58,654.80,0.66,0
284856,178,119,285,777,1,7,0,24.93,1016.92,15.58,654.80,0.66,0
285852,180,120,289,777,1,7,0,24.93,1016.92,15.59,650.37,0.66,0
286848,183,120,292,777,1,8,0,24.94,1016.92,15.57,655.44,0.66,0
287844,183,120,296,776,1,7,0,24.94,1016.92,15.58,652.26,0.66,0
288840,184,121,297,775,1,7,0,24.94,1016.92,15.58,652.89,0.66,0
289836,184,121,299,775,1,7,0,24.94,1016.92,15.57,654.16,0.66,0
290832,184,122,299,775,1,7,0,24.94,1016.92,15.58,654.80,0.75,0
291828,183,122,299,775,1,7,0,24.94,1016.91,15.57,655.44,0.66,0
292824,182,122,300,774,1,7,0,24.94,1016.92,15.56,653.53,0.66,0
293820,181,123,300,775,1,6,0,24.94,1016.92,15.57,650.37,0.58,0
294816,180,123,300,774,1,7,0,24.94,1016.93,15.57,647.86,0.58,0
295812,178,124,300,774,1,7,0,24.94,1016.93,15.57,655.44,0.58,0
296808,177,124,299,774,1,7,0,24.94,1016.93,15.57,652.26,0.66,0
297804,175,124,297,773,1,7,0,24.94,1016.92,15.57,650.37,0.66,0
298800,174,124,296,773,1,7,0,24.94,1016.92,15.58,654.80,0.66,0
299796,172,125,296,773,1,7,0,24.94,1016.92,15.58,651.63,0.75,0
300792,171,124,295,773,1,7,0,24.94,1016.91,15.59,659.30,0.75,0
301788,169,125,294,774,1,7,0,24.94,1016.91,15.59,656.72,0.66,0
302784,167,125,292,772,1,7,0,24.94,1016.92,15.57,657.37,0.66,0
303780,166,125,292,772,1,7,0,24.94,1016.92,15.57,656.08,0.66,0
304776,165,125,290,773,1,7,0,24.94,1016.92,15.55,659.30,0.58,0
305772,163,126,291,775,1,7,0,24.94,1016.93,15.55,658.01,0.58,0
306768,163,126,291,775,1,7,0,24.94,1016.93,15.54,663.21,0.66,0
307764,165,127,293,775,1,7,0,24.94,1016.92,15.53,659.30,0.66,0
308760,167,127,293,774,1,7,0,24.94,1016.92,15.51,658.01,0.66,0
309756,168,126,293,772,1,7,0,24.94,1016.92,15.52,659.95,0.66,0
310752,169,127,293,772,1,7,0,24.93,1016.92,15.50,659.30,0.66,0
311748,169,126,293,772,1,7,0,24.93,1016.92,15.49,661.25,0.66,0
312744,170,127,293,771,1,7,0,24.93,1016.92,15.47,663.21,0.75,0
313740,171,127,293,772,1,7,0,24.93,1016.91,15.46,665.18,0.75,0
314736,172,127,292,770,1,8,0,24.93,1016.91,15.45,664.52,0.66,0
315732,172,127,293,770,1,7,0,24.93,1016.92,15.44,659.30,0.66,0
316728,173,127,293,771,1,7,0,24.93,1016.92,15.43,663.21,0.66,0
317724,173,127,294,770,1,7,0,24.93,1016.92,15.42,666.50,0.66,0
318720,174,127,294,771,1,7,0,24.93,1016.92,15.41,662.55,0.66,0
319716,174,127,296,771,1,7,0,24.93,1016.92,15.40,665.18,0.75,0
320712,175,127,297,771,1,7,0,24.93,1016.91,15.39,669.15,0.66,0
321708,176,128,298,770,1,7,0,24.93,1016.92,15.39,663.21,0.66,0
322704,176,128,300,770,1,7,0,24.93,1016.92,15.38,666.50,0.66,0
323700,176,128,300,771,1,7,0,24.93,1016.92,15.37,665.84,0.66,0
324696,176,128,300,770,1,7,0,24.93,1016.92,15.37,668.49,0.66,0
325692,176,128,300,770,1,7,0,24.93,1016.92,15.37,666.50,0.66,0
326688,176,128,302,770,1,7,0,24.92,1016.92,15.35,664.52,0.66,0
327684,176,128,303,770,1,7,0,24.92,1016.92,15.34,669.82,0.66,0
328680,177,129,304,770,1,7,0,24.92,1016.92,15.34,665.18,0.66,0
329676,177,129,304,769,1,7,0,24.92,1016.92,15.33,671.16,0.66,0
330672,176,128,303,769,1,7,0,24.92,1016.92,15.32,670.49,0.58,0
331668,177,129,304,769,1,7,0,24.92,1016.93,15.31,672.50,0.66,0
332664,176,129,305,769,1,7,0,24.92,1016.92,15.31,669.15,0.66,0
333660,177,129,306,769,1,7,0,24.92,1016.92,15.30,670.49,0.66,0
334656,176,128,305,770,1,7,0,24.91,1016.92,15.30,674.53,0.66,0
335652,175,129,306,769,1,7,0,24.91,1016.92,15.29,675.88,0.66,0
336648,175,128,306,769,1,7,0,24.91,1016.92,15.30,677.93,0.66,0
337644,175,129,307,769,1,7,0,24.91,1016.92,15.28,679.30,0.66,0
338640,174,129,307,769,1,7,0,24.91,1016.92,15.29,675.88,0.66,0
339636,174,129,307,769,1,7,0,24.91,1016.92,15.28,676.56,0.66,0
340632,172,130,307,769,1,7,0,24.91,1016.92,15.28,679.30,0.58,0
341628,173,130,307,769,1,7,0,24.91,1016.93,15.27,673.17,0.66,0
342624,171,129,306,770,1,7,0,24.91,1016.92,15.27,682.06,0.58,0
343620,171,130,307,769,1,7,0,24.91,1016.93,15.26,677.93,0.58,0
344616,172,129,306,769,1,7,0,24.90,1016.93,15.26,673.85,0.50,0
345612,171,130,306,769,1,7,0,24.90,1016.94,15.26,675.20,0.58,0
346608,170,130,306,769,1,6,0,24.90,1016.93,15.26,676.56,0.58,0
347604,170,130,306,769,1,7,0,24.90,1016.93,15.25,674.53,0.66,0
348600,170,131,308,772,1,8,0,24.90,1016.92,15.26,679.30,0.66,0
349596,169,131,309,776,1,7,0,24.90,1016.92,15.25,679.30,0.58,0
350592,168,132,309,778,1,7,0,24.90,1016.93,15.25,681.37,0.58,0
351588,168,132,308,778,1,7,0,24.90,1016.93,15.26,681.37,0.58,0
352584,168,132,308,777,1,7,0,24.90,1016.93,15.25,678.61,0.58,0
353580,167,132,308,778,1,7,0,24.90,1016.93,15.25,679.99,0.58,0
354576,166,132,307,775,1,7,0,24.90,1016.93,15.26,677.25,0.58,0
355572,166,132,307,775,1,7,0,24.90,1016.93,15.27,677.93,0.58,0
356568,165,133,306,773,1,7,0,24.90,1016.93,15.30,677.93,0.58,0
357564,164,133,305,773,1,7,0,24.90,1016.93,15.34,676.56,0.66,0
358560,163,132,304,773,1,7,0,24.89,1016.92,15.36,680.68,0.66,0
359556,163,132,303,772,1,6,0,24.89,1016.92,15.40,677.93,0.75,0
360552,161,132,302,772,1,7,0,24.89,1016.91,15.41,675.20,0.66,0
361548,159,133,301,772,1,7,0,24.89,1016.92,15.46,675.20,0.66,0
362544,159,132,301,773,1,6,0,24.89,1016.92,15.53,672.50,0.66,0
363540,157,133,299,771,1,6,0,24.89,1016.92,15.56,673.85,0.75,0
364536,157,133,298,772,1,6,0,24.89,1016.91,15.58,675.20,0.75,0
365532,156,133,299,771,1,7,0,24.89,1016.91,15.59,676.56,0.66,0
366528,155,133,298,772,1,7,0,24.89,1016.92,15.59,673.17,0.75,0
367524,154,133,296,771,2,7,0,24.88,1016.91,15.58,671.16,0.75,0
368520,153,133,296,771,1,6,0,24.88,1016.91,15.55,677.93,0.66,0
369516,152,133,295,771,1,6,0,24.88,1016.92,15.54,675.20,0.66,0
370512,151,134,294,771,1,7,0,24.88,1016.92,15.54,679.99,0.66,0
371508,150,134,293,771,1,7,0,24.88,1016.92,15.53,674.53,0.58,0
372504,149,133,292,771,1,7,0,24.88,1016.93,15.51,671.16,0.58,0
373500,149,134,291,771,1,7,0,24.88,1016.93,15.52,669.15,0.58,0
374496,148,133,290,771,1,7,0,24.88,1016.93,15.54,674.53,0.50,0
375492,147,133,290,770,1,7,0,24.88,1016.94,15.56,667.16,0.50,0
376488,146,133,289,771,1,7,0,24.88,1016.94,15.60,671.16,0.50,0
377484,145,133,289,771,1,7,0,24.88,1016.94,15.61,671.16,0.41,0
378480,145,133,288,771,1,7,0,24.88,1016.95,15.62,677.25,0.50,0
379476,144,134,287,770,1,7,0,24.88,1016.94,15.61,676.56,0.50,0
380472,143,133,286,771,1,7,0,24.87,1016.94,15.61,672.50,0.58,0
381468,142,133,286,772,1,7,0,24.87,1016.93,15.59,676.56,0.58,0
382464,141,133,284,772,1,7,0,24.87,1016.93,15.58,673.85,0.58,0
383460,141,133,283,771,1,7,0,24.87,1016.93,15.55,677.25,0.50,0
384456,140,133,282,771,1,7,0,24.87,1016.94,15.53,673.85,0.58,0
385452,139,133,282,770,1,7,0,24.87,1016.93,15.52,675.20,0.58,0
386448,139,133,280,771,1,7,0,24.87,1016.93,15.50,676.56,0.58,0
387444,138,134,280,771,1,7,0,24.87,1016.93,15.48,676.56,0.58,0
388440,138,133,279,770,1,6,0,24.87,1016.93,15.47,675.20,0.58,0
389436,138,134,279,771,1,7,0,24.87,1016.93,15.46,680.68,0.58,0
390432,138,133,279,770,1,7,0,24.87,1016.93,15.45,673.17,0.58,0
391428,138,133,278,770,1,7,0,24.87,1016.93,15.43,675.88,0.58,0
392424,138,133,278,771,1,6,0,24.87,1016.93,15.43,675.20,0.58,0
393420,137,133,278,770,1,6,0,24.87,1016.93,15.41,676.56,0.58,0
394416,137,134,277,771,1,7,0,24.87,1016.93,15.41,678.61,0.58,0
395412,137,133,276,771,1,6,0,24.87,1016.93,15.40,679.30,0.58,0
396408,136,133,275,771,1,7,0,24.86,1016.93,15.38,675.88,0.50,0
397404,136,133,275,771,1,7,0,24.86,1016.94,15.36,678.61,0.50,0
398400,135,133,275,771,1,7,0,24.86,1016.94,15.37,675.88,0.50,0
399396,135,133,274,770,1,7,0,24.86,1016.94,15.35,686.24,0.50,0
400392,134,133,273,771,1,7,0,24.86,1016.94,15.35,680.68,0.58,0
401388,134,133,272,770,1,7,0,24.86,1016.93,15.34,676.56,0.58,0
402384,133,133,272,770,1,7,0,24.86,1016.93,15.33,677.93,0.58,0
403380,133,133,271,771,1,7,0,24.86,1016.93,15.32,681.37,0.58,0
404376,132,133,271,770,2,6,0,24.86,1016.93,15.32,680.68,0.66,0
405372,131,133,269,770,1,7,0,24.86,1016.92,15.30,677.25,0.58,0
406368,130,133,268,769,1,6,0,24.86,1016.93,15.31,680.68,0.50,0
407364,130,133,268,770,1,7,0,24.86,1016.94,15.30,684.14,0.50,0
408360,129,133,267,769,1,7,0,24.86,1016.94,15.30,684.14,0.58,0
409356,128,133,266,769,1,7,0,24.86,1016.93,15.29,682.75,0.58,0
410352,128,132,266,769,1,7,0,24.86,1016.93,15.29,676.56,0.58,0
411348,128,132,264,769,1,7,0,24.86,1016.93,15.29,679.30,0.66,0
412344,127,132,265,770,1,7,0,24.86,1016.92,15.29,684.14,0.58,0
413340,127,133,264,769,1,7,0,24.86,1016.93,15.28,682.75,0.66,0
414336,126,132,263,769,1,7,0,24.86,1016.92,15.28,678.61,0.58,0
415332,126,133,263,768,1,7,0,24.86,1016.93,15.28,677.93,0.58,0
416328,126,132,262,770,1,7,0,24.86,1016.93,15.28,677.93,0.50,0
417324,126,132,262,769,1,7,0,24.86,1016.94,15.26,678.61,0.50,0
418320,126,132,261,769,1,7,0,24.86,1016.94,15.26,679.99,0.50,0
419316,127,132,261,769,1,7,0,24.86,1016.94,15.26,679.30,0.50,0
420312,129,132,262,770,1,6,0,24.86,1016.94,15.27,684.14,0.50,0
421308,132,133,264,769,1,7,0,24.86,1016.94,15.25,682.75,0.50,0
422304,133,132,265,770,1,7,0,24.86,1016.94,15.25,679.30,0.50,0
423300,136,132,267,769,1,7,0,24.87,1016.94,15.24,685.54,0.50,0
424296,137,132,268,769,1,7,0,24.87,1016.94,15.24,679.99,0.41,0
425292,138,132,270,769,1,7,0,24.87,1016.95,15.24,684.14,0.41,0
426288,138,132,269,770,1,7,0,24.87,1016.95,15.23,682.06,0.41,0
427284,139,132,270,769,1,7,0,24.87,1016.95,15.24,686.24,0.41,0
428280,140,132,271,769,1,7,0,24.87,1016.95,15.23,684.84,0.41,0
429276,140,132,271,770,1,7,0,24.87,1016.95,15.24,683.45,0.50,0
430272,140,132,271,769,1,7,0,24.87,1016.94,15.23,686.24,0.50,0
431268,140,132,271,770,1,7,0,24.87,1016.94,15.23,684.84,0.50,0
432264,139,131,271,769,1,7,0,24.87,1016.94,15.24,684.84,0.50,0
433260,139,132,271,769,1,7,0,24.87,1016.94,15.24,686.94,0.41,0
434256,138,131,271,769,1,7,0,24.87,1016.95,15.25,681.37,0.50,0
435252,137,131,270,769,1,7,0,24.87,1016.94,15.25,684.14,0.50,0
436248,136,131,270,769,1,7,0,24.87,1016.94,15.24,686.24,0.50,0
437244,137,131,270,769,1,7,0,24.87,1016.94,15.25,682.75,0.50,0
438240,136,131,269,769,1,7,0,24.87,1016.94,15.25,684.84,0.58,0
439236,135,131,268,769,1,7,0,24.87,1016.93,15.25,682.75,0.50,0
440232,134,131,268,769,1,7,0,24.87,1016.94,15.25,684.14,0.50,0
441228,133,131,267,768,1,7,0,24.87,1016.94,15.25,682.06,0.50,0
442224,133,131,266,769,1,7,0,24.87,1016.94,15.25,682.75,0.50,0
443220,131,131,267,768,1,7,0,24.87,1016.94,15.24,682.75,0.41,0
444216,132,131,266,768,1,7,0,24.87,1016.95,15.25,682.75,0.41,0
445212,131,131,265,769,1,7,0,24.87,1016.95,15.27,682.06,0.41,0
446208,131,131,265,769,1,7,0,24.87,1016.95,15.26,682.06,0.41,0
447204,133,130,266,769,1,7,0,24.87,1016.95,15.25,682.06,0.41,0
448200,135,131,268,769,1,7,0,24.87,1016.95,15.26,683.45,0.41,0
449196,137,131,270,769,1,7,0,24.87,1016.95,15.27,682.06,0.41,0
450192,140,131,272,769,1,7,0,24.87,1016.95,15.28,682.06,0.50,0
451188,143,131,275,770,1,7,0,24.88,1016.94,15.28,681.37,0.50,0
452184,145,131,277,772,1,7,0,24.88,1016.94,15.27,680.68,0.50,0
453180,145,132,280,780,2,7,0,24.88,1016.94,15.28,682.06,0.50,0
454176,146,133,281,782,1,7,0,24.88,1016.94,15.29,676.56,0.50,0
455172,145,132,280,779,1,7,0,24.88,1016.94,15.29,682.75,0.50,0
456168,145,132,281,778,1,7,0,24.88,1016.94,15.29,682.06,0.41,0
457164,145,131,280,777,1,7,0,24.88,1016.95,15.28,681.37,0.50,0
458160,145,132,280,776,2,7,0,24.88,1016.94,15.28,682.75,0.50,0
459156,146,132,280,775,1,7,0,24.87,1016.94,15.27,681.37,0.50,0
460152,146,131,280,775,2,7,0,24.87,1016.94,15.28,681.37,0.58,0
461148,146,132,280,774,1,7,0,24.87,1016.93,15.28,683.45,0.58,0
462144,147,132,279,774,2,7,0,24.87,1016.93,15.28,684.14,0.50,0
463140,146,132,279,772,2,7,0,24.88,1016.94,15.28,684.84,0.50,0
464136,145,132,278,773,2,7,0,24.88,1016.94,15.29,682.06,0.50,0
465132,145,132,277,773,2,7,0,24.88,1016.94,15.30,676.56,0.58,0
466128,143,132,277,773,2,7,0,24.88,1016.93,15.30,673.85,0.58,0
467124,144,131,277,772,2,7,0,24.88,1016.93,15.32,678.61,0.50,0
468120,143,131,276,772,2,7,0,24.88,1016.94,15.33,679.30,0.58,0
469116,144,132,276,772,2,7,0,24.88,1016.93,15.35,674.53,0.50,0
470112,144,132,275,772,2,7,0,24.88,1016.94,15.37,671.16,0.50,0
471108,144,132,274,772,2,7,0,24.88,1016.94,15.38,673.85,0.50,0
472104,144,132,274,771,2,7,0,24.88,1016.94,15.38,671.16,0.41,0
473100,145,132,275,772,2,7,0,24.88,1016.95,15.38,677.25,0.41,0
474096,144,132,275,772,2,7,0,24.88,1016.95,15.38,675.88,0.41,0
475092,145,132,274,771,2,7,0,24.88,1016.95,15.38,677.25,0.41,0
476088,144,132,274,772,2,7,0,24.88,1016.95,15.38,673.85,0.41,0
477084,144,131,273,771,2,7,0,24.88,1016.95,15.38,675.20,0.41,0
478080,144,131,273,771,2,7,0,24.88,1016.95,15.35,674.53,0.50,0
479076,143,132,272,771,2,7,0,24.88,1016.94,15.37,669.15,0.50,0
480072,142,131,271,771,1,7,0,24.87,1016.94,15.35,675.20,0.50,0
481068,143,132,271,770,2,7,0,24.87,1016.94,15.34,669.82,0.58,0
482064,143,131,270,771,2,7,0,24.87,1016.93,15.33,676.56,0.50,0
483060,143,132,270,770,2,7,0,24.87,1016.94,15.34,677.93,0.50,0
484056,142,131,270,771,2,8,0,24.87,1016.94,15.36,677.25,0.41,0
485052,141,131,268,771,2,7,0,24.87,1016.95,15.46,675.20,0.41,0
486048,141,132,268,771,2,7,0,24.87,1016.95,15.54,669.15,0.41,0
487044,141,132,269,771,2,7,0,24.88,1016.95,15.60,671.16,0.41,0
488040,140,132,269,771,2,7,0,24.88,1016.95,15.64,667.82,0.33,0
489036,141,132,269,771,2,7,0,24.88,1016.96,15.66,673.17,0.33,0
490032,140,132,269,772,2,7,0,24.88,1016.96,15.66,675.88,0.33,0
491028,139,132,268,772,2,7,0,24.88,1016.96,15.68,673.17,0.33,0
492024,139,131,268,771,2,7,0,24.88,1016.96,15.68,675.20,0.25,0
493020,138,132,268,771,2,7,0,24.88,1016.97,15.67,673.85,0.25,0
494016,138,132,268,771,2,7,0,24.88,1016.97,15.66,669.15,0.25,0
495012,136,131,267,771,2,8,0,24.88,1016.97,15.65,675.20,0.33,0
496008,136,131,267,771,2,8,0,24.87,1016.96,15.64,676.56,0.25,0
497004,136,132,266,770,2,8,0,24.87,1016.97,15.62,675.88,0.33,0
498000,135,132,266,770,2,8,0,24.88,1016.96,15.61,679.30,0.33,0
498996,134,131,265,770,2,8,0,24.88,1016.96,15.59,675.20,0.33,0
499992,134,131,264,769,1,8,0,24.88,1016.96,15.56,681.37,0.33,0
500988,132,131,264,770,2,8,0,24.88,1016.96,15.55,681.37,0.41,0
501984,131,131,264,770,5,10,0,24.88,1016.95,15.54,675.20,0.41,0
502980,132,132,263,771,1,7,0,24.87,1016.95,15.53,676.56,0.33,0
503976,131,132,263,770,1,7,0,24.87,1016.96,15.51,684.84,0.41,0
504972,131,131,263,771,1,7,0,24.88,1016.95,15.52,680.68,0.41,0
505968,131,132,263,771,1,7,0,24.88,1016.95,15.51,679.99,0.41,0
506964,130,131,262,770,1,8,0,24.88,1016.95,15.50,680.68,0.41,0
507960,130,132,262,770,1,7,0,24.88,1016.95,15.51,679.99,0.33,0
508956,131,132,264,772,1,7,0,24.88,1016.96,15.51,680.68,0.41,0
509952,133,132,264,771,1,7,0,24.88,1016.95,15.50,682.75,0.41,0
510948,132,132,265,771,1,7,0,24.88,1016.95,15.50,679.99,0.41,0
511944,134,132,265,771,1,6,0,24.88,1016.95,15.50,677.93,0.41,0
512940,135,132,266,771,1,7,0,24.89,1016.95,15.48,678.61,0.41,0
513936,136,132,266,770,1,6,0,24.89,1016.95,15.48,682.75,0.41,0
514932,138,133,266,770,1,6,0,24.89,1016.95,15.47,682.06,0.41,0
515928,139,133,266,770,1,6,0,24.89,1016.95,15.46,677.25,0.41,0
516924,140,132,268,771,1,6,0,24.89,1016.95,15.46,680.68,0.33,0
517920,142,133,269,770,1,6,0,24.89,1016.96,15.45,679.30,0.33,0
518916,143,133,269,771,1,6,0,24.89,1016.96,15.45,677.93,0.41,0
519912,143,132,269,771,1,7,0,24.89,1016.95,15.46,679.99,0.41,0
520908,144,133,269,770,1,6,0,24.89,1016.95,15.44,676.56,0.41,0
521904,144,133,270,770,1,7,0,24.89,1016.95,15.46,674.53,0.41,0
522900,144,133,269,771,1,6,0,24.89,1016.95,15.47,677.25,0.33,0
523896,143,133,269,770,1,6,0,24.89,1016.96,15.47,677.93,0.33,0
524892,142,133,268,770,1,6,0,24.89,1016.96,15.49,673.17,0.33,0
525888,142,133,268,770,1,6,0,24.89,1016.96,15.50,673.85,0.41,0
526884,142,132,268,770,1,6,0,24.89,1016.95,15.51,674.53,0.33,0
527880,141,133,267,770,1,6,0,24.89,1016.96,15.53,671.16,0.33,0
528876,141,133,267,770,1,6,0,24.89,1016.96,15.54,670.49,0.25,0
529872,141,133,266,770,1,7,0,24.89,1016.97,15.56,674.53,0.25,0
530868,140,133,266,770,1,6,0,24.89,1016.97,15.58,674.53,0.33,0
531864,139,132,264,770,1,7,0,24.89,1016.96,15.56,671.16,0.41,0
532860,138,133,265,771,1,7,0,24.89,1016.95,15.56,676.56,0.41,0
533856,138,133,264,771,1,6,0,24.89,1016.95,15.56,677.93,0.41,0
534852,137,132,263,770,1,6,0,24.89,1016.95,15.56,671.83,0.41,0
535848,137,133,262,770,1,6,0,24.89,1016.95,15.55,673.85,0.41,0
536844,137,132,263,770,1,6,0,24.89,1016.95,15.55,673.17,0.41,0
537840,136,132,262,770,1,6,0,24.88,1016.95,15.55,672.50,0.33,0
538836,134,133,260,771,1,6,0,24.88,1016.96,15.54,673.17,0.33,0
539832,133,132,260,770,1,6,0,24.88,1016.96,15.54,671.16,0.41,0
540828,133,132,260,770,1,6,0,24.88,1016.95,15.53,673.85,0.33,0
541824,132,132,259,770,1,7,0,24.88,1016.96,15.52,676.56,0.33,0
542820,132,133,258,770,1,6,0,24.88,1016.96,15.52,668.49,0.33,0
543816,131,133,258,770,1,6,0,24.88,1016.96,15.53,673.85,0.33,0
544812,130,133,257,770,1,6,0,24.88,1016.96,15.54,669.15,0.33,0
545808,130,132,257,770,1,6,0,24.88,1016.96,15.53,671.16,0.33,0
546804,129,132,256,770,1,6,0,24.88,1016.96,15.53,667.82,0.33,0
547800,128,132,255,770,1,6,0,24.88,1016.96,15.52,667.16,0.25,0
548796,127,132,254,770,1,6,0,24.87,1016.97,15.53,670.49,0.25,0
549792,127,132,253,770,1,6,0,24.88,1016.97,15.53,669.82,0.25,0
550788,127,132,253,770,1,7,0,24.87,1016.97,15.53,669.82,0.25,0
551784,125,132,253,770,1,6,0,24.88,1016.97,15.53,673.17,0.25,0
552780,125,132,252,770,1,6,0,24.88,1016.97,15.53,667.16,0.25,0
553776,124,132,252,770,1,6,0,24.88,1016.97,15.52,665.18,0.25,0
554772,123,131,251,770,1,6,0,24.88,1016.97,15.53,667.82,0.25,0
555768,122,132,250,770,1,6,0,24.88,1016.97,15.51,669.82,0.25,0
556764,123,132,250,769,1,6,0,24.88,1016.97,15.53,667.16,0.25,0
557760,122,132,249,769,1,6,0,24.88,1016.97,15.52,671.16,0.17,0
558756,121,131,248,770,1,6,0,24.87,1016.98,15.53,669.15,0.17,0
559752,120,132,248,770,1,7,0,24.88,1016.98,15.52,668.49,0.25,0
560748,120,132,247,770,1,6,0,24.88,1016.97,15.52,670.49,0.25,0
561744,121,132,246,770,1,7,0,24.88,1016.97,15.52,671.83,0.33,0
562740,121,131,246,770,1,7,0,24.88,1016.96,15.52,666.50,0.25,0
563736,122,132,245,769,1,6,0,24.87,1016.97,15.52,670.49,0.25,0
564732,122,131,244,769,1,6,0,24.87,1016.97,15.51,668.49,0.25,0
565728,122,132,245,769,1,7,0,24.87,1016.97,15.51,668.49,0.25,0
566724,121,132,245,769,1,7,0,24.87,1016.97,15.51,671.83,0.25,0
567720,121,131,244,770,1,6,0,24.87,1016.97,15.51,671.16,0.25,0
568716,121,131,243,770,1,6,0,24.87,1016.97,15.51,669.15,0.17,0
569712,120,131,242,769,1,7,0,24.87,1016.98,15.51,667.16,0.17,0
570708,120,131,242,769,1,7,0,24.87,1016.98,15.50,670.49,0.17,0
571704,120,131,241,769,1,6,0,24.87,1016.98,15.51,670.49,0.08,0
572700,121,131,242,769,1,6,0,24.87,1016.99,15.50,670.49,0.08,0
573696,124,130,244,770,1,6,0,24.87,1016.99,15.48,668.49,0.08,0
574692,127,131,247,770,1,6,0,24.87,1016.99,15.47,667.16,0.17,0
575688,129,131,249,769,1,6,0,24.86,1016.98,15.47,668.49,0.17,0
576684,132,130,251,770,1,6,0,24.86,1016.98,15.47,669.82,0.17,0
577680,134,130,255,770,1,7,0,24.86,1016.98,15.47,670.49,0.08,0
578676,136,130,257,770,1,7,0,24.86,1016.99,15.46,670.49,0.17,0
579672,138,130,258,770,1,7,0,24.86,1016.98,15.44,663.86,0.25,0
580668,140,131,261,771,2,6,0,24.86,1016.97,15.44,669.82,0.25,0
581664,142,131,264,771,1,6,0,24.86,1016.97,15.44,665.84,0.17,0
582660,144,131,266,771,1,6,0,24.86,1016.98,15.44,672.50,0.08,0
583656,146,130,268,772,1,7,0,24.86,1016.99,15.44,673.17,0.08,0
584652,148,131,270,771,1,7,0,24.86,1016.99,15.43,672.50,0.08,0
585648,150,131,272,773,1,7,0,24.86,1016.99,15.43,668.49,0.08,0
586644,151,131,274,773,1,7,0,24.86,1016.99,15.43,668.49,0.08,0
587640,154,131,275,773,1,7,0,24.86,1016.99,15.43,670.49,0.08,0
588636,156,131,278,772,1,6,0,24.86,1016.99,15.42,669.15,0.08,0
589632,157,131,279,772,1,7,0,24.86,1016.99,15.43,669.82,0.08,0
590628,156,131,280,772,1,6,0,24.86,1016.99,15.41,668.49,0.08,0
591624,157,131,281,772,1,7,0,24.86,1016.99,15.41,672.50,0.08,0
592620,158,131,282,771,1,6,0,24.86,1016.99,15.41,673.17,0.08,0
593616,159,131,283,771,1,6,0,24.86,1016.99,15.42,673.85,0.08,0
594612,161,131,284,771,1,6,0,24.86,1016.99,15.40,668.49,0.08,0
595608,162,131,284,771,1,6,0,24.85,1016.99,15.41,668.49,0.17,0
596604,162,131,286,771,1,7,0,24.85,1016.98,15.40,669.15,0.25,0
597600,161,132,285,772,1,6,0,24.85,1016.97,15.41,668.49,0.25,0
598596,161,131,285,771,1,7,0,24.85,1016.97,15.41,670.49,0.25,0
599592,160,131,285,771,1,7,0,24.85,1016.97,15.40,668.49,0.25,0
0,158,131,284,771,1,7,0,24.85,1016.97,15.41,671.16,0.33,0
996,160,131,286,773,1,7,0,24.77,1016.96,15.41,661.90,0.33,0
1992,161,132,287,774,1,7,0,24.76,1016.96,15.44,660.60,0.33,0
2988,161,132,288,774,1,7,0,24.76,1016.96,15.46,663.21,0.25,0
3984,161,132,289,775,1,7,0,24.77,1016.97,15.45,668.49,0.25,0
4980,163,132,290,774,1,6,0,24.78,1016.97,15.45,660.60,0.17,0
5976,165,132,292,774,1,6,0,24.79,1016.98,15.47,668.49,0.17,0
6972,167,132,294,774,1,6,0,24.80,1016.98,15.45,665.84,0.17,0
7968,168,133,295,774,1,6,0,24.81,1016.98,15.44,661.90,0.08,0
8964,169,132,297,773,1,7,0,24.81,1016.99,15.44,667.16,0.17,0
9960,170,133,298,773,1,7,0,24.81,1016.98,15.43,660.60,0.17,0
10956,172,133,299,773,1,6,0,24.82,1016.98,15.43,664.52,0.17,0
11952,174,132,301,772,1,7,0,24.82,1016.98,15.43,669.82,0.25,0
12948,175,133,301,772,1,7,0,24.82,1016.97,15.44,666.50,0.25,0
13944,175,132,303,772,1,7,0,24.82,1016.97,15.43,665.18,0.17,0
14940,176,133,303,772,1,7,0,24.82,1016.98,15.44,664.52,0.25,0
15936,176,133,303,772,1,6,0,24.82,1016.97,15.42,669.82,0.25,0
16932,175,132,303,772,1,7,0,24.82,1016.97,15.42,665.18,0.25,0
17928,175,133,302,772,1,7,0,24.82,1016.97,15.41,669.15,0.17,0
18924,174,133,302,772,1,7,0,24.82,1016.98,15.41,666.50,0.25,0
19920,174,133,301,772,1,7,0,24.82,1016.97,15.40,661.90,0.17,0
20916,175,133,301,772,1,7,0,24.82,1016.98,15.40,665.84,0.17,0
21912,174,132,302,772,1,7,0,24.82,1016.98,15.41,669.82,0.08,0
22908,175,133,302,771,1,7,0,24.82,1016.99,15.40,661.90,0.08,0
23904,175,133,303,772,1,6,0,24.82,1016.99,15.41,664.52,0.08,0
24900,174,133,303,772,1,7,0,24.82,1016.99,15.40,666.50,0.08,0
25896,173,133,302,771,1,7,0,24.82,1016.99,15.40,667.16,0.08,0
26892,172,133,302,771,1,6,0,24.82,1016.99,15.40,669.82,0.08,0
27888,170,133,301,771,1,7,0,24.82,1016.99,15.41,663.86,0.08,0
28884,168,133,300,771,1,7,0,24.82,1016.99,15.40,663.86,0.17,0
29880,167,133,299,771,1,7,0,24.82,1016.98,15.40,663.86,0.08,0
30876,167,133,298,772,1,7,0,24.82,1016.99,15.41,666.50,0.08,0
31872,165,133,297,771,1,7,0,24.82,1016.99,15.39,667.82,0.08,0
32868,164,133,297,771,1,7,0,24.82,1016.99,15.39,667.82,0.08,0
33864,163,133,296,771,1,7,0,24.82,1016.99,15.40,661.25,0.08,0
34860,162,133,296,771,1,7,0,24.82,1016.99,15.41,661.25,0.08,0
35856,162,133,296,771,1,7,0,24.82,1016.99,15.41,659.30,0.17,0
36852,162,133,295,771,1,7,0,24.82,1016.98,15.42,661.90,0.17,0
37848,162,133,295,770,1,7,0,24.81,1016.98,15.42,665.84,0.17,0
38844,161,133,295,770,1,7,0,24.81,1016.98,15.41,661.90,0.08,0
39840,161,133,295,770,1,7,0,24.81,1016.99,15.42,667.16,0.08,0
40836,161,133,294,771,1,7,0,24.81,1016.99,15.41,661.90,0.17,0
41832,160,133,294,770,1,7,0,24.81,1016.98,15.41,665.18,0.17,0
42828,160,133,294,770,1,7,0,24.81,1016.98,15.41,665.84,0.17,0
43824,158,133,294,770,1,7,0,24.81,1016.98,15.41,661.25,0.08,0
44820,158,133,294,770,1,7,0,24.81,1016.99,15.41,665.84,0.08,0
45816,157,133,292,770,1,7,0,24.81,1016.99,15.42,667.16,0.17,0
46812,157,132,292,771,1,7,0,24.81,1016.98,15.41,666.50,0.08,0
47808,155,133,291,770,1,7,0,24.81,1016.99,15.41,665.18,0.08,0
48804,154,133,291,770,1,7,0,24.81,1016.99,15.41,664.52,0.08,0
49800,153,133,290,770,1,7,0,24.81,1016.99,15.41,661.90,0.00,0
50796,153,133,289,770,1,6,0,24.81,1017.00,15.42,667.82,0.00,0
51792,152,133,288,770,1,7,0,24.81,1017.00,15.41,663.21,0.00,0
52788,152,133,287,770,1,7,0,24.81,1017.00,15.41,668.49,0.00,0
53784,152,133,287,770,1,6,0,24.80,1017.00,15.40,663.86,0.08,0
54780,152,133,286,770,1,7,0,24.80,1016.99,15.41,666.50,0.00,0
55776,154,133,287,770,1,7,0,24.80,1017.00,15.41,664.52,0.08,0
56772,156,133,286,770,1,7,0,24.80,1016.99,15.39,665.84,0.00,0
57768,157,133,286,769,1,7,0,24.80,1017.00,15.41,666.50,0.00,0
58764,158,133,287,770,1,7,0,24.80,1017.00,15.40,671.16,0.08,0
59760,158,133,287,769,1,7,0,24.80,1016.99,15.41,668.49,0.08,0
60756,161,133,288,770,1,7,0,24.80,1016.99,15.42,666.50,0.08,0
61752,162,133,288,770,1,7,0,24.80,1016.99,15.41,667.16,0.00,0
62748,162,133,289,769,1,7,0,24.80,1017.00,15.41,667.16,0.08,0
63744,162,133,288,770,1,7,0,24.80,1016.99,15.42,667.82,0.00,0
64740,163,133,289,770,1,7,0,24.80,1017.00,15.40,668.49,0.00,0
65736,164,133,289,770,1,7,0,24.80,1017.00,15.41,668.49,0.00,0
66732,164,133,288,770,1,7,0,24.80,1017.00,15.40,677.25,0.08,0
67728,164,133,288,770,1,7,0,24.80,1016.99,15.41,667.82,0.17,0
68724,165,132,288,769,1,7,0,24.80,1016.98,15.41,671.83,0.08,0
69720,165,132,288,770,1,7,0,24.80,1016.99,15.41,673.17,0.08,0
70716,165,133,287,769,1,7,0,24.80,1016.99,15.40,668.49,0.08,0
71712,164,132,288,769,1,7,0,24.80,1016.99,15.40,669.82,0.08,0
72708,167,133,288,771,1,7,0,24.80,1016.99,15.40,666.50,0.00,0
73704,167,133,288,771,1,7,0,24.80,1017.00,15.39,666.50,0.08,0
74700,167,133,289,771,1,7,0,24.80,1016.99,15.40,667.16,0.08,0
75696,169,133,290,771,1,7,0,24.80,1016.99,15.39,667.82,0.08,0
76692,170,134,291,771,1,7,0,24.80,1016.99,15.40,667.16,0.08,0
77688,173,134,294,771,1,6,0,24.80,1016.99,15.40,671.16,0.00,0
78684,174,134,296,770,1,7,0,24.80,1017.00,15.41,669.15,0.00,0
79680,175,134,296,771,1,7,0,24.80,1017.00,15.41,667.16,0.00,0
80676,174,133,296,770,1,7,0,24.80,1017.00,15.41,665.18,0.00,0
81672,175,134,297,771,1,7,0,24.80,1017.00,15.42,671.16,0.00,0
82668,176,134,298,770,1,7,0,24.80,1017.00,15.43,666.50,0.00,0
83664,176,134,298,770,2,7,0,24.80,1017.00,15.43,669.82,-0.08,0
84660,176,133,298,769,1,7,0,24.80,1017.01,15.44,667.16,0.00,0
85656,175,134,297,769,1,6,0,24.80,1017.00,15.43,667.16,0.00,0
86652,175,133,297,769,1,7,0,24.80,1017.00,15.42,667.16,0.00,0
87648,174,134,297,769,1,6,0,24.80,1017.00,15.42,663.86,-0.08,0
88644,173,134,296,769,1,6,0,24.80,1017.01,15.43,669.82,0.00,0
89640,172,133,296,769,1,6,0,24.80,1017.00,15.42,664.52,-0.08,0
90636,170,134,295,770,1,7,0,24.80,1017.01,15.41,665.18,0.00,0
91632,169,133,295,769,1,6,0,24.80,1017.00,15.41,667.82,0.00,0
92628,167,133,293,769,2,6,0,24.80,1017.00,15.41,671.16,0.00,0
93624,166,134,292,770,1,7,0,24.80,1017.00,15.40,663.86,-0.08,0
94620,164,133,292,769,1,8,0,24.80,1017.01,15.41,659.95,-0.08,0
95616,163,134,291,768,1,6,0,24.80,1017.01,15.40,664.52,-0.08,0
96612,161,133,291,769,1,7,0,24.80,1017.01,15.40,659.95,0.00,0
97608,161,133,289,769,1,7,0,24.80,1017.00,15.39,665.84,0.00,0
98604,160,134,289,769,1,6,0,24.80,1017.00,15.38,665.84,0.08,0
99600,161,134,289,769,1,7,0,24.80,1016.99,15.37,661.90,0.08,0
100596,162,134,287,769,1,7,0,24.80,1016.99,15.38,661.25,0.08,0
101592,162,133,286,768,1,7,0,24.80,1016.99,15.36,665.84,0.08,0
102588,162,134,286,768,1,7,0,24.80,1016.99,15.36,663.21,0.17,0
103584,161,133,285,769,1,7,0,24.80,1016.98,15.36,660.60,0.08,0
104580,161,133,285,768,1,6,0,24.80,1016.99,15.34,661.90,0.08,0
105576,160,133,285,768,1,6,0,24.80,1016.99,15.35,661.25,0.08,0
106572,160,134,285,769,1,7,0,24.80,1016.99,15.34,660.60,0.08,0
107568,159,133,283,769,1,7,0,24.80,1016.99,15.33,661.25,0.08,0
108564,159,133,284,769,1,7,0,24.80,1016.99,15.33,663.21,0.00,0
109560,157,133,284,768,1,7,0,24.80,1017.00,15.33,661.90,-0.08,0
110556,156,133,283,768,1,7,0,24.80,1017.01,15.33,661.90,0.00,0
111552,156,132,283,769,1,7,0,24.80,1017.00,15.32,669.82,-0.08,0
112548,155,133,283,768,1,6,0,24.81,1017.01,15.33,664.52,0.00,0
113544,156,133,283,769,1,7,0,24.81,1017.00,15.33,661.25,-0.08,0
114540,155,133,283,769,1,7,0,24.81,1017.01,15.33,663.21,0.00,0
115536,154,132,284,768,1,6,0,24.81,1017.00,15.33,666.50,0.00,0
116532,155,133,283,768,1,7,0,24.81,1017.00,15.33,663.86,0.08,0
117528,155,133,284,769,1,7,0,24.81,1016.99,15.34,663.21,0.08,0
118524,154,133,285,769,1,7,0,24.81,1016.99,15.34,665.84,0.00,0
119520,154,133,284,769,1,7,0,24.81,1017.00,15.34,661.90,0.00,0
120516,153,133,285,768,1,7,0,24.81,1017.00,15.34,669.82,0.00,0
121512,152,133,285,769,1,7,0,24.81,1017.00,15.34,661.90,0.08,0
122508,151,133,285,769,1,7,0,24.81,1016.99,15.34,664.52,0.00,0
123504,151,133,284,768,1,7,0,24.81,1017.00,15.34,663.21,0.00,0
124500,150,133,284,768,1,7,0,24.81,1017.00,15.35,666.50,0.00,0
125496,149,132,283,768,1,7,0,24.81,1017.00,15.35,671.16,-0.08,0
126492,148,133,283,769,2,7,0,24.81,1017.01,15.34,668.49,-0.08,0
127488,147,132,282,769,1,6,0,24.82,1017.01,15.35,668.49,0.00,0
128484,146,132,282,768,1,6,0,24.82,1017.00,15.34,661.90,-0.08,0
129480,146,133,282,768,1,6,0,24.82,1017.01,15.34,662.55,0.00,0
130476,145,132,280,768,1,7,0,24.82,1017.00,15.34,670.49,0.00,0
131472,144,133,281,769,1,7,0,24.82,1017.00,15.34,669.82,0.00,0
132468,144,133,279,768,1,7,0,24.82,1017.00,15.34,665.18,0.08,0
133464,143,132,280,768,1,7,0,24.82,1016.99,15.33,667.82,0.00,0
134460,143,132,279,767,1,7,0,24.82,1017.00,15.34,665.84,0.00,0
135456,142,132,278,768,1,7,0,24.82,1017.00,15.35,668.49,0.00,0
136452,141,132,279,767,1,7,0,24.82,1017.00,15.33,672.50,0.08,0
137448,140,132,278,768,1,7,0,24.82,1016.99,15.33,668.49,0.08,0
138444,141,132,278,768,1,8,0,24.82,1016.99,15.33,663.86,0.00,0
139440,141,131,278,768,1,7,0,24.82,1017.00,15.32,669.82,0.00,0
140436,142,132,278,767,1,7,0,24.82,1017.00,15.32,667.16,0.00,0
141432,143,131,278,768,1,7,0,24.82,1017.00,15.32,665.18,0.00,0
142428,142,132,279,768,1,7,0,24.82,1017.00,15.31,668.49,0.08,0
143424,142,131,279,767,1,7,0,24.82,1016.99,15.30,670.49,0.00,0
144420,142,131,278,767,1,6,0,24.82,1017.00,15.29,673.85,-0.08,0
145416,141,131,278,767,1,6,0,24.82,1017.01,15.30,671.16,-0.08,0
146412,141,132,278,768,1,6,0,24.82,1017.01,15.29,669.15,-0.08,0
147408,141,131,277,768,1,6,0,24.82,1017.01,15.30,669.15,-0.08,0
148404,141,132,278,768,1,7,0,24.82,1017.01,15.29,670.49,0.00,0
149400,142,132,279,768,1,7,0,24.82,1017.00,15.30,669.82,0.00,0
150396,142,131,278,768,1,6,0,24.82,1017.00,15.29,675.20,0.00,0
151392,142,132,280,767,1,7,0,24.82,1017.00,15.28,669.82,-0.08,0
152388,142,131,280,768,2,7,0,24.82,1017.01,15.28,671.16,-0.08,0
153384,142,131,281,767,1,7,0,24.82,1017.01,15.29,677.93,0.00,0
154380,142,131,281,767,1,6,0,24.82,1017.00,15.27,671.16,0.00,0
155376,144,131,282,767,1,7,0,24.82,1017.00,15.29,677.93,0.00,0
156372,145,132,284,768,1,7,0,24.82,1017.00,15.28,673.85,0.00,0
157368,145,132,283,768,1,7,0,24.82,1017.00,15.28,677.93,-0.08,0
158364,145,132,285,767,1,7,0,24.82,1017.01,15.27,675.20,-0.08,0
159360,145,132,285,767,1,6,0,24.82,1017.01,15.28,675.88,-0.08,0
160356,146,133,286,771,1,6,0,24.82,1017.01,15.27,682.06,-0.08,0
161352,149,133,289,774,1,6,0,24.82,1017.01,15.27,676.56,-0.08,0
162348,149,133,289,771,1,6,0,24.82,1017.01,15.26,677.93,-0.08,0
163344,149,133,289,770,1,6,0,24.82,1017.01,15.25,684.84,0.00,0
164340,149,132,289,769,1,6,0,24.81,1017.00,15.24,682.06,0.00,0
165336,149,132,289,768,1,6,0,24.81,1017.00,15.24,679.30,-0.08,0
166332,148,132,289,769,1,6,0,24.81,1017.01,15.24,682.06,-0.08,0
167328,148,132,289,768,1,6,0,24.81,1017.01,15.25,679.30,0.00,0
168324,150,133,291,769,1,6,0,24.81,1017.00,15.25,678.61,0.00,0
169320,150,132,292,769,1,6,0,24.81,1017.00,15.25,683.45,-0.08,0
170316,152,133,294,770,1,6,0,24.81,1017.01,15.24,679.30,-0.08,0
171312,151,133,295,770,1,6,0,24.81,1017.01,15.24,678.61,-0.08,0
172308,152,133,297,769,1,6,0,24.81,1017.01,15.25,683.45,-0.08,0
173304,152,133,297,769,1,6,0,24.81,1017.01,15.25,680.68,-0.08,0
174300,152,133,297,769,1,6,0,24.81,1017.01,15.25,679.99,0.00,0
175296,152,134,298,769,1,6,0,24.81,1017.00,15.25,680.68,0.00,0
176292,152,133,298,769,1,6,0,24.81,1017.00,15.26,674.53,0.00,0
177288,150,133,298,769,1,7,0,24.81,1017.00,15.26,681.37,0.00,0
178284,150,134,298,769,1,6,0,24.80,1017.00,15.25,677.93,-0.08,0
179280,148,133,297,769,1,6,0,24.80,1017.01,15.27,679.99,0.00,0
180276,148,133,296,769,1,6,0,24.80,1017.00,15.27,675.88,0.08,0
181272,147,133,295,768,1,6,0,24.81,1016.99,15.26,683.45,0.08,0
182268,146,134,294,769,1,6,0,24.81,1016.99,15.26,681.37,0.08,0
183264,145,134,294,768,1,6,0,24.81,1016.99,15.26,679.99,0.08,0
184260,145,134,293,768,1,6,0,24.81,1016.99,15.27,675.88,0.00,0
185256,144,133,293,768,1,6,0,24.80,1017.00,15.26,679.30,0.00,0
186252,144,134,293,768,1,6,0,24.80,1017.00,15.27,674.53,0.00,0
187248,143,134,291,768,1,6,0,24.80,1017.00,15.27,681.37,0.00,0
188244,142,134,291,768,1,6,0,24.80,1017.00,15.27,679.30,0.00,0
189240,142,133,290,768,1,6,0,24.81,1017.00,15.27,675.88,-0.08,0
190236,141,133,289,768,1,6,0,24.81,1017.01,15.27,681.37,-0.08,0
191232,140,134,289,768,1,6,0,24.81,1017.01,15.28,680.68,0.00,0
192228,139,134,288,768,1,6,0,24.81,1017.00,15.28,680.68,0.00,0
193224,139,133,287,768,1,6,0,24.81,1017.00,15.29,680.68,0.00,0
194220,138,134,287,768,1,6,0,24.81,1017.00,15.28,680.68,0.00,0
195216,137,134,286,768,1,6,0,24.81,1017.00,15.29,673.85,0.00,0
196212,137,134,286,768,1,6,0,24.81,1017.00,15.29,680.68,0.00,0
197208,138,134,285,769,1,6,0,24.81,1017.00,15.29,675.20,0.00,0
198204,139,134,285,768,1,6,0,24.81,1017.00,15.28,680.68,0.00,0
199200,140,133,285,770,1,6,0,24.81,1017.00,15.29,681.37,0.08,0
200196,140,134,285,769,1,6,0,24.81,1016.99,15.28,683.45,0.08,0
201192,140,134,284,769,1,6,0,24.81,1016.99,15.28,677.25,0.00,0
202188,139,134,284,769,1,6,0,24.81,1017.00,15.29,682.06,0.00,0
203184,139,134,283,769,1,6,0,24.81,1017.00,15.29,684.14,0.00,0
204180,139,134,283,768,1,6,0,24.81,1017.00,15.28,684.84,0.08,0
205176,138,134,282,768,1,7,0,24.81,1016.99,15.29,680.68,0.00,0
206172,137,134,282,769,1,6,0,24.82,1017.00,15.29,687.64,0.00,0
207168,137,134,281,768,1,6,0,24.82,1017.00,15.29,682.06,0.00,0
208164,136,134,280,769,1,6,0,24.82,1017.00,15.28,679.99,0.00,0
209160,135,134,280,770,1,6,0,24.82,1017.00,15.29,683.45,0.08,0
210156,136,134,280,771,1,6,0,24.82,1016.99,15.30,684.14,0.00,0
211152,135,135,280,771,1,7,0,24.82,1017.00,15.29,684.14,0.00,0
212148,134,135,280,771,1,6,0,24.82,1017.00,15.30,682.06,0.00,0
213144,135,135,280,771,1,6,0,24.82,1017.00,15.31,677.25,-0.08,0
214140,136,136,282,775,1,8,0,24.82,1017.01,15.33,682.75,-0.08,0
215136,137,137,284,777,1,6,0,24.82,1017.01,15.35,674.53,-0.08,0
216132,139,136,286,776,1,6,0,24.82,1017.01,15.40,682.06,-0.08,0
217128,141,137,288,774,1,6,0,24.82,1017.01,15.44,674.53,0.00,0
218124,141,136,287,772,1,6,0,24.82,1017.00,15.45,678.61,-0.08,0
219120,142,136,288,771,1,6,0,24.82,1017.01,15.49,676.56,-0.08,0
220116,143,136,289,772,1,6,0,24.82,1017.01,15.50,682.06,-0.08,0
221112,144,135,288,771,1,6,0,24.82,1017.01,15.50,678.61,0.00,0
222108,146,136,290,770,1,6,0,24.83,1017.00,15.50,677.93,0.00,0
223104,146,136,290,771,1,6,0,24.83,1017.00,15.51,676.56,-0.08,0
224100,145,136,290,771,1,6,0,24.83,1017.01,15.51,675.88,-0.08,0
225096,146,136,290,770,1,7,0,24.83,1017.01,15.52,673.17,-0.08,0
226092,145,136,290,770,1,6,0,24.83,1017.01,15.51,675.88,-0.08,0
227088,146,136,290,770,1,6,0,24.83,1017.01,15.50,679.99,-0.08,0
228084,146,136,292,770,1,6,0,24.83,1017.01,15.50,684.84,-0.17,0
229080,147,136,292,770,1,6,0,24.84,1017.02,15.50,677.25,-0.17,0
230076,148,136,294,769,1,6,0,24.84,1017.02,15.49,680.68,-0.17,0
231072,148,136,295,770,1,6,0,24.84,1017.02,15.48,679.30,-0.17,0
232068,150,137,296,773,1,6,0,24.84,1017.02,15.48,679.30,-0.08,0
233064,150,137,296,774,1,6,0,24.84,1017.01,15.47,679.30,-0.17,0
234060,151,137,296,774,1,6,0,24.84,1017.02,15.47,677.93,-0.08,0
235056,152,137,297,774,1,6,0,24.84,1017.01,15.47,680.68,-0.17,0
236052,151,138,297,775,1,6,0,24.84,1017.02,15.45,676.56,-0.17,0
237048,152,138,297,775,1,6,0,24.84,1017.02,15.45,682.06,-0.08,0
238044,151,137,297,775,1,7,0,24.84,1017.01,15.46,677.93,-0.08,0
239040,151,138,297,775,1,6,0,24.84,1017.01,15.46,675.88,-0.17,0
240036,151,138,297,774,1,6,0,24.84,1017.02,15.45,675.20,-0.17,0
241032,150,138,297,774,1,6,0,24.84,1017.02,15.45,674.53,-0.17,0
242028,151,138,298,772,1,6,0,24.84,1017.02,15.45,674.53,-0.25,0
243024,152,138,298,773,1,6,0,24.84,1017.03,15.45,676.56,-0.25,0
244020,151,138,297,772,1,6,0,24.84,1017.03,15.45,673.85,-0.17,0
245016,152,138,298,772,1,6,0,24.84,1017.02,15.44,673.85,-0.25,0
246012,152,139,298,771,1,6,0,24.84,1017.03,15.45,665.84,-0.25,0
247008,151,138,298,771,1,6,0,24.84,1017.03,15.44,673.17,-0.25,0
248004,151,139,298,772,1,6,0,24.84,1017.03,15.45,668.49,-0.25,0
249000,150,138,298,771,2,6,0,24.84,1017.03,15.44,671.83,-0.25,0
249996,150,138,297,770,1,6,0,24.84,1017.03,15.44,673.17,-0.17,0
250992,149,138,297,771,1,6,0,24.84,1017.02,15.44,670.49,-0.17,0
251988,148,138,296,771,1,6,0,24.84,1017.02,15.43,678.61,-0.17,0
252984,147,138,297,771,1,6,0,24.84,1017.02,15.43,667.16,-0.17,0
253980,146,139,296,771,1,6,0,24.84,1017.02,15.43,667.82,-0.17,0
254976,146,139,295,771,1,6,0,24.84,1017.02,15.43,671.16,-0.17,0
255972,145,138,295,770,1,6,0,24.84,1017.02,15.43,667.16,-0.17,0
256968,144,139,295,770,1,6,0,24.84,1017.02,15.43,665.84,-0.25,0
257964,144,138,294,770,1,6,0,24.84,1017.03,15.43,664.52,-0.25,0
258960,143,139,294,770,1,6,0,24.84,1017.03,15.42,669.82,-0.25,0
259956,143,139,293,771,1,6,0,24.84,1017.03,15.44,667.16,-0.25,0
260952,142,139,293,770,1,6,0,24.84,1017.03,15.42,666.50,-0.25,0
261948,141,139,292,770,1,6,0,24.84,1017.03,15.43,668.49,-0.25,0
262944,140,139,291,770,1,6,0,24.84,1017.03,15.42,663.21,-0.17,0
263940,140,139,291,770,1,6,0,24.84,1017.02,15.42,667.16,-0.17,0
264936,140,139,290,770,1,7,0,24.84,1017.02,15.42,662.55,-0.25,0
265932,139,139,290,770,1,6,0,24.84,1017.03,15.42,667.16,-0.25,0
266928,140,139,289,770,1,6,0,24.84,1017.03,15.41,665.84,-0.25,0
267924,139,139,289,770,1,6,0,24.84,1017.03,15.41,661.90,-0.33,0
268920,138,139,289,769,1,6,0,24.84,1017.04,15.41,663.21,-0.33,0
269916,138,139,287,770,1,6,0,24.84,1017.04,15.41,665.18,-0.41,0
270912,137,139,287,769,1,6,0,24.84,1017.05,15.40,664.52,-0.33,0
271908,137,139,287,769,1,6,0,24.84,1017.04,15.40,665.84,-0.33,0
272904,136,139,286,769,1,6,0,24.84,1017.04,15.39,665.84,-0.33,0
273900,137,140,287,771,1,6,0,24.84,1017.04,15.39,666.50,-0.33,0
274896,137,139,288,771,1,6,0,24.84,1017.04,15.38,664.52,-0.25,0
275892,138,139,290,772,1,6,0,24.84,1017.03,15.38,659.30,-0.25,0
276888,140,140,290,772,1,6,0,24.84,1017.03,15.38,663.21,-0.25,0
277884,141,140,292,771,1,6,0,24.84,1017.03,15.38,663.21,-0.33,0
278880,143,140,293,773,1,6,0,24.84,1017.04,15.38,663.21,-0.25,0
279876,144,140,295,774,1,6,0,24.84,1017.03,15.36,664.52,-0.25,0
280872,144,140,296,772,1,6,0,24.84,1017.03,15.37,661.90,-0.25,0
281868,145,140,296,773,1,6,0,24.84,1017.03,15.37,664.52,-0.33,0
282864,146,141,297,772,1,6,0,24.84,1017.04,15.36,663.21,-0.33,0
283860,147,141,298,773,1,6,0,24.84,1017.04,15.36,667.16,-0.33,0
284856,147,141,299,773,1,6,0,24.84,1017.04,15.36,665.84,-0.33,0
285852,147,141,299,772,1,6,0,24.84,1017.04,15.37,667.16,-0.25,0
286848,146,141,300,773,1,6,0,24.84,1017.03,15.38,669.82,-0.33,0
287844,147,142,300,772,1,6,0,24.84,1017.04,15.36,659.95,-0.33,0
288840,147,142,300,772,1,6,0,24.84,1017.04,15.36,668.49,-0.33,0
289836,146,142,300,772,1,6,0,24.84,1017.04,15.37,659.95,-0.33,0
290832,146,143,299,772,1,6,0,24.85,1017.04,15.36,662.55,-0.25,0
291828,146,142,300,772,1,6,0,24.85,1017.03,15.36,665.18,-0.25,0
292824,147,143,300,773,1,6,0,24.85,1017.03,15.35,665.84,-0.33,0
293820,149,143,301,773,1,6,0,24.85,1017.04,15.35,666.50,-0.33,0
294816,149,143,302,773,1,6,0,24.85,1017.04,15.35,666.50,-0.25,0
295812,149,143,303,772,1,6,0,24.85,1017.03,15.35,669.82,-0.33,0
296808,150,144,303,771,1,6,0,24.85,1017.04,15.35,661.90,-0.17,0
297804,150,143,303,772,1,6,0,24.85,1017.02,15.35,662.55,-0.25,0
298800,150,144,303,772,1,6,0,24.85,1017.03,15.34,667.16,-0.25,0
299796,149,144,303,771,1,6,0,24.85,1017.03,15.35,672.50,-0.33,0
300792,149,144,303,771,1,6,0,24.85,1017.04,15.35,666.50,-0.25,0
301788,147,144,302,772,1,7,0,24.85,1017.03,15.35,667.16,-0.17,0
302784,147,144,302,771,1,6,0,24.85,1017.02,15.33,664.52,-0.25,0
303780,146,145,301,771,1,6,0,24.85,1017.03,15.35,669.82,-0.25,0
304776,145,145,301,772,1,6,0,24.84,1017.03,15.34,669.82,-0.25,0
305772,145,145,300,772,1,6,0,24.84,1017.03,15.35,667.16,-0.25,0
306768,143,145,299,771,1,6,0,24.84,1017.03,15.35,667.16,-0.25,0
307764,143,145,299,771,1,6,0,24.84,1017.03,15.34,667.16,-0.25,0
308760,143,145,299,771,1,5,0,24.84,1017.03,15.34,663.21,-0.25,0
309756,142,145,298,771,1,6,0,24.84,1017.03,15.35,667.16,-0.33,0
310752,142,145,298,771,1,6,0,24.84,1017.04,15.36,669.15,-0.33,0
311748,141,145,297,771,1,6,0,24.84,1017.04,15.36,668.49,-0.25,0
312744,140,145,296,772,1,6,0,24.84,1017.03,15.35,667.16,-0.33,0
313740,140,145,295,771,1,6,0,24.84,1017.04,15.35,669.15,-0.33,0
314736,140,144,295,771,1,6,0,24.84,1017.04,15.36,667.16,-0.33,0
315732,140,145,296,772,1,6,0,24.84,1017.04,15.37,666.50,-0.33,0
316728,141,145,296,772,1,6,0,24.84,1017.04,15.35,667.16,-0.33,0
317724,142,145,296,772,1,6,0,24.84,1017.04,15.35,663.21,-0.33,0
318720,141,145,297,772,1,6,0,24.84,1017.04,15.35,664.52,-0.33,0
319716,141,145,297,772,1,6,0,24.85,1017.04,15.36,661.25,-0.25,0
320712,141,145,296,772,1,6,0,24.85,1017.03,15.36,663.86,-0.25,0
321708,141,145,296,772,1,6,0,24.85,1017.03,15.36,663.86,-0.25,0
322704,139,145,296,772,1,6,0,24.85,1017.03,15.35,666.50,-0.33,0
323700,139,145,295,771,1,7,0,24.85,1017.04,15.37,662.55,-0.33,0
324696,138,145,295,772,1,6,0,24.85,1017.04,15.36,665.84,-0.33,0
325692,137,145,294,771,1,6,0,24.85,1017.04,15.37,665.18,-0.33,0
326688,137,145,293,771,1,6,0,24.85,1017.04,15.38,664.52,-0.25,0
327684,136,145,293,771,1,6,0,24.85,1017.03,15.36,660.60,-0.33,0
328680,135,145,291,771,1,6,0,24.85,1017.04,15.39,665.18,-0.33,0
329676,134,145,291,771,1,6,0,24.85,1017.04,15.39,667.82,-0.33,0
330672,133,145,290,770,1,6,0,24.85,1017.04,15.39,661.25,-0.33,0