timestamp,NO2,C2H50H,VOC,CO,Alcohol,LPG,Benzene,Temperature,Pressure,Humidity,Gas_Resistance,Altitude,State-94.30
563736,34,71,59,790,1,8,0,24.64,1028.42,12.28,693.32,-94.30,1
564732,34,71,58,791,1,8,0,24.64,1028.42,12.26,697.64,-94.30,1
565728,35,71,59,792,1,8,0,24.64,1028.42,12.26,693.32,-94.22,1
566724,34,71,59,790,1,8,0,24.64,1028.41,12.25,694.04,-94.22,1
567720,35,71,59,790,1,8,0,24.64,1028.41,12.24,696.92,-94.22,1
568716,35,71,59,789,1,8,0,24.64,1028.41,12.22,697.64,-94.22,1
569712,35,71,59,789,1,9,0,24.64,1028.41,12.23,694.04,-94.30,1
570708,35,71,59,790,1,8,0,24.64,1028.42,12.21,697.64,-94.30,1
571704,36,71,58,790,1,8,0,24.64,1028.42,12.21,694.75,-94.30,1
572700,36,71,59,794,1,8,0,24.64,1028.42,12.23,689.05,-94.38,1
573696,37,72,59,799,1,8,0,24.64,1028.43,12.22,690.47,-94.38,1
574692,36,72,60,801,1,8,0,24.64,1028.43,12.21,696.92,-94.30,1
575688,37,72,60,803,1,9,0,24.63,1028.42,12.22,696.92,-94.30,1
576684,37,72,60,805,1,8,0,24.63,1028.42,12.22,691.18,-94.30,1
577680,38,73,61,804,1,8,0,24.63,1028.42,12.21,688.35,-94.22,1
578676,38,72,61,806,1,8,0,24.63,1028.41,12.20,690.47,-94.14,1
579672,38,73,61,807,1,8,0,24.63,1028.40,12.21,689.76,-94.22,1
580668,39,73,61,810,1,8,0,24.63,1028.41,12.21,699.09,-94.22,1
581664,39,73,60,810,1,8,0,24.63,1028.41,12.22,695.47,-94.22,1
582660,40,74,61,813,1,8,0,24.63,1028.41,12.21,691.18,-94.22,1
583656,40,75,62,815,1,8,0,24.63,1028.41,12.22,691.89,-94.30,1
584652,40,74,62,814,1,8,0,24.63,1028.42,12.21,692.61,-94.22,1
585648,40,75,62,813,1,8,0,24.63,1028.41,12.22,696.20,-94.22,1
586644,40,74,62,811,1,8,0,24.63,1028.41,12.21,690.47,-94.22,1
587640,40,74,62,809,1,8,0,24.63,1028.41,12.21,694.75,-94.14,1
588636,40,74,62,807,1,8,0,24.63,1028.40,12.22,691.18,-94.14,1
589632,40,74,62,805,1,8,0,24.63,1028.40,12.21,686.94,-94.14,1
590628,40,74,62,804,1,8,0,24.63,1028.40,12.22,699.09,-94.14,1
591624,39,74,62,802,1,8,0,24.63,1028.40,12.21,699.09,-94.22,1
592620,39,74,62,801,1,8,0,24.63,1028.41,12.22,696.20,-94.14,1
593616,39,74,62,800,1,8,0,24.63,1028.40,12.22,696.20,-94.22,1
594612,39,73,61,799,1,8,0,24.63,1028.41,12.22,696.92,-94.22,1
595608,39,73,62,798,1,8,0,24.63,1028.41,12.22,693.32,-94.14,1
596604,39,73,62,797,1,8,0,24.63,1028.40,12.22,691.89,-94.14,1
597600,39,74,61,796,1,8,0,24.63,1028.40,12.21,689.05,-94.14,1
598596,39,73,61,795,1,8,0,24.63,1028.40,12.22,697.64,-94.14,1
599592,38,73,61,794,1,8,0,24.63,1028.40,12.21,694.04,-94.14,1
0,38,73,62,793,1,9,0,24.63,1028.40,12.21,695.47,-94.14,1
996,39,73,62,796,1,8,0,24.55,1028.40,12.20,689.76,-94.14,1
1992,40,73,62,797,1,8,0,24.54,1028.40,12.22,693.32,-94.14,1
2988,40,73,63,798,1,8,0,24.54,1028.40,12.23,696.20,-94.14,1
3984,41,74,63,802,1,8,0,24.55,1028.40,12.23,693.32,-94.14,1
4980,41,74,64,804,1,8,0,24.56,1028.40,12.22,696.20,-94.05,1
5976,42,74,64,807,1,8,0,24.57,1028.39,12.22,690.47,-94.05,1
6972,42,74,64,808,1,8,0,24.58,1028.39,12.23,697.64,-93.97,1
7968,43,75,64,809,1,10,0,24.59,1028.38,12.22,694.75,-94.05,1
8964,42,75,63,807,1,8,0,24.59,1028.39,12.21,698.37,-94.05,1
9960,42,75,64,805,1,8,0,24.60,1028.39,12.20,696.92,-93.97,1
10956,41,75,64,804,1,8,0,24.60,1028.38,12.20,699.09,-93.97,1
11952,41,75,63,803,1,8,0,24.60,1028.38,12.20,697.64,-93.89,1
12948,42,75,64,801,1,9,0,24.61,1028.37,12.19,694.04,-93.89,1
13944,42,75,63,801,1,8,0,24.61,1028.37,12.19,697.64,-93.89,1
14940,42,74,64,801,1,8,0,24.61,1028.37,12.18,691.89,-93.97,1
15936,41,75,64,801,1,8,0,24.61,1028.38,12.18,691.89,-93.97,1
16932,41,74,63,800,1,9,0,24.61,1028.38,12.17,696.20,-93.97,1
17928,41,75,63,799,1,8,0,24.61,1028.38,12.18,697.64,-93.89,1
18924,41,75,64,799,1,8,0,24.62,1028.37,12.17,694.75,-93.97,1
19920,41,75,63,797,1,8,0,24.62,1028.38,12.18,696.92,-93.97,1
20916,41,74,63,797,1,9,0,24.62,1028.38,12.17,694.75,-93.97,1
21912,41,74,64,796,1,8,0,24.62,1028.38,12.18,696.20,-94.05,1
22908,41,74,63,796,1,9,0,24.63,1028.39,12.17,693.32,-93.97,0
23904,41,74,63,795,1,8,0,24.63,1028.38,12.19,694.04,-93.97,0
24900,41,75,62,794,1,9,0,24.63,1028.38,12.19,694.75,-93.97,0
25896,40,74,63,793,1,8,0,24.63,1028.38,12.20,698.37,-93.97,0
26892,41,74,63,793,1,8,0,24.63,1028.38,12.19,698.37,-93.97,0
27888,40,74,63,792,1,8,0,24.63,1028.38,12.20,699.82,-93.97,0
28884,40,74,63,792,1,8,0,24.63,1028.38,12.20,698.37,-93.97,0
29880,40,74,62,791,1,8,0,24.63,1028.38,12.21,696.20,-93.97,0
30876,40,74,63,789,0,8,0,24.63,1028.38,12.21,693.32,-93.89,0
31872,40,74,63,789,1,8,0,24.63,1028.37,12.20,695.47,-93.97,0
32868,40,74,62,789,1,8,0,24.63,1028.38,12.21,696.92,-93.89,0
33864,40,74,63,788,1,9,0,24.63,1028.37,12.21,701.28,-93.81,0
34860,39,73,62,788,1,9,0,24.63,1028.36,12.21,703.48,-93.81,0
35856,39,73,63,788,1,8,0,24.63,1028.36,12.21,695.47,-93.81,0
36852,39,73,62,787,1,9,0,24.63,1028.36,12.22,703.48,-93.81,0
37848,39,73,62,787,1,9,0,24.63,1028.36,12.22,701.28,-93.81,0
38844,39,73,62,787,1,9,0,24.63,1028.36,12.22,697.64,-93.81,0
39840,39,73,62,786,1,8,0,24.63,1028.36,12.22,699.09,-93.81,0
40836,39,73,63,785,1,8,0,24.63,1028.36,12.23,701.28,-93.73,0
41832,38,73,62,785,1,9,0,24.63,1028.35,12.23,701.28,-93.81,0
42828,39,73,62,785,1,8,0,24.63,1028.36,12.23,697.64,-93.81,0
43824,39,73,63,784,1,9,0,24.63,1028.36,12.22,700.55,-93.73,0
44820,39,73,62,784,1,8,0,24.63,1028.35,12.23,702.75,-93.64,0
45816,39,72,63,784,1,8,0,24.63,1028.34,12.23,707.19,-93.64,0
46812,39,73,62,783,1,9,0,24.62,1028.34,12.23,699.82,-93.64,0
47808,39,73,63,784,1,8,0,24.62,1028.34,12.23,701.28,-93.64,0
48804,39,72,62,783,1,8,0,24.62,1028.34,12.23,704.96,-93.64,0
49800,39,73,62,784,1,9,0,24.62,1028.34,12.22,696.92,-93.64,0
50796,38,72,62,783,1,8,0,24.63,1028.34,12.22,703.48,-93.64,0
51792,38,73,62,782,1,8,0,24.62,1028.34,12.21,706.44,-93.64,0
52788,38,73,62,781,1,8,0,24.63,1028.34,12.22,698.37,-93.56,0
53784,38,73,62,782,1,8,0,24.63,1028.33,12.22,706.44,-93.64,0
54780,38,73,61,782,1,9,0,24.63,1028.34,12.21,700.55,-93.64,0
55776,38,73,62,782,1,8,0,24.63,1028.34,12.22,701.28,-93.64,0
56772,37,73,62,782,1,9,0,24.63,1028.34,12.21,704.22,-93.56,0
57768,38,72,62,781,1,9,0,24.63,1028.33,12.22,702.01,-93.56,0
58764,38,73,61,781,1,10,0,24.63,1028.33,12.20,702.01,-93.56,0
59760,38,73,61,781,1,8,0,24.63,1028.33,12.21,707.19,-93.56,0
60756,38,73,62,781,1,8,0,24.63,1028.33,12.20,699.82,-93.48,0
61752,37,73,62,782,1,9,0,24.63,1028.32,12.21,696.92,-93.56,0
62748,38,72,62,782,1,8,0,24.63,1028.33,12.20,699.82,-93.56,0
63744,37,72,61,781,1,8,0,24.63,1028.33,12.21,707.93,-93.56,0
64740,37,72,62,780,1,9,0,24.63,1028.33,12.22,699.09,-93.48,0
65736,38,72,61,780,1,8,0,24.63,1028.32,12.21,699.09,-93.56,0
66732,37,72,61,780,1,8,0,24.63,1028.33,12.20,699.09,-93.56,0
67728,37,72,61,780,1,9,0,24.63,1028.33,12.22,698.37,-93.48,0
68724,37,72,61,781,1,8,0,24.63,1028.32,12.21,696.20,-93.48,0
69720,37,72,61,780,1,9,0,24.63,1028.32,12.20,702.01,-93.48,0
70716,37,72,61,780,1,8,0,24.63,1028.32,12.22,696.92,-93.40,0
71712,37,72,61,779,1,8,0,24.63,1028.31,12.20,697.64,-93.48,0
72708,36,72,61,779,1,8,0,24.63,1028.32,12.20,699.09,-93.48,0
73704,37,72,61,779,1,9,0,24.63,1028.32,12.21,702.75,-93.48,0
74700,37,72,61,779,1,8,0,24.63,1028.32,12.19,698.37,-93.48,0
75696,37,72,61,779,1,8,0,24.63,1028.32,12.19,702.75,-93.40,0
76692,36,72,60,779,1,8,0,24.63,1028.31,12.19,707.19,-93.40,0
77688,37,72,61,779,1,8,0,24.63,1028.31,12.19,702.01,-93.40,0
78684,36,71,61,779,1,8,0,24.63,1028.31,12.18,707.19,-93.40,0
79680,36,71,61,778,1,8,0,24.63,1028.31,12.18,704.22,-93.40,0
80676,36,72,61,779,1,9,0,24.63,1028.31,12.17,708.68,-93.40,0
81672,36,72,61,779,1,8,0,24.63,1028.31,12.17,699.82,-93.31,0
82668,36,72,61,779,1,8,0,24.63,1028.30,12.16,702.01,-93.23,0
83664,36,71,61,779,0,9,0,24.63,1028.29,12.16,709.43,-93.23,1
84660,36,72,61,781,1,8,0,24.63,1028.29,12.15,702.75,-93.23,1
85656,36,72,61,781,1,9,0,24.63,1028.29,12.14,702.75,-93.23,1
86652,36,72,61,781,1,8,0,24.63,1028.29,12.14,703.48,-93.15,1
87648,36,72,62,779,1,8,0,24.63,1028.28,12.13,702.01,-93.15,1
88644,36,71,61,779,1,8,0,24.63,1028.28,12.13,710.93,-93.07,1
89640,36,72,61,779,1,8,0,24.63,1028.27,12.12,710.93,-93.07,1
90636,36,72,61,779,1,8,0,24.63,1028.27,12.12,709.43,-93.07,1
91632,36,72,61,779,1,8,0,24.63,1028.27,12.12,711.68,-93.15,1
92628,37,72,61,779,1,8,0,24.63,1028.28,12.12,709.43,-93.15,1
93624,36,71,61,779,1,8,0,24.63,1028.28,12.12,710.93,-93.07,1
94620,36,72,62,780,1,8,0,24.63,1028.27,12.12,710.93,-93.07,1
95616,36,72,61,781,1,9,0,24.63,1028.27,12.12,708.68,-93.07,1
96612,36,72,62,781,1,8,0,24.62,1028.27,12.11,704.96,-92.99,1
97608,37,72,62,784,1,8,0,24.62,1028.26,12.11,708.68,-92.99,1
98604,38,72,63,786,1,8,0,24.62,1028.26,12.12,706.44,-92.99,1
99600,37,72,62,789,1,9,0,24.62,1028.26,12.12,707.19,-92.90,1
100596,38,72,62,789,1,8,0,24.62,1028.25,12.12,706.44,-92.90,1
101592,38,73,62,791,1,8,0,24.62,1028.25,12.11,707.93,-92.82,1
102588,39,72,63,795,1,9,0,24.63,1028.24,12.12,707.19,-92.82,1
103584,39,74,64,797,1,8,0,24.62,1028.24,12.11,708.68,-92.82,1
104580,39,74,64,796,1,8,0,24.62,1028.24,12.12,709.43,-92.74,1
105576,40,74,64,795,1,9,0,24.62,1028.23,12.12,707.93,-92.74,1
106572,40,74,64,793,1,8,0,24.62,1028.23,12.11,710.18,-92.74,1
107568,40,74,63,795,1,8,0,24.62,1028.23,12.11,707.93,-92.82,1
108564,40,74,63,794,1,8,0,24.62,1028.24,12.11,713.19,-92.74,1
109560,40,74,63,793,1,8,0,24.62,1028.23,12.10,713.19,-92.74,1
110556,40,74,64,793,1,8,0,24.62,1028.23,12.10,713.19,-92.74,1
111552,40,73,63,792,1,9,0,24.62,1028.23,12.10,710.93,-92.74,1
112548,39,74,64,792,1,9,0,24.62,1028.23,12.10,710.93,-92.66,1
113544,40,74,64,791,1,9,0,24.62,1028.22,12.10,710.93,-92.66,1
114540,40,74,64,791,1,9,0,24.62,1028.22,12.08,717.76,-92.66,1
115536,40,74,64,790,1,9,0,24.62,1028.22,12.09,711.68,-92.66,1
116532,39,73,63,790,1,9,0,24.62,1028.22,12.09,720.85,-92.66,1
117528,40,74,63,790,1,8,0,24.62,1028.22,12.08,715.47,-92.66,1
118524,39,73,63,789,1,8,0,24.62,1028.22,12.09,723.17,-92.66,1
119520,39,74,63,788,1,8,0,24.62,1028.22,12.09,720.07,-92.49,1
120516,38,73,63,788,1,8,0,24.62,1028.20,12.08,719.30,-92.57,1
121512,39,74,63,788,1,8,0,24.62,1028.21,12.09,720.85,-92.49,1
122508,40,74,63,788,1,8,0,24.62,1028.20,12.08,719.30,-92.49,1
123504,39,73,63,788,1,9,0,24.62,1028.20,12.08,720.07,-92.57,1
124500,39,74,64,788,1,8,0,24.62,1028.21,12.08,717.76,-92.57,1
125496,39,74,64,787,1,8,0,24.62,1028.21,12.09,717.76,-92.49,1
126492,39,74,63,786,1,8,0,24.62,1028.20,12.08,718.53,-92.57,1
127488,39,74,64,786,1,9,0,24.62,1028.21,12.10,715.47,-92.57,1
128484,39,74,63,785,1,8,0,24.62,1028.21,12.08,716.23,-92.49,1
129480,39,73,63,785,1,8,0,24.62,1028.20,12.08,717.00,-92.41,1
130476,39,73,63,786,1,9,0,24.62,1028.19,12.09,720.07,-92.33,1
131472,40,73,64,785,1,9,0,24.62,1028.18,12.09,717.00,-92.25,1
132468,39,74,64,786,1,9,0,24.62,1028.17,12.09,723.17,-92.25,1
133464,39,73,64,786,1,8,0,24.62,1028.17,12.10,714.71,-92.33,1
134460,40,73,64,786,1,8,0,24.62,1028.18,12.13,720.85,-92.33,1
135456,39,73,65,790,1,9,0,24.62,1028.18,12.11,722.39,-92.25,1
136452,40,74,64,792,1,9,0,24.62,1028.17,12.13,713.95,-92.25,1
137448,41,74,65,796,1,8,0,24.62,1028.17,12.15,715.47,-92.33,1
138444,41,74,66,799,1,9,0,24.62,1028.18,12.15,717.00,-92.25,1
139440,41,74,66,798,1,9,0,24.62,1028.17,12.16,722.39,-92.16,1
140436,41,75,65,799,1,8,0,24.62,1028.16,12.16,724.73,-92.25,1
141432,41,75,66,799,1,9,0,24.62,1028.17,12.16,724.73,-92.08,1
142428,41,76,67,800,1,9,0,24.62,1028.15,12.17,720.07,-92.16,1
143424,41,76,67,801,1,9,0,24.62,1028.16,12.16,719.30,-92.25,0
144420,42,76,67,799,1,8,0,24.62,1028.17,12.18,719.30,-92.16,0
145416,41,76,66,798,1,9,0,24.62,1028.16,12.18,727.09,-92.16,0
146412,41,76,67,797,1,9,0,24.62,1028.16,12.18,722.39,-92.16,0
147408,41,75,67,794,1,9,0,24.62,1028.16,12.18,727.09,-92.33,0
148404,42,75,66,793,1,9,0,24.62,1028.18,12.18,718.53,-92.25,0
149400,41,75,66,793,1,9,0,24.62,1028.17,12.20,721.62,-92.25,0
150396,41,75,66,791,1,8,0,24.62,1028.17,12.19,717.00,-92.25,0
151392,40,74,66,790,1,9,0,24.62,1028.17,12.18,723.95,-92.25,0
152388,41,75,66,790,1,8,0,24.62,1028.17,12.19,720.07,-92.25,0
153384,41,75,65,789,1,9,0,24.61,1028.17,12.17,720.07,-92.25,0
154380,40,74,65,787,1,11,0,24.61,1028.17,12.16,713.95,-92.25,0
155376,40,74,65,787,1,8,0,24.62,1028.17,12.17,717.00,-92.25,0
156372,40,74,65,787,1,9,0,24.62,1028.17,12.17,717.00,-92.25,0
157368,40,74,66,787,1,8,0,24.61,1028.17,12.18,717.76,-92.25,0
158364,40,74,65,786,1,8,0,24.61,1028.17,12.17,726.30,-92.33,0
159360,40,74,65,786,1,8,0,24.62,1028.18,12.18,723.95,-92.33,0
160356,40,74,65,785,1,8,0,24.61,1028.18,12.17,723.17,-92.41,0
161352,40,74,64,785,1,8,0,24.61,1028.19,12.16,725.52,-92.33,0
162348,40,74,65,785,1,9,0,24.61,1028.18,12.17,718.53,-92.33,0
163344,40,74,65,784,1,9,0,24.61,1028.18,12.16,723.95,-92.33,0
164340,39,73,64,784,1,9,0,24.61,1028.18,12.16,722.39,-92.33,0
165336,39,74,64,783,1,8,0,24.61,1028.18,12.16,723.95,-92.41,0
166332,39,73,64,783,1,8,0,24.61,1028.19,12.15,727.87,-92.41,0
167328,39,74,64,782,1,8,0,24.61,1028.19,12.15,723.95,-92.41,0
168324,39,74,64,783,1,8,0,24.61,1028.19,12.15,722.39,-92.41,0
169320,39,74,65,782,1,8,0,24.61,1028.19,12.14,725.52,-92.41,0
170316,39,73,64,782,1,9,0,24.61,1028.19,12.13,724.73,-92.41,0
171312,39,73,65,782,1,8,0,24.61,1028.19,12.13,726.30,-92.41,0
172308,39,73,65,782,1,8,0,24.61,1028.19,12.14,724.73,-92.33,0
173304,38,73,65,781,1,9,0,24.61,1028.18,12.14,729.46,-92.41,0
174300,38,73,64,781,1,8,0,24.61,1028.19,12.14,724.73,-92.41,0
175296,39,73,64,781,1,8,0,24.61,1028.19,12.13,729.46,-92.41,0
176292,38,73,65,781,1,8,0,24.61,1028.19,12.12,726.30,-92.49,0
177288,39,73,64,780,1,9,0,24.61,1028.20,12.12,731.04,-92.49,0
178284,38,73,64,780,1,8,0,24.61,1028.20,12.12,725.52,-92.49,0
179280,38,73,64,779,1,9,0,24.61,1028.20,12.12,722.39,-92.41,0
180276,38,72,64,779,1,8,0,24.61,1028.19,12.11,726.30,-92.41,0
181272,38,73,64,780,1,9,0,24.61,1028.19,12.11,726.30,-92.49,0
182268,38,73,64,779,1,9,0,24.61,1028.20,12.11,729.46,-92.41,0
183264,38,73,64,779,1,8,0,24.61,1028.19,12.10,724.73,-92.49,0
184260,38,73,64,779,1,8,0,24.61,1028.20,12.11,723.95,-92.49,0
185256,38,73,64,779,1,9,0,24.61,1028.20,12.10,726.30,-92.49,0
186252,37,72,63,779,1,8,0,24.61,1028.20,12.11,723.17,-92.57,0
187248,37,72,63,779,1,9,0,24.61,1028.21,12.10,726.30,-92.57,0
188244,37,73,64,779,1,8,0,24.61,1028.21,12.11,719.30,-92.57,0
189240,38,73,63,778,1,10,0,24.61,1028.21,12.10,725.52,-92.57,0
190236,38,73,63,779,1,8,0,24.61,1028.21,12.12,724.73,-92.66,0
191232,37,73,64,778,1,9,0,24.61,1028.22,12.12,723.17,-92.57,0
192228,37,73,63,778,1,8,0,24.61,1028.21,12.13,726.30,-92.57,0
193224,37,73,64,778,1,9,0,24.61,1028.21,12.13,721.62,-92.66,0
194220,38,73,64,778,1,8,0,24.61,1028.22,12.13,721.62,-92.57,0
195216,37,73,63,778,1,9,0,24.61,1028.21,12.13,716.23,-92.57,0
196212,37,73,63,778,1,9,0,24.61,1028.21,12.13,723.17,-92.57,0
197208,37,73,64,777,1,8,0,24.61,1028.21,12.13,721.62,-92.57,0
198204,37,73,63,777,1,9,0,24.61,1028.21,12.13,724.73,-92.57,0
199200,37,73,64,777,1,8,0,24.61,1028.21,12.14,716.23,-92.57,0
200196,37,73,63,777,1,9,0,24.61,1028.21,12.14,717.00,-92.57,0
201192,36,72,63,776,1,9,0,24.61,1028.21,12.14,716.23,-92.57,0
202188,37,73,63,776,1,9,0,24.61,1028.21,12.15,714.71,-92.66,0
203184,36,72,63,776,1,8,0,24.61,1028.22,12.15,720.85,-92.66,0
204180,37,72,63,776,1,9,0,24.60,1028.22,12.12,724.73,-92.66,0
205176,36,72,63,776,1,8,0,24.60,1028.22,12.13,720.07,-92.74,0
206172,37,72,63,776,1,8,0,24.60,1028.23,12.12,718.53,-92.82,0
207168,37,72,62,776,1,8,0,24.60,1028.24,12.13,720.07,-92.74,0
208164,37,72,63,776,1,9,0,24.60,1028.23,12.12,723.17,-92.74,0
209160,36,72,63,776,1,9,0,24.60,1028.23,12.11,723.95,-92.74,0
210156,36,72,62,775,1,8,0,24.60,1028.23,12.10,727.87,-92.74,0
211152,36,72,63,776,1,9,0,24.60,1028.23,12.10,721.62,-92.74,0
212148,36,72,63,776,1,8,0,24.60,1028.23,12.08,722.39,-92.82,0
213144,36,72,63,776,1,9,0,24.60,1028.24,12.09,725.52,-92.74,0
214140,36,72,62,776,1,9,0,24.60,1028.23,12.09,723.95,-92.74,0
215136,36,72,62,776,1,8,0,24.60,1028.23,12.08,723.95,-92.82,0
216132,36,72,63,776,1,9,0,24.60,1028.24,12.08,723.95,-92.82,0
217128,36,72,62,776,0,8,0,24.60,1028.24,12.07,726.30,-92.82,0
218124,36,72,63,776,1,8,0,24.60,1028.24,12.07,722.39,-92.90,0
219120,35,72,62,776,1,8,0,24.60,1028.25,12.06,726.30,-92.90,0
220116,36,72,63,776,1,9,0,24.60,1028.25,12.07,724.73,-92.82,0
221112,35,72,63,775,1,9,0,24.60,1028.24,12.06,726.30,-92.82,0
222108,36,72,63,776,1,9,0,24.60,1028.24,12.06,723.17,-92.90,0
223104,36,72,62,775,1,9,0,24.60,1028.25,12.06,727.87,-92.90,1
224100,35,72,62,776,1,8,0,24.60,1028.25,12.05,727.87,-92.99,1
225096,35,72,63,776,1,10,0,24.60,1028.26,12.06,729.46,-92.99,1
226092,35,72,63,776,1,8,0,24.60,1028.26,12.07,727.87,-93.07,1
227088,35,72,62,777,1,9,0,24.60,1028.27,12.07,720.85,-92.99,1
228084,35,72,62,776,1,9,0,24.60,1028.26,12.07,724.73,-93.07,1
229080,36,72,62,776,1,9,0,24.60,1028.27,12.09,723.17,-93.23,1
230076,36,72,62,779,1,8,0,24.59,1028.29,12.10,719.30,-93.23,1
231072,37,72,63,781,1,9,0,24.59,1028.29,12.11,723.17,-93.31,1
232068,37,72,64,782,1,9,0,24.59,1028.30,12.13,721.62,-93.31,1
233064,36,73,64,783,1,9,0,24.59,1028.30,12.14,731.04,-93.23,1
234060,37,73,64,785,1,9,0,24.59,1028.29,12.14,724.73,-93.23,1
235056,37,73,65,785,1,8,0,24.59,1028.29,12.16,727.09,-93.23,1
236052,37,73,64,786,1,9,0,24.59,1028.29,12.17,724.73,-93.23,1
237048,38,74,64,787,1,8,0,24.60,1028.29,12.19,720.07,-93.15,1
238044,38,73,65,786,1,9,0,24.59,1028.28,12.19,723.95,-93.15,1
239040,39,73,64,786,1,8,0,24.60,1028.28,12.20,722.39,-93.15,1
240036,39,73,65,786,1,8,0,24.59,1028.28,12.19,723.17,-93.15,1
241032,38,73,64,785,1,8,0,24.59,1028.28,12.19,723.17,-93.07,1
242028,38,73,64,784,1,8,0,24.59,1028.27,12.19,727.09,-93.15,1
243024,38,73,64,785,1,9,0,24.59,1028.28,12.19,724.73,-93.23,1
244020,38,73,65,785,1,9,0,24.59,1028.29,12.17,724.73,-93.15,1
245016,39,73,65,787,1,8,0,24.59,1028.28,12.16,720.07,-93.15,1
246012,39,74,65,788,1,8,0,24.59,1028.28,12.15,727.09,-93.15,1
247008,40,74,64,787,1,9,0,24.59,1028.28,12.17,728.66,-93.15,1
248004,40,74,64,786,1,8,0,24.59,1028.28,12.15,729.46,-93.23,1
249000,40,74,65,786,1,9,0,24.59,1028.29,12.14,728.66,-93.23,1
249996,40,74,65,786,1,8,0,24.59,1028.29,12.14,729.46,-93.23,1
250992,40,74,65,787,1,9,0,24.59,1028.29,12.13,734.24,-93.23,1
251988,40,74,65,786,1,8,0,24.59,1028.29,12.12,737.46,-93.31,1
252984,41,75,66,787,1,9,0,24.59,1028.30,12.12,733.44,-93.23,1
253980,41,75,66,790,1,8,0,24.59,1028.29,12.10,731.04,-93.31,1
254976,41,75,66,795,1,8,0,24.59,1028.30,12.09,731.04,-93.31,1
255972,42,75,66,796,1,8,0,24.59,1028.30,12.09,734.24,-93.31,1
256968,42,75,67,797,1,9,0,24.59,1028.30,12.09,732.64,-93.31,1
257964,42,76,67,797,1,8,0,24.59,1028.30,12.09,732.64,-93.31,1
258960,43,75,67,798,1,8,0,24.59,1028.30,12.09,738.27,-93.31,1
259956,42,76,68,800,1,8,0,24.59,1028.30,12.07,730.25,-93.31,1
260952,43,76,68,802,1,8,0,24.59,1028.30,12.07,735.85,-93.31,1
261948,43,76,68,801,1,9,0,24.59,1028.30,12.07,728.66,-93.40,1
262944,44,76,69,802,1,8,0,24.59,1028.31,12.07,733.44,-93.31,1
263940,44,76,69,801,1,8,0,24.59,1028.30,12.06,733.44,-93.40,1
264936,45,76,69,805,1,10,0,24.59,1028.31,12.05,737.46,-93.40,0
265932,44,77,70,805,1,9,0,24.59,1028.31,12.07,734.24,-93.31,0
266928,44,77,70,805,1,9,0,24.59,1028.30,12.08,735.04,-93.31,0
267924,44,77,70,804,1,9,0,24.59,1028.30,12.06,727.87,-93.40,0
268920,44,77,70,802,1,9,0,24.59,1028.31,12.07,732.64,-93.31,0
269916,44,77,70,802,1,9,0,24.59,1028.30,12.06,737.46,-93.40,0
270912,44,77,70,800,1,9,0,24.58,1028.31,12.07,736.65,-93.40,0
271908,44,77,70,799,1,8,0,24.58,1028.31,12.06,733.44,-93.48,0
272904,43,77,70,798,1,9,0,24.58,1028.32,12.08,738.27,-93.40,0
273900,43,76,69,795,1,9,0,24.58,1028.31,12.08,733.44,-93.48,0
274896,43,76,69,794,1,9,0,24.59,1028.32,12.08,734.24,-93.48,0
275892,43,76,68,792,1,8,0,24.59,1028.32,12.09,736.65,-93.56,0
276888,43,76,68,792,1,9,0,24.59,1028.33,12.09,737.46,-93.56,0
277884,43,75,68,791,1,9,0,24.59,1028.33,12.09,732.64,-93.56,0
278880,43,76,68,790,1,9,0,24.59,1028.33,12.09,734.24,-93.64,0
279876,43,75,68,788,1,8,0,24.59,1028.34,12.10,736.65,-93.64,0
280872,42,75,68,789,1,9,0,24.59,1028.34,12.10,735.85,-93.64,0
281868,42,75,68,788,1,8,0,24.59,1028.34,12.11,730.25,-93.73,0
282864,42,75,68,787,1,9,0,24.59,1028.35,12.09,735.04,-93.64,0
283860,42,75,68,787,1,9,0,24.59,1028.34,12.10,737.46,-93.73,0
284856,42,75,68,786,1,8,0,24.59,1028.35,12.11,735.85,-93.73,0
285852,41,75,68,785,1,9,0,24.59,1028.35,12.11,735.85,-93.73,0
286848,42,75,68,785,1,9,0,24.59,1028.35,12.11,735.85,-93.64,0
287844,42,75,68,784,1,8,0,24.59,1028.34,12.09,731.04,-93.73,0
288840,42,74,68,784,1,9,0,24.59,1028.35,12.10,737.46,-93.73,0
289836,41,75,68,784,1,9,0,24.59,1028.35,12.11,732.64,-93.73,0
290832,41,75,67,784,1,8,0,24.59,1028.35,12.10,739.08,-93.81,0
291828,41,74,67,783,1,8,0,24.59,1028.36,12.10,737.46,-93.81,0
292824,41,75,67,782,1,9,0,24.59,1028.36,12.11,732.64,-93.81,0
293820,41,75,68,782,1,9,0,24.59,1028.36,12.09,738.27,-93.81,0
294816,41,74,68,782,1,8,0,24.59,1028.36,12.10,732.64,-93.81,0
295812,41,74,67,782,1,8,0,24.59,1028.36,12.08,741.53,-93.89,0
296808,41,75,67,782,1,9,0,24.60,1028.37,12.08,738.27,-93.89,0
297804,41,74,67,781,1,9,0,24.60,1028.37,12.08,735.85,-93.97,0
298800,41,74,67,781,1,9,0,24.60,1028.38,12.07,737.46,-93.97,0
299796,40,74,67,781,1,8,0,24.60,1028.38,12.08,741.53,-93.89,0
300792,41,74,67,781,1,8,0,24.60,1028.37,12.08,739.90,-93.89,0
301788,40,74,67,780,1,9,0,24.60,1028.37,12.05,740.71,-93.97,0
302784,39,74,66,780,1,8,0,24.60,1028.38,12.07,739.08,-93.89,0
303780,40,74,67,780,1,10,0,24.60,1028.37,12.07,739.90,-93.97,0
304776,40,74,67,780,1,8,0,24.60,1028.38,12.06,737.46,-93.97,0
305772,40,74,66,780,1,8,0,24.60,1028.38,12.05,739.90,-93.97,0
306768,40,74,67,780,1,8,0,24.60,1028.38,12.05,742.35,-93.97,0
307764,40,74,67,779,1,8,0,24.60,1028.38,12.05,740.71,-94.05,0
308760,40,73,67,780,1,8,0,24.60,1028.39,12.04,740.71,-93.97,0
309756,39,74,67,779,1,8,0,24.60,1028.38,12.05,737.46,-93.89,0
310752,40,74,66,779,1,8,0,24.60,1028.37,12.05,734.24,-93.89,0
311748,40,73,67,779,1,10,0,24.60,1028.37,12.05,735.04,-93.97,0
312744,40,73,66,779,1,8,0,24.60,1028.38,12.05,737.46,-93.97,0
313740,39,73,67,779,1,8,0,24.60,1028.38,12.06,738.27,-93.97,0
314736,40,74,67,779,1,8,0,24.60,1028.38,12.04,741.53,-93.89,0
315732,39,74,66,779,1,8,0,24.60,1028.37,12.06,737.46,-93.97,0
316728,39,73,66,778,1,8,0,24.60,1028.38,12.06,736.65,-93.89,0
317724,39,73,67,778,1,8,0,24.60,1028.37,12.05,735.85,-93.89,0
318720,39,73,66,778,1,8,0,24.60,1028.37,12.06,732.64,-93.89,0
319716,38,73,67,778,1,8,0,24.60,1028.37,12.06,739.08,-93.97,0
320712,39,73,66,778,1,8,0,24.60,1028.38,12.06,737.46,-93.97,0
321708,39,74,66,777,1,9,0,24.60,1028.38,12.05,737.46,-93.97,0
322704,38,73,66,778,1,8,0,24.60,1028.38,12.06,740.71,-93.97,1
323700,39,74,67,781,1,9,0,24.60,1028.38,12.07,738.27,-94.05,1
324696,40,74,66,783,1,8,0,24.60,1028.39,12.07,737.46,-94.05,1
325692,39,74,67,783,1,8,0,24.60,1028.39,12.08,741.53,-93.97,1
326688,40,74,67,781,1,8,0,24.60,1028.38,12.09,740.71,-93.97,1
327684,39,74,67,781,1,8,0,24.60,1028.38,12.09,735.85,-93.97,1
328680,39,74,67,780,1,8,0,24.60,1028.38,12.11,740.71,-93.97,1
329676,39,73,67,779,1,8,0,24.60,1028.38,12.10,735.85,-93.97,1
330672,40,73,66,779,1,8,0,24.60,1028.38,12.13,739.90,-93.97,1
331668,40,74,66,779,1,8,0,24.60,1028.38,12.12,735.85,-94.05,1
332664,40,74,67,779,1,8,0,24.60,1028.39,12.14,740.71,-94.05,1
333660,40,74,67,780,1,8,0,24.60,1028.39,12.13,744.82,-94.05,1
334656,40,74,67,781,1,8,0,24.60,1028.39,12.14,741.53,-94.05,1
335652,40,74,67,780,1,8,0,24.60,1028.39,12.14,739.90,-94.05,1
336648,40,74,67,782,1,8,0,24.60,1028.39,12.14,747.31,-94.05,1
337644,40,74,68,784,1,8,0,24.59,1028.39,12.14,736.65,-93.97,1
338640,41,75,68,787,1,8,0,24.59,1028.38,12.14,739.90,-93.97,1
339636,41,75,68,786,1,10,0,24.59,1028.38,12.14,744.00,-93.97,1
340632,41,74,68,787,1,8,0,24.59,1028.38,12.12,739.08,-93.97,1
341628,41,74,69,788,1,8,0,24.59,1028.38,12.13,742.35,-93.97,1
342624,42,75,69,789,1,8,0,24.59,1028.38,12.13,744.82,-93.97,1
343620,42,75,69,792,1,8,0,24.59,1028.38,12.11,742.35,-93.97,1
344616,42,75,69,794,1,7,0,24.59,1028.38,12.11,742.35,-93.97,1
345612,42,75,68,792,1,8,0,24.59,1028.38,12.09,743.17,-93.97,1
346608,43,76,69,795,1,8,0,24.59,1028.38,12.08,745.65,-93.97,1
347604,43,75,69,796,1,8,0,24.59,1028.38,12.08,744.82,-93.97,1
348600,44,75,70,795,1,8,0,24.59,1028.38,12.08,745.65,-93.97,1
349596,44,76,70,794,1,8,0,24.59,1028.38,12.08,744.00,-93.97,1
350592,44,76,70,793,1,8,0,24.59,1028.38,12.08,748.14,-93.97,1
351588,45,76,70,792,1,8,0,24.59,1028.38,12.07,746.48,-93.97,1
352584,44,76,70,790,1,8,0,24.59,1028.38,12.07,748.14,-93.89,1
353580,44,76,70,789,1,8,0,24.59,1028.37,12.06,746.48,-93.89,1
354576,44,75,70,790,1,8,0,24.59,1028.37,12.05,752.33,-93.89,1
355572,44,75,70,788,1,8,0,24.59,1028.37,12.06,747.31,-93.97,1
356568,44,75,70,787,1,8,0,24.59,1028.38,12.06,748.14,-93.97,1
357564,43,75,70,787,1,8,0,24.59,1028.38,12.06,754.01,-93.97,1
358560,43,75,69,786,1,8,0,24.59,1028.38,12.06,744.82,-93.97,1
359556,44,75,69,786,1,8,0,24.59,1028.38,12.06,746.48,-93.97,1
360552,44,75,69,785,1,8,0,24.59,1028.38,12.05,749.30,-93.97,1
361548,43,75,70,785,1,8,0,24.59,1028.38,12.05,747.31,-93.89,1
362544,44,75,69,785,1,8,0,24.59,1028.37,12.05,745.65,-93.89,1
363540,43,75,70,784,1,8,0,24.59,1028.37,12.07,745.65,-93.81,1
364536,43,75,70,783,1,8,0,24.59,1028.36,12.06,748.97,-93.89,1
365532,43,75,69,783,1,8,0,24.59,1028.37,12.05,748.97,-93.81,1
366528,43,75,70,783,1,8,0,24.59,1028.36,12.05,748.97,-93.81,1
367524,43,75,70,783,1,8,0,24.59,1028.36,12.05,747.31,-93.81,1
368520,43,75,70,783,1,8,0,24.59,1028.36,12.05,745.65,-93.81,1
369516,43,75,70,782,1,8,0,24.59,1028.36,12.05,747.31,-93.89,1
370512,44,75,69,784,1,8,0,24.59,1028.37,12.06,748.97,-93.81,1
371508,44,75,70,784,1,8,0,24.59,1028.36,12.05,744.82,-93.81,1
372504,44,75,70,783,1,8,0,24.59,1028.36,12.04,745.65,-93.81,1
373500,43,75,69,783,1,8,0,24.59,1028.36,12.05,745.65,-93.81,1
374496,43,75,70,784,1,8,0,24.59,1028.36,12.06,745.65,-93.81,1
375492,44,75,70,783,0,8,0,24.59,1028.36,12.05,745.65,-93.81,1
376488,43,75,70,783,1,8,0,24.59,1028.36,12.06,744.00,-93.89,1
377484,43,75,71,784,1,8,0,24.59,1028.37,12.05,747.31,-93.81,1
378480,43,75,70,785,1,8,0,24.59,1028.36,12.06,742.35,-93.73,1
379476,43,75,71,785,1,9,0,24.59,1028.35,12.05,743.17,-93.64,1
380472,44,75,71,786,1,8,0,24.59,1028.34,12.05,743.17,-93.73,1
381468,43,75,70,785,1,8,0,24.59,1028.35,12.05,745.65,-93.64,1
382464,44,75,70,785,1,8,0,24.59,1028.34,12.06,739.90,-93.73,1
383460,44,75,70,784,1,8,0,24.59,1028.35,12.05,743.17,-93.73,1
384456,43,75,70,786,1,8,0,24.59,1028.35,12.06,739.08,-93.73,1
385452,43,75,70,785,1,8,0,24.59,1028.35,12.05,739.08,-93.73,0
386448,43,75,70,785,1,9,0,24.59,1028.35,12.05,744.82,-93.64,0
387444,43,75,71,786,1,8,0,24.59,1028.34,12.05,745.65,-93.64,0
388440,43,75,70,786,1,8,0,24.59,1028.34,12.05,738.27,-93.64,0
389436,43,75,70,786,1,8,0,24.59,1028.34,12.05,742.35,-93.56,0
390432,43,75,70,786,1,8,0,24.59,1028.33,12.06,739.90,-93.64,0
391428,43,75,70,785,1,8,0,24.59,1028.34,12.06,742.35,-93.64,0
392424,43,75,70,784,1,8,0,24.59,1028.34,12.07,739.08,-93.73,0
393420,43,75,70,783,1,9,0,24.59,1028.35,12.06,739.90,-93.64,0
394416,42,74,70,783,1,8,0,24.59,1028.34,12.07,741.53,-93.64,0
395412,42,75,70,782,1,9,0,24.59,1028.34,12.07,742.35,-93.56,0
396408,43,74,70,782,1,9,0,24.59,1028.33,12.07,745.65,-93.64,0
397404,43,75,70,781,1,9,0,24.59,1028.34,12.08,745.65,-93.73,0
398400,42,74,70,781,1,8,0,24.59,1028.35,12.09,742.35,-93.73,0
399396,42,74,69,780,1,8,0,24.59,1028.35,12.09,739.08,-93.64,0
400392,42,74,69,780,1,9,0,24.59,1028.34,12.10,744.00,-93.64,0
401388,42,74,69,780,1,9,0,24.59,1028.34,12.10,744.82,-93.56,0
402384,42,74,70,780,1,8,0,24.59,1028.33,12.10,743.17,-93.56,0
403380,42,74,70,780,1,8,0,24.59,1028.33,12.09,746.48,-93.64,0
404376,42,74,69,779,1,9,0,24.59,1028.34,12.09,748.97,-93.64,0
405372,41,74,69,779,1,8,0,24.59,1028.34,12.09,743.17,-93.56,0
406368,42,74,69,779,1,8,0,24.59,1028.33,12.09,747.31,-93.56,0
407364,42,74,69,779,1,8,0,24.59,1028.33,12.10,744.82,-93.56,0
408360,42,74,69,779,1,8,0,24.59,1028.33,12.10,741.53,-93.56,0
409356,42,74,69,779,1,8,0,24.58,1028.33,12.09,744.00,-93.56,0
410352,42,74,68,779,1,9,0,24.58,1028.33,12.10,743.17,-93.56,0
411348,42,74,69,779,1,8,0,24.58,1028.33,12.09,744.82,-93.56,0
412344,41,74,69,778,1,8,0,24.58,1028.33,12.09,742.35,-93.48,0
413340,42,74,69,778,1,8,0,24.58,1028.32,12.10,740.71,-93.40,0
414336,41,74,69,777,1,8,0,24.59,1028.31,12.10,744.82,-93.40,0
415332,42,74,69,777,1,8,0,24.59,1028.31,12.11,743.17,-93.40,0
416328,41,74,69,778,1,8,0,24.59,1028.31,12.10,742.35,-93.48,0
417324,41,74,69,777,1,8,0,24.59,1028.32,12.12,747.31,-93.40,0
418320,41,74,69,777,1,8,0,24.59,1028.31,12.12,739.08,-93.40,0
419316,42,74,68,776,1,9,0,24.59,1028.31,12.13,742.35,-93.40,0
420312,41,74,69,777,1,8,0,24.59,1028.31,12.13,734.24,-93.31,0
421308,41,74,69,777,1,8,0,24.59,1028.30,12.14,739.08,-93.23,0
422304,41,74,69,776,1,8,0,24.59,1028.29,12.15,739.08,-93.23,0
423300,41,73,69,776,1,8,0,24.59,1028.29,12.15,744.82,-93.23,0
424296,42,74,69,777,1,8,0,24.59,1028.29,12.16,737.46,-93.31,0
425292,41,74,69,776,1,8,0,24.60,1028.30,12.16,739.08,-93.31,0
426288,41,74,68,776,1,8,0,24.60,1028.30,12.16,742.35,-93.31,0
427284,41,74,69,776,1,8,0,24.60,1028.30,12.17,743.17,-93.31,0
428280,41,74,69,776,1,8,0,24.60,1028.30,12.17,737.46,-93.23,0
429276,41,73,68,775,1,8,0,24.59,1028.29,12.16,736.65,-93.31,0
430272,41,73,69,775,1,8,0,24.59,1028.30,12.17,735.85,-93.31,0
431268,41,74,69,775,1,9,0,24.59,1028.30,12.17,738.27,-93.23,0
432264,41,74,69,775,1,9,0,24.59,1028.29,12.18,734.24,-93.23,0
433260,41,74,69,775,1,8,0,24.59,1028.29,12.18,739.08,-93.23,0
434256,40,73,68,775,1,8,0,24.59,1028.29,12.17,740.71,-93.23,0
435252,41,74,68,774,1,9,0,24.59,1028.29,12.18,736.65,-93.23,0
436248,40,74,68,775,1,8,0,24.59,1028.29,12.18,739.08,-93.15,0
437244,41,74,68,775,1,8,0,24.59,1028.28,12.19,737.46,-93.15,0
438240,41,73,68,774,1,8,0,24.59,1028.28,12.18,738.27,-93.15,0
439236,41,73,68,775,1,8,0,24.59,1028.28,12.17,739.08,-93.07,0
440232,40,73,68,775,1,8,0,24.59,1028.27,12.17,735.85,-93.07,0
441228,40,73,68,774,1,8,0,24.59,1028.27,12.17,739.08,-93.07,0
442224,40,73,68,775,1,8,0,24.59,1028.27,12.18,739.90,-92.99,0
443220,40,73,68,775,1,8,0,24.59,1028.26,12.17,745.65,-92.99,0
444216,41,73,68,775,1,8,0,24.59,1028.26,12.16,747.31,-92.99,0
445212,40,73,68,775,1,8,0,24.59,1028.26,12.15,743.17,-92.99,0
446208,40,73,68,774,1,8,0,24.59,1028.26,12.14,740.71,-92.99,0
447204,40,73,68,774,1,8,0,24.59,1028.26,12.13,743.17,-92.99,0
448200,40,73,67,774,1,8,0,24.59,1028.26,12.14,743.17,-92.99,0
449196,40,73,68,775,1,8,0,24.59,1028.26,12.13,748.97,-92.99,0
450192,40,73,68,775,1,8,0,24.59,1028.26,12.12,741.53,-92.90,0
451188,40,73,67,775,1,8,0,24.59,1028.25,12.11,744.82,-92.90,0
452184,39,73,67,774,1,8,0,24.59,1028.25,12.11,741.53,-92.82,0
453180,40,72,68,774,1,8,0,24.59,1028.24,12.11,741.53,-92.82,0
454176,40,73,67,775,1,8,0,24.59,1028.24,12.11,748.14,-92.82,0
455172,39,73,68,774,1,8,0,24.59,1028.24,12.10,740.71,-92.90,1
456168,39,72,67,774,1,8,0,24.59,1028.25,12.09,750.64,-92.82,1
457164,40,72,67,774,1,9,0,24.59,1028.24,12.10,744.00,-92.82,1
458160,39,73,68,774,1,8,0,24.58,1028.24,12.10,742.35,-92.82,1
459156,39,73,68,774,1,8,0,24.58,1028.24,12.09,742.35,-92.90,1
460152,40,73,68,774,1,8,0,24.58,1028.25,12.09,743.17,-92.90,1
461148,40,73,67,774,1,8,0,24.58,1028.25,12.10,744.00,-92.82,1
462144,40,73,67,773,1,8,0,24.58,1028.24,12.09,748.47,-92.82,1
463140,39,73,67,774,1,8,0,24.58,1028.24,12.10,743.17,-92.82,1
464136,39,72,67,774,1,8,0,24.58,1028.24,12.10,742.35,-92.82,1
465132,39,73,68,774,1,7,0,24.58,1028.24,12.11,748.14,-92.74,1
466128,39,72,67,774,1,8,0,24.58,1028.23,12.11,747.31,-92.74,1
467124,39,73,68,774,1,8,0,24.58,1028.23,12.12,750.64,-92.66,1
468120,39,73,68,774,1,8,0,24.58,1028.22,12.11,741.53,-92.66,1
469116,39,72,68,773,1,8,0,24.58,1028.22,12.12,742.35,-92.66,1
470112,39,72,67,774,1,8,0,24.58,1028.22,12.12,742.35,-92.82,1
471108,39,73,68,774,1,7,0,24.58,1028.24,12.12,744.00,-92.82,1
472104,39,73,68,774,1,7,0,24.58,1028.24,12.12,741.53,-92.82,1
473100,39,73,67,774,1,8,0,24.58,1028.24,12.12,739.90,-92.90,1
474096,39,73,68,774,1,8,0,24.58,1028.25,12.12,743.17,-92.90,1
475092,39,73,68,774,1,8,0,24.58,1028.25,12.11,740.71,-92.90,1
476088,39,73,67,774,1,8,0,24.58,1028.25,12.13,739.90,-92.82,1
477084,39,73,68,774,1,9,0,24.58,1028.24,12.12,740.71,-92.82,1
478080,39,73,68,773,1,8,0,24.58,1028.24,12.13,742.35,-92.74,1
479076,39,72,67,774,1,7,0,24.58,1028.23,12.13,745.65,-92.82,1
480072,38,72,67,773,1,8,0,24.58,1028.24,12.13,744.00,-92.74,1
481068,39,73,67,774,1,8,0,24.58,1028.23,12.13,740.71,-92.74,1
482064,38,72,67,773,1,8,0,24.58,1028.23,12.12,744.82,-92.82,1
483060,39,72,67,772,1,8,0,24.58,1028.24,12.12,747.31,-92.74,1
484056,39,73,67,773,1,8,0,24.58,1028.23,12.13,743.17,-92.74,1
485052,39,72,67,773,1,8,0,24.58,1028.23,12.13,745.65,-92.74,1
486048,39,72,67,773,1,8,0,24.58,1028.23,12.13,741.53,-92.74,1
487044,39,72,67,772,1,8,0,24.58,1028.23,12.13,744.82,-92.74,1
488040,39,72,67,773,1,7,0,24.58,1028.23,12.13,740.71,-92.82,1
489036,38,72,67,773,1,8,0,24.58,1028.24,12.13,745.65,-92.82,1
490032,39,72,67,773,1,8,0,24.58,1028.24,12.12,744.82,-92.74,1
491028,39,72,67,774,1,8,0,24.58,1028.23,12.14,746.48,-92.82,1
492024,38,72,66,772,1,8,0,24.59,1028.24,12.13,739.08,-92.74,1
493020,39,73,68,773,1,8,0,24.59,1028.23,12.13,738.27,-92.82,1
494016,39,72,67,773,1,8,0,24.59,1028.24,12.13,739.90,-92.82,1
495012,39,72,68,773,1,8,0,24.59,1028.24,12.14,738.27,-92.82,1
496008,39,72,67,773,1,8,0,24.59,1028.24,12.14,739.90,-92.82,1
497004,38,72,68,773,1,8,0,24.59,1028.24,12.13,745.65,-92.90,1
498000,39,73,67,773,1,8,0,24.59,1028.25,12.14,741.53,-92.82,1
498996,39,72,68,774,1,8,0,24.59,1028.24,12.15,739.08,-92.90,1
499992,39,72,68,773,1,8,0,24.59,1028.25,12.16,740.71,-92.90,1
500988,39,72,67,773,1,8,0,24.59,1028.25,12.16,739.08,-92.99,1
501984,39,73,67,773,1,8,0,24.59,1028.26,12.17,742.35,-92.99,1
502980,39,72,68,773,1,8,0,24.59,1028.26,12.16,735.85,-92.99,1
503976,39,72,67,773,1,8,0,24.59,1028.26,12.17,739.08,-92.99,1
504972,39,72,68,773,1,8,0,24.58,1028.26,12.18,742.35,-92.99,0
505968,39,72,68,773,1,8,0,24.58,1028.26,12.17,744.82,-92.99,0
506964,39,72,68,773,1,9,0,24.58,1028.26,12.18,735.85,-92.99,0
507960,39,72,67,772,1,9,0,24.58,1028.26,12.18,736.65,-92.99,0
508956,39,72,67,773,1,8,0,24.58,1028.26,12.19,742.35,-92.99,0
509952,38,72,67,773,1,8,0,24.58,1028.26,12.17,739.90,-92.99,0
510948,39,72,67,772,1,8,0,24.58,1028.26,12.16,744.82,-93.07,0
511944,39,72,68,773,1,8,0,24.58,1028.27,12.17,739.08,-92.99,0
512940,39,72,68,773,1,8,0,24.58,1028.26,12.17,741.53,-92.99,0
513936,39,72,67,773,1,7,0,24.58,1028.26,12.18,744.82,-93.07,0
514932,39,72,68,774,1,8,0,24.58,1028.27,12.16,744.00,-93.07,0
515928,39,72,68,772,1,9,0,24.58,1028.27,12.16,739.90,-93.07,0
516924,39,71,67,773,1,8,0,24.58,1028.27,12.16,739.08,-92.99,0
517920,39,72,68,773,1,8,0,24.58,1028.26,12.16,737.46,-93.07,0
518916,39,72,67,772,1,8,0,24.58,1028.27,12.15,735.85,-93.07,0
519912,39,72,68,772,1,8,0,24.58,1028.27,12.15,740.71,-92.99,0
520908,39,71,67,773,1,8,0,24.57,1028.26,12.15,735.04,-92.99,0
521904,38,72,67,773,1,8,0,24.57,1028.26,12.14,747.31,-92.99,0
522900,39,72,67,772,1,8,0,24.57,1028.26,12.15,735.85,-92.99,0
523896,38,72,67,773,1,8,0,24.57,1028.26,12.15,739.08,-93.07,0
524892,39,72,67,773,1,7,0,24.57,1028.27,12.15,734.24,-92.99,0
525888,38,72,67,773,1,8,0,24.57,1028.26,12.17,738.27,-92.99,0
526884,39,72,67,774,1,8,0,24.57,1028.26,12.16,737.46,-92.99,0
527880,38,72,67,774,1,8,0,24.57,1028.26,12.18,735.85,-92.99,0
528876,38,72,67,775,1,8,0,24.57,1028.26,12.19,740.71,-92.99,0
529872,38,72,67,775,1,8,0,24.57,1028.26,12.20,737.46,-92.99,0
530868,38,72,67,775,1,8,0,24.57,1028.26,12.21,737.46,-92.99,0
531864,39,72,67,775,1,8,0,24.56,1028.26,12.22,740.71,-92.90,0
532860,38,72,67,775,1,8,0,24.56,1028.25,12.24,737.46,-92.99,0
533856,38,72,67,776,1,7,0,24.56,1028.26,12.25,732.64,-92.90,0
534852,38,72,67,775,1,8,0,24.56,1028.25,12.26,742.35,-92.90,0
535848,38,72,67,775,1,8,0,24.56,1028.25,12.29,737.46,-92.90,0
536844,38,72,67,775,1,8,0,24.56,1028.25,12.31,734.24,-92.99,0
537840,38,72,67,775,1,8,0,24.56,1028.26,12.31,736.65,-92.90,0
538836,38,72,67,775,1,7,0,24.56,1028.25,12.32,735.85,-92.99,0
539832,38,72,67,775,1,8,0,24.56,1028.26,12.33,741.53,-92.99,0
540828,37,72,66,775,1,8,0,24.56,1028.26,12.33,735.85,-93.07,0
541824,38,72,67,774,1,8,0,24.55,1028.27,12.32,737.46,-93.07,0
542820,38,72,67,775,1,8,0,24.55,1028.27,12.34,743.17,-92.99,0
543816,38,72,67,775,1,8,0,24.55,1028.26,12.34,739.08,-93.07,0
544812,38,72,67,775,1,7,0,24.55,1028.27,12.34,735.85,-93.07,0
545808,38,72,66,776,1,7,0,24.55,1028.27,12.37,735.85,-93.07,0
546804,38,72,67,775,1,8,0,24.55,1028.27,12.37,734.24,-93.15,0
547800,38,72,66,776,1,9,0,24.55,1028.28,12.38,735.85,-93.15,0
548796,38,72,66,775,1,8,0,24.55,1028.28,12.39,737.46,-93.15,0
549792,38,72,67,776,1,8,0,24.55,1028.28,12.41,739.90,-93.15,0
550788,38,72,67,776,1,8,0,24.55,1028.28,12.41,735.04,-93.15,0
551784,38,72,67,776,1,8,0,24.55,1028.28,12.42,735.04,-93.15,0
552780,38,72,67,776,1,8,0,24.55,1028.28,12.45,734.24,-93.15,0
553776,38,72,67,776,1,8,0,24.55,1028.28,12.46,735.04,-93.15,0
554772,38,72,67,776,1,8,0,24.55,1028.28,12.47,735.85,-93.23,0
555768,38,72,67,775,1,8,0,24.55,1028.29,12.49,739.08,-93.23,0
556764,38,72,67,776,1,8,0,24.55,1028.29,12.51,737.46,-93.23,0
557760,37,72,67,775,1,8,0,24.55,1028.29,12.51,737.46,-93.15,0
558756,38,71,67,775,1,8,0,24.55,1028.28,12.52,735.85,-93.15,0
559752,37,72,66,775,1,8,0,24.55,1028.28,12.54,734.24,-93.23,0
560748,38,72,67,775,1,8,0,24.55,1028.29,12.54,740.71,-93.23,0
561744,37,72,67,775,1,8,0,24.55,1028.29,12.55,736.65,-93.23,0
562740,37,72,66,775,1,8,0,24.55,1028.29,12.56,734.24,-93.23,0
563736,37,72,66,775,1,8,0,24.55,1028.29,12.56,738.27,-93.23,1
564732,38,72,67,777,1,8,0,24.55,1028.29,12.56,731.04,-93.23,1
565728,37,73,68,781,1,8,0,24.55,1028.29,12.57,733.44,-93.23,1
566724,38,73,68,782,1,8,0,24.55,1028.29,12.55,734.24,-93.31,1
567720,38,73,67,783,1,8,0,24.55,1028.30,12.54,733.44,-93.40,1
568716,38,73,67,781,1,8,0,24.55,1028.31,12.55,735.04,-93.40,1
569712,38,72,68,780,1,8,0,24.55,1028.31,12.54,735.85,-93.31,1
570708,38,72,67,779,1,8,0,24.55,1028.30,12.55,733.44,-93.31,1
571704,38,73,67,779,1,8,0,24.55,1028.30,12.53,732.64,-93.40,1
572700,38,72,67,778,1,8,0,24.55,1028.31,12.53,732.64,-93.31,1
573696,38,72,67,778,1,8,0,24.55,1028.30,12.51,738.27,-93.31,1
574692,38,72,66,778,1,8,0,24.55,1028.30,12.53,742.35,-93.48,1
575688,38,72,67,777,1,8,0,24.55,1028.32,12.51,732.64,-93.48,1
576684,38,72,67,778,1,8,0,24.55,1028.32,12.51,729.46,-93.40,1
577680,38,72,67,777,1,8,0,24.55,1028.31,12.52,738.27,-93.48,1
578676,38,72,67,776,1,8,0,24.55,1028.32,12.51,736.65,-93.48,1
579672,38,72,67,776,1,8,0,24.55,1028.32,12.50,740.71,-93.48,1
580668,38,72,67,776,1,8,0,24.55,1028.32,12.51,735.04,-93.48,1
581664,38,72,67,777,1,8,0,24.55,1028.32,12.50,740.71,-93.56,1
582660,39,72,67,776,1,8,0,24.55,1028.33,12.50,739.90,-93.56,1
583656,39,72,67,777,1,8,0,24.55,1028.33,12.49,739.08,-93.56,1
584652,38,72,67,776,1,8,0,24.55,1028.33,12.48,735.04,-93.56,1
585648,38,72,67,776,1,8,0,24.55,1028.33,12.47,739.08,-93.56,1
586644,39,72,68,776,1,8,0,24.55,1028.33,12.46,740.71,-93.64,1
587640,38,72,67,775,1,8,0,24.55,1028.34,12.46,742.35,-93.73,1
588636,38,72,67,775,1,8,0,24.55,1028.35,12.45,737.46,-93.73,1
589632,39,72,67,774,1,8,0,24.55,1028.35,12.43,739.08,-93.73,1
590628,39,72,68,774,1,8,0,24.55,1028.35,12.45,739.90,-93.73,1
591624,38,72,67,774,1,8,0,24.55,1028.35,12.44,742.35,-93.73,1
592620,38,72,67,775,1,8,0,24.55,1028.35,12.43,742.35,-93.73,1
593616,38,72,67,776,1,8,0,24.55,1028.35,12.42,738.27,-93.73,1
594612,39,73,68,777,1,8,0,24.55,1028.35,12.42,739.08,-93.73,1
595608,39,73,68,779,1,8,0,24.55,1028.35,12.41,737.46,-93.73,1
596604,39,72,68,779,1,8,0,24.55,1028.35,12.42,742.35,-93.73,1
597600,39,73,68,780,1,8,0,24.55,1028.35,12.42,738.27,-93.73,1
598596,40,73,69,783,1,8,0,24.55,1028.35,12.41,740.71,-93.73,1
599592,40,73,69,784,1,8,0,24.55,1028.35,12.41,739.08,-93.81,1
0,40,74,69,785,1,8,0,24.55,1028.36,12.41,740.71,-93.89,1
996,41,73,70,786,1,8,0,24.47,1028.37,12.40,741.53,-93.97,1
1992,41,74,70,787,1,8,0,24.46,1028.38,12.42,735.85,-93.97,1
2988,42,74,70,787,1,8,0,24.47,1028.38,12.43,735.85,-93.97,1
3984,42,73,70,788,1,8,0,24.48,1028.38,12.43,738.27,-94.05,1
4980,42,73,70,788,1,9,0,24.49,1028.39,12.43,739.08,-94.05,1
5976,41,74,70,788,1,8,0,24.50,1028.39,12.41,742.35,-94.05,1
6972,42,74,71,789,1,8,0,24.51,1028.39,12.40,742.35,-93.97,1
7968,43,74,71,788,1,8,0,24.52,1028.38,12.38,739.08,-94.05,1
8964,43,74,71,789,1,8,0,24.52,1028.39,12.39,739.90,-94.05,1
9960,43,74,72,790,1,8,0,24.53,1028.39,12.39,739.08,-94.14,1
10956,43,74,72,791,1,8,0,24.54,1028.40,12.37,742.35,-94.05,1
11952,43,74,72,791,1,8,0,24.54,1028.39,12.36,742.35,-94.14,1
12948,43,74,72,790,1,8,0,24.54,1028.40,12.34,742.35,-94.14,1
13944,43,75,72,789,1,8,0,24.54,1028.40,12.33,741.53,-94.14,1
14940,43,74,72,789,1,8,0,24.55,1028.40,12.33,740.71,-94.22,1
15936,43,74,72,788,1,8,0,24.55,1028.41,12.33,743.17,-94.14,1
16932,42,74,72,787,1,8,0,24.55,1028.40,12.32,735.85,-94.14,1
17928,42,74,72,787,1,8,0,24.55,1028.40,12.33,743.17,-94.14,1
18924,43,74,72,787,1,8,0,24.55,1028.40,12.35,743.17,-94.14,1
19920,42,74,71,786,1,8,0,24.55,1028.40,12.35,748.97,-94.22,1
20916,42,74,72,789,1,8,0,24.55,1028.41,12.35,743.17,-94.30,0
21912,43,75,72,787,1,8,0,24.55,1028.42,12.36,744.82,-94.22,0
22908,43,74,72,786,1,8,0,24.55,1028.41,12.37,745.65,-94.22,0
23904,43,74,72,785,1,8,0,24.55,1028.41,12.37,745.65,-94.22,0
24900,42,74,71,785,1,8,0,24.55,1028.41,12.38,744.00,-94.14,0
25896,43,74,71,784,1,9,0,24.55,1028.40,12.38,746.48,-94.22,0
26892,43,74,72,784,1,8,0,24.55,1028.41,12.40,744.00,-94.14,0
27888,42,74,72,785,1,9,0,24.55,1028.40,12.42,746.48,-94.22,0
28884,42,74,71,784,1,8,0,24.55,1028.41,12.43,741.53,-94.22,0
29880,42,74,71,784,1,8,0,24.55,1028.41,12.45,747.31,-94.22,0
30876,42,74,72,783,1,8,0,24.55,1028.41,12.47,743.17,-94.22,0
31872,42,74,71,783,1,9,0,24.55,1028.41,12.49,748.14,-94.22,0
32868,42,74,71,784,1,8,0,24.55,1028.41,12.50,744.00,-94.30,0
33864,42,74,71,784,1,8,0,24.55,1028.42,12.52,746.48,-94.30,0
34860,41,74,71,783,1,8,0,24.55,1028.42,12.53,739.08,-94.30,0
35856,41,74,71,784,1,8,0,24.55,1028.42,12.55,745.65,-94.38,0
36852,42,74,71,783,1,8,0,24.55,1028.43,12.54,741.53,-94.30,0
37848,41,74,70,784,1,8,0,24.55,1028.42,12.56,739.90,-94.38,0
38844,42,74,70,784,1,9,0,24.55,1028.43,12.56,743.17,-94.30,0
39840,42,74,71,783,0,8,0,24.55,1028.42,12.56,739.90,-94.38,0
40836,41,73,70,783,1,8,0,24.55,1028.43,12.57,742.35,-94.38,0
41832,41,74,70,782,1,9,0,24.55,1028.43,12.58,742.35,-94.46,0
42828,41,74,71,782,1,8,0,24.55,1028.44,12.59,742.35,-94.46,0
43824,41,73,70,781,1,9,0,24.55,1028.44,12.57,734.24,-94.46,0
44820,41,73,71,782,1,8,0,24.55,1028.44,12.57,740.71,-94.55,0
45816,41,73,71,781,1,8,0,24.55,1028.45,12.57,735.85,-94.63,0
46812,40,74,70,780,1,8,0,24.55,1028.46,12.56,734.24,-94.63,0
47808,40,73,70,780,1,9,0,24.55,1028.46,12.56,735.85,-94.55,0
48804,41,73,70,779,1,8,0,24.55,1028.45,12.56,740.71,-94.63,0
49800,41,73,70,780,1,8,0,24.55,1028.46,12.55,737.46,-94.63,0
50796,41,73,70,780,1,9,0,24.55,1028.46,12.53,741.53,-94.63,0
51792,41,73,70,779,1,8,0,24.55,1028.46,12.52,739.08,-94.63,0
52788,41,73,71,779,1,9,0,24.55,1028.46,12.52,740.71,-94.71,0
53784,40,73,70,779,1,8,0,24.55,1028.47,12.52,745.65,-94.71,0
54780,41,73,70,778,1,8,0,24.55,1028.47,12.51,745.65,-94.63,0
55776,41,73,70,779,1,8,0,24.55,1028.46,12.51,742.35,-94.63,0
56772,41,73,70,778,1,8,0,24.55,1028.46,12.50,746.48,-94.63,0
57768,41,73,70,778,1,9,0,24.55,1028.46,12.51,745.65,-94.79,0
58764,40,72,70,778,1,9,0,24.55,1028.48,12.49,743.17,-94.79,0
59760,41,73,70,778,1,9,0,24.55,1028.48,12.49,745.65,-94.79,0
60756,40,73,70,778,1,9,0,24.55,1028.48,12.49,744.00,-94.79,0
61752,40,73,70,778,1,8,0,24.55,1028.48,12.49,746.48,-94.88,0
62748,41,73,70,777,1,8,0,24.55,1028.49,12.48,740.71,-94.88,0
63744,41,73,70,777,1,8,0,24.55,1028.49,12.49,745.65,-94.88,0
64740,40,72,70,777,1,9,0,24.55,1028.49,12.48,748.97,-94.96,0
65736,40,73,70,777,0,8,0,24.55,1028.50,12.47,741.53,-95.04,0
66732,40,73,69,777,1,8,0,24.55,1028.51,12.47,744.82,-95.04,0
67728,40,73,70,776,1,8,0,24.56,1028.51,12.47,751.49,-95.04,0
68724,40,73,70,776,1,9,0,24.56,1028.51,12.47,739.90,-95.04,0
69720,40,73,69,776,1,9,0,24.56,1028.51,12.46,742.35,-95.04,0
70716,40,73,70,776,1,8,0,24.56,1028.51,12.46,746.48,-95.04,0
71712,40,73,69,776,1,8,0,24.56,1028.51,12.45,743.17,-95.12,0
72708,39,73,69,776,1,9,0,24.56,1028.52,12.45,742.35,-95.04,0
73704,39,73,69,775,1,8,0,24.56,1028.51,12.45,739.08,-95.04,0
74700,39,72,69,775,1,9,0,24.56,1028.51,12.45,740.71,-95.04,0
75696,39,72,69,776,1,9,0,24.56,1028.51,12.45,748.14,-95.04,0
76692,39,72,69,776,1,10,0,24.56,1028.51,12.44,746.48,-95.12,0
77688,39,72,70,776,1,8,0,24.56,1028.52,12.43,744.00,-95.12,0
78684,39,73,69,775,1,8,0,24.56,1028.52,12.43,741.53,-95.12,0
79680,39,72,69,775,1,8,0,24.56,1028.52,12.43,742.35,-95.12,0
80676,39,72,69,775,1,8,0,24.56,1028.52,12.42,745.65,-95.21,0
81672,39,73,69,775,1,8,0,24.56,1028.53,12.42,742.35,-95.29,1
82668,39,73,69,776,1,9,0,24.56,1028.54,12.42,744.00,-95.37,1
83664,39,73,69,777,1,9,0,24.56,1028.55,12.42,744.00,-95.45,1
84660,39,73,68,779,1,8,0,24.56,1028.56,12.42,746.48,-95.37,1
85656,39,73,69,779,1,9,0,24.56,1028.55,12.41,745.65,-95.29,1
86652,39,72,69,778,1,9,0,24.56,1028.54,12.39,741.53,-95.37,1
87648,38,73,69,779,1,9,0,24.56,1028.55,12.41,746.48,-95.29,1
88644,39,73,69,780,1,10,0,24.56,1028.54,12.39,745.65,-95.29,1
89640,39,73,70,779,1,9,0,24.56,1028.54,12.39,744.82,-95.37,1
90636,39,73,70,780,1,9,0,24.56,1028.55,12.40,743.17,-95.45,1
91632,39,72,70,781,1,8,0,24.56,1028.56,12.40,747.31,-95.53,1
92628,39,73,70,780,1,9,0,24.56,1028.57,12.41,746.48,-95.53,1
93624,39,73,70,780,1,8,0,24.56,1028.57,12.40,747.31,-95.53,1
94620,39,73,70,780,1,8,0,24.56,1028.57,12.40,747.31,-95.53,1
95616,40,73,70,781,1,7,0,24.56,1028.57,12.41,747.31,-95.62,1
96612,40,73,70,780,1,8,0,24.56,1028.58,12.41,744.00,-95.45,1
97608,40,73,70,781,1,8,0,24.56,1028.56,12.42,744.82,-95.45,1
98604,40,73,70,782,1,9,0,24.56,1028.56,12.42,741.53,-95.37,1
99600,40,74,71,782,1,9,0,24.57,1028.55,12.42,742.35,-95.37,1
100596,41,74,70,783,1,8,0,24.57,1028.55,12.42,751.49,-95.29,1
101592,41,74,71,784,1,8,0,24.57,1028.54,12.43,744.00,-95.29,1
102588,41,74,70,783,1,8,0,24.57,1028.54,12.42,746.48,-95.37,1
103584,41,73,71,783,1,8,0,24.57,1028.55,12.42,745.65,-95.37,1
104580,41,74,71,782,1,9,0,24.57,1028.55,12.42,747.31,-95.37,1
105576,41,74,71,783,1,9,0,24.57,1028.55,12.41,744.82,-95.29,1
106572,41,73,71,782,1,9,0,24.57,1028.54,12.41,745.65,-95.37,1
107568,41,74,71,780,1,8,0,24.57,1028.55,12.41,746.48,-95.45,1
108564,41,73,71,780,1,8,0,24.57,1028.56,12.40,745.65,-95.45,1
109560,41,74,70,780,1,9,0,24.57,1028.56,12.39,744.00,-95.45,1
110556,41,73,70,780,1,8,0,24.57,1028.56,12.38,747.31,-95.45,1
111552,41,73,71,780,1,8,0,24.57,1028.56,12.37,744.00,-95.45,1
112548,41,73,71,781,1,8,0,24.57,1028.56,12.38,751.49,-95.45,1
113544,42,74,71,782,1,8,0,24.57,1028.56,12.37,745.65,-95.37,1
114540,42,74,71,783,1,8,0,24.57,1028.55,12.37,747.31,-95.37,1
115536,42,73,71,783,1,9,0,24.57,1028.55,12.36,745.65,-95.45,1
116532,42,74,71,782,1,9,0,24.57,1028.56,12.37,744.00,-95.45,1
117528,41,74,71,781,1,9,0,24.57,1028.56,12.36,747.31,-95.53,1
118524,41,73,71,781,1,8,0,24.57,1028.57,12.36,748.14,-95.45,1
119520,41,74,71,781,1,8,0,24.57,1028.56,12.35,748.14,-95.45,1
120516,42,74,71,781,1,8,0,24.57,1028.56,12.35,748.97,-95.37,1
121512,41,73,71,781,1,8,0,24.57,1028.55,12.35,744.00,-95.53,1
122508,41,74,71,781,1,8,0,24.57,1028.57,12.34,746.48,-95.53,1
123504,42,74,71,782,1,9,0,24.57,1028.57,12.34,746.48,-95.53,1
124500,41,74,71,782,1,9,0,24.57,1028.57,12.33,748.97,-95.45,1
125496,41,74,71,782,1,9,0,24.57,1028.56,12.33,747.31,-95.45,1
126492,41,74,71,782,1,9,0,24.57,1028.56,12.33,747.31,-95.45,1
127488,41,74,71,782,1,10,0,24.57,1028.56,12.32,745.65,-95.45,1
128484,41,73,71,781,1,9,0,24.57,1028.56,12.32,747.31,-95.45,1
129480,41,74,70,780,1,9,0,24.57,1028.56,12.32,746.48,-95.45,1
130476,41,74,71,780,1,10,0,24.58,1028.56,12.31,747.31,-95.45,1
131472,41,74,71,780,1,8,0,24.58,1028.56,12.31,752.33,-95.45,1
132468,41,74,71,780,1,8,0,24.58,1028.56,12.31,754.01,-95.45,1
133464,41,74,71,781,1,8,0,24.58,1028.56,12.30,752.33,-95.45,1
134460,41,74,71,782,1,10,0,24.58,1028.56,12.30,748.97,-95.37,1
135456,41,74,71,782,1,9,0,24.58,1028.55,12.30,747.31,-95.53,1
136452,41,74,71,782,1,8,0,24.58,1028.57,12.29,745.65,-95.62,1
137448,41,73,71,781,1,8,0,24.58,1028.58,12.28,748.89,-95.70,1
138444,41,74,71,781,1,8,0,24.58,1028.59,12.28,748.97,-95.78,1
139440,41,74,72,782,1,8,0,24.58,1028.60,12.27,748.97,-95.94,1
140436,41,74,71,783,1,8,0,24.58,1028.62,12.27,744.00,-95.94,1
141432,41,74,72,781,1,8,0,24.58,1028.62,12.26,754.01,-95.78,1
142428,41,74,72,783,1,8,0,24.58,1028.60,12.27,753.17,-95.78,1
143424,41,74,72,784,1,9,0,24.58,1028.60,12.26,748.47,-95.86,1
144420,42,74,72,784,1,8,0,24.58,1028.61,12.25,749.72,-95.86,1
145416,42,74,72,785,1,9,0,24.58,1028.61,12.25,748.05,-95.86,1
146412,42,74,72,785,1,8,0,24.58,1028.61,12.24,748.47,-95.86,1
147408,42,74,73,785,1,8,0,24.58,1028.61,12.25,747.31,-95.78,1
148404,42,75,73,786,1,8,0,24.58,1028.60,12.24,748.14,-95.78,1
149400,43,74,72,785,1,8,0,24.58,1028.60,12.25,750.14,-95.78,1
150396,42,74,73,786,1,8,0,24.58,1028.60,12.25,748.14,-95.78,1
151392,43,75,73,787,1,8,0,24.58,1028.60,12.24,748.97,-95.70,0
152388,42,74,73,787,1,8,0,24.58,1028.59,12.24,751.49,-95.86,0
153384,42,75,74,787,1,8,0,24.58,1028.61,12.25,747.31,-95.78,0
154380,43,75,73,786,1,8,0,24.58,1028.60,12.25,752.66,-95.78,0
155376,42,75,73,784,1,8,0,24.58,1028.60,12.25,747.31,-95.70,0
156372,43,75,73,784,1,7,0,24.58,1028.59,12.25,747.31,-95.62,0
157368,42,74,72,783,1,8,0,24.58,1028.58,12.26,747.31,-95.62,0
158364,42,75,73,783,1,9,0,24.58,1028.58,12.26,747.31,-95.53,0
159360,42,74,72,782,1,8,0,24.57,1028.57,12.25,745.65,-95.62,0
160356,42,74,73,782,1,8,0,24.57,1028.58,12.25,747.64,-95.62,0
161352,42,74,72,780,1,8,0,24.57,1028.58,12.27,750.14,-95.70,0
162348,42,74,72,780,1,8,0,24.57,1028.59,12.26,742.35,-95.70,0
163344,41,74,72,781,1,7,0,24.57,1028.59,12.26,742.35,-95.78,0
164340,41,74,72,781,1,7,0,24.56,1028.60,12.27,742.35,-95.78,0
165336,41,74,72,780,1,7,0,24.56,1028.60,12.27,742.35,-95.86,0
166332,41,74,71,779,1,7,0,24.56,1028.61,12.27,742.35,-95.86,0
167328,41,74,72,779,1,7,0,24.55,1028.61,12.28,748.14,-95.86,0
168324,40,74,72,778,1,7,0,24.55,1028.61,12.30,736.65,-95.94,0
169320,41,74,72,779,1,7,0,24.55,1028.62,12.30,744.82,-95.86,0
170316,41,74,72,778,1,7,0,24.55,1028.61,12.29,737.46,-95.86,0
171312,40,74,72,778,1,7,0,24.55,1028.61,12.30,741.53,-95.78,0
172308,40,74,72,778,1,7,0,24.55,1028.60,12.30,744.82,-95.86,0
173304,41,74,72,777,1,7,0,24.55,1028.61,12.31,739.08,-95.86,0
174300,41,74,72,778,1,7,0,24.55,1028.61,12.31,744.82,-95.86,0
175296,40,73,72,778,1,7,0,24.54,1028.61,12.31,742.35,-95.94,0
176292,40,74,71,777,1,7,0,24.54,1028.62,12.31,744.00,-95.86,0
177288,40,73,72,777,1,7,0,24.54,1028.61,12.32,740.71,-95.86,0
178284,40,73,71,777,1,7,0,24.54,1028.61,12.32,744.00,-95.86,0
179280,40,73,72,777,1,7,0,24.54,1028.61,12.31,744.82,-95.86,0
180276,40,74,72,776,1,7,0,24.54,1028.61,12.31,737.46,-95.86,0
181272,40,73,72,776,1,7,0,24.54,1028.61,12.31,744.82,-95.94,0
182268,40,73,71,776,1,7,0,24.54,1028.62,12.31,735.04,-95.94,0
183264,40,73,71,775,1,7,0,24.54,1028.62,12.31,740.71,-95.94,0
184260,39,74,71,775,1,7,0,24.54,1028.62,12.30,739.90,-95.94,0
185256,40,74,71,775,1,8,0,24.55,1028.62,12.31,739.08,-95.94,0
186252,40,73,71,774,1,7,0,24.55,1028.62,12.30,740.71,-95.94,0
187248,39,73,71,775,1,7,0,24.55,1028.62,12.31,734.24,-95.94,0
188244,39,73,71,774,1,7,0,24.55,1028.62,12.30,735.04,-96.03,0
189240,40,73,71,774,1,7,0,24.55,1028.63,12.30,733.44,-96.03,0
190236,40,73,71,774,1,7,0,24.55,1028.63,12.31,742.35,-96.03,0
191232,39,73,70,775,1,7,0,24.55,1028.63,12.30,741.53,-96.03,0
192228,39,73,71,774,1,7,0,24.55,1028.63,12.30,742.35,-96.03,0
193224,39,73,71,774,1,7,0,24.55,1028.63,12.28,742.35,-96.03,0
194220,38,73,71,773,1,8,0,24.55,1028.63,12.26,744.00,-96.03,0
195216,39,73,70,774,1,7,0,24.55,1028.63,12.25,748.97,-95.94,0
196212,39,73,70,774,1,7,0,24.54,1028.62,12.25,744.82,-95.86,0
197208,38,74,72,780,1,7,0,24.54,1028.61,12.23,746.48,-95.94,0
198204,39,73,72,781,1,7,0,24.54,1028.62,12.23,743.17,-95.94,0
199200,39,74,71,783,2,7,0,24.54,1028.62,12.21,745.65,-96.03,0
200196,38,74,72,783,1,7,0,24.54,1028.63,12.22,749.81,-96.03,0
201192,39,74,71,781,1,7,0,24.54,1028.63,12.21,746.48,-96.03,0
202188,39,74,70,780,1,7,0,24.54,1028.63,12.21,747.31,-96.03,1
203184,39,73,70,779,1,7,0,24.54,1028.63,12.22,747.31,-96.03,1
204180,39,74,70,779,1,7,0,24.54,1028.63,12.21,748.97,-96.03,1
205176,39,73,70,778,1,7,0,24.54,1028.63,12.21,747.64,-96.03,1
206172,39,74,71,778,1,7,0,24.54,1028.63,12.21,746.48,-96.03,1
207168,39,73,70,777,1,7,0,24.54,1028.63,12.22,747.31,-95.94,1
208164,39,73,70,777,1,7,0,24.54,1028.62,12.23,748.97,-95.94,1
209160,39,73,70,776,1,7,0,24.54,1028.62,12.23,748.97,-95.94,1
210156,39,73,70,776,1,8,0,24.54,1028.62,12.23,748.97,-96.03,1
211152,39,73,71,776,1,7,0,24.54,1028.63,12.23,747.31,-95.94,1
212148,38,73,71,776,1,7,0,24.54,1028.62,12.24,748.14,-96.03,1
213144,39,72,71,775,1,7,0,24.54,1028.63,12.25,748.97,-95.94,1
214140,38,73,70,776,1,8,0,24.54,1028.62,12.25,747.31,-96.03,1
215136,38,73,70,775,1,7,0,24.54,1028.63,12.24,748.14,-95.94,1
216132,39,73,70,775,1,7,0,24.54,1028.62,12.24,748.89,-95.94,1
217128,38,73,70,775,1,7,0,24.54,1028.62,12.24,751.82,-95.94,1
218124,38,72,70,774,1,7,0,24.54,1028.62,12.25,748.97,-96.03,1
219120,38,73,70,775,1,7,0,24.54,1028.63,12.24,748.89,-96.03,1
220116,38,73,70,775,1,7,0,24.54,1028.63,12.24,749.30,-96.03,1
221112,38,73,70,775,1,7,0,24.54,1028.63,12.24,750.56,-96.03,1
222108,38,73,70,774,1,7,0,24.54,1028.63,12.24,748.05,-96.03,1
223104,37,73,70,774,1,7,0,24.54,1028.63,12.25,749.30,-96.03,1
224100,38,72,70,774,1,7,0,24.54,1028.63,12.25,749.72,-96.03,1
225096,38,73,70,774,1,7,0,24.54,1028.63,12.25,748.97,-95.94,1
226092,38,73,70,775,1,7,0,24.54,1028.62,12.24,748.05,-95.94,1
227088,38,73,70,775,1,8,0,24.54,1028.62,12.24,747.31,-95.94,1
228084,38,73,70,775,1,7,0,24.54,1028.62,12.24,748.89,-95.86,1
229080,38,73,70,776,1,7,0,24.54,1028.61,12.24,750.14,-95.86,1
230076,38,73,70,776,1,7,0,24.54,1028.61,12.23,748.47,-95.86,1
231072,38,73,70,775,1,7,0,24.54,1028.61,12.23,749.30,-95.94,1
232068,38,73,70,775,1,7,0,24.54,1028.62,12.24,749.72,-96.03,1
233064,38,73,70,775,1,7,0,24.54,1028.63,12.24,751.82,-95.94,1
234060,38,72,70,774,1,7,0,24.54,1028.62,12.23,748.47,-95.94,1
235056,38,72,70,774,1,7,0,24.54,1028.62,12.24,748.05,-96.03,1
236052,38,73,70,774,1,7,0,24.54,1028.63,12.25,748.05,-95.94,1
237048,38,73,70,774,1,7,0,24.54,1028.62,12.24,748.05,-95.94,1
238044,38,73,69,774,1,7,0,24.54,1028.62,12.25,750.14,-96.03,1
239040,38,73,69,775,1,7,0,24.54,1028.63,12.26,748.97,-95.86,1
240036,38,72,70,775,1,7,0,24.54,1028.61,12.26,748.14,-95.94,1
241032,38,73,70,776,0,7,0,24.54,1028.62,12.26,748.05,-95.86,1
242028,38,73,70,775,1,7,0,24.54,1028.61,12.27,744.82,-95.78,1
243024,37,72,70,775,1,7,0,24.54,1028.60,12.26,745.65,-95.78,1
244020,38,72,70,775,1,7,0,24.54,1028.60,12.27,738.27,-95.78,1
245016,38,73,70,775,1,7,0,24.54,1028.60,12.25,745.65,-95.70,1
246012,37,73,69,774,1,7,0,24.54,1028.59,12.27,746.48,-95.86,1
247008,38,73,70,774,1,7,0,24.54,1028.61,12.27,743.17,-95.78,1
248004,38,72,70,774,1,7,0,24.54,1028.60,12.27,743.17,-95.86,1
249000,37,72,70,774,1,7,0,24.54,1028.61,12.28,744.00,-95.78,1
249996,37,73,70,776,1,7,0,24.54,1028.60,12.26,736.65,-95.70,1
250992,38,73,70,776,1,7,0,24.54,1028.59,12.28,744.00,-95.78,1
251988,38,73,69,776,1,8,0,24.54,1028.60,12.28,741.53,-95.78,1
252984,38,72,69,776,1,8,0,24.54,1028.60,12.28,742.35,-95.78,1
253980,38,72,69,777,1,7,0,24.54,1028.60,12.27,744.82,-95.70,1
254976,38,73,70,777,1,7,0,24.54,1028.59,12.28,742.35,-95.70,1
255972,37,73,69,777,1,7,0,24.54,1028.59,12.28,744.82,-95.78,1
256968,38,73,70,777,1,7,0,24.54,1028.60,12.27,744.82,-95.78,1
257964,38,73,69,779,1,7,0,24.54,1028.60,12.28,742.35,-95.62,1
258960,38,73,70,779,1,7,0,24.54,1028.58,12.27,741.53,-95.62,1
259956,38,73,71,780,1,7,0,24.54,1028.58,12.26,744.82,-95.62,1
260952,38,73,71,780,1,7,0,24.54,1028.58,12.26,748.14,-95.62,1
261948,39,73,71,783,1,8,0,24.54,1028.58,12.26,741.53,-95.62,0
262944,38,74,71,784,1,7,0,24.54,1028.58,12.26,742.35,-95.53,0
263940,39,74,72,785,0,7,0,24.54,1028.57,12.26,741.53,-95.62,0
264936,39,74,72,784,1,7,0,24.54,1028.58,12.25,745.65,-95.53,0
265932,39,74,72,784,1,8,0,24.54,1028.57,12.25,745.65,-95.62,0
266928,39,74,70,783,1,7,0,24.54,1028.58,12.25,744.00,-95.53,0
267924,39,74,71,782,1,7,0,24.54,1028.57,12.24,746.48,-95.53,0
268920,39,74,71,781,1,9,0,24.54,1028.57,12.24,744.00,-95.62,0
269916,39,74,70,781,1,7,0,24.54,1028.58,12.24,745.65,-95.62,0
270912,38,74,71,780,1,7,0,24.54,1028.58,12.23,742.35,-95.62,0
271908,39,74,70,780,1,7,0,24.54,1028.58,12.24,746.48,-95.70,0
272904,39,73,71,779,1,8,0,24.54,1028.59,12.24,743.17,-95.62,0
273900,39,73,71,778,1,8,0,24.54,1028.58,12.23,742.35,-95.62,0
274896,38,73,71,778,1,8,0,24.54,1028.58,12.24,745.65,-95.45,0
275892,38,74,70,777,1,7,0,24.54,1028.56,12.23,746.48,-95.45,0
276888,38,73,70,777,1,7,0,24.54,1028.56,12.24,745.65,-95.53,0
277884,39,73,70,777,1,7,0,24.54,1028.57,12.25,746.48,-95.45,0
278880,39,73,70,776,1,8,0,24.54,1028.56,12.25,745.65,-95.37,0
279876,38,74,70,776,1,8,0,24.54,1028.55,12.25,748.89,-95.45,0
280872,38,73,70,776,1,8,0,24.54,1028.56,12.25,751.40,-95.45,0
281868,39,73,69,776,1,8,0,24.54,1028.56,12.25,748.14,-95.45,0
282864,38,73,70,775,1,8,0,24.54,1028.56,12.26,747.31,-95.29,0
283860,38,73,69,775,1,8,0,24.54,1028.54,12.27,749.72,-95.45,0
284856,38,73,69,776,1,8,0,24.54,1028.56,12.27,748.14,-95.37,0
285852,38,73,70,775,1,8,0,24.54,1028.55,12.26,750.56,-95.29,0
286848,38,73,70,775,1,8,0,24.54,1028.54,12.29,748.97,-95.21,0
287844,38,73,69,774,1,8,0,24.54,1028.53,12.30,747.64,-95.21,0
288840,38,73,70,775,1,8,0,24.54,1028.53,12.28,747.64,-95.21,0
289836,38,73,70,774,1,8,0,24.54,1028.53,12.29,750.14,-95.29,0
290832,38,73,69,774,1,8,0,24.54,1028.54,12.30,750.14,-95.29,0
291828,38,73,70,774,1,8,0,24.54,1028.54,12.30,749.30,-95.29,0
292824,38,73,70,773,0,8,0,24.54,1028.54,12.30,748.47,-95.29,0
293820,38,73,69,774,1,8,0,24.54,1028.54,12.30,748.14,-95.21,0
294816,38,73,70,774,1,8,0,24.54,1028.53,12.31,745.65,-95.12,0
295812,38,72,70,773,1,8,0,24.54,1028.52,12.31,748.14,-95.12,0
296808,38,73,69,774,1,8,0,24.54,1028.52,12.31,747.64,-95.21,0
297804,38,73,70,772,1,8,0,24.54,1028.53,12.32,748.47,-95.21,0
298800,38,72,70,772,1,8,0,24.54,1028.53,12.33,745.65,-95.12,0
299796,38,72,70,773,1,8,0,24.54,1028.52,12.33,747.64,-95.12,0
300792,38,73,69,773,1,8,0,24.54,1028.52,12.33,746.48,-95.12,0
301788,38,73,69,772,1,8,0,24.54,1028.52,12.33,744.82,-95.04,0
302784,37,73,69,772,1,8,0,24.54,1028.51,12.32,748.14,-94.96,0
303780,37,73,69,772,1,8,0,24.54,1028.50,12.32,747.31,-94.96,0
304776,38,72,69,773,1,8,0,24.54,1028.50,12.33,745.65,-95.04,0
305772,37,72,69,773,1,8,0,24.54,1028.51,12.34,749.72,-94.96,0
306768,37,73,70,773,1,8,0,24.54,1028.50,12.34,747.31,-94.88,0
307764,37,73,69,772,1,8,0,24.54,1028.49,12.34,747.31,-94.88,0
308760,37,72,69,772,1,9,0,24.54,1028.49,12.34,749.30,-94.88,0
309756,37,72,69,772,1,8,0,24.54,1028.49,12.33,750.64,-94.88,0
310752,37,73,69,772,1,8,0,24.54,1028.49,12.34,745.65,-94.88,0
311748,37,73,69,772,1,7,0,24.54,1028.49,12.33,745.65,-94.79,0
312744,37,73,69,773,1,8,0,24.54,1028.48,12.34,744.00,-94.88,0
313740,37,72,69,772,1,8,0,24.54,1028.49,12.34,742.35,-94.79,0
314736,37,72,69,772,1,8,0,24.54,1028.48,12.34,747.31,-94.79,0
315732,37,72,69,773,1,7,0,24.54,1028.48,12.34,742.35,-94.79,0
316728,37,72,69,773,1,7,0,24.54,1028.48,12.34,742.35,-94.79,0
317724,37,72,69,773,1,8,0,24.54,1028.48,12.34,739.08,-94.79,0
318720,38,72,69,773,1,8,0,24.54,1028.48,12.35,742.35,-94.88,0
319716,38,73,69,773,1,8,0,24.54,1028.49,12.34,743.17,-94.79,0
320712,37,72,68,771,1,8,0,24.54,1028.48,12.33,740.71,-94.79,0
321708,37,72,69,772,1,8,0,24.54,1028.48,12.33,744.82,-94.79,0
322704,37,72,69,772,1,8,0,24.54,1028.48,12.34,739.08,-94.88,1
323700,37,72,69,777,1,8,0,24.54,1028.49,12.32,743.17,-94.79,1
324696,38,72,70,783,1,8,0,24.54,1028.48,12.30,744.82,-94.88,1
325692,37,73,70,783,1,7,0,24.54,1028.49,12.31,743.17,-94.79,1
326688,38,73,69,784,1,8,0,24.54,1028.48,12.30,742.35,-94.71,1
327684,37,73,70,783,1,8,0,24.54,1028.47,12.30,742.35,-94.71,1
328680,38,73,70,782,1,8,0,24.54,1028.47,12.29,745.65,-94.79,1
329676,37,73,70,783,1,8,0,24.54,1028.48,12.28,734.24,-94.79,1
330672,38,73,69,782,1,8,0,24.53,1028.48,12.30,740.71,-94.79,1
331668,37,73,70,782,1,8,0,24.54,1028.48,12.30,738.27,-94.79,1
332664,38,72,70,781,1,8,0,24.54,1028.48,12.31,733.44,-94.71,1
333660,38,73,69,781,1,8,0,24.54,1028.47,12.32,735.04,-94.71,1
334656,38,73,69,780,1,8,0,24.54,1028.47,12.34,730.25,-94.71,1
335652,38,73,69,780,1,8,0,24.54,1028.47,12.34,731.84,-94.71,1
336648,37,73,69,779,1,8,0,24.54,1028.47,12.34,732.64,-94.79,1
337644,38,73,70,780,1,8,0,24.54,1028.48,12.35,730.25,-94.71,1
338640,38,73,70,781,1,8,0,24.54,1028.47,12.34,732.64,-94.71,1
339636,38,73,69,781,1,7,0,24.54,1028.47,12.35,734.24,-94.63,1
340632,37,73,69,780,1,8,0,24.54,1028.46,12.34,733.44,-94.63,1
341628,38,73,69,780,1,8,0,24.54,1028.46,12.32,732.64,-94.63,1
342624,38,73,70,779,1,8,0,24.54,1028.46,12.32,740.71,-94.71,1
343620,38,73,70,780,1,8,0,24.54,1028.47,12.31,735.04,-94.71,1
344616,38,73,70,780,1,8,0,24.54,1028.47,12.30,732.64,-94.71,1
345612,38,73,70,781,1,8,0,24.54,1028.47,12.30,741.53,-94.63,1
346608,38,73,69,780,1,8,0,24.54,1028.46,12.29,733.44,-94.63,1
347604,38,73,70,780,1,8,0,24.54,1028.46,12.27,738.27,-94.71,1
348600,38,73,69,780,1,8,0,24.54,1028.47,12.26,738.27,-94.71,1
349596,38,73,69,780,1,8,0,24.54,1028.47,12.25,737.46,-94.71,1
350592,38,73,70,782,1,7,0,24.54,1028.47,12.24,739.08,-94.63,1
351588,39,74,70,782,1,8,0,24.54,1028.46,12.23,745.65,-94.71,1
352584,38,74,69,780,1,8,0,24.54,1028.47,12.22,739.08,-94.71,1
353580,38,73,69,781,1,8,0,24.54,1028.47,12.22,739.08,-94.63,1
354576,38,74,69,780,1,9,0,24.54,1028.46,12.21,739.08,-94.71,1
355572,38,73,69,780,1,8,0,24.54,1028.47,12.20,740.71,-94.63,1
356568,38,73,70,781,1,8,0,24.54,1028.46,12.20,739.08,-94.63,1
357564,38,74,69,780,1,8,0,24.54,1028.46,12.19,745.65,-94.71,1
358560,39,73,69,779,1,8,0,24.54,1028.47,12.19,740.71,-94.71,1
359556,38,74,69,778,1,8,0,24.54,1028.47,12.19,747.31,-94.71,1
360552,38,74,69,778,1,7,0,24.54,1028.47,12.19,745.65,-94.79,1
361548,38,73,69,779,1,7,0,24.54,1028.48,12.18,741.53,-94.79,1
362544,38,73,69,778,1,8,0,24.54,1028.48,12.17,739.90,-94.79,1
363540,38,73,70,777,1,8,0,24.54,1028.48,12.17,741.53,-94.79,1
364536,38,73,69,777,1,8,0,24.54,1028.48,12.16,744.82,-94.88,1
365532,38,73,69,778,1,8,0,24.54,1028.49,12.16,742.35,-94.88,1
366528,38,73,69,777,1,8,0,24.54,1028.49,12.15,742.35,-94.88,1
367524,38,73,69,777,1,8,0,24.54,1028.49,12.15,751.49,-94.88,1
368520,38,73,70,778,1,7,0,24.54,1028.49,12.15,744.82,-94.96,1
369516,38,73,69,778,1,8,0,24.54,1028.50,12.14,750.98,-94.96,1
370512,38,73,70,777,1,8,0,24.54,1028.50,12.13,746.48,-94.96,1
371508,38,73,69,777,1,8,0,24.54,1028.50,12.13,746.48,-94.88,1
372504,38,73,70,776,1,8,0,24.54,1028.49,12.13,746.48,-94.96,1
373500,38,73,70,777,1,8,0,24.54,1028.50,12.14,748.47,-94.96,1
374496,38,73,70,776,1,8,0,24.54,1028.50,12.13,748.47,-94.96,1
375492,38,73,70,776,1,8,0,24.54,1028.50,12.14,745.65,-95.04,1
376488,38,73,69,775,1,7,0,24.54,1028.51,12.13,748.47,-95.12,1
377484,38,73,69,775,1,8,0,24.54,1028.52,12.14,747.31,-95.12,1
378480,38,73,70,775,1,7,0,24.54,1028.52,12.15,747.31,-95.04,1
379476,37,73,69,775,1,8,0,24.54,1028.51,12.16,747.31,-95.04,1
380472,38,73,70,776,1,8,0,24.54,1028.51,12.17,744.82,-94.96,1
381468,38,73,70,775,1,8,0,24.54,1028.50,12.16,739.08,-95.04,0
382464,38,73,69,775,1,8,0,24.54,1028.51,12.16,746.48,-95.04,0
383460,38,73,70,775,1,8,0,24.54,1028.51,12.16,744.82,-94.96,0
384456,38,73,69,774,1,8,0,24.54,1028.50,12.16,748.97,-95.04,0
385452,38,72,70,775,1,8,0,24.54,1028.51,12.16,748.97,-95.12,0
386448,37,73,69,774,1,8,0,24.54,1028.52,12.17,750.56,-95.04,0
387444,37,73,69,775,1,8,0,24.54,1028.51,12.18,748.14,-95.04,0
388440,38,72,69,774,1,8,0,24.54,1028.51,12.16,746.48,-94.96,0
389436,37,73,69,775,1,8,0,24.54,1028.50,12.17,746.48,-95.04,0
390432,37,72,68,774,1,7,0,24.54,1028.51,12.17,748.97,-95.21,0
391428,38,73,69,774,1,8,0,24.54,1028.53,12.17,746.48,-95.21,0
392424,37,72,69,773,1,8,0,24.54,1028.53,12.17,747.31,-95.29,0
393420,37,73,69,773,1,8,0,24.53,1028.54,12.16,746.48,-95.29,0
394416,38,73,69,774,1,8,0,24.54,1028.54,12.15,748.14,-95.29,0
395412,38,73,69,773,1,8,0,24.54,1028.54,12.16,748.05,-95.29,0
396408,37,72,69,774,1,7,0,24.54,1028.54,12.15,747.31,-95.37,0
397404,38,73,69,776,1,8,0,24.54,1028.55,12.14,748.14,-95.29,0
398400,37,73,69,776,1,8,0,24.54,1028.54,12.15,749.30,-95.45,0
399396,37,73,69,776,1,8,0,24.53,1028.56,12.16,746.48,-95.53,0
400392,37,72,69,776,1,8,0,24.54,1028.57,12.16,748.97,-95.45,0
401388,37,73,69,775,1,8,0,24.54,1028.56,12.18,747.31,-95.45,0
402384,37,73,69,775,1,7,0,24.54,1028.56,12.20,746.48,-95.53,0
403380,37,73,69,774,1,8,0,24.53,1028.57,12.21,747.31,-95.53,0
404376,37,73,69,774,1,8,0,24.54,1028.57,12.21,745.65,-95.70,0
405372,37,72,69,774,1,8,0,24.54,1028.59,12.22,744.82,-95.70,0
406368,37,72,69,773,1,8,0,24.54,1028.59,12.23,745.65,-95.70,0
407364,37,72,68,774,1,8,0,24.54,1028.59,12.24,740.71,-95.70,0
408360,37,72,68,773,1,8,0,24.54,1028.59,12.24,743.17,-95.70,0
409356,37,72,68,773,1,7,0,24.54,1028.59,12.25,743.17,-95.78,0
410352,36,72,68,772,1,8,0,24.54,1028.60,12.25,742.35,-95.78,0
411348,37,73,68,773,0,8,0,24.54,1028.60,12.25,742.35,-95.94,0
412344,37,72,69,773,1,8,0,24.54,1028.62,12.26,746.48,-96.03,0
413340,37,72,69,772,1,8,0,24.54,1028.63,12.26,744.82,-96.11,0
414336,36,72,68,773,1,8,0,24.54,1028.64,12.24,748.14,-96.11,0
415332,37,72,68,772,1,8,0,24.53,1028.64,12.24,748.14,-96.11,0
416328,37,72,68,772,1,8,0,24.53,1028.64,12.24,739.90,-96.11,0
417324,37,72,68,773,1,8,0,24.53,1028.64,12.24,741.53,-96.11,0
418320,37,72,68,772,2,8,0,24.53,1028.64,12.23,748.97,-96.19,0
419316,37,72,68,772,1,8,0,24.54,1028.65,12.22,748.47,-96.11,0
420312,36,72,68,773,1,8,0,24.53,1028.64,12.23,740.71,-96.19,0
421308,37,72,68,773,1,8,0,24.53,1028.65,12.23,745.65,-96.19,0
422304,37,72,67,772,1,8,0,24.53,1028.65,12.22,748.97,-96.19,0
423300,37,72,68,773,1,8,0,24.53,1028.65,12.22,748.47,-96.19,0
424296,37,72,68,772,1,8,0,24.53,1028.65,12.23,747.31,-96.19,0
425292,37,72,67,772,1,8,0,24.53,1028.65,12.21,748.97,-96.27,0
426288,37,72,68,772,1,8,0,24.53,1028.66,12.22,748.47,-96.27,0
427284,37,72,68,771,1,8,0,24.53,1028.66,12.22,748.97,-96.27,0
428280,37,72,67,772,1,8,0,24.53,1028.66,12.21,744.82,-96.27,0
429276,36,72,68,772,1,8,0,24.53,1028.66,12.21,747.31,-96.36,0
430272,36,72,68,773,1,8,0,24.53,1028.67,12.22,747.64,-96.36,0
431268,36,72,67,772,1,8,0,24.53,1028.67,12.20,747.31,-96.44,0
432264,36,72,68,771,1,8,0,24.53,1028.68,12.20,748.97,-96.52,0
433260,37,71,68,772,1,8,0,24.53,1028.69,12.20,748.97,-96.52,0
434256,36,72,68,772,1,8,0,24.53,1028.69,12.20,745.65,-96.52,0
435252,36,72,67,772,1,8,0,24.53,1028.69,12.20,744.00,-96.52,0
436248,37,72,67,772,1,8,0,24.53,1028.69,12.19,747.64,-96.60,0
437244,36,72,68,772,1,8,0,24.53,1028.70,12.19,743.17,-96.60,0
438240,36,72,68,773,1,8,0,24.53,1028.70,12.19,745.65,-96.60,0
439236,37,72,67,772,1,8,0,24.53,1028.70,12.18,740.71,-96.68,0
440232,36,72,68,772,1,8,0,24.53,1028.71,12.18,742.35,-96.68,0
441228,36,72,67,772,1,8,0,24.53,1028.71,12.19,747.64,-96.60,1
442224,36,71,68,772,1,8,0,24.53,1028.70,12.19,750.64,-96.68,1
443220,36,72,68,773,1,8,0,24.53,1028.71,12.19,747.31,-96.68,1
444216,37,72,68,776,1,9,0,24.53,1028.71,12.18,743.17,-96.68,1
445212,36,72,68,776,1,8,0,24.53,1028.71,12.19,745.65,-96.68,1
446208,36,72,67,775,1,8,0,24.53,1028.71,12.18,750.64,-96.85,1
447204,37,72,68,774,1,8,0,24.53,1028.73,12.19,752.66,-96.85,1
448200,37,72,68,773,1,8,0,24.53,1028.73,12.19,749.81,-96.77,1
449196,36,71,68,773,1,8,0,24.53,1028.72,12.19,749.30,-96.85,1
450192,36,72,67,772,1,8,0,24.53,1028.73,12.20,743.17,-96.85,1
451188,36,72,68,774,1,9,0,24.53,1028.73,12.19,748.14,-96.85,1
452184,36,72,68,773,1,8,0,24.53,1028.73,12.21,740.71,-96.93,1
453180,36,72,68,773,1,8,0,24.53,1028.74,12.21,746.48,-96.93,1
454176,36,72,68,773,1,7,0,24.53,1028.74,12.23,742.35,-96.93,1
455172,37,72,68,774,1,8,0,24.53,1028.74,12.22,742.35,-96.93,1
456168,37,72,67,772,1,8,0,24.53,1028.74,12.22,743.17,-96.85,1
457164,36,72,67,773,1,8,0,24.53,1028.73,12.22,750.14,-96.77,1
458160,35,72,67,773,1,8,0,24.53,1028.72,12.21,748.47,-96.85,1
459156,36,72,67,773,1,8,0,24.53,1028.73,12.21,753.92,-96.85,1
460152,36,72,68,775,1,8,0,24.53,1028.73,12.21,748.89,-96.93,1
461148,36,73,68,775,1,8,0,24.53,1028.74,12.21,750.14,-96.85,1
462144,36,72,68,775,1,8,0,24.53,1028.73,12.19,751.82,-96.93,1
463140,36,72,67,775,1,8,0,24.53,1028.74,12.19,758.60,-96.93,1
464136,36,72,68,775,1,8,0,24.53,1028.74,12.19,750.98,-97.01,1
465132,37,73,68,775,1,8,0,24.53,1028.75,12.19,755.62,-96.93,1
466128,36,72,68,776,1,8,0,24.53,1028.74,12.19,751.40,-96.93,1
467124,36,72,68,776,1,8,0,24.53,1028.74,12.17,748.47,-96.85,1
468120,37,73,68,775,1,8,0,24.53,1028.73,12.19,756.04,-96.85,1
469116,36,73,68,775,1,8,0,24.53,1028.73,12.17,753.50,-96.93,1
470112,36,73,68,776,1,8,0,24.53,1028.74,12.17,757.32,-96.93,1
471108,36,73,68,776,1,8,0,24.53,1028.74,12.16,756.89,-97.01,1
472104,37,73,68,776,1,8,0,24.53,1028.75,12.16,757.32,-97.01,1
473100,36,72,69,776,1,8,0,24.53,1028.75,12.17,755.19,-97.01,1
474096,36,72,68,776,1,8,0,24.54,1028.75,12.16,759.46,-97.01,1
475092,37,72,69,777,1,8,0,24.54,1028.75,12.17,756.89,-97.01,1
476088,37,72,69,778,1,8,0,24.54,1028.75,12.17,756.89,-97.01,1
477084,37,73,69,779,1,8,0,24.54,1028.75,12.16,754.77,-97.01,1
478080,38,73,69,779,1,8,0,24.54,1028.75,12.16,756.47,-97.01,1
479076,38,73,69,779,1,8,0,24.54,1028.75,12.16,760.32,-97.01,1
480072,37,73,69,779,1,8,0,24.54,1028.75,12.16,759.03,-97.10,1
481068,38,73,69,779,1,8,0,24.54,1028.76,12.16,756.89,-97.10,1
482064,38,73,69,780,1,8,0,24.54,1028.76,12.16,758.17,-97.01,1
483060,38,74,69,781,1,8,0,24.54,1028.75,12.14,754.35,-97.01,1
484056,39,74,70,781,1,8,0,24.54,1028.75,12.15,762.04,-97.10,1
485052,38,73,70,782,1,8,0,24.54,1028.76,12.16,762.47,-97.10,1
486048,39,73,70,782,1,8,0,24.53,1028.76,12.15,760.75,-97.01,1
487044,39,74,70,782,1,8,0,24.54,1028.75,12.15,756.04,-97.10,1
488040,39,74,71,782,1,8,0,24.54,1028.76,12.16,762.90,-97.01,1
489036,39,74,70,783,1,8,0,24.53,1028.75,12.14,764.20,-97.01,1
490032,39,74,70,782,1,8,0,24.53,1028.75,12.15,769.45,-97.01,1
491028,39,74,70,781,1,8,0,24.53,1028.75,12.15,765.51,-97.01,1
492024,39,74,71,781,1,8,0,24.53,1028.75,12.15,764.64,-97.01,1
493020,39,74,70,781,1,8,0,24.53,1028.75,12.14,765.95,-97.10,1
494016,39,73,71,780,1,8,0,24.53,1028.76,12.15,767.69,-97.10,1
495012,39,73,70,780,1,8,0,24.53,1028.76,12.14,767.26,-97.10,1
496008,39,74,70,779,1,8,0,24.53,1028.76,12.14,762.04,-97.10,1
497004,39,73,70,778,1,8,0,24.53,1028.76,12.13,769.01,-97.10,1
498000,39,74,70,778,1,8,0,24.53,1028.76,12.14,763.34,-97.10,1
498996,39,74,70,778,1,8,0,24.53,1028.76,12.13,771.22,-97.10,1
499992,38,73,69,778,1,7,0,24.53,1028.76,12.15,763.77,-97.01,1
500988,38,74,70,781,1,7,0,24.53,1028.75,12.14,771.66,-97.01,0
501984,39,74,70,783,1,7,0,24.53,1028.75,12.13,768.13,-97.01,0
502980,39,74,71,785,1,8,0,24.53,1028.75,12.13,765.51,-97.01,0
503976,39,74,71,782,0,8,0,24.53,1028.75,12.13,774.77,-97.01,0
504972,39,74,71,780,1,8,0,24.53,1028.75,12.13,767.69,-97.01,0
505968,39,74,70,779,1,8,0,24.53,1028.75,12.13,769.89,-97.10,0
506964,38,74,70,779,1,8,0,24.53,1028.76,12.13,769.89,-97.10,0
507960,38,73,70,778,1,8,0,24.53,1028.76,12.12,765.51,-97.10,0
508956,38,73,70,777,1,7,0,24.53,1028.76,12.13,770.33,-97.10,0
509952,38,74,71,777,1,8,0,24.53,1028.76,12.13,765.51,-97.01,0
510948,39,74,70,777,1,8,0,24.53,1028.75,12.13,769.45,-97.01,0
511944,39,73,70,777,1,8,0,24.53,1028.75,12.14,767.69,-97.01,0
512940,39,73,70,776,1,8,0,24.53,1028.75,12.13,764.64,-97.01,0
513936,39,73,70,776,1,8,0,24.53,1028.75,12.13,767.26,-97.01,0
514932,39,73,70,775,1,8,0,24.53,1028.75,12.14,766.38,-97.01,0
515928,39,73,70,776,1,9,0,24.53,1028.75,12.13,768.57,-97.10,0
516924,39,72,70,775,1,8,0,24.53,1028.76,12.14,768.13,-97.10,0
517920,38,73,70,775,1,8,0,24.53,1028.76,12.14,767.26,-97.10,0
518916,39,73,70,775,1,7,0,24.53,1028.76,12.14,765.07,-97.01,0
519912,39,73,70,775,1,8,0,24.53,1028.75,12.16,765.51,-97.10,0
520908,39,73,70,775,1,8,0,24.53,1028.76,12.15,761.61,-97.10,0
521904,38,73,70,775,1,8,0,24.53,1028.76,12.16,763.77,-97.10,0
522900,38,73,70,774,1,8,0,24.53,1028.76,12.18,765.51,-97.01,0
523896,39,73,70,775,1,8,0,24.53,1028.75,12.17,763.34,-97.01,0
524892,39,73,70,773,1,8,0,24.53,1028.75,12.18,762.04,-97.01,0
525888,38,72,69,775,1,9,0,24.53,1028.75,12.19,761.18,-96.93,0
526884,39,73,70,774,1,8,0,24.53,1028.74,12.19,758.60,-96.93,0
527880,38,73,69,774,1,8,0,24.53,1028.74,12.18,767.26,-96.93,0
528876,39,73,69,774,1,8,0,24.53,1028.74,12.19,759.46,-97.01,0
529872,39,73,70,774,1,8,0,24.53,1028.75,12.19,756.89,-97.01,0
530868,38,72,69,774,1,8,0,24.53,1028.75,12.19,759.03,-97.01,0
531864,39,73,69,775,1,8,0,24.53,1028.75,12.20,757.75,-96.93,0
532860,38,73,69,775,1,8,0,24.53,1028.74,12.20,757.75,-96.93,0
533856,38,73,70,777,1,8,0,24.53,1028.74,12.19,762.04,-97.01,0
534852,38,73,70,777,1,8,0,24.53,1028.75,12.19,756.04,-96.93,0
535848,38,73,70,777,1,8,0,24.53,1028.74,12.19,758.17,-96.93,0
536844,38,73,70,776,1,8,0,24.54,1028.74,12.19,756.47,-96.93,0
537840,39,72,70,776,1,8,0,24.54,1028.74,12.20,755.62,-96.93,0
538836,38,73,69,775,1,8,0,24.54,1028.74,12.19,755.19,-97.01,0
539832,38,72,69,774,1,8,0,24.53,1028.75,12.20,757.32,-96.93,0
540828,38,73,69,775,1,8,0,24.54,1028.74,12.19,758.60,-96.93,0
541824,38,73,70,774,1,8,0,24.54,1028.74,12.19,759.03,-96.93,0
542820,38,73,69,773,1,8,0,24.54,1028.74,12.19,756.47,-96.93,0
543816,38,73,69,774,1,8,0,24.54,1028.74,12.19,750.14,-96.93,0
544812,38,72,69,774,1,8,0,24.54,1028.74,12.19,755.62,-96.93,0
545808,38,73,69,774,1,8,0,24.54,1028.74,12.19,754.35,-96.85,0
546804,38,72,69,773,1,8,0,24.54,1028.73,12.19,756.04,-96.85,0
547800,37,73,69,773,1,8,0,24.54,1028.73,12.19,753.50,-96.85,0
548796,38,72,69,773,1,8,0,24.54,1028.73,12.19,751.82,-96.93,0
549792,38,73,69,773,1,8,0,24.54,1028.74,12.19,754.35,-96.85,0
550788,38,72,69,773,1,8,0,24.54,1028.73,12.20,753.50,-96.77,0
551784,38,72,69,773,1,8,0,24.54,1028.72,12.19,755.62,-96.77,0
552780,38,72,69,772,1,8,0,24.54,1028.72,12.20,755.62,-96.77,0
553776,38,73,69,773,1,8,0,24.54,1028.72,12.20,752.24,-96.77,0
554772,37,73,69,772,1,8,0,24.54,1028.72,12.21,756.89,-96.85,0
555768,38,72,69,772,1,8,0,24.54,1028.73,12.20,752.24,-96.77,0
556764,38,72,69,772,1,8,0,24.54,1028.72,12.21,751.40,-96.77,0
557760,38,72,69,772,1,8,0,24.54,1028.72,12.19,757.32,-96.77,0
558756,37,72,69,772,1,9,0,24.54,1028.72,12.21,757.75,-96.85,0
559752,37,72,69,771,1,8,0,24.54,1028.73,12.20,750.98,-96.85,1
560748,37,73,69,774,1,8,0,24.54,1028.73,12.19,755.62,-96.85,1
561744,37,73,69,775,1,8,0,24.54,1028.73,12.20,756.04,-96.85,1
562740,37,72,69,773,1,8,0,24.54,1028.73,12.20,755.19,-96.85,1
563736,37,73,69,773,1,8,0,24.53,1028.73,12.19,755.19,-96.77,1
564732,37,72,69,772,1,8,0,24.53,1028.72,12.20,758.17,-96.77,1
565728,37,72,68,772,1,8,0,24.53,1028.72,12.20,755.62,-96.85,1
566724,37,72,68,772,1,8,0,24.53,1028.73,12.20,761.61,-96.77,1
567720,37,72,69,771,1,8,0,24.53,1028.72,12.20,758.17,-96.85,1
568716,37,72,69,772,1,8,0,24.53,1028.73,12.20,759.46,-96.77,1
569712,37,72,69,771,1,8,0,24.53,1028.72,12.20,756.89,-96.68,1
570708,37,72,69,772,1,8,0,24.53,1028.71,12.20,756.04,-96.77,1
571704,37,72,69,772,1,8,0,24.53,1028.72,12.20,759.03,-96.68,1
572700,38,73,69,772,1,10,0,24.53,1028.71,12.20,759.46,-96.68,1
573696,38,73,69,773,1,8,0,24.53,1028.71,12.22,760.75,-96.68,1
574692,38,72,69,773,1,8,0,24.53,1028.71,12.20,759.03,-96.77,1
575688,38,72,69,773,1,8,0,24.53,1028.72,12.22,754.35,-96.68,1
576684,37,72,69,774,1,8,0,24.53,1028.71,12.22,753.50,-96.68,1
577680,37,73,69,774,1,8,0,24.53,1028.71,12.23,764.64,-96.68,1
578676,38,72,69,774,1,8,0,24.53,1028.71,12.22,753.50,-96.68,1
579672,38,72,69,774,1,8,0,24.53,1028.71,12.20,759.46,-96.60,1
580668,37,72,69,774,1,9,0,24.53,1028.70,12.22,755.19,-96.60,1
581664,38,73,69,773,1,8,0,24.53,1028.70,12.22,754.35,-96.52,1
582660,37,73,68,774,1,8,0,24.53,1028.69,12.20,759.89,-96.52,1
583656,37,72,69,774,1,9,0,24.53,1028.69,12.20,759.46,-96.52,1
584652,38,73,69,775,1,8,0,24.53,1028.69,12.20,753.50,-96.44,1
585648,38,73,69,775,1,8,0,24.53,1028.68,12.19,764.64,-96.44,1
586644,38,72,69,775,1,8,0,24.53,1028.68,12.20,761.18,-96.52,1
587640,38,73,69,774,1,8,0,24.53,1028.69,12.19,762.90,-96.44,1
588636,38,72,69,773,1,8,0,24.53,1028.68,12.17,758.17,-96.44,1
589632,38,73,70,775,1,8,0,24.53,1028.68,12.18,761.18,-96.44,1
590628,38,72,69,775,1,8,0,24.53,1028.68,12.18,763.77,-96.44,1
591624,38,72,70,775,1,8,0,24.53,1028.68,12.17,759.46,-96.44,1
592620,38,72,70,775,1,8,0,24.53,1028.68,12.17,757.75,-96.44,1
593616,39,73,70,775,1,9,0,24.53,1028.68,12.16,761.18,-96.52,1
594612,38,73,70,775,1,8,0,24.53,1028.69,12.16,758.17,-96.52,1
595608,39,73,70,775,1,8,0,24.54,1028.69,12.16,758.17,-96.52,1
596604,39,73,70,776,1,8,0,24.53,1028.69,12.16,765.51,-96.52,1
597600,39,73,70,777,1,8,0,24.53,1028.69,12.17,762.04,-96.52,1
598596,39,73,70,777,1,9,0,24.53,1028.69,12.15,759.89,-96.52,1
599592,39,72,70,776,1,8,0,24.53,1028.69,12.15,762.90,-96.52,1
0,39,73,70,778,1,8,0,24.53,1028.69,12.16,759.89,-96.52,1
996,40,73,71,778,1,8,0,24.46,1028.69,12.15,754.35,-96.27,1
1992,40,73,71,778,1,9,0,24.44,1028.66,12.17,756.04,-96.36,1
2988,39,73,71,779,1,9,0,24.45,1028.67,12.17,759.46,-96.36,1
3984,39,74,71,779,0,8,0,24.46,1028.67,12.18,754.35,-96.36,1
4980,40,73,71,778,1,8,0,24.47,1028.67,12.18,757.32,-96.44,1
5976,40,74,70,779,1,8,0,24.48,1028.68,12.19,756.89,-96.44,1
6972,40,73,71,778,1,8,0,24.49,1028.68,12.19,760.32,-96.36,1
7968,40,74,71,780,1,8,0,24.50,1028.67,12.19,760.75,-96.36,1
8964,40,74,71,780,1,8,0,24.50,1028.67,12.17,760.75,-96.36,1
9960,40,74,72,780,1,8,0,24.51,1028.67,12.19,760.32,-96.36,1
10956,41,74,71,780,1,8,0,24.51,1028.67,12.17,759.46,-96.36,1
11952,40,74,72,779,1,8,0,24.51,1028.67,12.18,756.89,-96.36,1
12948,41,74,72,779,1,8,0,24.52,1028.67,12.17,755.19,-96.36,1
13944,41,74,71,779,1,8,0,24.52,1028.67,12.17,754.35,-96.36,1
14940,41,74,72,779,1,9,0,24.52,1028.67,12.18,757.75,-96.27,1
15936,42,74,72,778,1,8,0,24.52,1028.66,12.18,759.46,-96.36,1
16932,41,74,72,779,1,9,0,24.53,1028.67,12.17,756.89,-96.36,1
17928,41,74,73,779,1,8,0,24.53,1028.67,12.17,757.75,-96.36,1
18924,41,74,72,779,1,8,0,24.53,1028.67,12.17,751.82,-96.44,1
19920,42,74,73,780,1,8,0,24.53,1028.68,12.18,753.50,-96.36,1
20916,42,74,73,780,1,9,0,24.53,1028.67,12.17,750.98,-96.36,1
21912,42,74,73,780,1,9,0,24.53,1028.67,12.18,753.08,-96.44,1
22908,42,74,73,781,1,8,0,24.53,1028.68,12.17,755.19,-96.44,1
23904,42,74,73,780,1,8,0,24.53,1028.68,12.16,754.77,-96.44,1
24900,42,74,73,779,1,9,0,24.53,1028.68,12.18,752.24,-96.44,1