timestamp,NO2,C2H50H,VOC,CO,Alcohol,LPG,Benzene,Temperature,Pressure,Humidity,Gas_Resistance,Altitude,State0
996,45,76,66,743,1,12,0,25.34,1008.98,15.34,540.49,66.57,1
1992,45,77,65,742,1,12,0,25.13,1009.00,15.33,533.62,66.57,1
2988,45,77,65,742,1,12,0,24.99,1009.00,15.29,540.49,66.57,1
3984,45,77,66,742,2,14,0,24.89,1009.00,15.28,543.99,66.57,1
4980,46,77,66,743,1,13,0,24.83,1009.00,15.24,541.80,66.57,1
5976,49,77,68,743,1,12,0,24.78,1009.00,15.22,551.58,66.57,1
6972,52,78,69,744,1,12,0,24.75,1009.00,15.20,549.78,66.49,1
7968,53,77,70,745,1,12,0,24.74,1009.01,15.16,553.86,66.49,1
8964,55,78,70,745,1,12,0,24.72,1009.01,15.11,552.04,66.41,1
9960,55,78,70,744,2,12,0,24.72,1009.02,15.10,552.94,66.49,1
10956,55,78,70,745,1,12,0,24.71,1009.01,15.06,558.00,66.41,1
11952,55,78,70,745,1,12,0,24.71,1009.02,15.03,559.39,66.41,1
12948,55,79,70,745,2,12,0,24.71,1009.02,15.03,558.00,66.41,1
13944,56,79,70,745,1,12,0,24.71,1009.02,15.01,563.14,66.49,1
14940,57,79,71,745,1,11,0,24.71,1009.01,15.00,564.09,66.49,1
15936,59,79,72,745,1,11,0,24.72,1009.01,15.01,568.38,66.49,1
16932,61,79,73,745,1,12,0,24.72,1009.01,15.00,567.42,66.49,1
17928,62,79,75,744,1,11,0,24.72,1009.01,15.01,574.70,66.41,1
18924,64,79,75,745,2,12,0,24.72,1009.02,15.00,571.77,66.41,1
19920,67,80,76,745,2,13,0,24.72,1009.02,15.00,572.25,66.41,1
20916,68,80,76,746,1,12,0,24.72,1009.02,14.99,572.74,66.49,1
21912,69,80,77,746,1,12,0,24.73,1009.01,14.97,573.72,66.49,1
22908,71,81,78,746,1,13,0,24.73,1009.01,14.96,574.70,66.49,1
23904,74,82,78,748,1,12,0,24.73,1009.01,14.94,576.18,66.49,1
24900,77,83,79,748,1,11,0,24.73,1009.01,14.92,578.66,66.57,1
25896,81,83,81,748,1,12,0,24.73,1009.00,14.90,579.66,66.49,1
26892,84,83,82,749,1,12,0,24.73,1009.01,14.87,581.17,66.57,1
27888,86,84,85,749,1,12,0,24.73,1009.00,14.84,587.78,66.57,1
28884,87,84,85,750,1,12,0,24.74,1009.00,14.83,583.69,66.57,1
29880,87,83,85,749,1,12,0,24.74,1009.00,14.80,588.81,66.57,1
30876,87,84,86,748,1,13,0,24.74,1009.00,14.79,591.40,66.57,1
31872,88,84,87,749,1,12,0,24.74,1009.00,14.78,592.44,66.57,1
32868,91,85,88,749,1,13,0,24.74,1009.00,14.75,592.44,66.66,1
33864,93,84,89,750,1,12,0,24.74,1008.99,14.75,591.40,66.57,1
34860,94,85,89,750,1,13,0,24.74,1009.00,14.73,591.92,66.57,1
35856,94,85,90,749,1,13,0,24.75,1009.00,14.72,596.65,66.57,1
36852,94,84,90,749,1,12,0,24.75,1009.00,14.70,590.88,66.57,1
37848,95,85,90,749,2,14,0,24.75,1009.00,14.71,594.54,66.57,1
38844,94,85,90,749,2,13,0,24.75,1009.00,14.69,597.18,66.66,1
39840,93,85,89,748,2,13,0,24.75,1008.99,14.69,600.38,66.66,1
40836,93,85,89,748,1,13,0,24.75,1008.99,14.67,597.18,66.66,1
41832,92,85,89,748,2,12,0,24.75,1008.99,14.66,603.08,66.66,1
42828,91,85,89,748,1,14,0,24.75,1008.99,14.66,595.59,66.57,1
43824,92,86,90,755,1,13,0,24.75,1009.00,14.65,595.06,66.57,1
44820,92,86,91,760,1,13,0,24.75,1009.00,14.65,599.31,66.57,1
45816,93,86,92,759,1,13,0,24.75,1009.00,14.63,603.62,66.49,1
46812,95,87,93,758,2,13,0,24.75,1009.01,14.63,610.75,66.57,1
47808,96,87,94,755,1,12,0,24.75,1009.00,14.63,604.71,66.49,1
48804,96,87,93,754,2,12,0,24.75,1009.01,14.64,605.80,66.57,1
49800,95,87,93,752,1,11,0,24.75,1009.00,14.64,606.89,66.57,1
50796,94,86,93,752,1,14,0,24.75,1009.00,14.64,612.42,66.57,1
51792,94,86,92,751,1,12,0,24.75,1009.00,14.64,616.36,66.57,1
52788,93,86,92,751,1,12,0,24.75,1009.00,14.65,615.79,66.57,1
53784,92,86,91,750,2,12,0,24.75,1009.00,14.64,615.79,66.57,1
54780,91,86,92,748,1,12,0,24.76,1009.00,14.64,617.49,66.57,1
55776,91,86,91,749,1,12,0,24.76,1009.00,14.64,618.06,66.66,1
56772,90,86,91,749,1,13,0,24.76,1008.99,14.64,619.20,66.66,1
57768,91,86,92,748,1,13,0,24.76,1008.99,14.64,616.92,66.66,1
58764,92,85,92,749,1,12,0,24.76,1008.99,14.64,615.23,66.66,1
59760,93,86,93,748,1,13,0,24.76,1008.99,14.65,619.20,66.66,1
60756,96,85,94,748,1,12,0,24.76,1008.99,14.66,617.49,66.66,1
61752,98,86,95,748,1,12,0,24.76,1008.99,14.65,623.79,66.66,1
62748,99,86,96,749,1,13,0,24.76,1008.99,14.65,620.34,66.66,1
63744,101,86,96,749,1,13,0,24.76,1008.99,14.65,624.96,66.74,1
64740,102,87,97,749,1,12,0,24.76,1008.98,14.64,627.29,66.74,1
65736,104,87,97,749,1,12,0,24.76,1008.98,14.64,627.29,66.82,1
66732,104,87,97,748,1,11,0,24.76,1008.97,14.62,631.42,66.82,1
67728,103,87,97,749,1,12,0,24.76,1008.97,14.62,632.01,66.82,1
68724,102,88,97,749,1,12,0,24.76,1008.97,14.62,632.01,66.74,1
69720,102,87,97,748,1,14,0,24.76,1008.98,14.60,633.20,66.74,1
70716,104,87,98,748,1,13,0,24.76,1008.98,14.59,629.05,66.74,1
71712,107,88,101,748,2,13,0,24.76,1008.98,14.57,635.00,66.66,1
72708,110,88,102,748,1,14,0,24.76,1008.99,14.55,634.40,66.66,1
73704,114,87,104,748,1,12,0,24.76,1008.99,14.55,634.40,66.57,1
74700,115,88,105,749,2,14,0,24.76,1009.00,14.55,629.64,66.66,1
75696,116,89,106,749,1,12,0,24.76,1008.99,14.55,630.23,66.66,1
76692,116,89,106,748,1,13,0,24.76,1008.99,14.53,630.23,66.66,1
77688,114,89,106,750,1,13,0,24.76,1008.99,14.53,636.80,66.66,1
78684,115,90,105,749,1,13,0,24.76,1008.99,14.53,639.84,66.66,1
79680,115,90,106,749,1,13,0,24.76,1008.99,14.52,635.00,66.57,1
80676,114,90,106,750,1,14,0,24.76,1009.00,14.52,638.62,66.57,1
81672,113,91,106,750,2,15,0,24.76,1009.00,14.51,639.23,66.57,1
82668,113,91,106,750,1,12,0,24.76,1009.00,14.52,636.80,66.57,1
83664,113,91,106,751,1,13,0,24.76,1009.00,14.52,641.06,66.66,1
84660,114,93,108,764,1,13,0,24.76,1008.99,14.52,645.37,66.66,1
85656,113,94,108,762,1,13,0,24.76,1008.99,14.53,639.23,66.66,0
86652,113,92,108,757,1,12,0,24.76,1008.99,14.52,638.01,66.66,0
87648,112,92,107,755,2,13,0,24.76,1008.99,14.52,641.67,66.66,0
88644,112,92,107,753,1,12,0,24.76,1008.99,14.52,642.90,66.66,0
89640,111,91,106,752,1,12,0,24.76,1008.99,14.52,638.62,66.66,0
90636,110,92,107,753,1,12,0,24.76,1008.99,14.51,633.20,66.57,0
91632,109,92,107,754,1,13,0,24.76,1009.00,14.51,637.41,66.57,0
92628,109,92,107,754,1,13,0,24.76,1009.00,14.50,639.23,66.57,0
93624,107,92,106,753,1,14,0,24.76,1009.00,14.50,639.84,66.57,0
94620,107,91,105,752,1,13,0,24.76,1009.00,14.49,642.90,66.49,0
95616,106,91,105,751,1,12,0,24.76,1009.01,14.47,645.99,66.49,0
96612,105,92,105,751,1,12,0,24.76,1009.01,14.47,642.28,66.49,0
97608,104,91,105,751,2,13,0,24.76,1009.01,14.46,639.84,66.49,0
98604,103,91,104,751,1,12,0,24.76,1009.01,14.46,644.13,66.49,0
99600,102,91,104,749,1,12,0,24.76,1009.01,14.45,645.99,66.49,0
100596,101,90,103,749,1,12,0,24.76,1009.01,14.44,644.13,66.57,0
101592,100,91,102,749,1,12,0,24.76,1009.00,14.44,648.48,66.57,0
102588,99,90,102,748,1,13,0,24.76,1009.00,14.43,646.61,66.66,0
103584,99,90,102,749,1,13,0,24.76,1008.99,14.42,645.37,66.57,0
104580,98,91,102,748,1,15,0,24.76,1009.00,14.42,641.67,66.57,0
105576,96,90,102,747,1,13,0,24.77,1009.00,14.42,645.37,66.57,0
106572,96,90,101,748,1,13,0,24.77,1009.00,14.41,646.61,66.57,0
107568,95,90,101,747,1,12,0,24.76,1009.00,14.40,641.67,66.57,0
108564,94,90,101,747,1,13,0,24.77,1009.00,14.40,649.11,66.57,0
109560,94,90,100,747,1,13,0,24.77,1009.00,14.39,645.37,66.49,0
110556,93,90,101,747,2,13,0,24.77,1009.01,14.38,647.23,66.49,0
111552,92,90,100,746,2,14,0,24.77,1009.01,14.39,651.00,66.41,0
112548,92,89,100,747,1,13,0,24.77,1009.02,14.38,647.23,66.41,0
113544,91,90,100,747,1,12,0,24.77,1009.02,14.38,652.89,66.41,0
114540,91,90,100,746,1,13,0,24.77,1009.02,14.38,650.37,66.41,0
115536,89,90,99,746,2,13,0,24.77,1009.02,14.38,644.13,66.41,0
116532,89,89,99,745,2,14,0,24.77,1009.02,14.37,645.99,66.49,0
117528,88,89,98,746,1,14,0,24.77,1009.01,14.38,646.61,66.49,0
118524,88,89,98,745,1,13,0,24.77,1009.01,14.37,651.63,66.57,0
119520,87,89,98,745,2,13,0,24.77,1009.00,14.38,654.16,66.57,0
120516,86,89,98,745,1,13,0,24.77,1009.00,14.38,645.37,66.57,0
121512,86,89,98,747,1,13,0,24.77,1009.00,14.37,656.72,66.57,0
122508,85,89,99,751,2,13,0,24.77,1009.00,14.38,653.53,66.57,0
123504,85,89,99,751,1,13,0,24.77,1009.00,14.38,649.74,66.57,0
124500,85,89,99,752,1,12,0,24.77,1009.00,14.38,649.74,66.66,0
125496,84,89,98,751,1,13,0,24.77,1008.99,14.37,656.72,66.66,0
126492,84,89,98,749,1,12,0,24.77,1008.99,14.36,653.53,66.66,0
127488,84,89,98,750,1,13,0,24.77,1008.99,14.36,657.37,66.57,0
128484,83,89,98,748,1,12,0,24.77,1009.00,14.36,659.30,66.66,0
129480,83,89,97,747,1,12,0,24.77,1008.99,14.37,652.89,66.66,0
130476,83,89,97,747,1,12,0,24.77,1008.99,14.36,652.26,66.66,0
131472,82,89,97,746,1,13,0,24.77,1008.99,14.35,658.65,66.57,0
132468,82,88,97,746,1,12,0,24.77,1009.00,14.36,655.44,66.66,0
133464,81,88,96,746,1,13,0,24.77,1008.99,14.36,652.26,66.66,0
134460,80,88,95,745,1,14,0,24.77,1008.99,14.35,657.37,66.66,0
135456,80,88,96,745,1,12,0,24.77,1008.99,14.35,658.65,66.66,0
136452,79,89,95,745,1,13,0,24.77,1008.99,14.37,652.26,66.66,0
137448,79,88,95,746,1,12,0,24.77,1008.99,14.35,659.95,66.57,0
138444,79,88,95,746,1,14,0,24.77,1009.00,14.35,656.72,66.57,0
139440,79,87,95,745,2,13,0,24.77,1009.00,14.36,652.89,66.57,0
140436,78,88,95,745,1,12,0,24.77,1009.00,14.35,654.80,66.57,0
141432,78,88,95,745,1,12,0,24.77,1009.00,14.35,659.95,66.57,0
142428,77,88,94,744,1,12,0,24.77,1009.00,14.35,659.95,66.57,1
143424,77,88,95,745,1,12,0,24.77,1009.00,14.36,660.60,66.57,1
144420,77,88,95,745,1,12,0,24.77,1009.00,14.35,654.80,66.66,1
145416,77,87,94,745,1,13,0,24.77,1008.99,14.36,656.72,66.57,1
146412,77,87,94,746,1,12,0,24.77,1009.00,14.37,656.72,66.57,1
147408,77,87,95,746,1,12,0,24.76,1009.00,14.37,655.44,66.57,1
148404,77,87,94,745,1,11,0,24.76,1009.00,14.37,652.89,66.66,1
149400,76,88,94,746,1,12,0,24.76,1008.99,14.37,659.30,66.57,1
150396,76,88,94,744,1,12,0,24.76,1009.00,14.36,654.80,66.57,1
151392,77,87,95,745,1,13,0,24.76,1009.00,14.36,659.30,66.57,1
152388,77,87,94,745,2,12,0,24.76,1009.00,14.35,656.72,66.57,1
153384,77,87,95,746,1,14,0,24.76,1009.00,14.36,659.95,66.57,1
154380,76,87,94,745,1,12,0,24.76,1009.00,14.37,661.90,66.49,1
155376,76,87,94,745,1,13,0,24.76,1009.01,14.37,658.65,66.57,1
156372,75,87,94,745,1,12,0,24.76,1009.00,14.39,654.16,66.57,1
157368,76,87,94,745,1,12,0,24.76,1009.00,14.41,656.72,66.49,1
158364,76,87,95,745,1,13,0,24.76,1009.01,14.43,654.80,66.49,1
159360,76,87,94,744,1,13,0,24.76,1009.01,14.45,657.37,66.41,1
160356,76,87,95,745,1,12,0,24.76,1009.02,14.47,659.95,66.41,1
161352,75,87,94,746,1,13,0,24.77,1009.02,14.49,658.01,66.41,1
162348,76,87,95,745,1,12,0,24.77,1009.02,14.51,660.60,66.57,1
163344,75,86,94,745,1,12,0,24.77,1009.00,14.54,659.30,66.57,1
164340,75,87,94,746,1,13,0,24.77,1009.00,14.55,657.37,66.57,1
165336,75,87,94,746,1,13,0,24.77,1009.00,14.57,658.01,66.49,1
166332,75,87,94,745,1,11,0,24.77,1009.01,14.59,661.25,66.49,1
167328,75,87,94,745,1,12,0,24.77,1009.01,14.61,660.60,66.49,1
168324,75,87,94,745,1,13,0,24.77,1009.01,14.63,660.60,66.49,1
169320,75,87,94,746,1,12,0,24.77,1009.01,14.65,657.37,66.57,1
170316,75,86,94,745,1,12,0,24.77,1009.00,14.67,659.95,66.49,1
171312,75,87,95,746,1,13,0,24.77,1009.01,14.69,658.65,66.49,1
172308,75,87,94,745,1,13,0,24.78,1009.01,14.72,659.95,66.49,1
173304,74,87,94,745,1,12,0,24.78,1009.01,14.73,661.90,66.49,1
174300,75,87,94,745,1,12,0,24.78,1009.01,14.75,661.90,66.57,1
175296,75,86,94,745,1,12,0,24.78,1009.00,14.77,655.44,66.49,1
176292,75,87,94,745,1,12,0,24.78,1009.01,14.78,658.01,66.57,1
177288,74,86,94,746,1,13,0,24.78,1009.00,14.79,660.60,66.57,1
178284,74,86,94,745,1,13,0,24.78,1009.00,14.81,665.84,66.57,1
179280,74,87,93,746,1,13,0,24.78,1009.00,14.82,661.90,66.66,1
180276,73,86,93,746,1,12,0,24.78,1008.99,14.83,665.18,66.57,1
181272,73,86,94,745,1,12,0,24.78,1009.00,14.84,667.82,66.57,1
182268,74,87,93,745,1,13,0,24.78,1009.00,14.86,660.60,66.57,1
183264,74,86,94,745,2,12,0,24.78,1009.00,14.88,665.18,66.57,1
184260,73,86,93,745,1,13,0,24.78,1009.00,14.88,658.01,66.49,1
185256,72,86,93,745,1,12,0,24.78,1009.01,14.89,657.37,66.49,1
186252,72,86,93,745,1,11,0,24.78,1009.01,14.91,658.65,66.49,1
187248,73,86,93,745,2,11,0,24.78,1009.01,14.91,661.25,66.49,1
188244,73,86,93,745,1,12,0,24.78,1009.01,14.92,659.30,66.49,1
189240,72,86,93,745,1,11,0,24.78,1009.01,14.91,659.30,66.57,1
190236,72,86,94,745,1,13,0,24.78,1009.00,14.91,661.90,66.57,1
191232,72,86,93,744,1,12,0,24.78,1009.00,14.90,656.72,66.57,1
192228,72,86,93,744,1,13,0,24.78,1009.00,14.90,657.37,66.49,1
193224,72,86,93,744,1,12,0,24.78,1009.01,14.89,655.44,66.49,1
194220,72,86,92,744,1,12,0,24.78,1009.01,14.87,654.80,66.49,1
195216,72,85,92,744,1,11,0,24.78,1009.01,14.85,661.90,66.49,1
196212,72,86,92,743,1,12,0,24.78,1009.01,14.83,661.90,66.49,1
197208,72,86,93,744,1,12,0,24.78,1009.01,14.79,663.86,66.49,1
198204,73,86,93,744,1,12,0,24.78,1009.01,14.78,661.25,66.41,1
199200,75,86,94,744,1,12,0,24.78,1009.02,14.74,664.52,66.41,1
200196,75,86,94,744,1,12,0,24.77,1009.02,14.73,662.55,66.49,1
201192,76,86,95,744,1,12,0,24.77,1009.01,14.71,659.30,66.49,1
202188,76,85,95,744,1,12,0,24.77,1009.01,14.69,660.60,66.49,1
203184,76,85,95,743,1,12,0,24.77,1009.01,14.65,659.95,66.49,1
204180,77,85,96,743,1,12,0,24.77,1009.01,14.63,656.72,66.49,1
205176,77,85,96,743,1,12,0,24.77,1009.01,14.62,656.08,66.49,1
206172,77,86,97,743,3,12,0,24.77,1009.01,14.62,659.30,66.49,1
207168,77,85,97,743,2,12,0,24.77,1009.01,14.60,658.01,66.57,1
208164,77,85,98,743,1,13,0,24.77,1009.00,14.59,655.44,66.57,1
209160,77,85,96,743,1,13,0,24.77,1009.00,14.58,652.26,66.57,1
210156,77,85,97,743,1,12,0,24.77,1009.00,14.58,654.16,66.49,1
211152,77,85,97,743,1,13,0,24.77,1009.01,14.57,658.01,66.49,1
212148,76,85,97,743,1,13,0,24.77,1009.01,14.56,652.89,66.57,1
213144,76,85,97,744,2,14,0,24.77,1009.00,14.55,654.80,66.49,1
214140,76,85,97,743,1,12,0,24.77,1009.01,14.56,657.37,66.49,1
215136,76,86,96,743,1,14,0,24.77,1009.01,14.56,654.16,66.57,1
216132,76,85,97,743,2,12,0,24.77,1009.00,14.55,652.26,66.57,1
217128,75,85,96,744,1,13,0,24.77,1009.00,14.53,650.37,66.57,1
218124,75,85,96,743,1,13,0,24.77,1009.00,14.54,651.63,66.57,1
219120,74,84,96,743,1,12,0,24.77,1009.00,14.54,651.63,66.49,1
220116,75,85,96,743,1,13,0,24.77,1009.01,14.54,652.89,66.49,1
221112,75,85,95,743,1,11,0,24.77,1009.01,14.54,650.37,66.57,1
222108,75,85,96,744,1,12,0,24.77,1009.00,14.54,652.89,66.57,1
223104,74,85,95,743,1,12,0,24.77,1009.00,14.54,649.74,66.57,1
224100,74,85,95,743,1,12,0,24.77,1009.00,14.55,663.21,66.49,1
225096,74,85,95,743,1,14,0,24.77,1009.01,14.55,653.53,66.41,1
226092,74,85,95,743,1,12,0,24.77,1009.02,14.57,655.44,66.49,1
227088,74,85,95,743,1,12,0,24.77,1009.01,14.57,660.60,66.49,1
228084,73,84,95,743,1,12,0,24.77,1009.01,14.59,654.80,66.49,1
229080,74,85,95,744,1,13,0,24.77,1009.01,14.61,659.95,66.57,1
230076,73,85,95,744,1,12,0,24.77,1009.00,14.61,655.44,66.49,1
231072,73,84,95,744,1,13,0,24.77,1009.01,14.63,653.53,66.49,1
232068,73,85,95,744,1,12,0,24.77,1009.01,14.64,656.08,66.49,1
233064,73,84,94,743,1,13,0,24.77,1009.01,14.64,653.53,66.49,1
234060,73,85,95,743,1,12,0,24.77,1009.01,14.66,654.80,66.49,1
235056,73,85,94,744,2,12,0,24.77,1009.01,14.67,659.30,66.49,1
236052,73,84,94,744,1,12,0,24.77,1009.01,14.67,656.72,66.49,1
237048,73,84,94,744,1,12,0,24.77,1009.01,14.68,658.01,66.49,1
238044,72,84,94,744,1,13,0,24.77,1009.01,14.69,654.16,66.49,0
239040,72,84,95,744,1,12,0,24.77,1009.01,14.70,658.01,66.49,0
240036,72,85,94,744,1,11,0,24.77,1009.01,14.70,657.37,66.49,0
241032,72,85,94,743,1,13,0,24.77,1009.01,14.71,654.16,66.49,0
242028,72,84,94,744,1,12,0,24.77,1009.01,14.71,658.65,66.49,0
243024,72,84,94,743,1,13,0,24.77,1009.01,14.72,659.95,66.49,0
244020,72,84,93,742,1,12,0,24.77,1009.01,14.69,659.30,66.57,0
245016,71,85,94,743,1,12,0,24.77,1009.00,14.68,660.60,66.49,0
246012,70,84,93,743,1,13,0,24.77,1009.01,14.69,656.72,66.57,0
247008,71,84,93,743,1,12,0,24.77,1009.00,14.70,656.72,66.66,0
248004,70,84,94,743,1,12,0,24.76,1008.99,14.71,658.01,66.57,0
249000,70,84,93,743,1,12,0,24.77,1009.00,14.72,656.72,66.57,0
249996,70,83,93,743,1,13,0,24.77,1009.00,14.74,655.44,66.57,0
250992,70,84,93,743,1,12,0,24.77,1009.00,14.77,654.16,66.57,0
251988,69,84,93,743,1,12,0,24.77,1009.00,14.79,647.23,66.57,0
252984,70,84,93,743,1,12,0,24.77,1009.00,14.81,650.37,66.57,0
253980,69,84,92,743,1,12,0,24.77,1009.00,14.82,648.48,66.49,0
254976,68,84,92,743,1,12,0,24.77,1009.01,14.83,652.89,66.57,0
255972,68,84,92,744,1,13,0,24.77,1009.00,14.86,650.37,66.49,0
256968,68,84,93,744,1,12,0,24.77,1009.01,14.85,647.23,66.49,0
257964,69,83,92,744,1,12,0,24.77,1009.01,14.85,649.74,66.49,0
258960,68,84,92,744,1,12,0,24.77,1009.01,14.85,648.48,66.49,0
259956,68,84,92,744,1,12,0,24.77,1009.01,14.85,654.80,66.49,0
260952,68,84,92,744,1,12,0,24.77,1009.01,14.85,656.72,66.49,0
261948,67,84,92,744,1,14,0,24.77,1009.01,14.84,655.44,66.49,0
262944,67,83,92,745,1,13,0,24.77,1009.01,14.85,656.72,66.49,0
263940,67,83,92,744,1,13,0,24.77,1009.01,14.84,658.01,66.49,0
264936,67,84,91,745,1,14,0,24.77,1009.01,14.84,658.01,66.49,0
265932,67,84,91,744,1,14,0,24.76,1009.01,14.86,658.01,66.41,0
266928,67,83,92,745,1,12,0,24.76,1009.02,14.85,655.44,66.41,0
267924,67,84,91,744,1,12,0,24.76,1009.02,14.87,661.90,66.49,0
268920,67,84,91,744,1,14,0,24.76,1009.01,14.87,654.16,66.41,0
269916,66,84,92,744,1,13,0,24.76,1009.02,14.89,661.25,66.49,0
270912,66,84,91,744,1,13,0,24.76,1009.01,14.91,660.60,66.41,0
271908,65,84,91,745,1,14,0,24.76,1009.02,14.93,662.55,66.41,0
272904,66,84,90,745,1,12,0,24.76,1009.02,14.95,661.90,66.41,0
273900,65,84,91,745,1,14,0,24.76,1009.02,14.97,663.86,66.41,0
274896,65,84,91,744,1,13,0,24.76,1009.02,14.99,664.52,66.49,0
275892,65,83,90,744,1,13,0,24.76,1009.01,15.01,663.21,66.49,0
276888,65,83,90,744,1,13,0,24.76,1009.01,15.01,661.25,66.49,0
277884,65,84,90,744,1,15,0,24.76,1009.01,15.00,661.25,66.49,0
278880,65,84,91,744,1,12,0,24.76,1009.01,15.00,660.60,66.41,0
279876,64,83,91,745,1,13,0,24.76,1009.02,14.99,661.90,66.49,0
280872,65,84,91,745,1,13,0,24.76,1009.01,14.98,661.90,66.41,0
281868,65,83,90,744,1,13,0,24.75,1009.02,14.97,663.21,66.41,0
282864,65,83,91,744,1,12,0,24.75,1009.02,14.97,666.50,66.49,0
283860,64,83,90,744,1,13,0,24.75,1009.01,14.94,665.84,66.41,0
284856,64,84,90,743,1,12,0,24.75,1009.02,14.94,661.90,66.49,0
285852,65,83,90,744,1,13,0,24.75,1009.01,14.94,663.21,66.49,0
286848,64,83,90,744,1,13,0,24.75,1009.01,14.92,664.52,66.57,0
287844,64,83,89,744,1,13,0,24.75,1009.00,14.91,667.16,66.57,0
288840,64,83,90,743,1,12,0,24.75,1009.00,14.90,664.52,66.49,0
289836,64,83,90,743,1,14,0,24.75,1009.01,14.90,666.50,66.49,0
290832,63,83,90,744,1,14,0,24.75,1009.01,14.89,665.84,66.49,0
291828,63,83,90,744,1,12,0,24.75,1009.01,14.89,668.49,66.57,0
292824,63,83,89,744,1,14,0,24.75,1009.00,14.87,663.86,66.49,0
293820,64,83,90,743,1,13,0,24.75,1009.01,14.86,664.52,66.57,0
294816,63,83,89,743,1,13,0,24.74,1009.00,14.86,664.52,66.57,0
295812,62,83,89,744,1,12,0,24.74,1009.00,14.86,664.52,66.57,0
296808,63,83,89,744,1,13,0,24.74,1009.00,14.85,665.18,66.49,0
297804,63,83,90,747,1,13,0,24.74,1009.01,14.83,667.16,66.49,0
298800,63,85,91,757,1,12,0,24.74,1009.01,14.83,671.83,66.57,0
299796,63,86,92,758,1,12,0,24.74,1009.00,14.83,673.85,66.57,0
300792,63,85,93,759,1,13,0,24.74,1009.00,14.82,673.85,66.57,0
301788,63,85,91,759,1,13,0,24.74,1009.00,14.83,671.83,66.49,0
302784,62,85,91,755,1,13,0,24.74,1009.01,14.82,673.17,66.57,0
303780,63,84,90,752,1,14,0,24.74,1009.00,14.84,675.20,66.49,0
304776,62,84,90,750,1,12,0,24.74,1009.01,14.84,668.49,66.57,0
305772,62,84,90,749,1,13,0,24.74,1009.00,14.84,671.16,66.49,0
306768,62,84,89,749,1,12,0,24.74,1009.01,14.84,671.83,66.57,0
307764,63,84,89,747,1,12,0,24.74,1009.00,14.84,671.83,66.49,0
308760,62,84,89,748,1,13,0,24.74,1009.01,14.84,671.16,66.41,0
309756,62,84,89,747,1,11,0,24.74,1009.02,14.84,667.16,66.41,0
310752,61,83,89,747,1,13,0,24.74,1009.02,14.84,674.53,66.41,0
311748,61,83,89,746,1,12,0,24.74,1009.02,14.85,671.16,66.41,0
312744,61,83,88,745,2,12,0,24.74,1009.02,14.83,666.50,66.41,0
313740,62,83,89,746,1,14,0,24.74,1009.02,14.84,668.49,66.49,0
314736,61,83,89,746,1,12,0,24.74,1009.01,14.84,668.49,66.49,0
315732,61,84,88,747,1,13,0,24.74,1009.01,14.86,668.49,66.49,0
316728,62,84,89,745,1,13,0,24.74,1009.01,14.86,668.49,66.49,0
317724,61,84,88,746,1,12,0,24.74,1009.01,14.87,668.49,66.49,0
318720,61,84,88,745,1,13,0,24.74,1009.01,14.89,669.82,66.49,0
319716,61,84,88,745,1,13,0,24.74,1009.01,14.90,673.17,66.49,0
320712,61,83,89,745,1,13,0,24.74,1009.01,14.92,669.15,66.49,0
321708,61,83,89,745,1,12,0,24.74,1009.01,14.93,675.88,66.49,0
322704,61,83,88,746,1,13,0,24.74,1009.01,14.94,673.17,66.49,1
323700,61,83,88,746,1,12,0,24.74,1009.01,14.95,679.30,66.41,1
324696,60,84,89,747,1,14,0,24.74,1009.02,14.94,679.30,66.41,1
325692,60,83,89,746,1,12,0,24.74,1009.02,14.94,675.88,66.41,1
326688,61,83,88,746,1,12,0,24.74,1009.02,14.96,672.50,66.49,1
327684,61,83,88,746,2,11,0,24.74,1009.01,14.95,675.20,66.57,1
328680,61,83,88,746,1,14,0,24.74,1009.00,14.95,678.61,66.57,1
329676,61,83,88,745,1,12,0,24.74,1009.00,14.96,669.82,66.57,1
330672,61,83,88,746,1,12,0,24.74,1009.00,14.95,679.30,66.49,1
331668,60,83,88,745,1,12,0,24.74,1009.01,14.95,677.93,66.49,1
332664,61,83,88,745,1,14,0,24.74,1009.01,14.94,676.56,66.49,1
333660,60,83,88,745,1,13,0,24.74,1009.01,14.94,678.61,66.41,1
334656,60,83,87,744,1,12,0,24.74,1009.02,14.93,676.56,66.41,1
335652,60,83,87,745,1,14,0,24.74,1009.02,14.93,679.99,66.49,1
336648,60,83,87,745,1,13,0,24.74,1009.01,14.92,673.85,66.32,1
337644,59,83,87,745,1,13,0,24.74,1009.03,14.92,677.25,66.32,1
338640,60,83,86,745,1,13,0,24.74,1009.03,14.91,682.75,66.41,1
339636,60,83,87,744,1,13,0,24.74,1009.02,14.91,673.85,66.41,1
340632,59,83,87,744,2,13,0,24.74,1009.02,14.90,676.56,66.41,1
341628,60,83,87,744,1,13,0,24.74,1009.02,14.89,675.20,66.32,1
342624,59,82,87,744,1,17,0,24.74,1009.03,14.89,678.61,66.41,1
343620,59,83,87,744,1,16,0,24.74,1009.02,14.89,678.61,66.41,1
344616,59,83,87,744,1,15,0,24.74,1009.02,14.90,680.68,66.41,1
345612,59,82,87,745,1,18,0,24.74,1009.02,14.91,671.83,66.41,1
346608,59,83,87,745,1,15,0,24.74,1009.02,14.95,674.53,66.49,1
347604,59,82,86,744,1,15,0,24.74,1009.01,14.98,677.25,66.49,1
348600,59,83,86,745,1,15,0,24.74,1009.01,15.02,679.99,66.49,1
349596,58,83,87,744,1,15,0,24.74,1009.01,15.04,676.56,66.49,1
350592,58,83,87,744,2,15,0,24.74,1009.01,15.06,672.50,66.49,1
351588,59,82,86,744,1,16,0,24.74,1009.01,15.08,675.20,66.49,1
352584,58,83,87,743,1,15,0,24.74,1009.01,15.09,679.99,66.41,1
353580,58,82,87,743,1,15,0,24.74,1009.02,15.09,680.68,66.49,1
354576,59,82,86,744,1,16,0,24.74,1009.01,15.09,678.61,66.41,1
355572,58,82,85,743,1,16,0,24.74,1009.02,15.07,684.84,66.49,1
356568,58,83,86,743,1,14,0,24.74,1009.01,15.05,684.84,66.49,1
357564,58,82,86,743,2,15,0,24.74,1009.01,15.04,686.24,66.49,1
358560,57,82,86,743,1,15,0,24.74,1009.01,15.03,684.14,66.49,1
359556,58,82,86,742,2,17,0,24.74,1009.01,15.02,682.06,66.49,1
360552,58,82,85,743,1,16,0,24.74,1009.01,14.99,689.05,66.57,1
361548,58,82,85,742,1,15,0,24.74,1009.00,14.99,687.64,66.49,1
362544,58,82,85,742,1,17,0,24.74,1009.01,14.97,691.89,66.49,1
363540,58,82,86,743,2,16,0,24.74,1009.01,14.94,691.89,66.41,1
364536,58,82,86,743,1,18,0,24.74,1009.02,14.94,689.05,66.32,1
365532,58,82,85,743,1,14,0,24.74,1009.03,14.94,690.47,66.41,1
366528,58,82,85,743,1,15,0,24.74,1009.02,14.96,691.18,66.49,1
367524,59,82,86,743,1,15,0,24.74,1009.01,14.95,684.14,66.41,1
368520,61,83,88,744,1,15,0,24.74,1009.02,14.98,684.14,66.41,1
369516,62,82,88,744,1,15,0,24.74,1009.02,15.00,691.89,66.41,1
370512,62,82,89,744,1,16,0,24.74,1009.02,15.01,685.54,66.49,1
371508,62,83,89,743,1,16,0,24.74,1009.01,15.02,690.47,66.49,1
372504,62,83,89,744,1,16,0,24.74,1009.01,15.05,691.89,66.49,1
373500,62,82,88,743,1,16,0,24.74,1009.01,15.03,691.89,66.41,1
374496,62,82,88,743,1,16,0,24.74,1009.02,15.03,689.05,66.41,1
375492,63,82,88,744,1,16,0,24.74,1009.02,15.02,689.05,66.41,1
376488,62,83,88,743,1,15,0,24.74,1009.02,15.03,691.89,66.49,1
377484,62,83,89,744,2,16,0,24.74,1009.01,15.02,683.45,66.49,1
378480,62,82,88,744,1,15,0,24.74,1009.01,15.01,686.24,66.49,1
379476,61,83,88,745,1,16,0,24.74,1009.01,15.00,693.32,66.49,1
380472,61,83,88,744,2,17,0,24.74,1009.01,14.99,691.89,66.41,1
381468,61,83,88,745,1,16,0,24.74,1009.02,14.99,695.47,66.41,1
382464,61,83,88,744,2,16,0,24.74,1009.02,14.97,691.89,66.41,0
383460,61,82,88,744,1,15,0,24.74,1009.02,14.98,689.76,66.41,0
384456,61,82,88,744,1,14,0,24.74,1009.02,14.98,690.47,66.49,0
385452,61,83,88,744,1,16,0,24.74,1009.01,14.97,691.89,66.49,0
386448,61,82,88,744,1,16,0,24.74,1009.01,14.97,689.05,66.41,0
387444,61,83,88,744,1,14,0,24.74,1009.02,14.97,685.54,66.41,0
388440,61,82,88,744,1,14,0,24.74,1009.02,14.97,691.18,66.49,0
389436,61,82,87,744,2,15,0,24.74,1009.01,14.96,691.18,66.49,0
390432,61,83,87,743,1,15,0,24.74,1009.01,14.96,689.05,66.49,0
391428,60,82,87,743,1,16,0,24.74,1009.01,14.95,689.05,66.49,0
392424,60,82,87,743,1,15,0,24.74,1009.01,14.95,691.89,66.57,0
393420,60,83,87,742,1,14,0,24.74,1009.00,14.93,691.89,66.57,0
394416,60,82,87,742,2,15,0,24.74,1009.00,14.93,686.94,66.57,0
395412,60,82,86,743,2,14,0,24.74,1009.00,14.92,689.76,66.57,0
396408,60,82,87,743,1,15,0,24.74,1009.00,14.92,687.64,66.57,0
397404,60,82,87,743,1,15,0,24.74,1009.00,14.91,693.32,66.57,0
398400,60,82,87,742,1,14,0,24.74,1009.00,14.90,687.64,66.49,0
399396,59,82,86,742,2,16,0,24.74,1009.01,14.89,697.64,66.49,0
400392,59,82,87,742,1,15,0,24.74,1009.01,14.88,696.20,66.49,0
401388,59,82,86,742,2,16,0,24.74,1009.01,14.87,694.75,66.57,0
402384,59,82,87,742,1,16,0,24.74,1009.00,14.88,691.89,66.57,0
403380,59,82,87,742,1,14,0,24.74,1009.00,14.88,691.89,66.49,0
404376,59,82,87,742,1,15,0,24.74,1009.01,14.90,694.04,66.49,0
405372,59,82,86,742,1,16,0,24.74,1009.01,14.92,693.32,66.49,0
406368,59,82,86,742,1,14,0,24.74,1009.01,14.94,690.47,66.49,0
407364,58,82,86,743,1,15,0,24.74,1009.01,14.94,690.47,66.49,0
408360,59,82,86,743,1,15,0,24.75,1009.01,14.97,695.47,66.49,0
409356,59,82,86,743,1,16,0,24.75,1009.01,14.98,691.89,66.49,0
410352,60,83,87,749,2,15,0,24.75,1009.01,15.00,693.32,66.49,0
411348,60,83,87,754,1,15,0,24.75,1009.01,15.03,687.64,66.57,0
412344,59,84,88,755,2,14,0,24.75,1009.00,15.04,687.64,66.49,0
413340,59,83,87,754,1,14,0,24.75,1009.01,15.05,687.64,66.49,0
414336,60,83,87,755,1,15,0,24.75,1009.01,15.06,696.20,66.57,0
415332,59,83,88,754,1,15,0,24.75,1009.00,15.08,691.89,66.49,0
416328,59,83,87,752,1,15,0,24.75,1009.01,15.10,686.24,66.49,0
417324,60,83,87,752,1,14,0,24.75,1009.01,15.10,692.61,66.49,0
418320,60,83,87,751,1,15,0,24.76,1009.01,15.13,689.05,66.49,0
419316,60,83,87,750,2,15,0,24.76,1009.01,15.15,692.61,66.57,0
420312,59,83,87,749,1,15,0,24.76,1009.00,15.16,683.45,66.49,0
421308,59,83,87,748,2,16,0,24.76,1009.01,15.18,691.18,66.49,0
422304,59,83,87,748,1,14,0,24.76,1009.01,15.20,686.94,66.49,0
423300,59,83,87,747,2,15,0,24.76,1009.01,15.20,689.76,66.49,0
424296,59,83,87,748,1,16,0,24.76,1009.01,15.21,684.84,66.49,0
425292,59,83,87,746,1,14,0,24.76,1009.01,15.22,686.94,66.49,0
426288,60,83,86,746,2,14,0,24.76,1009.01,15.23,687.64,66.49,0
427284,59,83,87,747,1,16,0,24.76,1009.01,15.24,689.05,66.49,0
428280,60,82,86,746,2,15,0,24.76,1009.01,15.23,684.84,66.57,0
429276,59,82,87,746,1,15,0,24.76,1009.00,15.24,690.47,66.57,0
430272,59,82,86,746,2,15,0,24.76,1009.00,15.24,691.18,66.66,0
431268,59,82,86,746,1,14,0,24.76,1008.99,15.24,692.61,66.57,0
432264,59,83,87,745,1,14,0,24.76,1009.00,15.25,687.64,66.57,0
433260,59,82,86,746,1,13,0,24.76,1009.00,15.25,688.35,66.57,0
434256,59,82,86,745,1,15,0,24.76,1009.00,15.25,693.32,66.57,0
435252,59,83,86,745,1,14,0,24.76,1009.00,15.24,691.18,66.57,0
436248,59,82,85,745,1,14,0,24.76,1009.00,15.25,694.75,66.57,0
437244,59,83,86,746,1,14,0,24.76,1009.00,15.25,687.64,66.66,0
438240,59,82,86,746,1,14,0,24.76,1008.99,15.24,688.35,66.66,0
439236,59,83,86,745,2,15,0,24.76,1008.99,15.24,687.64,66.66,0
440232,58,82,86,745,1,14,0,24.76,1008.99,15.23,696.20,66.66,0
441228,59,82,85,745,1,14,0,24.75,1008.99,15.24,691.89,66.66,0
442224,59,82,85,745,1,14,0,24.75,1008.99,15.22,691.89,66.66,0
443220,59,83,86,744,1,15,0,24.75,1008.99,15.22,688.35,66.66,0
444216,59,82,85,745,1,14,0,24.75,1008.99,15.21,691.18,66.66,0
445212,58,82,85,744,1,14,0,24.75,1008.99,15.20,694.75,66.66,0
446208,58,82,86,744,2,15,0,24.75,1008.99,15.19,689.05,66.57,0
447204,59,82,85,744,2,15,0,24.75,1009.00,15.19,696.20,66.66,0
448200,58,82,84,743,1,14,0,24.75,1008.99,15.19,691.18,66.57,0
449196,58,82,85,743,1,15,0,24.75,1009.00,15.19,692.61,66.57,0
450192,58,82,85,743,1,14,0,24.75,1009.00,15.18,695.47,66.66,0
451188,58,82,85,742,1,13,0,24.75,1008.99,15.18,688.35,66.57,0
452184,57,82,85,742,1,14,0,24.75,1009.00,15.19,695.47,66.57,0
453180,58,82,85,742,1,15,0,24.75,1009.00,15.18,692.61,66.57,0
454176,57,82,85,742,1,15,0,24.76,1009.00,15.19,693.32,66.57,0
455172,58,82,85,742,2,15,0,24.76,1009.00,15.19,689.76,66.57,0
456168,58,82,85,743,1,14,0,24.76,1009.00,15.19,694.04,66.57,1
457164,57,82,85,744,1,13,0,24.76,1009.00,15.17,694.04,66.49,1
458160,58,83,86,746,1,14,0,24.76,1009.01,15.18,696.20,66.49,1
459156,58,82,86,745,1,15,0,24.77,1009.01,15.19,696.20,66.57,1
460152,58,82,85,744,1,13,0,24.77,1009.00,15.19,689.76,66.57,1
461148,58,82,85,745,1,13,0,24.77,1009.00,15.19,696.92,66.49,1
462144,58,82,86,744,1,15,0,24.77,1009.01,15.19,698.37,66.57,1
463140,58,83,86,745,1,16,0,24.77,1009.00,15.18,697.64,66.57,1
464136,60,82,86,745,1,15,0,24.77,1009.00,15.19,697.64,66.57,1
465132,60,83,87,745,1,14,0,24.77,1009.00,15.18,694.75,66.66,1
466128,63,83,87,745,1,14,0,24.77,1008.99,15.18,696.92,66.57,1
467124,65,83,88,745,1,14,0,24.77,1009.00,15.18,699.09,66.66,1
468120,67,83,88,746,1,14,0,24.77,1008.99,15.18,693.32,66.57,1
469116,70,83,89,745,1,13,0,24.77,1009.00,15.18,699.09,66.57,1
470112,71,83,91,745,1,13,0,24.77,1009.00,15.18,696.20,66.57,1
471108,73,83,91,745,1,12,0,24.76,1009.00,15.19,703.48,66.66,1
472104,75,83,91,744,1,14,0,24.76,1008.99,15.17,700.55,66.66,1
473100,75,83,91,743,1,14,0,24.76,1008.99,15.17,703.48,66.57,1
474096,77,83,91,744,1,13,0,24.76,1009.00,15.17,702.75,66.49,1
475092,79,83,91,743,1,14,0,24.76,1009.01,15.16,703.48,66.57,1
476088,79,83,91,744,1,14,0,24.76,1009.00,15.15,699.09,66.57,1
477084,81,83,92,744,1,14,0,24.76,1009.00,15.15,707.19,66.57,1
478080,80,83,92,744,1,14,0,24.76,1009.00,15.15,704.96,66.66,1
479076,82,83,92,744,1,15,0,24.76,1008.99,15.14,708.68,66.66,1
480072,83,83,93,744,1,12,0,24.76,1008.99,15.15,703.48,66.66,1
481068,85,84,92,743,1,14,0,24.76,1008.99,15.14,706.44,66.66,1
482064,85,83,93,743,1,14,0,24.76,1008.99,15.16,708.68,66.66,1
483060,87,83,93,743,1,14,0,24.76,1008.99,15.16,702.01,66.66,1
484056,87,83,93,743,1,14,0,24.76,1008.99,15.17,707.93,66.66,1
485052,89,83,94,744,1,15,0,24.76,1008.99,15.18,709.43,66.66,1
486048,90,83,93,744,1,14,0,24.76,1008.99,15.17,710.93,66.66,1
487044,91,83,93,744,1,13,0,24.76,1008.99,15.18,703.48,66.66,1
488040,94,83,95,745,1,13,0,24.76,1008.99,15.19,710.93,66.74,1
489036,95,84,97,747,1,15,0,24.76,1008.98,15.20,707.93,66.66,1
490032,98,84,98,750,1,14,0,24.77,1008.99,15.21,704.22,66.66,1
491028,100,85,99,750,1,14,0,24.77,1008.99,15.22,707.93,66.57,1
492024,102,84,101,751,1,15,0,24.77,1009.00,15.24,709.43,66.57,1
493020,104,84,101,750,1,14,0,24.77,1009.00,15.24,709.43,66.57,1
494016,106,85,102,749,1,15,0,24.77,1009.00,15.24,707.19,66.66,1
495012,108,85,103,749,2,14,0,24.77,1008.99,15.24,710.18,66.66,1
496008,110,85,104,751,1,14,0,24.77,1008.99,15.25,704.96,66.66,1
497004,112,85,106,750,1,14,0,24.77,1008.99,15.25,706.44,66.66,1
498000,114,85,106,749,1,14,0,24.77,1008.99,15.26,711.68,66.66,1
498996,115,85,106,749,1,15,0,24.77,1008.99,15.25,702.75,66.66,1
499992,114,85,106,748,1,15,0,24.77,1008.99,15.26,702.01,66.57,1
500988,114,84,106,748,1,13,0,24.77,1009.00,15.26,709.43,66.57,1
501984,113,85,106,748,1,14,0,24.78,1009.00,15.27,709.43,66.66,1
502980,113,85,106,748,1,14,0,24.78,1008.99,15.27,703.48,66.66,1
503976,115,85,106,749,1,14,0,24.78,1008.99,15.27,709.43,66.57,0
504972,115,85,108,749,1,15,0,24.78,1009.00,15.29,702.01,66.57,0
505968,115,86,108,750,1,13,0,24.78,1009.00,15.29,704.22,66.57,0
506964,115,85,108,750,1,14,0,24.78,1009.00,15.30,700.55,66.57,0
507960,114,85,108,750,1,14,0,24.78,1009.00,15.31,708.68,66.57,0
508956,114,85,107,749,1,14,0,24.78,1009.00,15.32,704.96,66.57,0
509952,113,85,108,749,1,14,0,24.77,1009.00,15.32,707.19,66.57,0
510948,111,85,107,748,1,14,0,24.78,1009.00,15.32,704.22,66.57,0
511944,111,86,107,747,1,12,0,24.78,1009.00,15.32,708.68,66.57,0
512940,109,85,106,747,1,14,0,24.78,1009.00,15.32,710.18,66.57,0
513936,109,85,106,747,1,14,0,24.78,1009.00,15.33,708.68,66.66,0
514932,107,85,106,747,1,14,0,24.78,1008.99,15.31,701.28,66.66,0
515928,107,85,106,747,1,15,0,24.78,1008.99,15.33,704.96,66.66,0
516924,106,85,105,746,1,14,0,24.78,1008.99,15.32,708.68,66.66,0
517920,105,85,105,747,1,14,0,24.78,1008.99,15.31,702.01,66.57,0
518916,104,85,105,746,1,13,0,24.78,1009.00,15.30,704.96,66.66,0
519912,103,85,104,747,1,14,0,24.78,1008.99,15.30,710.18,66.57,0
520908,102,85,105,752,1,14,0,24.78,1009.00,15.29,707.93,66.66,0
521904,102,86,106,758,1,13,0,24.78,1008.99,15.29,702.01,66.57,0
522900,101,86,106,757,1,14,0,24.79,1009.00,15.29,704.96,66.66,0
523896,101,87,106,756,1,14,0,24.79,1008.99,15.28,703.48,66.57,0
524892,100,87,105,755,1,15,0,24.79,1009.00,15.28,707.93,66.57,0
525888,100,86,105,754,1,13,0,24.79,1009.00,15.30,707.19,66.49,0
526884,99,86,105,754,1,13,0,24.80,1009.01,15.34,707.93,66.49,0
527880,99,86,105,755,1,14,0,24.80,1009.01,15.37,702.01,66.57,0
528876,99,86,105,756,1,14,0,24.80,1009.00,15.41,702.75,66.49,0
529872,98,86,105,754,2,15,0,24.80,1009.01,15.47,699.82,66.49,0
530868,97,86,104,753,1,14,0,24.80,1009.01,15.51,697.64,66.57,0
531864,97,86,104,751,1,13,0,24.80,1009.00,15.56,699.09,66.57,0
532860,96,86,103,751,1,14,0,24.80,1009.00,15.60,699.82,66.57,0
533856,95,85,103,749,1,14,0,24.80,1009.00,15.62,699.82,66.66,0
534852,95,86,103,748,1,14,0,24.80,1008.99,15.65,701.28,66.74,0
535848,94,85,103,749,1,14,0,24.81,1008.98,15.65,701.28,66.66,0
536844,94,85,103,749,2,14,0,24.81,1008.99,15.64,701.28,66.74,0
537840,93,86,103,751,1,14,0,24.81,1008.98,15.63,702.01,66.74,0
538836,93,87,105,759,1,16,0,24.81,1008.98,15.61,705.70,66.66,0
539832,92,87,104,759,1,14,0,24.81,1008.99,15.59,701.28,66.66,0
540828,92,87,104,759,1,13,0,24.81,1008.99,15.57,704.96,66.66,0
541824,92,87,104,759,1,14,0,24.81,1008.99,15.55,706.44,66.66,0
542820,91,87,103,756,1,14,0,24.81,1008.99,15.53,707.19,66.57,0
543816,90,87,103,754,1,14,0,24.81,1009.00,15.50,711.68,66.57,0
544812,90,86,102,754,1,14,0,24.81,1009.00,15.49,707.93,66.57,0
545808,90,86,101,752,1,13,0,24.82,1009.00,15.49,700.55,66.66,0
546804,89,86,102,754,1,14,0,24.82,1008.99,15.49,701.28,66.66,0
547800,89,86,102,754,1,14,0,24.82,1008.99,15.53,700.55,66.66,0
548796,89,86,102,754,1,15,0,24.82,1008.99,15.55,708.68,66.66,0
549792,89,86,102,754,1,14,0,24.82,1008.99,15.59,710.18,66.66,0
550788,88,86,101,754,1,14,0,24.82,1008.99,15.61,706.44,66.66,0
551784,88,86,101,754,1,14,0,24.82,1008.99,15.62,707.93,66.66,0
552780,87,86,101,751,1,15,0,24.82,1008.99,15.62,707.19,66.66,0
553776,87,86,101,750,1,14,0,24.82,1008.99,15.61,704.96,66.66,0
554772,86,86,101,749,1,14,0,24.83,1008.99,15.61,704.96,66.57,0
555768,86,85,100,748,1,15,0,24.83,1009.00,15.60,700.55,66.49,0
556764,85,85,100,748,1,14,0,24.83,1009.01,15.57,703.48,66.57,0
557760,85,85,100,747,1,13,0,24.83,1009.00,15.57,706.44,66.57,0
558756,85,85,100,747,1,14,0,24.83,1009.00,15.56,699.82,66.57,0
559752,84,85,99,747,1,14,0,24.83,1009.00,15.54,705.70,66.66,0
560748,84,85,100,745,1,14,0,24.83,1008.99,15.53,703.48,66.66,0
561744,84,85,99,745,1,14,0,24.83,1008.99,15.52,704.96,66.57,0
562740,83,84,99,745,1,13,0,24.83,1009.00,15.52,704.96,66.57,0
563736,83,84,98,747,1,13,0,24.83,1009.00,15.50,707.19,66.57,1
564732,83,85,99,746,1,14,0,24.83,1009.00,15.49,703.48,66.57,1
565728,82,85,99,746,1,14,0,24.83,1009.00,15.49,707.93,66.57,1
566724,83,85,99,746,1,13,0,24.83,1009.00,15.49,702.75,66.57,1
567720,81,85,99,746,1,14,0,24.83,1009.00,15.48,706.44,66.66,1
568716,81,85,98,745,1,14,0,24.83,1008.99,15.48,705.70,66.57,1
569712,81,85,99,745,2,14,0,24.83,1009.00,15.47,707.93,66.57,1
570708,81,84,98,745,1,14,0,24.83,1009.00,15.46,697.64,66.57,1
571704,81,85,99,745,1,14,0,24.83,1009.00,15.45,699.82,66.49,1
572700,81,85,98,745,1,13,0,24.83,1009.01,15.44,701.28,66.57,1
573696,81,85,99,745,1,14,0,24.83,1009.00,15.44,703.48,66.57,1
574692,80,85,98,745,1,14,0,24.83,1009.00,15.43,703.48,66.66,1
575688,80,84,98,745,2,14,0,24.83,1008.99,15.44,704.22,66.57,1
576684,80,84,98,745,1,14,0,24.83,1009.00,15.42,704.22,66.57,1
577680,79,84,98,745,1,14,0,24.83,1009.00,15.42,702.75,66.57,1
578676,79,84,98,745,1,14,0,24.83,1009.00,15.42,703.48,66.66,1
579672,79,85,98,745,1,15,0,24.83,1008.99,15.41,704.96,66.66,1
580668,78,85,98,745,1,14,0,24.83,1008.99,15.41,700.55,66.66,1
581664,78,84,97,744,1,15,0,24.83,1008.99,15.41,696.20,66.66,1
582660,78,85,98,745,1,13,0,24.82,1008.99,15.40,698.37,66.66,1
583656,78,84,98,745,1,15,0,24.83,1008.99,15.40,700.55,66.57,1
584652,78,85,98,745,1,14,0,24.83,1009.00,15.41,697.64,66.57,1
585648,78,85,98,745,1,13,0,24.83,1009.00,15.40,704.22,66.66,1
586644,77,84,97,745,1,14,0,24.82,1008.99,15.39,702.01,66.66,1
587640,77,84,97,745,1,12,0,24.83,1008.99,15.39,699.82,66.57,1
588636,77,84,97,744,1,14,0,24.83,1009.00,15.38,703.48,66.57,1
589632,77,84,97,744,1,14,0,24.83,1009.00,15.39,696.20,66.57,1
590628,77,84,97,744,1,13,0,24.83,1009.00,15.39,698.37,66.66,1
591624,77,85,97,744,1,14,0,24.83,1008.99,15.39,699.09,66.66,1
592620,77,84,97,745,1,15,0,24.83,1008.99,15.38,701.28,66.66,1
593616,77,84,97,745,1,14,0,24.83,1008.99,15.39,699.09,66.66,1
594612,78,85,98,745,1,13,0,24.83,1008.99,15.37,693.32,66.57,1
595608,79,84,98,745,1,14,0,24.83,1009.00,15.36,699.09,66.66,1
596604,79,84,99,745,1,14,0,24.82,1008.99,15.33,693.32,66.57,1
597600,81,85,100,745,1,13,0,24.82,1009.00,15.31,698.37,66.57,1
598596,81,84,100,744,1,14,0,24.82,1009.00,15.29,694.75,66.57,1
599592,82,85,101,744,1,14,0,24.83,1009.00,15.27,698.37,66.57,1
0,81,84,100,744,1,13,0,24.83,1009.00,15.24,699.09,66.57,1
996,81,85,100,744,1,14,0,24.74,1009.00,15.16,689.05,66.57,1
1992,82,84,101,745,1,13,0,24.73,1009.00,15.18,690.47,66.57,1
2988,81,84,100,744,1,13,0,24.74,1009.00,15.18,691.89,66.66,1
3984,81,84,100,744,1,13,0,24.74,1008.99,15.18,690.47,66.66,1
4980,80,84,100,744,2,13,0,24.75,1008.99,15.17,691.89,66.74,1
5976,81,84,101,744,1,15,0,24.76,1008.98,15.17,691.18,66.66,1
6972,81,84,100,744,1,14,0,24.77,1008.99,15.14,684.84,66.66,1
7968,81,85,101,744,1,13,0,24.78,1008.99,15.13,691.18,66.57,1
8964,82,84,101,744,1,14,0,24.79,1009.00,15.13,683.45,66.66,1
9960,81,84,101,744,1,14,0,24.79,1008.99,15.12,686.24,66.66,1
10956,81,84,101,744,1,14,0,24.79,1008.99,15.11,687.64,66.66,1
11952,81,84,102,744,1,14,0,24.80,1008.99,15.12,682.75,66.74,1
12948,82,84,101,745,1,15,0,24.80,1008.98,15.12,682.06,66.74,1
13944,82,84,102,744,1,14,0,24.80,1008.98,15.12,685.54,66.74,1
14940,82,84,102,744,1,13,0,24.81,1008.98,15.12,684.84,66.74,1
15936,82,84,102,744,1,14,0,24.81,1008.98,15.12,686.94,66.74,1
16932,82,84,102,745,1,14,0,24.81,1008.98,15.13,683.45,66.66,1
17928,83,87,102,752,1,14,0,24.81,1008.99,15.12,684.84,66.66,1
18924,83,87,104,754,2,15,0,24.81,1008.99,15.11,687.64,66.66,1
19920,83,86,103,752,1,14,0,24.81,1008.99,15.13,681.37,66.66,1
20916,83,87,104,752,2,13,0,24.81,1008.99,15.12,684.14,66.66,1
21912,83,86,104,752,1,14,0,24.82,1008.99,15.12,676.56,66.57,1
22908,83,86,103,749,1,14,0,24.82,1009.00,15.12,682.06,66.66,1
23904,83,86,103,747,1,14,0,24.82,1008.99,15.13,676.56,66.66,1
24900,82,86,102,746,1,14,0,24.82,1008.99,15.12,683.45,66.66,0
25896,82,86,102,745,1,15,0,24.82,1008.99,15.11,679.99,66.57,0
26892,81,86,101,745,1,13,0,24.82,1009.00,15.13,677.93,66.49,0
27888,82,85,102,745,1,16,0,24.82,1009.01,15.12,676.56,66.49,0
28884,80,85,102,745,1,14,0,24.82,1009.01,15.12,675.88,66.57,0
29880,80,85,102,744,1,12,0,24.82,1009.00,15.12,675.88,66.57,0
30876,80,85,101,743,2,14,0,24.82,1009.00,15.12,675.88,66.57,0
31872,80,85,101,743,1,13,0,24.82,1009.00,15.12,677.93,66.66,0
32868,79,85,101,743,1,14,0,24.82,1008.99,15.12,677.25,66.66,0
33864,79,85,101,742,1,15,0,24.82,1008.99,15.14,676.56,66.57,0
34860,79,85,100,742,1,14,0,24.82,1009.00,15.13,677.93,66.57,0
35856,79,85,101,743,2,14,0,24.82,1009.00,15.14,677.93,66.57,0
36852,79,85,100,742,1,13,0,24.82,1009.00,15.14,677.25,66.66,0
37848,79,85,100,743,1,14,0,24.82,1008.99,15.14,673.85,66.66,0
38844,78,84,100,743,1,14,0,24.82,1008.99,15.13,670.49,66.66,0
39840,78,85,100,742,1,16,0,24.82,1008.99,15.14,672.50,66.66,0
40836,78,85,100,742,1,15,0,24.82,1008.99,15.12,673.85,66.66,0
41832,78,84,100,743,2,12,0,24.82,1008.99,15.12,677.93,66.57,0
42828,77,84,99,742,1,13,0,24.82,1009.00,15.09,673.85,66.57,0
43824,77,85,99,741,1,13,0,24.82,1009.00,15.07,677.93,66.57,0
44820,77,84,100,742,1,16,0,24.82,1009.00,15.04,677.93,66.66,0
45816,77,84,99,741,1,13,0,24.82,1008.99,15.01,678.61,66.66,0
46812,76,84,99,741,1,14,0,24.82,1008.99,14.99,679.99,66.66,0
47808,77,84,100,741,1,14,0,24.82,1008.99,14.97,676.56,66.66,0
48804,76,84,99,741,1,14,0,24.82,1008.99,14.95,678.61,66.74,0
49800,76,84,98,741,1,14,0,24.82,1008.98,14.93,675.20,66.66,0
50796,76,84,99,741,1,14,0,24.82,1008.99,14.93,677.25,66.66,0
51792,76,84,98,741,1,15,0,24.82,1008.99,14.90,677.25,66.66,0
52788,76,84,99,741,1,13,0,24.82,1008.99,14.90,683.45,66.57,0
53784,75,84,98,741,1,13,0,24.82,1009.00,14.89,686.24,66.66,0
54780,75,84,99,741,1,13,0,24.82,1008.99,14.87,684.14,66.66,0
55776,75,84,99,741,1,13,0,24.82,1008.99,14.87,684.84,66.66,0
56772,75,84,98,740,1,13,0,24.82,1008.99,14.86,685.54,66.57,0
57768,75,84,99,741,1,14,0,24.82,1009.00,14.85,686.94,66.57,0
58764,75,84,98,741,1,14,0,24.82,1009.00,14.84,687.64,66.57,0
59760,74,84,99,741,1,13,0,24.82,1009.00,14.82,685.54,66.57,0
60756,75,84,99,741,1,13,0,24.82,1009.00,14.81,689.76,66.57,0
61752,74,84,98,740,1,14,0,24.82,1009.00,14.80,689.05,66.66,0
62748,73,84,98,741,1,13,0,24.82,1008.99,14.79,691.18,66.66,0
63744,74,83,98,740,1,13,0,24.82,1008.99,14.77,686.24,66.66,0
64740,74,84,98,740,1,14,0,24.82,1008.99,14.77,692.61,66.74,0
65736,74,83,98,741,1,14,0,24.82,1008.98,14.75,693.32,66.74,0
66732,73,84,97,741,1,14,0,24.82,1008.98,14.75,694.75,66.74,0
67728,73,84,97,740,1,13,0,24.81,1008.98,14.73,699.09,66.74,0
68724,73,84,98,741,1,13,0,24.81,1008.98,14.72,700.55,66.74,0
69720,72,84,98,740,1,13,0,24.81,1008.98,14.71,702.75,66.74,0
70716,73,84,97,740,1,15,0,24.81,1008.98,14.70,701.28,66.66,0
71712,72,84,98,740,1,14,0,24.81,1008.99,14.71,700.55,66.66,0
72708,72,84,97,740,1,13,0,24.81,1008.99,14.69,696.20,66.66,0
73704,72,83,97,740,1,13,0,24.81,1008.99,14.69,700.55,66.66,0
74700,72,83,98,740,1,14,0,24.81,1008.99,14.69,701.28,66.66,0
75696,71,83,97,740,1,13,0,24.81,1008.99,14.68,703.48,66.66,0
76692,71,83,97,740,1,12,0,24.81,1008.99,14.69,702.01,66.66,0
77688,71,84,97,741,1,13,0,24.81,1008.99,14.70,697.64,66.57,0
78684,71,84,97,741,1,13,0,24.81,1009.00,14.70,700.55,66.66,0
79680,71,83,96,741,1,13,0,24.81,1008.99,14.71,702.01,66.57,0
80676,70,83,97,741,1,14,0,24.81,1009.00,14.72,702.01,66.57,0
81672,70,83,97,741,1,14,0,24.81,1009.00,14.71,699.09,66.66,0
82668,70,83,96,740,1,13,0,24.81,1008.99,14.73,699.82,66.66,0
83664,70,83,96,740,1,14,0,24.81,1008.99,14.73,700.55,66.66,0
84660,70,84,97,741,1,14,0,24.81,1008.99,14.74,693.32,66.57,1
85656,70,83,96,740,1,13,0,24.81,1009.00,14.72,695.47,66.57,1
86652,70,83,95,741,1,13,0,24.81,1009.00,14.74,702.01,66.57,1
87648,69,83,96,741,1,12,0,24.81,1009.00,14.73,700.55,66.57,1
88644,69,83,97,741,1,13,0,24.81,1009.00,14.73,702.01,66.66,1
89640,69,84,96,741,1,13,0,24.81,1008.99,14.73,694.04,66.66,1
90636,69,83,96,741,1,13,0,24.81,1008.99,14.74,699.09,66.74,1
91632,69,84,96,741,1,13,0,24.81,1008.98,14.73,702.75,66.74,1
92628,70,83,96,742,1,13,0,24.81,1008.98,14.74,699.09,66.66,1
93624,69,84,96,740,1,13,0,24.81,1008.99,14.75,699.09,66.66,1
94620,70,84,97,741,1,13,0,24.81,1008.99,14.75,696.20,66.66,1
95616,71,83,97,742,1,13,0,24.81,1008.99,14.75,700.55,66.66,1
96612,72,84,98,743,1,13,0,24.81,1008.99,14.74,699.09,66.66,1
97608,74,84,98,745,1,14,0,24.81,1008.99,14.76,703.48,66.66,1
98604,74,85,99,746,1,13,0,24.81,1008.99,14.75,700.55,66.66,1
99600,75,84,99,747,1,13,0,24.81,1008.99,14.76,699.82,66.66,1
100596,76,85,99,746,1,13,0,24.81,1008.99,14.76,693.32,66.57,1
101592,76,84,99,745,1,12,0,24.81,1009.00,14.75,701.28,66.66,1
102588,76,84,99,744,1,14,0,24.81,1008.99,14.76,700.55,66.74,1
103584,77,84,100,744,1,13,0,24.81,1008.98,14.75,691.18,66.66,1
104580,77,84,100,744,2,13,0,24.81,1008.99,14.75,692.61,66.66,1
105576,79,84,100,744,1,13,0,24.81,1008.99,14.77,699.09,66.66,1
106572,80,84,100,744,1,14,0,24.81,1008.99,14.78,697.64,66.66,1
107568,80,85,100,745,1,14,0,24.81,1008.99,14.80,699.09,66.74,1
108564,82,85,101,745,1,13,0,24.81,1008.98,14.79,694.75,66.66,1
109560,83,85,101,745,1,14,0,24.81,1008.99,14.79,691.89,66.74,1
110556,82,85,101,744,1,13,0,24.81,1008.98,14.81,696.20,66.74,1
111552,83,85,102,745,1,15,0,24.81,1008.98,14.81,690.47,66.74,1
112548,84,86,102,745,2,14,0,24.82,1008.98,14.82,691.89,66.74,1
113544,85,86,103,745,1,13,0,24.82,1008.98,14.82,694.75,66.74,1
114540,86,86,103,745,1,14,0,24.82,1008.98,14.82,693.32,66.82,1
115536,87,86,103,746,1,14,0,24.82,1008.97,14.83,693.32,66.82,1
116532,88,86,103,745,1,15,0,24.82,1008.97,14.82,692.61,66.74,1
117528,89,87,104,746,1,13,0,24.82,1008.98,14.83,694.04,66.74,1
118524,91,87,105,746,1,14,0,24.82,1008.98,14.83,692.61,66.82,1
119520,94,87,106,746,1,15,0,24.82,1008.97,14.84,686.24,66.82,1
120516,95,87,107,745,1,14,0,24.82,1008.97,14.84,686.24,66.74,1
121512,96,88,107,745,1,14,0,24.82,1008.98,14.84,692.61,66.66,1
122508,96,88,107,746,1,14,0,24.82,1008.99,14.86,690.47,66.66,1
123504,98,87,108,745,1,15,0,24.82,1008.99,14.85,691.18,66.66,1
124500,98,88,108,745,1,14,0,24.82,1008.99,14.86,689.05,66.74,1
125496,99,88,109,745,2,14,0,24.82,1008.98,14.85,689.05,66.74,1
126492,100,88,109,746,1,14,0,24.82,1008.98,14.85,689.76,66.74,1
127488,101,89,110,746,2,15,0,24.82,1008.98,14.86,689.76,66.74,1
128484,103,89,111,747,1,14,0,24.82,1008.98,14.85,689.05,66.74,1
129480,105,88,112,747,1,14,0,24.82,1008.98,14.84,686.24,66.66,1
130476,107,89,112,746,1,12,0,24.82,1008.99,14.86,691.18,66.57,1
131472,108,89,113,746,1,14,0,24.82,1009.00,14.85,684.84,66.66,1
132468,110,89,115,746,1,14,0,24.83,1008.99,14.85,687.64,66.66,1
133464,111,90,115,747,1,13,0,24.83,1008.99,14.85,686.94,66.66,1
134460,112,90,116,746,1,13,0,24.83,1008.99,14.84,688.35,66.66,1
135456,111,90,116,746,1,12,0,24.83,1008.99,14.84,686.94,66.66,1
136452,111,89,116,745,1,13,0,24.83,1008.99,14.84,685.54,66.66,1
137448,110,90,116,745,1,14,0,24.83,1008.99,14.83,687.64,66.66,1
138444,110,90,116,746,1,12,0,24.83,1008.99,14.84,686.94,66.66,1
139440,110,90,117,746,1,13,0,24.83,1008.99,14.82,691.18,66.57,1
140436,110,90,117,745,1,13,0,24.83,1009.00,14.81,689.76,66.66,1
141432,110,90,118,745,1,13,0,24.83,1008.99,14.80,690.47,66.66,1
142428,112,90,118,745,1,13,0,24.83,1008.99,14.80,691.18,66.66,1
143424,112,90,120,746,1,13,0,24.83,1008.99,14.79,689.05,66.66,1
144420,113,90,120,746,1,13,0,24.83,1008.99,14.78,687.64,66.66,1
145416,114,90,121,745,2,14,0,24.83,1008.99,14.79,689.76,66.66,1
146412,114,90,121,761,1,12,0,24.83,1008.99,14.78,692.61,66.66,1
147408,113,90,120,753,1,13,0,24.82,1008.99,14.78,692.61,66.74,0
148404,113,90,120,749,1,13,0,24.82,1008.98,14.78,694.04,66.74,0
149400,112,90,120,748,1,14,0,24.82,1008.98,14.78,691.18,66.74,0
150396,111,90,120,747,1,13,0,24.82,1008.98,14.77,691.89,66.74,0
151392,110,90,120,746,1,13,0,24.82,1008.98,14.77,691.18,66.66,0
152388,110,90,119,745,1,13,0,24.82,1008.99,14.75,691.18,66.66,0
153384,109,90,118,745,1,14,0,24.82,1008.99,14.77,696.20,66.66,0
154380,108,90,119,744,1,14,0,24.82,1008.99,14.76,687.64,66.66,0
155376,107,89,118,744,1,12,0,24.82,1008.99,14.74,691.18,66.66,0
156372,106,89,119,744,2,12,0,24.82,1008.99,14.74,696.92,66.66,0
157368,106,90,118,743,2,14,0,24.82,1008.99,14.74,696.20,66.66,0
158364,105,89,118,743,1,13,0,24.82,1008.99,14.73,696.20,66.74,0
159360,104,89,117,743,1,12,0,24.82,1008.98,14.72,696.20,66.74,0
160356,104,89,117,742,1,13,0,24.82,1008.98,14.71,693.32,66.66,0
161352,102,89,117,743,1,13,0,24.82,1008.99,14.70,697.64,66.66,0
162348,102,89,117,742,1,13,0,24.82,1008.99,14.69,697.64,66.74,0
163344,101,89,115,742,1,13,0,24.82,1008.98,14.68,696.20,66.74,0
164340,101,89,115,743,1,13,0,24.82,1008.98,14.68,701.28,66.74,0
165336,100,89,116,743,1,12,0,24.82,1008.98,14.67,691.18,66.74,0
166332,99,89,115,743,1,14,0,24.82,1008.98,14.66,696.20,66.74,0
167328,98,89,115,743,2,14,0,24.82,1008.98,14.66,699.82,66.74,0
168324,98,89,115,743,1,14,0,24.82,1008.98,14.65,696.92,66.74,0
169320,97,89,115,742,1,14,0,24.82,1008.98,14.66,697.64,66.66,0
170316,97,89,114,743,1,13,0,24.82,1008.99,14.65,691.89,66.66,0
171312,96,89,115,742,2,15,0,24.82,1008.99,14.64,696.92,66.66,0
172308,96,89,114,742,2,13,0,24.81,1008.99,14.65,696.20,66.66,0
173304,95,89,114,742,2,14,0,24.81,1008.99,14.65,698.37,66.57,0
174300,95,89,113,743,1,14,0,24.81,1009.00,14.66,695.47,66.57,0
175296,94,88,113,743,1,14,0,24.81,1009.00,14.67,698.37,66.57,0
176292,93,89,113,743,1,14,0,24.82,1009.00,14.68,696.92,66.57,0
177288,93,88,113,743,1,13,0,24.82,1009.00,14.70,691.18,66.57,0
178284,93,89,113,743,1,13,0,24.82,1009.00,14.70,699.82,66.57,0
179280,92,89,113,742,1,14,0,24.82,1009.00,14.73,694.75,66.66,0
180276,92,88,113,743,2,14,0,24.82,1008.99,14.72,694.75,66.66,0
181272,91,88,112,743,2,13,0,24.82,1008.99,14.74,691.89,66.66,0
182268,90,89,112,743,1,14,0,24.82,1008.99,14.75,691.18,66.66,0
183264,90,88,111,743,2,15,0,24.82,1008.99,14.76,694.75,66.66,0
184260,90,89,111,742,1,14,0,24.82,1008.99,14.77,694.75,66.66,0
185256,90,89,111,742,2,14,0,24.82,1008.99,14.78,689.05,66.66,0
186252,90,89,111,742,2,14,0,24.82,1008.99,14.79,690.47,66.66,0
187248,89,89,110,741,1,14,0,24.82,1008.99,14.80,697.64,66.66,0
188244,88,89,111,742,1,14,0,24.82,1008.99,14.80,689.76,66.57,0
189240,88,88,111,743,2,14,0,24.82,1009.00,14.82,693.32,66.49,0
190236,89,89,111,746,2,15,0,24.82,1009.01,14.82,696.92,66.57,0
191232,88,89,111,747,2,14,0,24.82,1009.00,14.83,696.20,66.49,0
192228,87,89,111,747,2,15,0,24.82,1009.01,14.84,690.47,66.57,0
193224,87,89,111,748,1,14,0,24.82,1009.00,14.85,694.04,66.66,0
194220,87,89,111,747,2,15,0,24.82,1008.99,14.87,691.89,66.66,0
195216,87,89,110,747,2,15,0,24.82,1008.99,14.88,687.64,66.74,0
196212,86,89,110,746,1,14,0,24.82,1008.98,14.90,694.75,66.82,0
197208,85,89,110,745,1,13,0,24.82,1008.97,14.91,693.32,66.74,0
198204,85,89,109,745,2,14,0,24.82,1008.98,14.94,696.20,66.82,0
199200,85,88,109,745,2,14,0,24.82,1008.97,14.96,692.61,66.74,0
200196,85,88,109,744,2,15,0,24.82,1008.98,14.96,693.32,66.82,0
201192,84,88,108,744,1,14,0,24.82,1008.97,14.97,693.32,66.82,0
202188,84,89,108,744,2,13,0,24.82,1008.97,14.98,691.89,66.82,1
203184,84,88,108,744,1,14,0,24.82,1008.97,14.97,689.05,66.82,1
204180,83,88,109,746,2,14,0,24.82,1008.97,14.99,691.89,66.82,1
205176,83,88,108,745,1,14,0,24.82,1008.97,14.99,691.89,66.82,1
206172,82,88,108,744,1,14,0,24.82,1008.97,14.99,687.64,66.82,1
207168,82,88,108,744,1,14,0,24.82,1008.97,14.99,695.47,66.82,1
208164,82,89,108,743,1,13,0,24.82,1008.97,14.98,693.32,66.82,1
209160,82,89,108,743,1,12,0,24.82,1008.97,14.96,689.76,66.82,1
210156,82,88,108,743,1,13,0,24.82,1008.97,14.96,688.35,66.82,1
211152,81,88,107,743,2,13,0,24.82,1008.97,14.96,696.20,66.74,1
212148,81,88,107,743,1,12,0,24.82,1008.98,14.93,693.32,66.66,1
213144,81,88,108,743,1,12,0,24.82,1008.99,14.92,687.64,66.66,1
214140,81,88,108,743,1,12,0,24.82,1008.99,14.90,688.35,66.66,1
215136,81,88,108,742,1,12,0,24.82,1008.99,14.89,694.75,66.66,1
216132,81,88,107,742,1,14,0,24.82,1008.99,14.88,690.47,66.57,1
217128,81,88,108,744,1,13,0,24.82,1009.00,14.87,693.32,66.57,1
218124,81,88,108,745,1,12,0,24.82,1009.00,14.86,692.61,66.57,1
219120,81,88,108,744,1,12,0,24.82,1009.00,14.86,692.61,66.66,1
220116,81,87,108,744,1,12,0,24.82,1008.99,14.85,694.04,66.66,1
221112,81,88,108,743,1,11,0,24.82,1008.99,14.83,690.47,66.66,1
222108,81,88,107,743,1,12,0,24.82,1008.99,14.83,694.04,66.66,1
223104,81,88,108,743,1,12,0,24.82,1008.99,14.83,692.61,66.66,1
224100,80,88,108,743,1,12,0,24.82,1008.99,14.82,693.32,66.66,1
225096,79,87,107,743,1,12,0,24.82,1008.99,14.82,686.24,66.57,1
226092,80,88,107,743,1,12,0,24.82,1009.00,14.83,696.20,66.66,1
227088,79,88,106,742,1,12,0,24.82,1008.99,14.82,691.89,66.66,1
228084,79,87,107,742,1,12,0,24.82,1008.99,14.82,694.04,66.66,1
229080,79,88,106,741,1,12,0,24.82,1008.99,14.81,693.32,66.66,1
230076,78,87,106,742,1,13,0,24.82,1008.99,14.83,693.32,66.66,1
231072,78,87,106,740,1,14,0,24.82,1008.99,14.82,689.05,66.66,1
232068,77,87,106,741,1,15,0,24.82,1008.99,14.82,685.54,66.74,1
233064,77,87,106,740,1,13,0,24.82,1008.98,14.81,693.32,66.74,1
234060,77,87,106,741,1,12,0,24.82,1008.98,14.80,693.32,66.66,1
235056,77,87,105,741,1,13,0,24.82,1008.99,14.80,686.24,66.66,1
236052,77,87,105,741,1,13,0,24.82,1008.99,14.80,691.18,66.66,1
237048,77,88,104,741,1,12,0,24.82,1008.99,14.80,689.76,66.66,1
238044,76,87,105,741,1,12,0,24.82,1008.99,14.78,694.04,66.57,1
239040,76,86,105,741,1,13,0,24.82,1009.00,14.77,687.64,66.57,1
240036,76,87,105,741,1,13,0,24.82,1009.00,14.76,693.32,66.66,1
241032,76,87,105,741,1,13,0,24.82,1008.99,14.74,694.75,66.66,1
242028,76,87,104,741,1,13,0,24.82,1008.99,14.73,693.32,66.74,1
243024,75,87,104,741,1,12,0,24.82,1008.98,14.73,691.89,66.74,1
244020,76,87,104,741,1,13,0,24.82,1008.98,14.72,699.09,66.66,1
245016,76,87,104,740,1,12,0,24.82,1008.99,14.72,691.18,66.74,1
246012,76,86,104,741,1,12,0,24.82,1008.98,14.72,693.32,66.66,1
247008,75,87,104,741,1,12,0,24.82,1008.99,14.71,683.45,66.66,1
248004,76,87,104,741,1,12,0,24.82,1008.99,14.70,691.89,66.66,1
249000,75,87,104,741,1,12,0,24.82,1008.99,14.70,689.05,66.66,1
249996,75,87,103,740,1,12,0,24.82,1008.99,14.70,687.64,66.74,1
250992,75,87,103,741,1,11,0,24.82,1008.98,14.70,683.45,66.66,1
251988,75,87,104,741,1,13,0,24.82,1008.99,14.70,690.47,66.66,1
252984,75,87,103,741,2,13,0,24.83,1008.99,14.70,686.94,66.66,1
253980,75,87,103,740,1,12,0,24.83,1008.99,14.70,684.84,66.74,1
254976,75,87,103,740,1,12,0,24.83,1008.98,14.69,685.54,66.74,1
255972,75,87,104,741,1,12,0,24.83,1008.98,14.70,686.24,66.74,1
256968,76,87,103,740,1,13,0,24.83,1008.98,14.69,686.24,66.57,1
257964,76,87,103,741,1,12,0,24.83,1009.00,14.69,688.35,66.57,1
258960,75,87,103,741,1,11,0,24.83,1009.00,14.70,687.64,66.66,1
259956,75,87,102,741,1,12,0,24.84,1008.99,14.70,686.24,66.66,1
260952,74,87,103,741,1,11,0,24.84,1008.99,14.70,686.94,66.57,0
261948,76,87,103,743,1,12,0,24.84,1009.00,14.71,686.24,66.57,0
262944,76,88,103,742,1,11,0,24.84,1009.00,14.73,686.94,66.66,0
263940,76,88,104,743,1,13,0,24.84,1008.99,14.74,688.35,66.66,0
264936,76,88,104,743,1,13,0,24.84,1008.99,14.75,681.37,66.66,0
265932,76,88,104,743,1,14,0,24.84,1008.99,14.76,691.18,66.66,0
266928,76,88,104,743,1,12,0,24.84,1008.99,14.76,686.94,66.66,0
267924,76,88,104,743,1,12,0,24.84,1008.99,14.76,686.24,66.57,0
268920,75,88,104,742,1,12,0,24.84,1009.00,14.76,689.05,66.57,0
269916,76,88,104,743,1,13,0,24.84,1009.00,14.75,689.05,66.57,0
270912,76,88,104,743,1,13,0,24.85,1009.00,14.75,690.47,66.57,0
271908,76,88,104,743,1,14,0,24.85,1009.00,14.74,689.76,66.57,0
272904,77,88,104,742,1,13,0,24.85,1009.00,14.73,693.32,66.57,0
273900,77,88,104,742,1,13,0,24.85,1009.00,14.72,694.04,66.57,0
274896,77,88,104,742,1,13,0,24.85,1009.00,14.72,698.37,66.57,0
275892,76,88,104,742,1,13,0,24.85,1009.00,14.71,696.20,66.49,0
276888,77,88,104,741,1,14,0,24.85,1009.01,14.71,697.64,66.57,0
277884,77,88,103,742,1,13,0,24.85,1009.00,14.70,699.09,66.57,0
278880,77,89,103,741,1,12,0,24.85,1009.00,14.70,696.20,66.57,0
279876,77,88,103,741,1,12,0,24.85,1009.00,14.68,699.82,66.57,0
280872,76,88,103,740,2,14,0,24.85,1009.00,14.68,698.37,66.57,0
281868,77,88,103,740,1,13,0,24.85,1009.00,14.69,699.82,66.57,0
282864,76,88,103,740,1,13,0,24.85,1009.00,14.69,698.37,66.57,0
283860,76,88,103,739,1,12,0,24.85,1009.00,14.68,702.75,66.49,0
284856,76,88,103,740,1,13,0,24.85,1009.01,14.68,700.55,66.49,0
285852,75,88,102,739,1,12,0,24.85,1009.01,14.69,700.55,66.49,0
286848,75,88,103,739,1,12,0,24.85,1009.01,14.70,697.64,66.49,0
287844,75,88,102,739,2,13,0,24.85,1009.01,14.69,704.96,66.57,0
288840,75,88,102,739,2,15,0,24.85,1009.00,14.68,702.75,66.57,0
289836,75,88,101,739,2,13,0,24.84,1009.00,14.69,704.96,66.49,0
290832,75,87,101,739,1,13,0,24.84,1009.01,14.68,706.44,66.49,0
291828,74,88,102,739,1,12,0,24.84,1009.01,14.69,703.48,66.49,0
292824,74,87,101,738,1,13,0,24.84,1009.01,14.67,702.01,66.41,0
293820,74,88,102,739,1,13,0,24.85,1009.02,14.68,703.48,66.41,0
294816,74,88,101,738,1,13,0,24.85,1009.02,14.67,703.48,66.49,0
295812,73,87,101,739,1,13,0,24.85,1009.01,14.67,703.48,66.57,0
296808,74,88,101,738,1,12,0,24.85,1009.00,14.66,704.22,66.57,0
297804,73,87,101,739,2,14,0,24.85,1009.00,14.65,704.22,66.57,0
298800,73,88,101,738,1,12,0,24.85,1009.00,14.65,704.96,66.49,0
299796,73,87,101,739,1,14,0,24.85,1009.01,14.66,707.93,66.49,0
300792,72,87,101,739,1,13,0,24.85,1009.01,14.65,705.70,66.49,0
301788,72,87,101,739,2,13,0,24.85,1009.01,14.64,706.44,66.49,0
302784,72,87,100,739,1,13,0,24.85,1009.01,14.65,704.96,66.41,0
303780,72,87,100,739,1,12,0,24.85,1009.02,14.65,704.96,66.41,0
304776,72,87,100,738,1,13,0,24.85,1009.02,14.63,707.19,66.49,0
305772,72,87,101,739,2,13,0,24.85,1009.01,14.64,709.43,66.41,0
306768,71,87,100,738,1,12,0,24.85,1009.02,14.64,704.96,66.49,0
307764,71,87,100,738,1,12,0,24.84,1009.01,14.63,710.18,66.57,0
308760,71,87,100,738,1,13,0,24.84,1009.00,14.63,710.18,66.57,0
309756,71,87,100,739,1,13,0,24.84,1009.00,14.63,710.93,66.49,0
310752,71,87,100,738,1,13,0,24.84,1009.01,14.62,704.22,66.49,0
311748,70,87,99,739,1,13,0,24.84,1009.01,14.62,711.68,66.49,0
312744,71,87,100,739,1,12,0,24.84,1009.01,14.62,712.44,66.41,0
313740,70,87,100,739,1,13,0,24.84,1009.02,14.62,713.95,66.49,0
314736,70,87,99,740,1,12,0,24.84,1009.01,14.61,715.47,66.49,0
315732,70,87,99,739,1,12,0,24.84,1009.01,14.62,707.93,66.49,0
316728,69,87,99,738,1,13,0,24.84,1009.01,14.62,713.95,66.49,0
317724,70,87,99,739,1,12,0,24.84,1009.01,14.62,707.19,66.49,0
318720,69,87,99,739,1,13,0,24.84,1009.01,14.61,717.00,66.49,0
319716,69,86,99,738,1,12,0,24.84,1009.01,14.62,715.47,66.49,1
320712,69,87,99,738,1,13,0,24.84,1009.01,14.61,715.47,66.49,1
321708,69,87,99,738,1,13,0,24.84,1009.01,14.62,707.93,66.49,1
322704,68,87,98,737,1,13,0,24.85,1009.01,14.61,717.00,66.49,1
323700,69,87,99,738,1,13,0,24.85,1009.01,14.62,712.44,66.49,1
324696,69,86,98,738,1,13,0,24.85,1009.01,14.60,713.95,66.57,1
325692,68,86,98,738,1,14,0,24.85,1009.00,14.62,716.23,66.49,1
326688,68,87,97,739,1,13,0,24.84,1009.01,14.62,709.43,66.49,1
327684,68,86,98,738,2,13,0,24.84,1009.01,14.61,715.47,66.49,1
328680,68,87,98,738,1,12,0,24.84,1009.01,14.61,713.95,66.49,1
329676,68,86,98,738,1,13,0,24.84,1009.01,14.62,710.18,66.49,1
330672,67,87,98,738,1,13,0,24.84,1009.01,14.62,714.71,66.49,1
331668,68,87,97,738,2,14,0,24.84,1009.01,14.62,708.68,66.49,1
332664,68,86,98,739,2,13,0,24.84,1009.01,14.62,711.68,66.49,1
333660,67,87,97,739,1,13,0,24.84,1009.01,14.63,715.47,66.49,1
334656,67,86,97,738,1,13,0,24.84,1009.01,14.63,716.23,66.49,1
335652,67,86,98,739,1,13,0,24.84,1009.01,14.62,718.53,66.57,1
336648,67,86,98,738,1,14,0,24.84,1009.00,14.64,715.47,66.57,1
337644,67,86,97,739,2,13,0,24.85,1009.00,14.64,720.85,66.49,1
338640,68,86,97,739,1,12,0,24.85,1009.01,14.63,717.76,66.41,1
339636,67,86,98,739,1,13,0,24.85,1009.02,14.64,714.71,66.49,1
340632,68,86,97,738,2,14,0,24.85,1009.01,14.64,712.44,66.49,1
341628,68,86,98,738,1,13,0,24.85,1009.01,14.64,707.93,66.49,1
342624,68,86,97,738,1,13,0,24.85,1009.01,14.63,712.44,66.49,1
343620,67,86,98,738,1,12,0,24.85,1009.01,14.64,715.47,66.49,1
344616,67,86,97,739,1,13,0,24.85,1009.01,14.64,714.71,66.49,1
345612,68,87,97,738,2,13,0,24.85,1009.01,14.64,708.68,66.49,1
346608,67,86,96,738,3,12,0,24.85,1009.01,14.63,716.23,66.49,1
347604,67,86,97,739,1,13,0,24.85,1009.01,14.64,713.95,66.57,1
348600,67,86,97,739,2,13,0,24.85,1009.00,14.63,713.95,66.49,1
349596,67,86,96,739,1,13,0,24.85,1009.01,14.64,708.68,66.49,1
350592,67,86,97,739,2,14,0,24.85,1009.01,14.64,718.53,66.49,1
351588,67,86,96,739,1,12,0,24.85,1009.01,14.64,714.71,66.49,1
352584,67,86,96,739,2,12,0,24.85,1009.01,14.65,715.47,66.49,1
353580,67,86,97,738,2,12,0,24.85,1009.01,14.68,715.47,66.49,1
354576,66,86,96,739,1,12,0,24.85,1009.01,14.69,717.00,66.57,1
355572,67,86,96,739,2,13,0,24.85,1009.00,14.69,712.44,66.49,1
356568,66,86,96,739,2,13,0,24.85,1009.01,14.72,715.47,66.57,1
357564,66,86,96,739,2,13,0,24.85,1009.00,14.72,717.00,66.49,1
358560,66,85,96,739,1,13,0,24.85,1009.01,14.73,715.47,66.49,1
359556,66,86,96,739,1,14,0,24.85,1009.01,14.74,717.76,66.57,1
360552,66,85,96,740,2,13,0,24.85,1009.00,14.76,710.18,66.57,1
361548,66,86,96,740,1,13,0,24.85,1009.00,14.77,716.23,66.49,1
362544,67,86,96,740,1,12,0,24.85,1009.01,14.78,716.23,66.57,1
363540,67,86,96,740,1,13,0,24.85,1009.00,14.78,717.00,66.49,1
364536,67,86,97,739,2,14,0,24.85,1009.01,14.79,713.95,66.57,1
365532,67,86,97,740,1,13,0,24.85,1009.00,14.80,715.47,66.49,1
366528,67,86,98,740,1,13,0,24.86,1009.01,14.81,715.47,66.57,1
367524,69,86,98,741,2,12,0,24.86,1009.00,14.81,713.19,66.49,1
368520,69,86,99,740,1,13,0,24.86,1009.01,14.81,709.43,66.49,1
369516,69,86,99,741,1,14,0,24.86,1009.01,14.80,713.19,66.49,1
370512,70,86,99,740,1,14,0,24.86,1009.01,14.80,713.19,66.49,1
371508,70,87,99,740,2,13,0,24.86,1009.01,14.81,715.47,66.49,1
372504,71,87,99,740,2,14,0,24.86,1009.01,14.82,714.71,66.57,1
373500,71,86,99,741,1,12,0,24.86,1009.00,14.85,711.68,66.57,1
374496,72,87,99,741,1,13,0,24.86,1009.00,14.90,712.44,66.57,1
375492,72,87,99,741,1,13,0,24.86,1009.00,14.93,706.44,66.49,1
376488,72,87,99,740,1,13,0,24.86,1009.01,14.95,713.95,66.57,1
377484,72,87,99,740,1,13,0,24.86,1009.00,14.99,708.68,66.49,1
378480,72,87,99,740,1,14,0,24.86,1009.01,15.01,714.71,66.49,1
379476,73,86,100,740,1,13,0,24.86,1009.01,15.04,710.18,66.57,1
380472,73,87,100,740,1,13,0,24.86,1009.00,15.06,706.44,66.57,1
381468,73,87,100,740,2,12,0,24.86,1009.00,15.07,707.93,66.57,0
382464,72,86,100,740,1,12,0,24.87,1009.00,15.07,713.19,66.49,0
383460,72,87,99,740,2,14,0,24.87,1009.01,15.08,710.93,66.41,0
384456,72,86,100,740,2,13,0,24.87,1009.02,15.11,707.19,66.41,0
385452,73,87,100,740,1,13,0,24.87,1009.02,15.14,710.18,66.49,0
386448,73,86,100,739,1,12,0,24.87,1009.01,15.17,713.95,66.49,0
387444,73,87,100,740,2,13,0,24.87,1009.01,15.21,715.47,66.49,0
388440,72,87,99,740,1,14,0,24.87,1009.01,15.21,710.93,66.49,0
389436,72,87,100,741,1,13,0,24.87,1009.01,15.20,714.71,66.57,0
390432,72,87,99,741,2,14,0,24.87,1009.00,15.20,713.95,66.57,0
391428,73,87,100,740,1,13,0,24.88,1009.00,15.17,715.47,66.66,0
392424,72,86,100,740,1,14,0,24.88,1008.99,15.14,715.47,66.57,0
393420,72,86,99,740,1,12,0,24.88,1009.00,15.11,716.23,66.66,0
394416,72,86,99,740,1,13,0,24.88,1008.99,15.08,715.47,66.57,0
395412,72,87,100,740,2,13,0,24.88,1009.00,15.06,719.30,66.57,0
396408,72,87,99,740,2,13,0,24.88,1009.00,15.03,713.19,66.57,0
397404,71,87,99,741,1,13,0,24.88,1009.00,15.01,717.00,66.57,0
398400,72,88,100,749,1,12,0,24.89,1009.00,14.99,720.07,66.57,0
399396,71,88,100,750,1,12,0,24.89,1009.00,14.96,713.95,66.49,0
400392,71,87,100,749,1,13,0,24.89,1009.01,14.97,713.95,66.57,0
401388,71,87,100,748,1,12,0,24.89,1009.00,14.96,720.07,66.57,0
402384,70,87,99,749,1,13,0,24.89,1009.00,14.98,720.07,66.57,0
403380,70,87,99,750,2,13,0,24.89,1009.00,14.99,717.00,66.57,0
404376,70,88,100,753,1,13,0,24.89,1009.00,15.01,715.47,66.57,0
405372,70,88,100,753,2,14,0,24.89,1009.00,15.00,715.47,66.66,0
406368,70,88,99,750,2,13,0,24.90,1008.99,15.02,715.47,66.57,0
407364,70,87,99,748,1,13,0,24.90,1009.00,15.02,710.93,66.66,0
408360,69,87,99,748,2,14,0,24.90,1008.99,15.03,715.47,66.66,0
409356,69,87,98,747,1,13,0,24.90,1008.99,15.05,714.71,66.66,0
410352,69,87,98,746,1,14,0,24.90,1008.99,15.05,713.95,66.66,0
411348,69,87,98,745,2,13,0,24.90,1008.99,15.08,710.93,66.66,0
412344,68,87,97,744,1,12,0,24.90,1008.99,15.10,713.95,66.74,0
413340,68,87,98,744,2,14,0,24.90,1008.98,15.09,711.68,66.66,0
414336,68,86,97,744,2,13,0,24.90,1008.99,15.10,715.47,66.66,0
415332,68,87,97,744,2,13,0,24.90,1008.99,15.09,712.44,66.66,0
416328,68,87,97,744,2,14,0,24.91,1008.99,15.07,716.23,66.66,0
417324,68,86,97,743,1,14,0,24.91,1008.99,15.06,714.71,66.66,0
418320,67,86,97,743,1,12,0,24.91,1008.99,15.03,718.53,66.74,0
419316,67,86,96,743,1,12,0,24.91,1008.98,15.01,713.95,66.74,0
420312,67,86,97,742,1,14,0,24.91,1008.98,15.01,711.68,66.74,0
421308,67,87,96,743,2,13,0,24.91,1008.98,14.97,718.53,66.66,0
422304,67,87,97,748,1,13,0,24.91,1008.99,14.94,714.71,66.66,0
423300,66,87,96,749,2,13,0,24.92,1008.99,14.91,716.23,66.66,0
424296,67,87,97,750,1,13,0,24.92,1008.99,14.90,720.07,66.66,0
425292,67,88,99,758,2,12,0,24.92,1008.99,14.89,717.00,66.66,0
426288,66,88,98,757,1,12,0,24.92,1008.99,14.90,713.19,66.66,0
427284,66,87,97,754,1,14,0,24.92,1008.99,14.94,720.07,66.66,0
428280,66,87,96,752,2,16,0,24.92,1008.99,14.93,717.76,66.74,0
429276,66,87,97,751,2,14,0,24.92,1008.98,14.95,712.44,66.74,0
430272,66,87,96,749,2,13,0,24.92,1008.98,14.95,718.53,66.74,0
431268,66,88,98,759,1,12,0,24.92,1008.98,14.94,718.53,66.74,0
432264,66,88,98,761,2,14,0,24.92,1008.98,14.93,717.00,66.66,0
433260,66,89,98,761,2,14,0,24.92,1008.99,14.92,720.07,66.66,0
434256,66,89,98,761,2,13,0,24.92,1008.99,14.91,717.00,66.66,0
435252,66,88,98,763,1,13,0,24.91,1008.99,14.88,722.39,66.66,0
436248,65,89,97,764,1,14,0,24.91,1008.99,14.85,721.62,66.74,0
437244,65,88,97,760,1,12,0,24.91,1008.98,14.84,722.39,66.74,0
438240,66,88,96,757,1,14,0,24.91,1008.98,14.82,724.73,66.74,0
439236,65,88,96,754,2,15,0,24.91,1008.98,14.81,723.17,66.74,0
440232,64,88,95,752,2,13,0,24.91,1008.98,14.81,715.47,66.82,0
441228,65,87,95,753,1,13,0,24.91,1008.97,14.81,723.17,66.82,0
442224,65,87,96,751,1,13,0,24.91,1008.97,14.80,725.52,66.74,1
443220,64,86,96,751,1,12,0,24.91,1008.98,14.79,723.95,66.74,1
444216,64,87,96,750,1,12,0,24.91,1008.98,14.79,717.00,66.74,1
445212,64,87,94,749,1,14,0,24.91,1008.98,14.78,717.76,66.74,1
446208,64,87,95,749,1,14,0,24.91,1008.98,14.78,725.52,66.74,1
447204,64,86,95,747,1,13,0,24.91,1008.98,14.79,724.73,66.74,1
448200,64,86,95,747,1,14,0,24.91,1008.98,14.77,717.00,66.74,1
449196,64,87,95,747,1,14,0,24.91,1008.98,14.77,723.17,66.82,1
450192,64,86,94,747,1,14,0,24.91,1008.97,14.75,724.73,66.82,1
451188,63,87,94,747,1,13,0,24.91,1008.97,14.74,723.17,66.82,1
452184,63,86,94,746,1,14,0,24.91,1008.97,14.74,717.00,66.82,1
453180,64,86,94,746,1,14,0,24.91,1008.97,14.73,723.95,66.74,1
454176,64,86,94,744,1,12,0,24.91,1008.98,14.73,717.00,66.74,1
455172,63,86,93,745,1,13,0,24.91,1008.98,14.73,717.76,66.74,1
456168,63,86,94,744,1,14,0,24.91,1008.98,14.70,724.73,66.82,1
457164,62,86,93,743,1,14,0,24.91,1008.97,14.70,723.95,66.74,1
458160,62,86,94,743,2,17,0,24.91,1008.98,14.69,725.52,66.74,1
459156,63,86,93,743,1,13,0,24.91,1008.98,14.68,720.85,66.74,1
460152,63,86,94,744,1,14,0,24.92,1008.98,14.67,722.39,66.74,1
461148,62,86,94,743,1,14,0,24.92,1008.98,14.65,727.87,66.74,1
462144,63,86,93,743,2,13,0,24.92,1008.98,14.64,728.66,66.74,1
463140,63,86,93,744,1,12,0,24.92,1008.98,14.64,726.30,66.74,1
464136,63,86,94,745,1,13,0,24.92,1008.98,14.63,727.87,66.74,1
465132,63,86,94,745,1,13,0,24.92,1008.98,14.63,728.66,66.82,1
466128,63,86,94,746,1,14,0,24.92,1008.97,14.62,721.62,66.74,1
467124,63,86,93,746,1,13,0,24.92,1008.98,14.62,725.52,66.82,1
468120,62,86,93,746,1,13,0,24.92,1008.97,14.61,720.85,66.74,1
469116,63,86,93,745,2,14,0,24.92,1008.98,14.61,723.95,66.82,1
470112,63,86,94,745,1,13,0,24.92,1008.97,14.61,727.87,66.82,1
471108,62,86,93,744,1,14,0,24.92,1008.97,14.61,726.30,66.82,1
472104,62,85,93,744,1,14,0,24.92,1008.97,14.59,730.25,66.74,1
473100,62,85,93,743,1,14,0,24.92,1008.98,14.58,729.46,66.74,1
474096,62,86,93,743,1,13,0,24.92,1008.98,14.58,732.64,66.74,1
475092,63,86,93,742,1,16,0,24.92,1008.98,14.57,727.87,66.82,1
476088,62,85,93,742,1,13,0,24.92,1008.97,14.56,729.46,66.74,1
477084,62,85,93,743,1,13,0,24.92,1008.98,14.56,730.25,66.82,1
478080,62,86,93,743,1,13,0,24.92,1008.97,14.56,727.87,66.82,1
479076,62,86,92,742,1,13,0,24.92,1008.97,14.54,730.25,66.82,1
480072,61,85,92,742,1,14,0,24.92,1008.97,14.53,729.46,66.82,1
481068,62,85,92,742,1,14,0,24.92,1008.97,14.53,726.30,66.74,1
482064,61,85,93,743,1,14,0,24.92,1008.98,14.52,727.87,66.74,1
483060,61,85,92,743,2,14,0,24.92,1008.98,14.51,732.64,66.66,1
484056,61,85,92,743,2,14,0,24.92,1008.99,14.52,727.87,66.66,1
485052,61,85,93,745,1,13,0,24.92,1008.99,14.52,731.84,66.74,1
486048,61,86,92,745,2,15,0,24.92,1008.98,14.51,734.24,66.74,1
487044,62,86,93,745,1,13,0,24.92,1008.98,14.51,731.04,66.74,1
488040,61,85,93,743,1,13,0,24.92,1008.98,14.51,733.44,66.66,1
489036,62,86,92,743,1,14,0,24.92,1008.99,14.51,733.44,66.66,1
490032,62,85,93,743,1,12,0,24.92,1008.99,14.50,735.85,66.66,1
491028,62,86,93,743,1,12,0,24.92,1008.99,14.50,734.24,66.66,1
492024,62,85,92,743,1,14,0,24.92,1008.99,14.50,732.64,66.66,1
493020,62,86,92,743,1,13,0,24.92,1008.99,14.51,735.04,66.66,1
494016,62,86,92,742,1,13,0,24.92,1008.99,14.50,732.64,66.66,1
495012,62,85,91,742,2,14,0,24.92,1008.99,14.49,733.44,66.66,1
496008,62,85,92,742,1,15,0,24.92,1008.99,14.49,736.65,66.66,1
497004,62,85,92,741,1,12,0,24.92,1008.99,14.49,737.46,66.74,1
498000,62,85,93,742,2,15,0,24.91,1008.98,14.49,739.08,66.66,1
498996,62,85,92,742,1,13,0,24.91,1008.99,14.48,737.46,66.66,1
499992,62,85,91,741,1,13,0,24.92,1008.99,14.48,738.27,66.66,1
500988,61,85,93,741,1,14,0,24.91,1008.99,14.49,737.46,66.66,1
501984,61,85,92,740,1,13,0,24.92,1008.99,14.48,742.35,66.66,1
502980,62,85,92,741,1,13,0,24.91,1008.99,14.47,742.35,66.74,1
503976,62,85,92,741,1,11,0,24.91,1008.98,14.48,732.64,66.74,1
504972,61,86,92,741,2,14,0,24.91,1008.98,14.47,743.17,66.82,1
505968,61,85,92,745,1,13,0,24.91,1008.97,14.47,744.82,66.82,1
506964,61,85,93,745,1,13,0,24.91,1008.97,14.46,742.35,66.74,1
507960,62,85,93,744,1,13,0,24.91,1008.98,14.47,740.71,66.74,1
508956,62,85,93,746,1,13,0,24.91,1008.98,14.46,744.82,66.74,1
509952,62,86,93,746,2,15,0,24.91,1008.98,14.46,744.00,66.74,1
510948,62,86,92,745,1,12,0,24.91,1008.98,14.46,739.08,66.66,1
511944,62,85,92,745,1,13,0,24.91,1008.99,14.45,745.65,66.66,1
512940,61,86,92,743,1,15,0,24.92,1008.99,14.45,747.31,66.74,1
513936,61,85,92,743,2,14,0,24.92,1008.98,14.45,739.90,66.74,1
514932,61,86,92,742,1,13,0,24.92,1008.98,14.45,740.71,66.82,1
515928,62,85,91,743,1,13,0,24.92,1008.97,14.45,743.17,66.82,1
516924,61,85,91,742,1,14,0,24.92,1008.97,14.44,744.00,66.82,1
517920,61,85,91,742,1,14,0,24.92,1008.97,14.45,740.71,66.82,1
518916,61,85,91,742,1,13,0,24.92,1008.97,14.45,743.17,66.82,1
519912,60,85,91,741,1,13,0,24.92,1008.97,14.46,739.08,66.82,1
520908,61,85,91,742,1,13,0,24.92,1008.97,14.46,734.24,66.74,1
521904,61,85,91,741,1,11,0,24.92,1008.98,14.46,742.35,66.74,1
522900,61,85,91,740,1,13,0,24.92,1008.98,14.46,738.27,66.74,1
523896,60,85,90,741,1,12,0,24.92,1008.98,14.47,737.46,66.74,1
524892,60,85,91,740,1,13,0,24.92,1008.98,14.46,741.53,66.82,1
525888,60,85,91,740,1,14,0,24.92,1008.97,14.46,740.71,66.82,1
526884,60,85,91,742,1,12,0,24.92,1008.97,14.47,734.24,66.82,1
527880,60,84,90,743,2,13,0,24.92,1008.97,14.46,741.53,66.82,1
528876,60,85,91,744,1,12,0,24.92,1008.97,14.46,740.71,66.82,1
529872,60,85,91,744,1,12,0,24.92,1008.97,14.45,739.90,66.82,0
530868,60,85,91,744,2,13,0,24.92,1008.97,14.45,739.90,66.82,0
531864,60,84,91,743,1,13,0,24.92,1008.97,14.45,740.71,66.82,0
532860,60,85,91,742,1,12,0,24.92,1008.97,14.44,744.82,66.82,0
533856,60,85,91,742,1,12,0,24.92,1008.97,14.44,743.17,66.74,0
534852,60,85,91,741,2,13,0,24.92,1008.98,14.42,739.08,66.74,0
535848,61,85,90,741,1,12,0,24.92,1008.98,14.42,745.65,66.74,0
536844,60,84,90,740,1,13,0,24.92,1008.98,14.42,743.17,66.74,0
537840,60,84,90,740,1,13,0,24.93,1008.98,14.42,744.82,66.82,0
538836,60,84,90,740,1,12,0,24.93,1008.97,14.42,745.65,66.82,0
539832,60,85,90,739,1,12,0,24.93,1008.97,14.41,739.90,66.82,0
540828,60,84,90,739,1,12,0,24.93,1008.97,14.41,744.82,66.82,0
541824,60,85,90,739,2,12,0,24.92,1008.97,14.41,745.65,66.91,0
542820,60,85,90,740,1,13,0,24.92,1008.96,14.40,742.35,66.91,0
543816,60,85,90,740,1,12,0,24.93,1008.96,14.40,744.00,66.91,0
544812,59,84,89,739,1,11,0,24.93,1008.96,14.39,747.31,66.82,0
545808,59,85,90,741,1,12,0,24.93,1008.97,14.39,743.17,66.82,0
546804,59,84,90,741,1,12,0,24.93,1008.97,14.39,744.00,66.74,0
547800,59,85,90,740,1,11,0,24.93,1008.98,14.39,744.82,66.66,0
548796,59,85,90,740,1,11,0,24.93,1008.99,14.39,741.53,66.66,0
549792,59,85,90,741,1,13,0,24.93,1008.99,14.39,744.00,66.74,0
550788,59,84,90,740,1,12,0,24.92,1008.98,14.38,742.35,66.66,0
551784,59,84,90,740,1,13,0,24.92,1008.99,14.38,747.64,66.57,0
552780,59,85,89,740,1,12,0,24.92,1009.00,14.37,747.31,66.57,0
553776,59,84,89,739,1,12,0,24.92,1009.00,14.37,747.31,66.66,0
554772,59,84,90,744,1,12,0,24.92,1008.99,14.37,747.31,66.66,0
555768,59,85,90,749,1,12,0,24.92,1008.99,14.37,744.00,66.74,0
556764,59,85,90,750,2,14,0,24.92,1008.98,14.36,746.48,66.66,0
557760,59,86,90,750,1,14,0,24.93,1008.99,14.36,748.97,66.74,0
558756,59,85,90,750,1,12,0,24.92,1008.98,14.37,748.97,66.74,0
559752,59,85,90,749,1,13,0,24.92,1008.98,14.40,747.31,66.82,0
560748,59,85,90,747,1,13,0,24.92,1008.97,14.43,748.97,66.82,0
561744,58,85,89,745,1,11,0,24.92,1008.97,14.46,748.14,66.74,0
562740,59,85,89,744,1,13,0,24.92,1008.98,14.48,745.65,66.74,0
563736,58,85,89,746,1,13,0,24.93,1008.98,14.51,741.53,66.74,0
564732,58,85,89,745,1,12,0,24.93,1008.98,14.52,748.97,66.74,0
565728,58,85,88,744,2,13,0,24.93,1008.98,14.54,747.31,66.74,0
566724,58,85,89,745,1,11,0,24.93,1008.98,14.55,747.31,66.74,0
567720,58,85,89,747,1,12,0,24.93,1008.98,14.56,741.53,66.74,1
568716,58,85,89,754,1,13,0,24.93,1008.98,14.57,744.82,66.74,1
569712,58,87,91,761,1,12,0,24.93,1008.98,14.57,739.90,66.74,1
570708,59,87,91,761,1,13,0,24.93,1008.98,14.59,739.90,66.74,1
571704,59,86,91,759,1,12,0,24.93,1008.98,14.60,731.04,66.74,1
572700,58,86,90,757,2,11,0,24.93,1008.98,14.62,739.08,66.74,1
573696,58,86,90,755,1,11,0,24.93,1008.98,14.63,736.65,66.82,1
574692,58,85,90,753,1,12,0,24.94,1008.97,14.66,739.08,66.74,1
575688,58,86,89,751,2,12,0,24.94,1008.98,14.68,741.53,66.74,1
576684,58,85,90,750,1,12,0,24.94,1008.98,14.66,739.90,66.74,1
577680,58,86,89,748,1,12,0,24.94,1008.98,14.66,740.71,66.74,1
578676,59,85,89,748,1,12,0,24.94,1008.98,14.63,740.71,66.74,1
579672,59,85,89,749,1,12,0,24.94,1008.98,14.64,739.08,66.74,1
580668,58,85,89,749,2,11,0,24.94,1008.98,14.61,742.35,66.74,1
581664,59,84,89,749,1,10,0,24.94,1008.98,14.59,739.90,66.74,1
582660,59,85,89,748,1,11,0,24.94,1008.98,14.58,739.08,66.74,1
583656,58,84,89,747,1,11,0,24.94,1008.98,14.56,742.35,66.82,1
584652,58,85,88,746,1,10,0,24.94,1008.97,14.54,742.35,66.82,1
585648,58,85,89,746,1,11,0,24.94,1008.97,14.53,735.85,66.74,1
586644,59,85,89,745,1,11,0,24.94,1008.98,14.51,737.46,66.74,1
587640,59,85,89,746,1,11,0,24.94,1008.98,14.50,745.65,66.66,1
588636,59,85,89,746,2,12,0,24.95,1008.99,14.49,740.71,66.66,1
589632,58,85,89,747,1,11,0,24.95,1008.99,14.48,741.53,66.66,1
590628,59,85,89,745,1,9,0,24.95,1008.99,14.49,743.17,66.66,1
591624,60,85,89,744,1,10,0,24.95,1008.99,14.49,743.17,66.66,1
592620,60,85,89,745,1,12,0,24.95,1008.99,14.49,742.35,66.74,1
593616,60,85,89,744,1,10,0,24.95,1008.98,14.49,745.65,66.66,1
594612,60,85,89,743,1,12,0,24.96,1008.99,14.50,742.35,66.74,1
595608,60,85,89,742,1,11,0,24.96,1008.98,14.50,739.90,66.74,1
596604,61,85,88,742,1,11,0,24.96,1008.98,14.51,740.71,66.74,1
597600,61,84,89,742,1,11,0,24.96,1008.98,14.50,739.90,66.66,1
598596,60,84,88,742,1,11,0,24.96,1008.99,14.50,743.17,66.74,1
599592,60,84,88,740,1,11,0,24.96,1008.98,14.49,743.17,66.66,1
0,59,84,89,740,1,11,0,24.96,1008.99,14.48,744.82,66.66,1
996,60,85,88,740,2,11,0,24.88,1008.99,14.46,741.53,66.74,1
1992,60,85,88,740,1,13,0,24.87,1008.98,14.47,745.65,66.66,1
2988,59,84,88,740,1,12,0,24.87,1008.99,14.46,742.35,66.66,1
3984,59,84,88,740,1,12,0,24.88,1008.99,14.46,745.65,66.66,1
4980,59,84,88,741,1,11,0,24.89,1008.99,14.45,747.31,66.66,1
5976,59,84,88,740,1,12,0,24.90,1008.99,14.44,746.48,66.74,1
6972,59,84,88,740,1,12,0,24.91,1008.98,14.44,748.97,66.74,1
7968,59,84,88,738,1,11,0,24.92,1008.98,14.43,747.31,66.74,1
8964,59,83,87,739,1,10,0,24.92,1008.98,14.42,748.97,66.74,1
9960,59,84,87,739,1,11,0,24.93,1008.98,14.41,739.90,66.74,1
10956,58,84,87,740,1,11,0,24.93,1008.98,14.40,749.81,66.66,1
11952,59,84,88,739,2,12,0,24.94,1008.99,14.40,748.14,66.82,1
12948,58,84,87,739,1,12,0,24.94,1008.97,14.40,748.97,66.74,1
13944,58,84,87,739,1,11,0,24.94,1008.98,14.39,748.14,66.74,1
14940,58,84,87,739,1,13,0,24.94,1008.98,14.38,745.65,66.74,1
15936,58,84,87,739,1,12,0,24.95,1008.98,14.37,746.48,66.74,1
16932,58,84,87,739,1,11,0,24.95,1008.98,14.37,748.14,66.74,1
17928,58,84,87,739,1,11,0,24.95,1008.98,14.37,750.64,66.74,1
18924,59,84,87,741,1,12,0,24.95,1008.98,14.36,750.14,66.74,1
19920,58,84,87,740,2,11,0,24.95,1008.98,14.35,749.81,66.74,1
20916,58,83,87,739,1,12,0,24.95,1008.98,14.35,748.05,66.74,1
21912,58,84,87,739,1,11,0,24.95,1008.98,14.35,748.97,66.74,1
22908,58,84,87,739,1,11,0,24.96,1008.98,14.34,748.97,66.74,1
23904,58,84,87,739,2,15,0,24.96,1008.98,14.35,749.72,66.74,1
24900,58,84,86,739,1,12,0,24.96,1008.98,14.34,748.97,66.82,1
25896,58,84,87,739,1,13,0,24.96,1008.97,14.34,750.56,66.82,1
26892,58,84,87,739,1,11,0,24.96,1008.97,14.34,750.64,66.82,1
27888,58,84,87,739,1,12,0,24.96,1008.97,14.34,748.47,66.82,1
28884,58,84,87,739,1,12,0,24.96,1008.97,14.33,749.30,66.82,0
29880,59,84,87,739,2,12,0,24.96,1008.97,14.34,750.64,66.91,0
30876,58,84,87,739,1,12,0,24.96,1008.96,14.34,747.31,66.82,0
31872,59,85,86,739,1,11,0,24.96,1008.97,14.34,748.14,66.74,0
32868,59,84,87,738,1,12,0,24.96,1008.98,14.35,745.65,66.74,0
33864,60,84,87,739,1,12,0,24.96,1008.98,14.35,749.81,66.74,0
34860,60,84,88,740,1,11,0,24.96,1008.98,14.36,748.05,66.82,0
35856,61,84,88,740,1,11,0,24.96,1008.97,14.37,748.97,66.82,0
36852,61,85,88,741,1,11,0,24.96,1008.97,14.36,749.81,66.82,0
37848,61,85,88,742,1,10,0,24.96,1008.97,14.36,745.65,66.74,0
38844,61,84,88,742,1,11,0,24.96,1008.98,14.35,749.30,66.82,0
39840,61,85,88,741,1,10,0,24.97,1008.97,14.35,749.30,66.74,0
40836,61,84,88,740,1,12,0,24.97,1008.98,14.35,744.82,66.74,0
41832,61,85,87,740,1,10,0,24.97,1008.98,14.35,750.64,66.74,0
42828,61,84,87,739,1,11,0,24.97,1008.98,14.35,748.89,66.74,0
43824,61,84,87,738,1,11,0,24.97,1008.98,14.34,750.64,66.74,225096
226092,61,85,86,740,1,12,0,25.18,1008.98,14.24,747.31,66.66,1
227088,60,84,86,741,1,12,0,25.18,1008.99,14.25,747.31,66.74,1
228084,60,84,86,740,1,12,0,25.18,1008.98,14.25,748.97,66.74,1
229080,60,84,85,740,2,12,0,25.18,1008.98,14.25,748.14,66.74,1
230076,60,84,85,739,1,12,0,25.18,1008.98,14.25,750.14,66.66,1
231072,60,84,86,739,1,11,0,25.18,1008.99,14.25,747.64,66.66,1
232068,60,84,86,739,1,12,0,25.18,1008.99,14.22,750.14,66.66,1
233064,60,84,86,738,1,13,0,25.18,1008.99,14.23,748.97,66.66,1
234060,60,84,86,739,1,11,0,25.18,1008.99,14.22,746.48,66.66,1
235056,60,84,86,739,1,11,0,25.18,1008.99,14.22,748.05,66.66,1
236052,60,84,85,738,1,11,0,25.18,1008.99,14.20,748.05,66.66,1
237048,60,84,86,739,1,12,0,25.18,1008.99,14.19,748.47,66.66,1
238044,60,84,85,737,1,12,0,25.18,1008.99,14.17,748.05,66.57,1
239040,60,84,86,738,1,12,0,25.18,1009.00,14.17,749.81,66.66,1
240036,60,84,86,741,1,12,0,25.18,1008.99,14.18,747.31,66.66,1
241032,60,84,86,742,1,11,0,25.18,1008.99,14.17,750.14,66.66,1
242028,60,84,86,743,1,12,0,25.18,1008.99,14.17,749.81,66.66,1
243024,60,85,86,742,1,12,0,25.18,1008.99,14.16,753.92,66.66,1
244020,60,84,85,741,1,11,0,25.18,1008.99,14.17,747.64,66.74,1
245016,60,85,86,741,1,12,0,25.18,1008.98,14.16,748.89,66.66,1
246012,60,84,86,742,1,11,0,25.18,1008.99,14.16,751.40,66.66,1
247008,60,85,86,741,1,11,0,25.18,1008.99,14.16,748.89,66.66,1
248004,59,84,85,741,1,11,0,25.18,1008.99,14.16,749.30,66.66,1
249000,59,84,84,741,1,11,0,25.18,1008.99,14.15,752.66,66.66,1
249996,59,84,85,740,1,11,0,25.18,1008.99,14.14,755.19,66.66,1
250992,59,84,85,740,1,11,0,25.18,1008.99,14.14,750.14,66.74,1
251988,59,84,84,739,1,13,0,25.18,1008.98,14.14,754.35,66.66,1
252984,59,84,84,739,1,12,0,25.18,1008.99,14.12,751.82,66.66,1
253980,58,84,85,738,1,12,0,25.18,1008.99,14.12,756.04,66.66,1