timestamp,NO2,C2H50H,VOC,CO,Alcohol,LPG,Benzene,Temperature,Pressure,Humidity,Gas_Resistance,Altitude,State14.53
4980,78,112,149,761,0,68,4294967295,24.41,1015.25,14.81,57.73,14.44,1
5976,78,111,148,763,0,67,4294967295,24.38,1015.26,14.77,59.27,14.44,1
6972,77,112,148,762,0,67,4294967295,24.36,1015.26,14.72,60.55,14.44,1
7968,78,111,148,762,0,67,4294967295,24.35,1015.26,14.69,62.26,14.44,1
8964,79,111,149,762,0,67,4294967295,24.34,1015.26,14.64,63.72,14.44,1
9960,79,111,149,762,0,68,4294967295,24.34,1015.26,14.61,65.46,14.44,1
10956,79,111,148,762,0,66,4294967295,24.34,1015.26,14.58,67.45,14.36,1
11952,78,111,148,762,0,66,4294967295,24.35,1015.27,14.55,69.57,14.36,1
12948,78,111,148,762,0,66,4294967295,24.35,1015.27,14.51,71.28,14.28,1
13944,78,110,148,760,0,66,4294967295,24.36,1015.28,14.49,73.27,14.28,1
14940,78,111,147,759,0,65,4294967295,24.36,1015.28,14.45,75.31,14.28,1
15936,78,110,148,758,0,64,4294967295,24.37,1015.28,14.43,77.67,14.36,1
16932,78,110,147,757,0,64,4294967295,24.37,1015.27,14.40,79.66,14.28,1
17928,77,110,147,756,0,65,4294967295,24.38,1015.28,14.38,82.23,14.28,1
18924,78,110,147,755,0,63,4294967295,24.38,1015.28,14.36,84.89,14.28,1
19920,78,110,148,755,0,64,4294967295,24.39,1015.28,14.34,86.91,14.19,1
20916,78,110,148,754,0,63,4294967295,24.39,1015.29,14.32,89.79,14.19,1
21912,78,109,148,753,0,62,4294967295,24.40,1015.29,14.31,91.75,14.11,1
22908,78,110,148,756,0,63,4294967295,24.40,1015.30,14.30,93.58,14.19,1
23904,78,110,148,758,0,60,4294967295,24.41,1015.29,14.28,93.87,14.19,1
24900,78,110,147,757,0,60,4294967295,24.41,1015.29,14.29,96.57,14.11,1
25896,78,110,148,756,0,61,4294967295,24.41,1015.30,14.26,98.84,14.11,1
26892,77,109,147,755,0,59,4294967295,24.42,1015.30,14.26,101.34,14.11,1
27888,76,109,146,754,0,59,4294967295,24.42,1015.30,14.24,103.08,14.11,1
28884,76,109,146,753,0,59,4294967295,24.42,1015.30,14.23,105.67,14.03,1
29880,78,109,147,752,0,58,4294967295,24.43,1015.31,14.22,108.82,13.94,1
30876,81,109,149,752,0,58,4294967295,24.43,1015.32,14.21,111.71,13.94,1
31872,81,109,151,752,0,57,4294967295,24.43,1015.32,14.20,112.91,13.94,1
32868,83,109,151,752,0,58,4294967295,24.44,1015.32,14.20,110.46,13.94,1
33864,83,109,153,751,0,55,4294967295,24.44,1015.32,14.19,106.95,13.94,1
34860,83,109,153,750,0,57,4294967295,24.44,1015.32,14.20,103.84,13.94,1
35856,83,109,152,751,0,56,4294967295,24.45,1015.32,14.20,100.67,13.86,1
36852,83,109,153,749,0,58,4294967295,24.45,1015.33,14.20,97.46,13.78,1
37848,83,109,153,749,0,57,4294967295,24.45,1015.34,14.20,96.68,13.78,1
38844,85,110,155,749,0,57,4294967295,24.46,1015.34,14.22,96.68,13.70,1
39840,88,109,157,749,0,59,4294967295,24.46,1015.35,14.22,96.57,13.70,1
40836,90,110,158,749,0,59,4294967295,24.46,1015.35,14.21,98.72,13.78,1
41832,91,110,159,750,0,58,4294967295,24.46,1015.34,14.22,100.01,13.78,1
42828,92,110,160,750,0,59,4294967295,24.46,1015.34,14.20,102.39,13.78,1
43824,94,110,160,751,0,59,4294967295,24.47,1015.34,14.20,105.01,13.70,1
44820,95,110,162,754,0,59,4294967295,24.47,1015.35,14.18,107.56,13.70,1
45816,99,110,166,757,0,59,4294967295,24.47,1015.35,14.18,110.39,13.61,1
46812,100,112,169,763,0,59,4294967295,24.47,1015.36,14.18,114.14,13.70,1
47808,101,112,170,770,0,58,4294967295,24.48,1015.35,14.16,115.71,13.70,1
48804,102,113,171,773,0,51,4294967295,24.48,1015.35,14.16,117.16,13.61,1
49800,104,113,172,777,0,61,4294967295,24.48,1015.36,14.16,118.73,13.61,1
50796,105,113,173,778,0,65,4294967295,24.48,1015.36,14.14,120.17,13.61,1
51792,104,113,173,777,0,67,4294967295,24.48,1015.36,14.15,122.27,13.61,1
52788,104,112,172,775,0,70,4294967295,24.49,1015.36,14.12,124.26,13.61,1
53784,104,113,172,774,0,72,4294967295,24.49,1015.36,14.14,126.60,13.61,1
54780,103,112,171,774,0,73,4294967295,24.49,1015.36,14.13,127.85,13.61,1
55776,103,113,172,775,0,77,4294967295,24.49,1015.36,14.13,126.89,13.70,1
56772,105,113,174,775,0,83,4294967295,24.49,1015.35,14.13,126.50,13.61,1
57768,105,113,175,778,0,85,4294967295,24.50,1015.36,14.14,126.89,13.70,1
58764,104,114,176,782,0,85,4294967295,24.50,1015.35,14.14,125.56,13.70,1
59760,104,114,176,786,0,96,4294967295,24.50,1015.35,14.15,125.47,13.70,1
60756,104,114,175,789,0,88,4294967295,24.50,1015.35,14.16,124.63,13.78,1
61752,103,114,176,791,0,88,4294967295,24.50,1015.34,14.15,123.98,13.86,1
62748,103,114,174,789,0,88,4294967295,24.50,1015.33,14.17,122.27,13.94,1
63744,102,114,174,788,0,90,4294967295,24.51,1015.32,14.18,122.54,13.94,1
64740,101,113,173,787,0,90,4294967295,24.51,1015.32,14.17,122.81,13.94,1
65736,100,114,172,784,0,89,4294967295,24.51,1015.32,14.15,123.98,13.94,1
66732,99,113,172,781,0,90,4294967295,24.51,1015.32,14.16,125.75,14.03,1
67728,99,113,171,780,0,87,4294967295,24.51,1015.31,14.15,128.14,14.03,1
68724,97,114,171,778,0,86,4294967295,24.51,1015.31,14.14,131.04,13.94,0
69720,97,114,171,777,0,86,4294967295,24.51,1015.32,14.12,133.75,13.94,0
70716,96,113,169,776,0,86,4294967295,24.51,1015.32,14.11,136.13,13.94,0
71712,95,113,169,772,0,85,4294967295,24.52,1015.32,14.10,138.15,13.94,0
72708,94,113,167,771,0,84,4294967295,24.52,1015.32,14.09,139.52,13.94,0
73704,94,113,167,769,0,84,4294967295,24.52,1015.32,14.07,139.99,13.86,0
74700,93,113,166,768,0,78,4294967295,24.52,1015.33,14.08,140.93,13.86,0
75696,92,112,165,768,0,82,4294967295,24.52,1015.33,14.06,142.72,13.86,0
76692,92,113,164,767,0,82,4294967295,24.52,1015.33,14.05,145.31,13.78,0
77688,91,112,164,767,0,82,4294967295,24.52,1015.34,14.05,146.71,13.78,0
78684,91,112,163,766,0,81,4294967295,24.53,1015.34,14.03,148.91,13.78,0
79680,90,112,163,766,0,79,4294967295,24.53,1015.34,14.03,151.06,13.78,0
80676,89,112,162,766,0,80,4294967295,24.53,1015.34,14.03,154.38,13.86,0
81672,89,112,162,765,0,80,4294967295,24.53,1015.33,14.03,157.42,13.86,0
82668,89,112,161,765,0,81,4294967295,24.53,1015.33,14.03,159.21,13.94,0
83664,89,112,161,765,0,78,4294967295,24.53,1015.32,14.02,161.81,14.11,0
84660,88,112,161,764,0,76,4294967295,24.53,1015.30,14.02,164.34,14.11,0
85656,87,111,159,763,0,70,4294967295,24.53,1015.30,14.03,166.29,14.19,0
86652,87,111,160,763,0,76,4294967295,24.53,1015.29,14.02,168.63,14.28,0
87648,87,111,159,763,0,78,4294967295,24.53,1015.28,14.02,170.86,14.36,0
88644,86,111,159,763,0,73,4294967295,24.53,1015.27,14.01,172.79,14.44,0
89640,85,111,158,763,0,73,4294967295,24.54,1015.26,14.02,174.95,14.53,0
90636,85,111,158,763,0,83,4294967295,24.54,1015.25,14.02,175.68,14.44,0
91632,85,111,158,764,0,72,4294967295,24.54,1015.26,14.02,180.20,14.53,0
92628,84,110,157,764,0,71,4294967295,24.54,1015.25,14.02,181.17,14.61,0
93624,85,110,157,762,0,66,4294967295,24.54,1015.24,14.01,181.56,14.61,0
94620,84,111,156,762,0,71,4294967295,24.54,1015.24,14.01,180.59,14.61,0
95616,84,111,156,761,0,76,4294967295,24.54,1015.24,14.01,178.48,14.61,0
96612,83,110,155,761,0,70,4294967295,24.55,1015.24,14.02,176.97,14.69,0
97608,83,110,155,761,0,69,4294967295,24.55,1015.23,14.02,177.72,14.69,0
98604,83,109,155,760,0,68,4294967295,24.55,1015.23,14.02,175.68,14.61,0
99600,82,109,155,759,0,67,4294967295,24.55,1015.24,14.02,176.42,14.53,0
100596,82,109,154,759,0,67,4294967295,24.55,1015.25,14.02,174.77,14.36,0
101592,82,109,154,759,0,70,4294967295,24.56,1015.27,14.03,175.13,14.28,0
102588,81,109,154,758,0,68,4294967295,24.56,1015.28,14.02,174.95,14.19,0
103584,81,109,153,757,0,68,4294967295,24.56,1015.29,14.02,174.95,14.11,0
104580,80,109,153,757,0,66,4294967295,24.56,1015.30,14.01,175.50,14.03,0
105576,80,109,152,758,0,66,4294967295,24.56,1015.31,14.01,176.42,13.94,0
106572,80,109,153,757,0,61,4294967295,24.56,1015.32,14.00,177.53,13.94,0
107568,80,109,152,757,0,65,4294967295,24.56,1015.32,14.00,179.43,13.94,0
108564,79,109,152,758,0,74,4294967295,24.56,1015.32,14.00,178.29,13.94,0
109560,80,109,151,759,0,65,4294967295,24.57,1015.32,14.00,179.62,14.03,0
110556,79,109,152,762,0,64,4294967295,24.57,1015.31,14.00,180.78,14.03,0
111552,79,108,151,763,0,72,4294967295,24.57,1015.31,14.00,180.20,14.03,0
112548,79,109,151,764,0,63,4294967295,24.57,1015.31,14.00,180.78,14.03,0
113544,78,108,151,764,0,63,4294967295,24.57,1015.31,14.01,178.48,13.94,0
114540,78,108,150,763,0,64,4294967295,24.57,1015.32,14.01,177.72,13.86,0
115536,78,109,150,763,0,63,4294967295,24.57,1015.33,14.01,179.24,13.78,0
116532,77,108,150,762,0,64,4294967295,24.57,1015.34,14.01,179.05,13.78,0
117528,77,109,149,762,0,62,4294967295,24.58,1015.34,14.01,181.76,13.78,0
118524,77,108,149,761,0,64,4294967295,24.58,1015.34,14.01,182.15,13.70,0
119520,77,108,148,760,0,63,4294967295,24.58,1015.35,14.03,181.95,13.78,0
120516,77,109,148,762,0,62,4294967295,24.58,1015.34,14.03,181.76,13.78,0
121512,76,109,149,763,0,61,4294967295,24.58,1015.34,14.04,181.56,13.78,1
122508,76,108,149,761,0,62,4294967295,24.58,1015.34,14.05,182.55,13.78,1
123504,76,108,148,759,0,61,4294967295,24.58,1015.34,14.07,180.97,13.78,1
124500,76,108,147,759,0,62,4294967295,24.59,1015.34,14.08,182.35,13.86,1
125496,76,108,147,759,0,61,4294967295,24.59,1015.33,14.12,182.55,13.86,1
126492,76,108,147,760,0,62,4294967295,24.59,1015.33,14.12,183.54,13.86,1
127488,75,107,147,759,0,59,4294967295,24.59,1015.33,14.16,186.60,13.78,1
128484,75,107,147,759,0,58,4294967295,24.59,1015.34,14.17,185.66,13.86,1
129480,75,108,146,757,0,59,4294967295,24.59,1015.33,14.18,185.55,13.94,1
130476,76,107,146,757,0,59,4294967295,24.60,1015.32,14.19,186.39,14.03,1
131472,76,106,147,757,0,59,4294967295,24.60,1015.31,14.19,185.76,14.03,1
132468,77,107,148,758,0,59,4294967295,24.60,1015.31,14.21,185.77,14.11,1
133464,77,107,148,763,0,66,4294967295,24.60,1015.30,14.22,182.35,14.11,1
134460,78,107,149,770,0,57,4294967295,24.60,1015.30,14.23,182.35,14.11,1
135456,79,108,150,772,0,58,4294967295,24.60,1015.30,14.23,180.97,14.19,1
136452,79,107,151,780,0,58,4294967295,24.60,1015.29,14.24,180.97,14.19,1
137448,79,108,151,787,0,58,4294967295,24.60,1015.29,14.25,181.36,14.11,1
138444,78,108,151,791,0,58,4294967295,24.61,1015.30,14.26,180.59,14.11,1
139440,79,108,151,789,0,57,4294967295,24.61,1015.30,14.27,180.97,14.03,1
140436,79,108,151,786,0,58,4294967295,24.61,1015.31,14.27,181.56,14.11,1
141432,78,108,150,784,0,55,4294967295,24.61,1015.30,14.28,182.15,14.11,1
142428,78,107,150,781,0,57,4294967295,24.61,1015.30,14.28,181.95,14.11,1
143424,77,107,149,778,0,55,4294967295,24.61,1015.30,14.30,182.55,14.03,1
144420,77,107,150,776,0,56,4294967295,24.62,1015.31,14.30,182.55,14.03,1
145416,77,107,149,781,0,54,4294967295,24.62,1015.31,14.30,183.94,13.94,1
146412,77,107,150,786,0,55,4294967295,24.62,1015.32,14.29,185.16,13.94,1
147408,77,107,149,787,0,52,4294967295,24.62,1015.32,14.30,185.98,13.86,1
148404,76,107,149,786,0,55,4294967295,24.62,1015.33,14.30,186.81,13.78,1
149400,76,107,149,787,0,55,4294967295,24.62,1015.34,14.30,185.55,13.78,1
150396,76,107,149,789,0,55,4294967295,24.62,1015.34,14.29,186.60,13.70,1
151392,76,107,149,792,0,54,4294967295,24.62,1015.35,14.28,187.45,13.70,1
152388,76,107,149,793,0,55,4294967295,24.62,1015.35,14.28,186.92,13.70,1
153384,75,107,150,797,0,55,4294967295,24.62,1015.35,14.26,188.09,13.78,1
154380,75,108,150,804,0,56,4294967295,24.62,1015.34,14.26,187.13,13.78,1
155376,75,108,151,804,0,56,4294967295,24.62,1015.34,14.24,187.66,13.86,1
156372,75,108,150,803,0,57,4294967295,24.62,1015.33,14.24,189.81,13.94,1
157368,75,107,149,802,0,57,4294967295,24.62,1015.32,14.23,189.38,14.03,1
158364,74,108,149,804,0,58,4294967295,24.62,1015.31,14.22,191.35,14.03,1
159360,74,108,150,804,0,59,4294967295,24.62,1015.31,14.20,192.58,13.94,1
160356,74,108,150,806,0,59,4294967295,24.62,1015.32,14.21,193.37,13.94,1
161352,74,108,150,806,0,60,4294967295,24.62,1015.32,14.18,194.05,13.94,1
162348,73,108,150,807,0,61,4294967295,24.62,1015.32,14.18,192.02,13.86,1
163344,73,108,150,808,0,62,4294967295,24.62,1015.33,14.18,189.81,13.86,1
164340,73,108,149,807,0,72,4294967295,24.62,1015.33,14.17,187.87,13.86,1
165336,73,107,149,805,0,64,4294967295,24.62,1015.33,14.18,185.87,13.86,1
166332,72,107,149,804,0,62,4294967295,24.62,1015.33,14.17,185.77,13.86,1
167328,72,107,149,802,0,66,4294967295,24.62,1015.33,14.16,183.54,13.86,1
168324,71,107,147,802,0,66,4294967295,24.62,1015.33,14.16,181.17,13.94,1
169320,72,108,148,800,0,70,4294967295,24.62,1015.32,14.16,178.48,14.03,1
170316,71,107,147,798,0,70,4294967295,24.62,1015.31,14.17,175.68,14.11,1
171312,71,107,146,797,0,69,4294967295,24.63,1015.30,14.16,171.21,14.19,1
172308,70,107,148,800,0,69,4294967295,24.63,1015.29,14.17,169.48,14.28,1
173304,71,107,147,802,0,71,4294967295,24.63,1015.28,14.17,168.63,14.19,1
174300,71,108,147,804,0,71,4294967295,24.63,1015.29,14.17,165.48,14.28,1
175296,71,107,148,805,0,73,4294967295,24.63,1015.28,14.18,164.34,14.19,1
176292,71,107,147,808,0,76,4294967295,24.63,1015.29,14.17,163.07,14.28,1
177288,70,107,147,808,0,75,4294967295,24.63,1015.28,14.18,163.23,14.28,1
178284,70,107,146,808,0,76,4294967295,24.63,1015.28,14.18,163.39,14.28,1
179280,70,107,147,809,0,82,4294967295,24.63,1015.28,14.19,162.75,14.19,1
180276,70,107,147,809,0,77,4294967295,24.63,1015.29,14.18,161.97,14.19,1
181272,70,108,147,810,0,78,4294967295,24.63,1015.29,14.18,161.35,14.11,1
182268,70,107,147,808,0,77,4294967295,24.63,1015.30,14.17,162.13,14.11,1
183264,69,107,147,806,0,77,4294967295,24.63,1015.30,14.17,160.58,14.11,1
184260,69,107,146,802,0,76,4294967295,24.63,1015.30,14.18,161.81,14.19,1
185256,69,107,145,800,0,76,4294967295,24.63,1015.29,14.17,164.02,14.19,1
186252,69,106,145,798,0,76,4294967295,24.63,1015.29,14.17,165.97,14.19,1
187248,68,106,145,797,0,76,4294967295,24.63,1015.29,14.17,167.79,14.19,1
188244,68,106,145,794,0,76,4294967295,24.63,1015.29,14.17,170.51,14.28,1
189240,68,106,145,793,0,75,4294967295,24.63,1015.28,14.16,172.08,14.28,1
190236,68,106,144,791,0,73,4294967295,24.63,1015.28,14.15,172.79,14.44,1
191232,68,107,145,792,0,73,4294967295,24.63,1015.26,14.14,173.86,14.44,1
192228,67,107,145,794,0,70,4294967295,24.63,1015.26,14.15,173.50,14.44,1
193224,68,107,145,793,0,74,4294967295,24.63,1015.26,14.15,172.43,14.53,1
194220,68,108,145,792,0,73,4294967295,24.63,1015.25,14.14,169.99,14.44,1
195216,69,106,145,792,0,73,4294967295,24.63,1015.26,14.16,167.29,14.53,1
196212,70,107,146,790,0,81,4294967295,24.63,1015.25,14.15,164.99,14.36,1
197208,70,107,145,788,0,73,4294967295,24.64,1015.27,14.16,162.75,14.36,1
198204,71,106,145,786,0,69,4294967295,24.64,1015.27,14.17,160.12,14.44,1
199200,70,107,146,785,0,72,4294967295,24.64,1015.26,14.17,156.54,14.53,1
200196,71,106,145,783,0,71,4294967295,24.64,1015.25,14.17,152.84,14.61,1
201192,70,106,145,782,0,70,4294967295,24.64,1015.24,14.17,153.40,14.61,1
202188,71,106,145,780,0,71,4294967295,24.64,1015.24,14.18,150.51,14.61,1
203184,70,106,145,778,0,70,4294967295,24.64,1015.24,14.17,148.91,14.61,1
204180,71,106,144,777,0,68,4294967295,24.64,1015.24,14.18,148.65,14.61,1
205176,70,106,144,776,0,70,4294967295,24.64,1015.24,14.18,147.87,14.53,1
206172,70,105,143,775,0,68,4294967295,24.64,1015.25,14.18,147.48,14.61,1
207168,69,105,143,774,0,67,4294967295,24.64,1015.24,14.17,146.45,14.61,1
208164,69,105,142,773,0,67,4294967295,24.64,1015.24,14.17,145.06,14.61,1
209160,69,105,142,770,0,67,4294967295,24.64,1015.24,14.17,144.93,14.69,1
210156,69,105,142,771,0,68,4294967295,24.64,1015.23,14.17,143.33,14.69,1
211152,69,105,142,770,0,66,4294967295,24.65,1015.23,14.18,142.60,14.53,1
212148,68,105,141,769,0,61,4294967295,24.64,1015.25,14.18,142.36,14.53,1
213144,69,105,141,767,0,64,4294967295,24.65,1015.25,14.19,142.36,14.53,1
214140,69,105,140,767,0,63,4294967295,24.65,1015.25,14.18,141.64,14.44,1
215136,68,105,140,766,0,63,4294967295,24.65,1015.26,14.17,139.99,14.44,1
216132,68,105,140,765,0,61,4294967295,24.65,1015.26,14.18,139.64,14.44,1
217128,67,104,140,764,0,62,4294967295,24.65,1015.26,14.18,138.83,14.44,1
218124,68,104,140,763,0,61,4294967295,24.65,1015.26,14.18,138.60,14.44,1
219120,68,105,140,763,0,60,4294967295,24.65,1015.26,14.19,139.52,14.53,1
220116,68,104,140,762,0,61,4294967295,24.65,1015.25,14.17,139.75,14.53,1
221112,68,104,140,762,0,59,4294967295,24.65,1015.25,14.18,140.34,14.44,1
222108,68,104,140,760,0,59,4294967295,24.65,1015.26,14.17,140.10,14.53,1
223104,69,104,142,761,0,58,4294967295,24.65,1015.25,14.17,140.69,14.44,1
224100,69,104,142,761,0,59,4294967295,24.65,1015.26,14.16,140.81,14.44,1
225096,70,104,142,760,0,56,4294967295,24.65,1015.26,14.15,140.46,14.44,1
226092,70,104,142,760,0,61,4294967295,24.65,1015.26,14.14,142.84,14.36,1
227088,69,103,141,758,0,60,4294967295,24.65,1015.27,14.14,143.21,14.36,1
228084,70,103,141,758,0,58,4294967295,24.65,1015.27,14.14,146.07,14.36,1
229080,69,104,141,760,0,60,4294967295,24.65,1015.27,14.12,147.09,14.36,1
230076,69,104,141,760,0,66,4294967295,24.65,1015.27,14.11,148.39,14.28,1
231072,70,104,141,766,0,59,4294967295,24.65,1015.28,14.11,150.65,14.19,1
232068,69,103,142,769,0,58,4294967295,24.65,1015.29,14.10,152.29,14.28,1
233064,69,104,141,769,0,58,4294967295,24.65,1015.28,14.09,153.54,14.19,1
234060,69,104,142,770,0,68,4294967295,24.65,1015.29,14.09,152.84,14.19,1
235056,69,103,140,769,0,58,4294967295,24.65,1015.29,14.08,153.82,14.19,1
236052,69,103,140,768,0,56,4294967295,24.65,1015.29,14.08,154.95,14.11,1
237048,68,103,140,767,0,59,4294967295,24.66,1015.30,14.06,154.67,14.11,1
238044,68,103,139,768,0,60,4294967295,24.66,1015.30,14.05,156.98,14.11,1
239040,68,103,140,768,0,60,4294967295,24.66,1015.30,14.05,159.66,14.03,1
240036,68,104,140,769,0,62,4294967295,24.66,1015.31,14.05,162.91,14.03,1
241032,68,103,140,770,0,61,4294967295,24.66,1015.31,14.04,166.79,14.03,1
242028,68,104,140,770,0,67,4294967295,24.66,1015.31,14.03,171.21,13.94,0
243024,68,104,140,768,0,62,4294967295,24.66,1015.32,14.03,174.22,13.86,0
244020,68,104,139,768,0,62,4294967295,24.66,1015.33,14.02,178.48,13.94,0
245016,68,103,140,766,0,61,4294967295,24.66,1015.32,14.03,181.95,13.94,0
246012,68,104,139,766,0,61,4294967295,24.66,1015.32,14.03,184.96,13.86,0
247008,68,103,139,764,0,61,4294967295,24.66,1015.33,14.03,185.24,13.94,0
248004,68,102,138,763,0,61,4294967295,24.66,1015.32,14.03,185.77,13.86,0
249000,68,103,138,766,0,61,4294967295,24.66,1015.33,14.04,186.60,13.86,0
249996,68,103,139,771,0,62,4294967295,24.66,1015.33,14.02,185.98,13.86,0
250992,68,103,139,773,0,62,4294967295,24.66,1015.33,14.03,185.98,13.86,0
251988,68,103,139,777,0,61,4294967295,24.66,1015.33,14.03,186.60,13.86,0
252984,68,103,139,780,0,63,4294967295,24.66,1015.33,14.03,185.98,13.86,0
253980,68,104,140,783,0,64,4294967295,24.66,1015.33,14.03,185.77,13.86,0
254976,68,104,140,786,0,63,4294967295,24.66,1015.33,14.05,183.74,13.86,0
255972,68,104,140,789,0,64,4294967295,24.66,1015.33,14.04,183.74,13.86,0
256968,68,104,140,790,0,65,4294967295,24.66,1015.33,14.05,182.74,13.86,0
257964,68,103,140,788,0,67,4294967295,24.66,1015.33,14.05,183.14,13.86,0
258960,68,104,140,792,0,66,4294967295,24.66,1015.33,14.05,183.94,14.03,0
259956,68,104,141,798,0,66,4294967295,24.66,1015.31,14.05,184.15,14.03,0
260952,68,104,142,806,0,67,4294967295,24.66,1015.31,14.05,181.56,13.94,0
261948,68,104,142,811,0,64,4294967295,24.66,1015.32,14.05,179.43,13.94,0
262944,68,105,143,813,0,69,4294967295,24.66,1015.32,14.06,176.79,13.94,0
263940,68,104,143,814,0,67,4294967295,24.66,1015.32,14.06,172.97,14.03,0
264936,67,105,143,812,0,73,4294967295,24.66,1015.31,14.07,170.17,14.03,0
265932,67,105,143,815,0,68,4294967295,24.66,1015.31,14.08,167.79,14.11,0
266928,67,105,141,816,0,78,4294967295,24.66,1015.30,14.09,165.97,14.11,0
267924,67,105,142,819,0,78,4294967295,24.66,1015.30,14.10,162.91,14.11,0
268920,67,105,141,819,0,82,4294967295,24.66,1015.30,14.12,160.42,14.11,0
269916,66,106,141,815,0,84,4294967295,24.66,1015.30,14.13,156.83,14.11,0
270912,66,105,140,810,0,84,4294967295,24.66,1015.30,14.13,154.81,14.11,0
271908,66,104,140,807,0,88,4294967295,24.66,1015.30,14.16,151.60,14.03,0
272904,65,104,139,804,0,89,4294967295,24.66,1015.31,14.18,146.58,13.94,0
273900,66,104,138,802,0,97,4294967295,24.66,1015.32,14.20,142.60,13.94,0
274896,65,105,139,801,0,94,4294967295,24.66,1015.32,14.22,139.29,13.86,0
275892,64,105,139,798,0,110,4294967295,24.66,1015.33,14.23,137.92,13.70,0
276888,65,104,138,796,0,102,4294967295,24.66,1015.35,14.24,135.37,13.70,0
277884,64,104,138,793,0,102,4294967295,24.66,1015.35,14.25,132.17,13.53,0
278880,64,104,137,791,0,106,4294967295,24.67,1015.37,14.27,130.84,13.45,0
279876,64,104,137,789,0,125,4294967295,24.67,1015.38,14.28,129.63,13.36,0
280872,64,104,136,786,0,112,4294967295,24.67,1015.39,14.28,128.73,13.36,0
281868,64,104,136,785,0,103,4294967295,24.67,1015.39,14.28,128.24,13.28,0
282864,63,104,136,784,0,113,4294967295,24.67,1015.40,14.29,127.08,13.28,0
283860,63,104,135,784,0,111,4294967295,24.67,1015.40,14.28,125.19,13.28,0
284856,62,103,135,789,0,111,4294967295,24.67,1015.40,14.29,124.91,13.11,0
285852,63,103,136,792,0,116,4294967295,24.67,1015.42,14.28,124.91,13.11,0
286848,63,103,135,794,0,115,4294967295,24.67,1015.42,14.29,126.50,13.11,0
287844,63,104,136,795,0,115,4294967295,24.67,1015.42,14.27,129.53,13.20,0
288840,62,104,135,795,0,118,4294967295,24.67,1015.41,14.27,132.28,13.28,0
289836,63,104,136,796,0,117,4294967295,24.67,1015.40,14.26,135.15,13.28,0
290832,63,104,136,799,0,116,4294967295,24.67,1015.40,14.25,135.47,13.28,0
291828,63,104,136,800,0,117,4294967295,24.67,1015.40,14.24,137.92,13.20,0
292824,63,104,137,803,0,129,4294967295,24.67,1015.41,14.23,139.87,13.28,0
293820,63,105,136,806,0,112,4294967295,24.67,1015.40,14.23,141.76,13.36,0
294816,63,104,137,806,0,116,4294967295,24.67,1015.39,14.22,142.96,13.45,0
295812,63,105,136,808,0,112,4294967295,24.67,1015.38,14.23,144.06,13.53,0
296808,62,104,137,809,0,129,4294967295,24.67,1015.37,14.21,144.81,13.70,0
297804,63,105,137,814,0,111,4294967295,24.67,1015.35,14.22,146.71,13.78,0
298800,63,105,139,817,0,126,4294967295,24.67,1015.34,14.22,146.96,13.78,0
299796,63,105,139,819,0,116,4294967295,24.67,1015.34,14.21,148.00,13.78,0
300792,63,105,139,818,0,118,4294967295,24.67,1015.34,14.22,149.71,13.70,1
301788,64,105,139,819,0,118,4294967295,24.67,1015.35,14.20,150.78,13.61,1
302784,64,106,139,820,0,119,4294967295,24.67,1015.36,14.21,151.33,13.61,1
303780,63,106,139,821,0,118,4294967295,24.68,1015.36,14.20,152.43,13.53,1
304776,63,106,139,821,0,112,4294967295,24.68,1015.37,14.19,154.10,13.45,1
305772,63,106,139,819,0,117,4294967295,24.68,1015.38,14.20,155.96,13.53,1
306768,63,106,140,818,0,101,4294967295,24.68,1015.37,14.18,156.98,13.45,1
307764,62,105,139,817,0,116,4294967295,24.68,1015.38,14.18,158.31,13.45,1
308760,62,105,139,815,0,124,4294967295,24.68,1015.38,14.18,159.66,13.61,1
309756,62,105,138,814,0,112,4294967295,24.68,1015.36,14.17,162.13,13.70,1
310752,62,105,139,813,0,109,4294967295,24.68,1015.35,14.16,164.34,13.78,1
311748,63,105,139,813,0,107,4294967295,24.68,1015.34,14.15,166.13,13.78,1
312744,62,105,139,813,0,113,4294967295,24.68,1015.34,14.14,167.29,13.78,1
313740,62,104,138,810,0,108,4294967295,24.68,1015.34,14.15,169.65,13.86,1
314736,62,105,137,808,0,105,4294967295,24.68,1015.33,14.14,171.03,13.94,1
315732,62,104,136,805,0,105,4294967295,24.68,1015.32,14.12,173.15,14.03,1
316728,60,105,137,802,0,105,4294967295,24.68,1015.31,14.12,173.50,14.03,1
317724,61,104,136,799,0,101,4294967295,24.68,1015.31,14.13,173.50,14.11,1
318720,60,104,135,797,0,97,4294967295,24.68,1015.30,14.12,173.68,14.19,1
319716,60,104,135,796,0,101,4294967295,24.68,1015.29,14.11,172.79,14.11,1
320712,61,104,135,796,0,101,4294967295,24.68,1015.30,14.11,173.15,14.19,1
321708,61,104,135,795,0,100,4294967295,24.68,1015.29,14.12,172.08,14.19,1
322704,60,104,134,795,0,101,4294967295,24.68,1015.29,14.13,169.82,14.19,1
323700,60,103,134,793,0,100,4294967295,24.68,1015.29,14.11,168.97,14.28,1
324696,59,104,133,790,0,98,4294967295,24.68,1015.28,14.12,167.62,14.28,1
325692,59,103,132,789,0,99,4294967295,24.68,1015.28,14.12,168.46,14.28,1
326688,59,103,133,787,0,98,4294967295,24.68,1015.28,14.12,169.31,14.28,1
327684,60,103,133,787,0,97,4294967295,24.68,1015.28,14.11,171.38,14.19,1
328680,60,103,132,787,0,112,4294967295,24.68,1015.29,14.11,172.08,14.11,1
329676,59,103,133,786,0,97,4294967295,24.68,1015.30,14.10,173.32,14.03,1
330672,59,103,132,786,0,96,4294967295,24.68,1015.31,14.09,174.40,13.94,1
331668,59,102,133,785,0,96,4294967295,24.68,1015.32,14.09,174.58,13.86,1
332664,59,103,133,786,0,97,4294967295,24.69,1015.33,14.10,174.95,13.78,1
333660,60,104,133,787,0,96,4294967295,24.69,1015.34,14.09,175.68,13.70,1
334656,60,104,135,794,0,94,4294967295,24.69,1015.35,14.09,176.23,13.61,1
335652,60,105,136,800,0,94,4294967295,24.69,1015.36,14.09,175.13,13.70,1
336648,60,105,136,802,0,93,4294967295,24.69,1015.35,14.09,172.97,13.70,1
337644,60,106,135,803,0,91,4294967295,24.69,1015.35,14.09,167.96,13.61,1
338640,61,106,136,805,0,92,4294967295,24.69,1015.36,14.10,163.23,13.61,1
339636,60,107,137,807,0,94,4294967295,24.69,1015.36,14.11,160.12,13.61,1
340632,60,106,135,803,0,90,4294967295,24.69,1015.36,14.11,157.86,13.61,1
341628,60,105,134,799,0,88,4294967295,24.69,1015.36,14.11,156.25,13.61,1
342624,60,105,134,794,0,89,4294967295,24.69,1015.36,14.12,157.57,13.70,1
343620,60,104,133,790,0,89,4294967295,24.69,1015.35,14.11,156.40,13.70,1
344616,60,104,133,789,0,89,4294967295,24.69,1015.35,14.12,157.42,13.70,1
345612,61,104,133,787,0,92,4294967295,24.69,1015.35,14.12,155.10,13.70,1
346608,61,103,132,785,0,88,4294967295,24.69,1015.35,14.14,154.10,13.70,1
347604,60,104,132,784,0,91,4294967295,24.69,1015.35,14.14,153.26,13.70,1
348600,59,103,132,784,0,88,4294967295,24.69,1015.35,14.14,152.01,13.70,1
349596,60,103,132,784,0,93,4294967295,24.69,1015.35,14.14,151.19,13.70,1
350592,60,103,132,782,0,88,4294967295,24.69,1015.35,14.14,150.51,13.61,1
351588,60,103,132,781,0,87,4294967295,24.69,1015.36,14.14,151.06,13.61,1
352584,60,104,131,781,0,86,4294967295,24.69,1015.36,14.14,151.87,13.61,1
353580,60,105,134,790,0,87,4294967295,24.69,1015.36,14.15,152.15,13.61,1
354576,61,105,133,793,0,83,4294967295,24.70,1015.36,14.14,152.70,13.61,1
355572,60,106,134,799,0,74,4294967295,24.70,1015.36,14.15,153.82,13.53,1
356568,60,104,133,798,0,81,4294967295,24.69,1015.37,14.14,153.82,13.53,1
357564,61,104,133,796,0,79,4294967295,24.69,1015.37,14.13,155.38,13.53,1
358560,60,104,132,791,0,83,4294967295,24.69,1015.37,14.14,155.24,13.70,1
359556,61,104,132,789,0,78,4294967295,24.69,1015.35,14.15,155.10,13.70,1
360552,60,104,133,788,0,84,4294967295,24.69,1015.35,14.15,156.98,13.78,0
361548,60,104,133,789,0,80,4294967295,24.69,1015.34,14.14,157.86,13.78,0
362544,61,104,133,792,0,83,4294967295,24.69,1015.34,14.15,158.31,13.78,0
363540,61,105,134,793,0,82,4294967295,24.69,1015.34,14.15,161.19,13.78,0
364536,61,104,132,792,0,83,4294967295,24.69,1015.34,14.14,163.39,13.86,0
365532,61,104,132,790,0,81,4294967295,24.69,1015.33,14.14,160.73,13.86,0
366528,61,104,132,792,0,81,4294967295,24.69,1015.33,14.15,158.16,13.86,0
367524,61,104,132,796,0,82,4294967295,24.69,1015.33,14.16,154.81,13.86,0
368520,61,104,132,801,0,79,4294967295,24.70,1015.33,14.17,151.87,13.86,0
369516,61,104,133,801,0,86,4294967295,24.70,1015.33,14.17,148.52,13.86,0
370512,60,103,132,798,0,86,4294967295,24.70,1015.33,14.19,146.19,13.94,0
371508,61,104,131,797,0,86,4294967295,24.70,1015.32,14.20,144.19,13.86,0
372504,60,103,131,797,0,88,4294967295,24.70,1015.33,14.21,141.16,13.86,0
373500,60,103,131,797,0,87,4294967295,24.70,1015.33,14.23,140.93,13.86,0
374496,60,103,131,794,0,88,4294967295,24.70,1015.33,14.23,138.83,13.94,0
375492,60,103,131,792,0,88,4294967295,24.70,1015.32,14.22,138.60,13.94,0
376488,60,103,131,792,0,87,4294967295,24.70,1015.32,14.22,140.46,13.86,0
377484,60,103,131,791,0,88,4294967295,24.70,1015.33,14.20,142.60,13.86,0
378480,60,103,130,790,0,86,4294967295,24.70,1015.33,14.19,144.68,13.86,0
379476,60,103,130,789,0,86,4294967295,24.70,1015.33,14.19,146.45,13.86,0
380472,60,103,129,788,0,85,4294967295,24.70,1015.33,14.18,147.35,13.86,0
381468,59,103,129,787,0,82,4294967295,24.70,1015.33,14.16,148.65,13.86,0
382464,60,102,129,784,0,83,4294967295,24.70,1015.33,14.14,149.98,13.86,0
383460,59,102,128,782,0,84,4294967295,24.70,1015.33,14.13,152.70,13.86,0
384456,58,102,128,780,0,87,4294967295,24.70,1015.33,14.12,154.81,13.78,0
385452,58,101,128,780,0,84,4294967295,24.70,1015.34,14.11,155.96,13.78,0
386448,59,101,128,780,0,94,4294967295,24.70,1015.34,14.10,158.46,13.86,0
387444,59,101,127,779,0,79,4294967295,24.70,1015.33,14.09,158.76,13.78,0
388440,59,101,127,779,0,74,4294967295,24.70,1015.34,14.09,161.50,13.61,0
389436,58,101,126,779,0,78,4294967295,24.70,1015.36,14.07,163.70,13.61,0
390432,58,101,126,779,0,78,4294967295,24.70,1015.36,14.07,165.80,13.61,0
391428,58,102,127,780,0,77,4294967295,24.70,1015.36,14.06,168.12,13.45,0
392424,58,101,127,781,0,74,4294967295,24.70,1015.38,14.05,170.51,13.53,0
393420,58,101,126,784,0,78,4294967295,24.70,1015.37,14.05,171.38,13.45,0
394416,58,101,126,785,0,79,4294967295,24.70,1015.38,14.05,172.43,13.45,0
395412,58,101,126,785,0,80,4294967295,24.70,1015.38,14.05,175.50,13.53,0
396408,57,101,125,783,0,80,4294967295,24.70,1015.37,14.05,175.50,13.45,0
397404,57,101,125,781,0,79,4294967295,24.70,1015.38,14.04,176.42,13.45,0
398400,57,101,125,781,0,81,4294967295,24.70,1015.38,14.03,177.16,13.45,0
399396,57,101,124,779,0,82,4294967295,24.70,1015.38,14.04,177.35,13.53,0
400392,57,100,124,777,0,80,4294967295,24.70,1015.37,14.03,179.81,13.61,0
401388,56,100,124,776,0,81,4294967295,24.70,1015.36,14.03,180.59,13.53,0
402384,56,100,124,776,0,82,4294967295,24.70,1015.37,14.03,182.15,13.53,0
403380,57,101,125,780,0,80,4294967295,24.70,1015.37,14.02,183.74,13.61,0
404376,57,101,125,777,0,79,4294967295,24.70,1015.36,14.01,185.16,13.70,0
405372,56,101,124,775,0,77,4294967295,24.70,1015.35,14.02,183.14,13.78,0
406368,56,101,123,772,0,79,4294967295,24.70,1015.34,14.02,182.94,13.78,0
407364,56,100,123,770,0,76,4294967295,24.70,1015.34,14.02,182.35,13.86,0
408360,57,100,123,771,0,79,4294967295,24.70,1015.33,14.02,184.55,13.78,0
409356,57,100,123,774,0,76,4294967295,24.70,1015.34,14.02,185.14,13.86,0
410352,56,100,123,776,0,78,4294967295,24.70,1015.33,14.02,187.77,13.94,0
411348,56,100,123,778,0,75,4294967295,24.70,1015.32,14.01,188.73,14.03,0
412344,57,100,123,779,0,76,4294967295,24.70,1015.31,14.01,190.47,14.03,0
413340,57,100,122,779,0,76,4294967295,24.70,1015.31,14.01,190.58,14.03,0
414336,57,100,123,782,0,77,4294967295,24.70,1015.31,14.00,192.24,14.03,0
415332,56,100,123,784,0,76,4294967295,24.70,1015.31,14.00,193.71,14.03,0
416328,57,100,123,785,0,78,4294967295,24.70,1015.31,14.00,193.59,14.03,0
417324,57,100,123,785,0,77,4294967295,24.70,1015.31,13.99,194.05,13.94,0
418320,57,100,123,784,0,76,4294967295,24.70,1015.32,14.00,193.93,13.94,0
419316,56,100,123,784,0,76,4294967295,24.70,1015.32,14.01,194.62,13.86,0
420312,57,100,123,782,0,76,4294967295,24.70,1015.33,14.01,195.31,13.86,0
421308,56,100,123,783,0,76,4294967295,24.70,1015.33,14.02,195.77,13.78,0
422304,56,100,123,785,0,77,4294967295,24.70,1015.34,14.02,196.82,13.78,0
423300,56,101,123,785,0,77,4294967295,24.70,1015.34,14.03,197.29,13.78,0
424296,56,100,123,784,0,66,4294967295,24.70,1015.34,14.04,197.17,13.78,1
425292,57,100,123,782,0,70,4294967295,24.70,1015.34,14.05,199.19,13.78,1
426288,56,100,122,781,0,70,4294967295,24.70,1015.34,14.05,198.24,13.78,1
427284,57,100,123,780,0,70,4294967295,24.70,1015.34,14.06,198.48,13.70,1
428280,56,100,123,779,0,70,4294967295,24.70,1015.35,14.06,198.48,13.70,1
429276,56,100,123,779,0,71,4294967295,24.70,1015.35,14.07,200.16,13.70,1
430272,57,100,124,781,0,73,4294967295,24.70,1015.35,14.09,202.24,13.70,1
431268,58,100,124,781,0,77,4294967295,24.70,1015.35,14.10,204.37,13.70,1
432264,59,100,125,781,0,86,4294967295,24.70,1015.35,14.11,204.75,13.61,1
433260,59,100,125,781,0,75,4294967295,24.70,1015.36,14.12,204.37,13.61,1
434256,59,100,124,779,0,75,4294967295,24.70,1015.36,14.12,205.25,13.61,1
435252,59,100,124,778,0,71,4294967295,24.70,1015.36,14.12,204.75,13.61,1
436248,59,100,125,778,0,70,4294967295,24.70,1015.36,14.13,202.49,13.70,1
437244,61,100,126,778,0,72,4294967295,24.70,1015.35,14.14,200.16,13.70,1
438240,65,101,128,780,0,71,4294967295,24.70,1015.35,14.13,196.94,13.61,1
439236,69,101,129,783,0,70,4294967295,24.70,1015.36,14.15,193.48,13.70,1
440232,72,101,130,784,0,72,4294967295,24.70,1015.35,14.14,190.47,13.70,1
441228,73,101,131,782,0,72,4294967295,24.70,1015.35,14.15,187.66,13.61,1
442224,74,102,130,780,0,72,4294967295,24.70,1015.36,14.15,185.57,13.61,1
443220,75,102,131,778,0,75,4294967295,24.70,1015.36,14.15,181.76,13.61,1
444216,77,102,131,777,0,72,4294967295,24.70,1015.36,14.15,177.35,13.61,1
445212,79,103,131,775,0,73,4294967295,24.70,1015.36,14.14,175.13,13.53,1
446208,78,103,132,774,0,74,4294967295,24.70,1015.37,14.14,173.50,13.53,1
447204,81,102,132,773,0,74,4294967295,24.70,1015.37,14.13,169.31,13.53,1
448200,83,103,133,771,0,74,4294967295,24.70,1015.37,14.13,166.62,13.53,1
449196,86,104,135,771,0,74,4294967295,24.70,1015.37,14.11,163.86,13.53,1
450192,91,105,137,771,0,74,4294967295,24.70,1015.37,14.13,161.19,13.53,1
451188,95,105,141,770,0,76,4294967295,24.70,1015.37,14.11,159.97,13.45,1
452184,100,106,144,770,0,76,4294967295,24.70,1015.38,14.11,158.91,13.45,1
453180,104,106,145,771,0,77,4294967295,24.70,1015.38,14.09,159.06,13.53,1
454176,110,107,149,773,0,78,4294967295,24.70,1015.37,14.09,161.19,13.45,1
455172,115,108,152,774,0,80,4294967295,24.70,1015.38,14.08,162.44,13.45,1
456168,120,109,156,774,0,77,4294967295,24.70,1015.38,14.08,166.29,13.53,1
457164,121,109,159,773,0,78,4294967295,24.70,1015.37,14.07,166.79,13.45,1
458160,123,110,159,772,0,77,4294967295,24.70,1015.38,14.06,171.03,13.36,1
459156,122,110,159,771,0,79,4294967295,24.70,1015.39,14.05,173.50,13.45,1
460152,123,111,159,770,0,77,4294967295,24.70,1015.38,14.03,176.60,13.45,1
461148,123,111,159,770,0,78,4294967295,24.70,1015.38,14.04,178.48,13.45,1
462144,123,111,158,769,0,78,4294967295,24.70,1015.38,14.02,180.59,13.45,1
463140,122,111,158,767,0,78,4294967295,24.70,1015.38,14.02,177.91,13.45,1
464136,121,112,158,766,0,72,4294967295,24.70,1015.38,14.02,178.29,13.45,1
465132,120,112,157,765,0,73,4294967295,24.70,1015.38,14.02,176.05,13.45,1
466128,119,111,157,764,0,76,4294967295,24.71,1015.38,14.02,174.58,13.53,1
467124,118,112,156,763,0,76,4294967295,24.71,1015.37,14.03,173.50,13.53,1
468120,117,112,156,763,0,76,4294967295,24.71,1015.37,14.01,172.26,13.53,1
469116,116,112,156,762,0,76,4294967295,24.71,1015.37,14.01,172.43,13.61,1
470112,115,112,155,762,0,78,4294967295,24.71,1015.36,14.02,173.86,13.61,1
471108,115,111,154,761,0,78,4294967295,24.71,1015.36,14.00,173.50,13.61,1
472104,116,112,155,760,0,76,4294967295,24.71,1015.36,13.99,177.53,13.61,1
473100,118,112,157,761,0,76,4294967295,24.71,1015.36,13.98,180.20,13.53,1
474096,120,113,158,762,0,75,4294967295,24.71,1015.37,13.97,182.94,13.53,1
475092,122,113,159,763,0,76,4294967295,24.71,1015.37,13.95,184.96,13.45,1
476088,124,114,161,763,0,76,4294967295,24.71,1015.38,13.95,185.97,13.45,1
477084,127,115,163,764,0,71,4294967295,24.71,1015.38,13.95,187.87,13.45,1
478080,131,116,168,767,0,76,4294967295,24.71,1015.38,13.94,190.14,13.45,1
479076,137,118,172,769,0,76,4294967295,24.71,1015.38,13.93,191.24,13.45,1
480072,143,119,177,770,0,77,4294967295,24.71,1015.38,13.92,193.14,13.45,1
481068,146,120,181,772,0,79,4294967295,24.71,1015.38,13.92,195.08,13.36,1
482064,147,121,184,776,0,79,4294967295,24.71,1015.39,13.91,198.36,13.45,1
483060,149,122,186,779,0,86,4294967295,24.72,1015.38,13.90,199.92,13.36,1
484056,149,123,187,779,0,78,4294967295,24.72,1015.39,13.91,203.86,13.28,0
485052,148,123,184,775,0,77,4294967295,24.72,1015.40,13.91,205.00,13.28,0
486048,147,122,184,771,0,76,4294967295,24.72,1015.40,13.89,207.31,13.36,0
487044,145,122,183,767,0,75,4294967295,24.72,1015.39,13.89,208.75,13.45,0
488040,145,122,183,769,0,74,4294967295,24.72,1015.38,13.89,212.24,13.45,0
489036,144,122,181,767,0,68,4294967295,24.72,1015.38,13.89,214.30,13.53,0
490032,142,122,180,765,0,73,4294967295,24.72,1015.37,13.88,216.41,13.61,0
491028,140,121,179,764,0,73,4294967295,24.72,1015.36,13.88,218.84,13.61,0
492024,139,122,179,762,0,72,4294967295,24.72,1015.36,13.86,219.86,13.53,0
493020,138,121,178,762,0,72,4294967295,24.72,1015.37,13.87,220.89,13.53,0
494016,136,121,177,761,0,72,4294967295,24.73,1015.37,13.87,223.13,13.61,0
495012,135,121,176,761,0,71,4294967295,24.73,1015.36,13.87,223.73,13.61,0
496008,134,121,176,763,0,71,4294967295,24.73,1015.36,13.86,225.56,13.61,0
497004,133,121,175,763,0,71,4294967295,24.73,1015.36,13.86,227.42,13.61,0
498000,133,121,175,768,0,75,4294967295,24.73,1015.36,13.86,228.53,13.61,0
498996,131,120,174,770,0,71,4294967295,24.73,1015.36,13.87,227.74,13.61,0
499992,130,121,173,770,0,75,4294967295,24.73,1015.36,13.88,223.73,13.61,0
500988,128,120,173,770,0,74,4294967295,24.73,1015.36,13.89,218.70,13.70,0
501984,128,121,172,770,0,69,4294967295,24.73,1015.35,13.89,211.97,13.70,0
502980,125,120,170,769,0,76,4294967295,24.74,1015.35,13.89,208.75,13.70,0
503976,124,121,171,769,0,88,4294967295,24.74,1015.35,13.90,205.00,13.61,0
504972,124,120,171,777,0,76,4294967295,24.74,1015.36,13.90,202.12,13.61,0
505968,123,121,172,784,0,77,4294967295,24.74,1015.36,13.90,201.87,13.61,0
506964,123,121,172,788,0,72,4294967295,24.74,1015.36,13.90,198.12,13.61,0
507960,122,121,171,792,0,78,4294967295,24.74,1015.36,13.90,194.74,13.61,0
508956,121,121,170,795,0,73,4294967295,24.74,1015.36,13.92,192.24,13.61,0
509952,119,121,170,795,0,81,4294967295,24.74,1015.36,13.93,190.47,13.61,0
510948,119,121,170,795,0,76,4294967295,24.73,1015.36,13.94,190.91,13.61,0
511944,117,121,168,793,0,81,4294967295,24.73,1015.36,13.96,189.27,13.70,0
512940,116,121,169,791,0,86,4294967295,24.74,1015.35,13.96,188.84,13.61,0
513936,116,120,168,789,0,88,4294967295,24.73,1015.36,13.96,189.71,13.61,0
514932,115,121,167,788,0,85,4294967295,24.74,1015.36,13.97,190.36,13.53,0
515928,114,120,166,785,0,81,4294967295,24.74,1015.37,13.97,192.24,13.61,0
516924,113,120,169,792,0,86,4294967295,24.74,1015.36,13.96,194.51,13.61,0
517920,113,122,168,800,0,90,4294967295,24.74,1015.36,13.96,196.94,13.61,0
518916,113,123,169,803,0,85,4294967295,24.74,1015.36,13.96,200.04,13.61,0
519912,113,123,169,803,0,88,4294967295,24.74,1015.36,13.96,202.61,13.61,0
520908,112,123,169,802,0,87,4294967295,24.74,1015.36,13.96,204.37,13.53,0
521904,112,122,168,802,0,84,4294967295,24.74,1015.37,13.94,207.97,13.53,0
522900,112,123,168,802,0,85,4294967295,24.74,1015.37,13.94,210.08,13.45,0
523896,111,122,167,799,0,85,4294967295,24.74,1015.38,13.94,211.97,13.45,0
524892,111,121,166,795,0,86,4294967295,24.74,1015.38,13.94,214.58,13.45,0
525888,110,121,166,791,0,84,4294967295,24.74,1015.38,13.93,216.69,13.36,0
526884,110,120,165,789,0,82,4294967295,24.74,1015.39,13.93,217.83,13.36,0
527880,109,120,165,786,0,82,4294967295,24.74,1015.39,13.94,220.74,13.45,0
528876,109,120,164,784,0,82,4294967295,24.74,1015.38,13.93,222.23,13.45,0
529872,108,120,163,782,0,81,4294967295,24.74,1015.38,13.94,223.58,13.45,0
530868,108,120,163,779,0,79,4294967295,24.74,1015.38,13.93,226.18,13.36,0
531864,107,120,163,777,0,80,4294967295,24.74,1015.39,13.94,228.05,13.28,0
532860,108,119,163,776,0,79,4294967295,24.74,1015.40,13.95,232.05,13.36,0
533856,107,119,163,774,0,78,4294967295,24.75,1015.39,13.97,232.54,13.28,0
534852,106,119,162,772,0,78,4294967295,24.75,1015.40,13.97,236.20,13.36,0
535848,106,119,162,771,0,77,4294967295,24.75,1015.39,13.99,240.32,13.36,0
536844,106,118,162,770,0,76,4294967295,24.75,1015.39,14.00,242.08,13.28,0
537840,105,119,161,769,0,75,4294967295,24.75,1015.40,14.02,248.63,13.28,0
538836,105,118,161,768,0,75,4294967295,24.75,1015.40,14.02,249.95,13.20,1
539832,104,118,161,767,0,72,4294967295,24.75,1015.41,14.04,254.37,13.28,1
540828,104,118,161,770,0,73,4294967295,24.75,1015.40,14.06,256.94,13.20,1
541824,104,119,163,771,0,73,4294967295,24.75,1015.41,14.07,260.80,13.20,1
542820,104,119,161,768,0,71,4294967295,24.75,1015.41,14.09,265.62,13.20,1
543816,104,118,161,765,0,73,4294967295,24.75,1015.41,14.11,266.69,13.11,1
544812,103,118,160,764,0,74,4294967295,24.75,1015.42,14.11,269.73,13.11,1
545808,103,118,160,763,0,71,4294967295,24.75,1015.42,14.12,272.85,13.03,1
546804,103,118,159,762,0,71,4294967295,24.75,1015.43,14.14,274.67,13.11,1
547800,103,117,159,761,0,71,4294967295,24.76,1015.42,14.15,276.50,13.11,1
548796,103,117,159,761,0,70,4294967295,24.76,1015.42,14.16,282.65,13.11,1
549792,103,117,159,760,0,70,4294967295,24.76,1015.42,14.16,284.60,13.11,1
550788,103,117,159,760,0,70,4294967295,24.76,1015.42,14.17,286.57,13.11,1
551784,103,117,158,759,0,69,4294967295,24.76,1015.42,14.16,290.09,13.11,1
552780,103,117,159,758,0,70,4294967295,24.76,1015.42,14.17,291.63,13.11,1
553776,103,116,159,757,0,68,4294967295,24.76,1015.42,14.17,294.22,13.11,1
554772,104,116,158,756,0,68,4294967295,24.76,1015.42,14.16,298.47,13.11,1
555768,103,116,159,757,0,68,4294967295,24.76,1015.42,14.17,297.40,13.20,1
556764,103,116,158,757,0,67,4294967295,24.76,1015.41,14.17,300.64,13.20,1
557760,103,116,159,756,0,67,4294967295,24.76,1015.41,14.17,300.64,13.20,1
558756,103,116,158,756,0,67,4294967295,24.76,1015.41,14.16,303.68,13.20,1
559752,102,116,158,756,0,66,4294967295,24.76,1015.41,14.15,305.08,13.11,1
560748,103,116,157,755,0,66,4294967295,24.76,1015.42,14.16,308.21,13.11,1
561744,102,115,157,755,0,63,4294967295,24.76,1015.42,14.16,308.21,13.20,1
562740,102,116,157,755,0,65,4294967295,24.76,1015.41,14.15,311.70,13.20,1
563736,102,115,157,754,0,61,4294967295,24.76,1015.41,14.15,312.88,13.20,1
564732,102,115,157,754,0,64,4294967295,24.76,1015.41,14.15,315.57,13.28,1
565728,102,115,156,755,0,64,4294967295,24.76,1015.40,14.15,318.61,13.28,1
566724,102,115,157,754,0,63,4294967295,24.76,1015.40,14.16,320.15,13.28,1
567720,101,115,157,754,0,64,4294967295,24.76,1015.40,14.16,323.92,13.36,1
568716,102,115,156,753,0,63,4294967295,24.76,1015.39,14.14,324.23,13.36,1
569712,101,115,157,753,0,58,4294967295,24.76,1015.39,14.13,324.23,13.28,1
570708,100,115,156,753,0,58,4294967295,24.76,1015.40,14.14,327.45,13.28,1
571704,101,115,156,753,0,59,4294967295,24.76,1015.40,14.13,327.77,13.28,1
572700,101,115,157,754,0,59,4294967295,24.76,1015.40,14.13,326.80,13.20,1
573696,101,115,159,757,0,58,4294967295,24.76,1015.41,14.12,325.83,13.20,1
574692,102,115,161,761,0,58,4294967295,24.76,1015.41,14.12,324.87,13.20,1
575688,102,116,162,761,0,58,4294967295,24.76,1015.41,14.12,319.84,13.20,1
576684,102,115,163,761,0,59,4294967295,24.76,1015.41,14.12,316.17,13.20,1
577680,103,116,164,763,0,59,4294967295,24.76,1015.41,14.12,305.08,13.20,1
578676,103,115,165,764,0,60,4294967295,24.77,1015.41,14.12,291.11,13.11,1
579672,104,116,167,766,0,60,4294967295,24.77,1015.42,14.15,274.44,13.11,1
580668,105,116,168,770,0,61,4294967295,24.77,1015.42,14.15,258.35,13.03,1
581664,107,117,170,774,0,62,4294967295,24.77,1015.43,14.17,245.50,13.03,1
582660,109,117,173,781,0,64,4294967295,24.77,1015.43,14.20,230.28,12.95,1
583656,111,117,173,790,0,77,4294967295,24.77,1015.44,14.22,218.70,13.11,1
584652,111,117,174,790,0,72,4294967295,24.77,1015.42,14.25,208.89,13.20,1
585648,110,117,173,786,0,76,4294967295,24.77,1015.41,14.27,198.24,13.28,1
586644,110,117,173,783,0,79,4294967295,24.77,1015.40,14.29,188.95,13.28,1
587640,111,117,173,781,0,83,4294967295,24.77,1015.40,14.33,182.15,13.36,1
588636,114,117,175,784,0,84,4294967295,24.77,1015.39,14.34,174.04,13.36,1
589632,117,118,178,785,0,91,4294967295,24.77,1015.39,14.37,166.79,13.28,1
590628,122,118,181,788,0,92,4294967295,24.77,1015.40,14.38,162.44,13.20,1
591624,125,119,185,791,0,98,4294967295,24.77,1015.41,14.39,159.66,13.20,1
592620,129,119,188,796,0,100,4294967295,24.77,1015.41,14.38,158.31,13.20,1
593616,131,120,190,799,0,101,4294967295,24.77,1015.41,14.39,158.01,13.20,1
594612,131,120,191,801,0,102,4294967295,24.77,1015.41,14.37,157.86,13.20,1
595608,131,120,192,800,0,105,4294967295,24.77,1015.41,14.37,157.27,13.20,1
596604,131,121,191,798,0,108,4294967295,24.77,1015.41,14.35,155.96,13.28,1
597600,129,121,191,797,0,108,4294967295,24.77,1015.40,14.35,154.53,13.28,1
598596,130,121,191,795,0,109,4294967295,24.77,1015.40,14.33,153.82,13.20,1
599592,130,121,194,796,0,109,4294967295,24.78,1015.41,14.33,151.87,13.28,1
0,134,123,199,796,0,111,4294967295,24.78,1015.40,14.32,149.98,13.28,1
996,136,124,200,795,0,110,4294967295,24.69,1015.40,14.33,146.19,13.20,1
1992,137,124,201,794,0,112,4294967295,24.68,1015.41,14.36,142.24,13.20,1
2988,138,124,203,791,0,112,4294967295,24.69,1015.41,14.36,139.75,13.20,1
3984,138,124,203,791,0,111,4294967295,24.70,1015.41,14.37,136.24,13.28,1
4980,139,124,205,791,0,111,4294967295,24.71,1015.40,14.37,134.71,13.28,1
5976,140,125,207,790,0,109,4294967295,24.72,1015.40,14.37,132.80,13.28,1
6972,140,125,207,788,0,111,4294967295,24.73,1015.40,14.36,131.55,13.28,1
7968,141,125,207,786,0,110,4294967295,24.73,1015.40,14.34,130.23,13.20,1
8964,142,125,208,786,0,109,4294967295,24.74,1015.41,14.34,129.13,13.11,1
9960,141,126,209,787,0,104,4294967295,24.75,1015.42,14.33,128.34,13.20,1
10956,140,126,209,792,0,105,4294967295,24.75,1015.41,14.31,129.63,13.20,0
11952,139,126,209,795,0,105,4294967295,24.75,1015.41,14.30,130.03,13.20,0
12948,138,125,209,797,0,104,4294967295,24.76,1015.41,14.28,128.93,13.11,0
13944,137,126,208,799,0,104,4294967295,24.76,1015.42,14.27,128.34,13.20,0
14940,137,126,206,802,0,107,4294967295,24.76,1015.41,14.27,126.50,13.20,0
15936,135,126,207,802,0,108,4294967295,24.76,1015.41,14.26,125.19,13.20,0
16932,135,125,206,802,0,110,4294967295,24.76,1015.41,14.26,123.08,13.11,0
17928,135,126,206,801,0,105,4294967295,24.77,1015.42,14.26,121.13,13.11,0
18924,134,126,205,799,0,114,4294967295,24.77,1015.42,14.25,120.09,13.11,0
19920,133,126,205,797,0,111,4294967295,24.77,1015.42,14.25,117.98,13.03,0
20916,132,125,204,794,0,134,4294967295,24.77,1015.43,14.27,116.35,13.03,0
21912,131,125,203,792,0,118,4294967295,24.77,1015.43,14.26,115.15,13.03,0
22908,129,125,202,790,0,126,4294967295,24.77,1015.43,14.26,113.06,13.03,0
23904,128,125,201,787,0,120,4294967295,24.77,1015.43,14.25,112.83,13.03,0
24900,128,125,200,786,0,120,4294967295,24.78,1015.43,14.25,112.76,13.03,0
25896,126,125,199,785,0,116,4294967295,24.78,1015.43,14.23,112.46,13.03,0
26892,125,125,198,784,0,118,4294967295,24.78,1015.43,14.22,112.83,13.03,0
27888,125,125,198,784,0,119,4294967295,24.78,1015.43,14.21,114.76,13.03,0
28884,124,124,197,784,0,120,4294967295,24.78,1015.43,14.19,116.43,13.03,0
29880,123,124,197,784,0,111,4294967295,24.78,1015.43,14.17,118.65,13.11,0
30876,123,125,197,786,0,118,4294967295,24.78,1015.42,14.16,121.21,13.11,0
31872,123,125,197,791,0,120,4294967295,24.78,1015.42,14.13,123.71,13.11,0
32868,123,125,196,793,0,116,4294967295,24.78,1015.42,14.12,127.85,13.20,0
33864,122,125,197,796,0,118,4294967295,24.78,1015.41,14.10,131.66,13.20,0
34860,121,125,197,798,0,115,4294967295,24.78,1015.41,14.08,134.18,13.11,0
35856,122,125,197,801,0,115,4294967295,24.78,1015.42,14.07,138.60,13.11,0
36852,121,125,197,803,0,129,4294967295,24.78,1015.42,14.06,140.69,13.11,0
37848,121,125,197,803,0,114,4294967295,24.78,1015.42,14.04,144.19,13.11,0
38844,120,125,197,803,0,114,4294967295,24.78,1015.42,14.04,147.09,13.03,0
39840,121,125,197,802,0,110,4294967295,24.78,1015.43,14.03,149.98,13.11,0
40836,121,125,197,801,0,110,4294967295,24.78,1015.42,14.01,153.26,13.11,0
41832,121,124,197,798,0,111,4294967295,24.78,1015.42,14.01,155.38,13.03,0
42828,120,125,196,797,0,110,4294967295,24.78,1015.43,14.01,157.86,13.11,0
43824,120,124,196,795,0,102,4294967295,24.78,1015.42,14.00,160.58,13.11,0
44820,120,125,196,794,0,109,4294967295,24.78,1015.42,14.00,161.19,13.11,0
45816,119,124,195,792,0,121,4294967295,24.78,1015.42,14.00,163.39,13.20,0
46812,119,124,195,790,0,108,4294967295,24.78,1015.41,14.01,164.34,13.20,0
47808,118,124,194,788,0,107,4294967295,24.78,1015.41,13.99,165.31,13.11,0
48804,118,124,194,786,0,108,4294967295,24.78,1015.42,13.99,163.86,13.11,0
49800,118,124,193,785,0,108,4294967295,24.78,1015.42,13.99,160.42,13.11,0
50796,117,123,192,785,0,109,4294967295,24.78,1015.42,14.00,154.81,13.11,0
51792,118,123,192,788,0,108,4294967295,24.78,1015.42,14.01,152.56,13.03,0
52788,117,124,192,787,0,109,4294967295,24.78,1015.43,14.02,150.11,13.03,0
53784,117,124,192,787,0,109,4294967295,24.78,1015.43,14.03,147.35,13.03,0
54780,116,124,191,786,0,111,4294967295,24.78,1015.43,14.05,145.56,13.03,0
55776,115,124,191,787,0,105,4294967295,24.79,1015.43,14.05,143.82,13.03,0
56772,115,124,190,788,0,110,4294967295,24.79,1015.43,14.06,140.69,13.03,0
57768,114,123,190,789,0,109,4294967295,24.79,1015.43,14.07,138.83,13.03,0
58764,113,123,190,787,0,110,4294967295,24.79,1015.43,14.10,135.47,13.11,0
59760,113,123,189,788,0,111,4294967295,24.79,1015.42,14.09,134.39,13.03,0
60756,112,123,187,788,0,112,4294967295,24.79,1015.43,14.12,132.59,13.03,0
61752,112,122,188,789,0,113,4294967295,24.79,1015.43,14.14,129.63,13.11,0
62748,111,122,188,791,0,112,4294967295,24.79,1015.42,14.15,127.95,13.11,0
63744,111,123,188,795,0,115,4294967295,24.79,1015.42,14.17,126.50,13.11,0
64740,110,124,188,802,0,134,4294967295,24.79,1015.42,14.18,125.47,13.20,0
65736,110,124,188,808,0,117,4294967295,24.79,1015.41,14.18,122.45,13.20,0
66732,109,124,189,813,0,119,4294967295,24.79,1015.41,14.20,120.52,13.20,0
67728,109,124,189,814,0,122,4294967295,24.79,1015.41,14.23,119.15,13.20,0
68724,109,124,188,815,0,122,4294967295,24.79,1015.41,14.22,117.08,13.20,0
69720,108,124,188,815,0,116,4294967295,24.79,1015.41,14.23,116.51,13.20,0
70716,107,124,187,814,0,122,4294967295,24.79,1015.41,14.24,115.55,13.28,0
71712,107,124,187,812,0,122,4294967295,24.79,1015.40,14.24,114.60,13.28,0
72708,106,124,187,809,0,120,4294967295,24.79,1015.40,14.26,112.91,13.28,0
73704,106,124,186,807,0,126,4294967295,24.79,1015.40,14.26,111.78,13.28,0
74700,105,123,185,805,0,127,4294967295,24.79,1015.40,14.28,111.71,13.28,0
75696,104,124,185,804,0,128,4294967295,24.79,1015.40,14.26,112.61,13.28,0
76692,104,124,184,802,0,133,4294967295,24.79,1015.40,14.23,114.76,13.28,1
77688,103,124,184,804,0,114,4294967295,24.79,1015.40,14.22,117.00,13.28,1
78684,103,124,185,803,0,114,4294967295,24.79,1015.40,14.21,118.56,13.36,1
79680,102,124,184,801,0,114,4294967295,24.79,1015.39,14.19,120.78,13.36,1
80676,102,124,183,800,0,118,4294967295,24.79,1015.39,14.16,124.44,13.36,1
81672,101,123,182,798,0,117,4294967295,24.79,1015.39,14.14,126.98,13.36,1
82668,101,123,182,797,0,116,4294967295,24.79,1015.39,14.12,131.14,13.36,1
83664,102,123,182,796,0,115,4294967295,24.79,1015.39,14.09,135.37,13.36,1
84660,102,122,183,795,0,115,4294967295,24.79,1015.39,14.08,139.06,13.28,1
85656,102,122,182,794,0,114,4294967295,24.79,1015.40,14.06,143.33,13.36,1
86652,102,122,183,791,0,114,4294967295,24.79,1015.39,14.05,145.69,13.36,1
87648,103,122,183,791,0,113,4294967295,24.79,1015.39,14.03,148.65,13.28,1
88644,104,123,182,790,0,104,4294967295,24.79,1015.40,14.01,152.70,13.36,1
89640,104,122,183,789,0,111,4294967295,24.79,1015.39,14.00,155.38,13.36,1
90636,103,122,183,789,0,111,4294967295,24.79,1015.39,13.99,157.27,13.36,1
91632,103,122,182,788,0,111,4294967295,24.79,1015.39,13.98,155.81,13.36,1
92628,104,121,183,788,0,107,4294967295,24.79,1015.39,13.97,152.98,13.28,1
93624,104,122,183,787,0,100,4294967295,24.79,1015.40,13.95,151.33,13.20,1
94620,104,122,182,787,0,110,4294967295,24.79,1015.41,13.96,147.87,13.20,1
95616,104,122,182,786,0,108,4294967295,24.79,1015.41,13.98,145.56,13.20,1
96612,104,122,182,784,0,105,4294967295,24.79,1015.41,13.97,141.88,13.20,1
97608,104,122,182,783,0,106,4294967295,24.79,1015.41,13.98,139.18,13.20,1
98604,105,122,183,783,0,105,4294967295,24.79,1015.41,13.98,137.58,13.28,1
99600,105,122,183,785,0,105,4294967295,24.79,1015.40,14.00,135.91,13.28,1
100596,106,121,183,790,0,104,4294967295,24.79,1015.40,14.01,134.61,13.28,1
101592,105,122,183,795,0,103,4294967295,24.79,1015.40,14.03,133.43,13.20,1
102588,105,122,184,799,0,106,4294967295,24.79,1015.41,14.03,132.59,13.20,1
103584,106,122,185,804,0,106,4294967295,24.79,1015.41,14.05,130.84,13.11,1
104580,105,122,184,808,0,109,4294967295,24.79,1015.42,14.06,130.03,13.03,1
105576,106,123,186,810,0,110,4294967295,24.79,1015.43,14.08,129.13,13.11,1
106572,106,123,185,811,0,115,4294967295,24.79,1015.42,14.08,127.75,12.95,1
107568,107,123,186,813,0,118,4294967295,24.79,1015.44,14.09,126.98,12.95,1
108564,106,123,187,814,0,118,4294967295,24.79,1015.44,14.12,126.41,12.87,1
109560,107,123,188,816,0,122,4294967295,24.79,1015.45,14.11,125.28,12.87,1
110556,107,123,188,816,0,132,4294967295,24.79,1015.45,14.13,125.00,12.78,1
111552,108,123,188,817,0,122,4294967295,24.79,1015.46,14.14,123.26,12.87,1
112548,108,123,188,814,0,122,4294967295,24.79,1015.45,14.14,123.08,12.87,1
113544,109,123,189,812,0,122,4294967295,24.79,1015.45,14.15,123.98,12.78,1
114540,109,123,189,810,0,122,4294967295,24.79,1015.46,14.14,123.80,12.78,1
115536,110,123,189,808,0,116,4294967295,24.79,1015.46,14.14,123.53,12.78,1
116532,110,122,189,807,0,122,4294967295,24.79,1015.46,14.13,125.28,12.78,1
117528,111,123,190,806,0,134,4294967295,24.79,1015.46,14.14,125.84,12.78,1
118524,112,122,192,805,0,122,4294967295,24.79,1015.46,14.11,127.27,12.78,1
119520,112,123,192,806,0,122,4294967295,24.79,1015.46,14.10,128.24,12.78,1
120516,112,123,192,807,0,122,4294967295,24.79,1015.46,14.09,129.53,12.78,1
121512,113,123,192,808,0,122,4294967295,24.79,1015.46,14.09,130.03,12.78,1
122508,113,123,193,810,0,122,4294967295,24.79,1015.46,14.08,129.83,12.87,1
123504,114,123,194,812,0,122,4294967295,24.79,1015.45,14.08,130.43,12.87,0
124500,114,124,195,814,0,117,4294967295,24.79,1015.45,14.06,130.73,12.95,0
125496,113,123,193,812,0,116,4294967295,24.79,1015.44,14.06,131.45,12.95,0
126492,112,123,193,808,0,115,4294967295,24.79,1015.44,14.04,132.59,12.95,0
127488,111,122,192,805,0,127,4294967295,24.79,1015.44,14.03,134.07,12.87,0
128484,111,123,192,804,0,111,4294967295,24.79,1015.45,14.02,135.91,12.87,0
129480,110,123,191,804,0,102,4294967295,24.79,1015.45,14.00,139.41,12.87,0
130476,110,123,191,801,0,110,4294967295,24.79,1015.45,13.99,141.40,12.87,0
131472,109,122,190,798,0,109,4294967295,24.79,1015.45,13.98,144.31,12.87,0
132468,108,122,189,796,0,108,4294967295,24.79,1015.45,13.96,147.09,12.87,0
133464,108,122,188,795,0,107,4294967295,24.79,1015.45,13.94,149.31,12.87,0
134460,107,122,187,793,0,105,4294967295,24.79,1015.45,13.93,150.65,12.87,0
135456,106,122,187,791,0,105,4294967295,24.79,1015.45,13.94,153.96,12.87,0
136452,106,122,186,791,0,102,4294967295,24.79,1015.45,13.94,155.10,12.78,0
137448,106,122,185,791,0,101,4294967295,24.79,1015.46,13.95,156.54,12.78,0
138444,105,122,186,790,0,101,4294967295,24.79,1015.46,13.96,159.81,12.78,0
139440,105,121,186,790,0,101,4294967295,24.79,1015.46,13.95,162.44,12.70,0
140436,105,121,184,789,0,99,4294967295,24.79,1015.47,13.96,165.48,12.70,0
141432,105,121,184,789,0,97,4294967295,24.79,1015.47,13.96,167.29,12.62,0
142428,105,121,185,789,0,96,4294967295,24.79,1015.48,13.95,169.65,12.62,0
143424,105,121,184,789,0,95,4294967295,24.79,1015.48,13.96,170.51,12.53,0
144420,104,122,185,791,0,96,4294967295,24.79,1015.49,13.96,170.34,12.45,0
145416,104,122,185,793,0,97,4294967295,24.79,1015.50,13.95,171.56,12.53,0
146412,104,121,184,792,0,94,4294967295,24.79,1015.49,13.94,171.03,12.37,0
147408,104,121,184,791,0,94,4294967295,24.79,1015.51,13.95,172.26,12.45,0
148404,103,121,183,789,0,93,4294967295,24.79,1015.50,13.95,173.68,12.45,0
149400,103,121,183,790,0,92,4294967295,24.79,1015.50,13.94,176.60,12.45,0
150396,103,121,183,791,0,91,4294967295,24.79,1015.50,13.93,178.67,12.37,0
151392,102,121,183,789,0,91,4294967295,24.79,1015.51,13.93,182.94,12.37,0
152388,103,121,182,788,0,91,4294967295,24.79,1015.51,13.93,184.55,12.37,0
153384,102,120,181,787,0,91,4294967295,24.79,1015.51,13.93,185.34,12.45,0
154380,102,120,182,786,0,90,4294967295,24.79,1015.50,13.93,190.03,12.45,0
155376,101,120,181,785,0,90,4294967295,24.79,1015.50,13.92,192.13,12.45,0
156372,101,120,180,784,0,90,4294967295,24.79,1015.50,13.91,196.24,12.53,0
157368,100,119,180,784,0,89,4294967295,24.79,1015.49,13.91,198.60,12.53,0
158364,100,119,179,783,0,89,4294967295,24.79,1015.49,13.91,202.37,12.53,0
159360,99,119,179,782,0,88,4294967295,24.79,1015.49,13.91,204.11,12.53,0
160356,99,119,178,781,0,89,4294967295,24.79,1015.49,13.92,207.18,12.62,0
161352,99,119,178,782,0,87,4294967295,24.79,1015.48,13.90,207.97,12.70,0
162348,99,119,177,780,0,97,4294967295,24.79,1015.47,13.90,206.28,12.70,0
163344,98,119,177,780,0,85,4294967295,24.79,1015.47,13.90,203.99,12.70,0
164340,98,119,177,780,0,89,4294967295,24.79,1015.47,13.90,201.26,12.70,0
165336,98,119,177,779,0,86,4294967295,24.79,1015.47,13.90,197.88,12.70,0
166332,98,119,177,777,0,86,4294967295,24.79,1015.47,13.90,195.43,12.78,0
167328,97,119,176,777,0,86,4294967295,24.79,1015.46,13.91,194.51,12.78,0
168324,97,119,176,776,0,84,4294967295,24.79,1015.46,13.91,191.13,12.70,0
169320,97,118,175,776,0,86,4294967295,24.79,1015.47,13.92,189.71,12.70,0
170316,97,118,175,774,0,86,4294967295,24.79,1015.47,13.90,190.80,12.78,0
171312,97,118,175,774,0,85,4294967295,24.79,1015.46,13.91,190.80,12.87,0
172308,96,118,175,773,0,86,4294967295,24.79,1015.45,13.91,192.58,12.87,1
173304,96,118,175,773,0,87,4294967295,24.79,1015.45,13.90,193.82,12.87,1
174300,96,117,174,772,0,87,4294967295,24.79,1015.45,13.89,196.82,12.95,1
175296,96,118,174,771,0,86,4294967295,24.79,1015.44,13.89,197.53,12.95,1
176292,96,118,174,770,0,86,4294967295,24.79,1015.44,13.89,198.48,12.95,1
177288,97,117,174,770,0,85,4294967295,24.79,1015.44,13.88,200.40,13.03,1
178284,97,117,174,768,0,87,4294967295,24.79,1015.43,13.88,203.61,13.03,1
179280,97,117,174,768,0,85,4294967295,24.79,1015.43,13.87,203.24,13.03,1
180276,97,117,174,767,0,84,4294967295,24.79,1015.43,13.87,205.25,13.03,1
181272,97,117,174,766,0,86,4294967295,24.79,1015.43,13.86,204.24,13.03,1
182268,97,117,173,765,0,83,4294967295,24.79,1015.43,13.86,205.64,13.11,1
183264,97,117,173,765,0,84,4294967295,24.79,1015.42,13.86,204.62,13.20,1
184260,97,116,173,764,0,81,4294967295,24.79,1015.41,13.85,205.89,13.20,1
185256,98,116,173,764,0,82,4294967295,24.79,1015.41,13.84,205.89,13.20,1
186252,97,116,174,763,0,82,4294967295,24.79,1015.41,13.85,207.31,13.11,1
187248,97,116,174,764,0,82,4294967295,24.79,1015.42,13.84,207.44,13.11,1
188244,97,116,172,762,0,75,4294967295,24.79,1015.42,13.85,208.62,13.03,1
189240,97,116,172,762,0,80,4294967295,24.79,1015.43,13.84,209.68,13.03,1
190236,97,116,172,761,0,81,4294967295,24.80,1015.43,13.83,211.29,12.95,1
191232,98,116,172,761,0,79,4294967295,24.79,1015.44,13.83,211.56,13.03,1
192228,97,116,172,762,0,78,4294967295,24.79,1015.43,13.82,210.08,12.95,1
193224,97,116,173,764,0,79,4294967295,24.80,1015.44,13.82,209.81,12.95,1
194220,98,116,173,765,0,78,4294967295,24.80,1015.44,13.81,209.81,12.95,1
195216,99,116,172,766,0,77,4294967295,24.80,1015.44,13.82,209.28,12.95,1
196212,99,116,173,772,0,77,4294967295,24.80,1015.44,13.81,210.21,12.95,1
197208,99,116,173,774,0,73,4294967295,24.80,1015.44,13.81,211.42,12.95,1
198204,99,116,173,777,0,77,4294967295,24.80,1015.44,13.80,212.92,12.95,1
199200,100,116,173,779,0,78,4294967295,24.81,1015.44,13.82,215.14,12.87,1
200196,100,116,173,779,0,74,4294967295,24.81,1015.45,13.82,216.69,12.87,1
201192,100,116,174,778,0,77,4294967295,24.81,1015.45,13.81,218.26,12.87,1
202188,101,116,175,777,0,76,4294967295,24.81,1015.45,13.82,217.83,12.87,1
203184,102,116,175,776,0,77,4294967295,24.81,1015.45,13.82,219.57,12.87,1
204180,102,116,176,776,0,74,4294967295,24.81,1015.45,13.83,216.41,12.78,1
205176,103,116,176,777,0,76,4294967295,24.81,1015.46,13.83,214.72,12.87,1
206172,103,116,176,782,0,76,4294967295,24.81,1015.45,13.83,210.62,12.87,1
207168,104,117,177,784,0,78,4294967295,24.81,1015.45,13.83,209.41,12.95,1
208164,105,116,179,785,0,74,4294967295,24.81,1015.44,13.84,205.38,12.95,1
209160,106,116,178,786,0,79,4294967295,24.81,1015.44,13.84,201.62,12.78,1
210156,107,116,180,789,0,79,4294967295,24.81,1015.46,13.85,195.89,12.78,1
211152,107,117,181,794,0,79,4294967295,24.81,1015.46,13.85,191.91,12.78,1
212148,108,117,181,797,0,83,4294967295,24.81,1015.46,13.86,188.30,12.78,1
213144,108,117,181,798,0,82,4294967295,24.81,1015.46,13.87,187.87,12.78,1
214140,108,117,181,799,0,84,4294967295,24.81,1015.46,13.87,185.66,12.78,1
215136,108,118,181,798,0,82,4294967295,24.81,1015.46,13.87,187.43,12.70,1
216132,108,118,180,797,0,86,4294967295,24.81,1015.47,13.86,186.39,12.78,1
217128,108,118,180,796,0,87,4294967295,24.81,1015.46,13.86,188.09,12.78,1
218124,108,118,180,795,0,85,4294967295,24.81,1015.46,13.86,188.95,12.87,1
219120,108,118,179,793,0,80,4294967295,24.81,1015.45,13.86,189.71,12.70,1
220116,108,117,179,793,0,87,4294967295,24.81,1015.47,13.86,192.47,12.78,1
221112,107,117,179,793,0,88,4294967295,24.81,1015.46,13.84,194.28,12.78,1
222108,108,117,178,793,0,87,4294967295,24.81,1015.46,13.83,194.85,12.78,1
223104,107,118,179,794,0,87,4294967295,24.81,1015.46,13.83,195.43,12.78,1
224100,108,118,179,795,0,88,4294967295,24.81,1015.46,13.82,196.12,12.87,1
225096,109,118,179,795,0,87,4294967295,24.81,1015.45,13.82,198.60,12.87,1
226092,109,118,179,793,0,87,4294967295,24.81,1015.45,13.81,198.60,12.87,1
227088,109,118,180,792,0,88,4294967295,24.81,1015.45,13.81,198.00,12.95,1
228084,109,118,179,791,0,87,4294967295,24.81,1015.44,13.80,199.68,12.95,1
229080,109,118,179,791,0,87,4294967295,24.81,1015.44,13.80,201.99,12.87,1
230076,110,118,181,790,0,87,4294967295,24.81,1015.45,13.79,201.62,12.95,1
231072,110,118,181,789,0,86,4294967295,24.81,1015.44,13.79,201.75,12.87,1
232068,111,118,182,789,0,103,4294967295,24.81,1015.45,13.80,203.99,12.87,1
233064,112,118,181,788,0,84,4294967295,24.81,1015.45,13.80,204.75,12.87,1
234060,112,118,181,788,0,86,4294967295,24.81,1015.45,13.80,206.67,12.87,1
235056,111,118,181,787,0,86,4294967295,24.81,1015.45,13.79,210.35,12.87,1
236052,111,118,181,787,0,85,4294967295,24.81,1015.45,13.80,213.89,12.87,1
237048,111,118,181,786,0,85,4294967295,24.81,1015.45,13.80,216.97,12.87,1
238044,112,118,180,785,0,84,4294967295,24.81,1015.45,13.81,220.30,12.87,1
239040,113,119,181,785,0,96,4294967295,24.81,1015.45,13.81,223.88,12.87,1
240036,112,118,181,785,0,84,4294967295,24.81,1015.45,13.82,226.65,12.78,1
241032,112,118,181,783,0,94,4294967295,24.81,1015.46,13.84,228.05,12.78,1
242028,113,118,182,783,0,84,4294967295,24.81,1015.46,13.82,229.80,12.78,1
243024,113,118,182,783,0,83,4294967295,24.81,1015.46,13.83,233.20,12.70,1
244020,114,118,182,782,0,81,4294967295,24.81,1015.47,13.82,232.87,12.70,1
245016,113,119,184,786,0,85,4294967295,24.81,1015.47,13.83,234.86,12.62,0
246012,114,119,184,786,0,82,4294967295,24.81,1015.48,13.82,236.20,12.62,0
247008,113,118,182,785,0,86,4294967295,24.81,1015.48,13.82,240.32,12.62,0
248004,113,119,182,787,0,87,4294967295,24.81,1015.48,13.82,242.79,12.53,0
249000,112,119,182,787,0,87,4294967295,24.81,1015.49,13.84,242.26,12.45,0
249996,111,118,182,789,0,87,4294967295,24.81,1015.50,13.83,244.41,12.53,0
250992,111,119,182,793,0,87,4294967295,24.81,1015.49,13.84,245.50,12.45,0
251988,111,119,182,795,0,87,4294967295,24.81,1015.50,13.83,247.70,12.45,0
252984,110,119,182,795,0,87,4294967295,24.81,1015.50,13.85,249.01,12.45,0
253980,109,119,181,797,0,86,4294967295,24.81,1015.50,13.85,250.52,12.45,0
254976,108,119,181,800,0,85,4294967295,24.81,1015.50,13.85,249.01,12.53,0
255972,109,119,181,804,0,88,4294967295,24.81,1015.49,13.85,244.05,12.53,0
256968,108,119,181,806,0,86,4294967295,24.81,1015.49,13.85,236.37,12.45,0
257964,107,120,180,807,0,86,4294967295,24.81,1015.50,13.87,232.38,12.45,0
258960,107,119,180,806,0,87,4294967295,24.81,1015.50,13.87,230.28,12.45,0
259956,106,119,179,804,0,86,4294967295,24.81,1015.50,13.87,224.64,12.45,0
260952,105,119,179,803,0,88,4294967295,24.81,1015.50,13.89,218.41,12.45,0
261948,104,119,178,802,0,88,4294967295,24.81,1015.50,13.90,209.15,12.45,0
262944,104,119,178,802,0,89,4294967295,24.81,1015.50,13.92,200.40,12.45,0
263940,104,119,177,801,0,88,4294967295,24.81,1015.50,13.94,194.51,12.53,0
264936,103,118,177,801,0,89,4294967295,24.81,1015.49,13.95,188.52,12.45,0
265932,103,119,178,800,0,91,4294967295,24.81,1015.50,13.95,185.87,12.45,0
266928,103,119,177,803,0,91,4294967295,24.81,1015.50,13.96,184.96,12.53,0
267924,102,119,177,804,0,92,4294967295,24.81,1015.49,13.98,184.96,12.53,0
268920,102,119,177,805,0,92,4294967295,24.81,1015.49,13.97,183.74,12.53,0
269916,101,119,177,811,0,92,4294967295,24.81,1015.49,13.98,182.94,12.53,0
270912,101,119,178,816,0,93,4294967295,24.81,1015.49,13.98,183.34,12.53,0
271908,101,119,177,818,0,94,4294967295,24.81,1015.49,13.98,182.94,12.62,0
272904,99,119,177,817,0,94,4294967295,24.81,1015.48,13.98,180.59,12.62,0
273900,99,120,177,818,0,92,4294967295,24.81,1015.48,13.98,178.67,12.62,0
274896,99,119,177,818,0,97,4294967295,24.81,1015.48,13.99,180.00,12.62,0
275892,99,120,177,818,0,98,4294967295,24.81,1015.48,13.99,180.00,12.70,0
276888,97,119,176,817,0,95,4294967295,24.81,1015.47,13.99,178.48,12.62,0
277884,97,119,176,814,0,97,4294967295,24.81,1015.48,14.00,177.16,12.62,0
278880,97,119,175,814,0,99,4294967295,24.81,1015.48,14.00,173.15,12.62,0
279876,96,119,175,814,0,101,4294967295,24.81,1015.48,14.01,169.99,12.78,0
280872,96,119,175,816,0,101,4294967295,24.81,1015.46,14.01,166.79,12.87,0
281868,96,119,175,817,0,104,4294967295,24.81,1015.45,14.03,163.39,12.87,0
282864,95,119,173,815,0,103,4294967295,24.81,1015.45,14.02,160.88,12.87,0
283860,94,119,173,815,0,106,4294967295,24.81,1015.45,14.03,159.51,12.78,0
284856,93,119,174,814,0,109,4294967295,24.81,1015.46,14.03,159.36,12.70,0
285852,94,119,172,813,0,110,4294967295,24.81,1015.47,14.05,157.86,12.70,0
286848,93,119,172,815,0,114,4294967295,24.81,1015.47,14.04,158.16,12.78,0
287844,93,119,173,818,0,112,4294967295,24.81,1015.46,14.03,158.91,12.78,0
288840,92,120,172,817,0,113,4294967295,24.81,1015.46,14.04,160.58,12.87,0
289836,91,119,172,816,0,114,4294967295,24.81,1015.45,14.03,158.91,12.78,0
290832,91,119,171,814,0,113,4294967295,24.81,1015.46,14.03,160.12,12.78,0
291828,91,119,171,812,0,115,4294967295,24.81,1015.46,14.02,162.13,12.78,0
292824,91,119,170,810,0,114,4294967295,24.81,1015.46,14.03,162.44,12.78,0
293820,90,119,170,809,0,121,4294967295,24.81,1015.46,14.01,162.60,12.78,0
294816,90,119,170,808,0,113,4294967295,24.81,1015.46,14.02,162.91,12.78,0
295812,90,118,169,805,0,108,4294967295,24.81,1015.46,14.00,164.99,12.70,0
296808,90,118,169,804,0,110,4294967295,24.81,1015.47,14.00,165.80,12.70,0
297804,90,118,168,803,0,109,4294967295,24.81,1015.47,14.00,166.46,12.70,0
298800,89,118,168,801,0,112,4294967295,24.81,1015.47,14.00,165.97,12.70,0
299796,89,118,168,801,0,106,4294967295,24.81,1015.47,13.99,167.29,12.70,0
300792,89,118,168,801,0,105,4294967295,24.81,1015.47,14.00,167.12,12.62,0
301788,89,118,168,798,0,104,4294967295,24.81,1015.48,13.99,167.29,12.62,0
302784,88,117,168,796,0,105,4294967295,24.82,1015.48,14.00,168.97,12.62,0
303780,89,118,168,795,0,105,4294967295,24.81,1015.48,14.00,167.79,12.53,0
304776,88,117,167,792,0,103,4294967295,24.81,1015.49,13.99,164.99,12.45,1
305772,88,117,167,791,0,102,4294967295,24.81,1015.50,14.00,164.99,12.45,1
306768,88,117,167,791,0,88,4294967295,24.82,1015.50,14.01,162.28,12.53,1
307764,88,117,166,788,0,95,4294967295,24.82,1015.49,14.02,159.36,12.45,1
308760,88,117,166,787,0,90,4294967295,24.82,1015.50,14.04,157.86,12.37,1
309756,88,116,165,785,0,101,4294967295,24.82,1015.51,14.04,155.38,12.20,1
310752,87,117,166,784,0,96,4294967295,24.82,1015.53,14.04,154.53,12.12,1
311748,87,116,165,783,0,97,4294967295,24.82,1015.54,14.05,153.26,12.12,1
312744,87,116,165,785,0,97,4294967295,24.82,1015.54,14.06,153.12,12.12,1
313740,88,117,166,787,0,96,4294967295,24.82,1015.54,14.07,154.95,12.04,1
314736,89,117,168,789,0,97,4294967295,24.82,1015.55,14.08,155.96,12.04,1
315732,91,117,169,794,0,97,4294967295,24.82,1015.55,14.07,155.24,12.04,1
316728,92,116,169,795,0,95,4294967295,24.82,1015.55,14.08,153.82,12.04,1
317724,91,116,169,792,0,95,4294967295,24.82,1015.55,14.10,152.01,11.95,1
318720,92,116,169,791,0,97,4294967295,24.82,1015.56,14.10,149.44,11.95,1
319716,92,116,169,794,0,95,4294967295,24.82,1015.56,14.11,146.32,12.04,1
320712,92,117,170,798,0,95,4294967295,24.82,1015.55,14.12,143.82,11.95,1
321708,92,117,170,801,0,96,4294967295,24.82,1015.56,14.13,141.88,11.95,1
322704,92,117,171,803,0,97,4294967295,24.82,1015.56,14.13,139.99,11.87,1
323700,94,117,172,804,0,97,4294967295,24.82,1015.57,14.15,137.24,11.87,1
324696,94,117,173,807,0,100,4294967295,24.82,1015.57,14.18,135.58,11.87,1
325692,95,117,174,811,0,102,4294967295,24.82,1015.57,14.20,131.55,11.87,1
326688,96,118,174,814,0,104,4294967295,24.82,1015.57,14.21,129.43,11.87,1
327684,94,117,175,815,0,111,4294967295,24.82,1015.57,14.24,127.17,11.87,1
328680,95,117,174,817,0,112,4294967295,24.82,1015.57,14.25,127.08,11.87,1
329676,94,118,174,815,0,118,4294967295,24.82,1015.57,14.25,124.54,11.79,1
330672,93,116,173,812,0,117,4294967295,24.82,1015.58,14.27,122.81,11.87,1
331668,93,117,173,808,0,126,4294967295,24.82,1015.57,14.29,122.09,11.87,1
332664,92,117,172,806,0,118,4294967295,24.82,1015.57,14.30,118.98,11.95,1
333660,92,117,171,803,0,119,4294967295,24.82,1015.56,14.31,118.31,11.95,1
334656,91,116,171,800,0,119,4294967295,24.82,1015.56,14.32,117.16,12.04,1
335652,91,116,170,798,0,118,4294967295,24.82,1015.55,14.33,115.31,12.04,1
336648,91,116,170,794,0,120,4294967295,24.82,1015.55,14.34,114.45,12.12,1
337644,90,115,169,793,0,118,4294967295,24.82,1015.54,14.34,113.67,12.20,1
338640,90,116,169,791,0,119,4294967295,24.82,1015.53,14.34,113.52,12.20,1
339636,90,115,169,791,0,118,4294967295,24.82,1015.53,14.33,114.14,12.20,1
340632,89,115,169,789,0,119,4294967295,24.82,1015.53,14.32,116.03,12.28,1
341628,89,115,168,787,0,118,4294967295,24.82,1015.52,14.30,116.67,12.37,1
342624,89,115,168,786,0,116,4294967295,24.83,1015.51,14.29,118.40,12.28,1
343620,89,115,167,783,0,106,4294967295,24.83,1015.52,14.28,119.15,12.28,1
344616,89,115,166,783,0,114,4294967295,24.83,1015.52,14.25,119.75,12.28,1
345612,88,115,167,781,0,112,4294967295,24.83,1015.52,14.24,120.95,12.28,1
346608,88,114,166,780,0,100,4294967295,24.83,1015.52,14.22,122.09,12.28,1
347604,88,114,165,779,0,109,4294967295,24.83,1015.52,14.21,124.63,12.37,1
348600,87,114,165,777,0,109,4294967295,24.83,1015.51,14.20,127.66,12.37,1
349596,88,114,165,776,0,108,4294967295,24.83,1015.51,14.19,129.83,12.37,1
350592,87,113,165,775,0,106,4294967295,24.83,1015.51,14.18,132.90,12.53,1
351588,87,114,165,774,0,104,4294967295,24.83,1015.49,14.17,135.58,12.53,1
352584,87,113,165,773,0,98,4294967295,24.83,1015.49,14.16,138.60,12.53,1
353580,87,114,164,773,0,105,4294967295,24.83,1015.49,14.16,139.06,12.53,1
354576,87,113,165,772,0,102,4294967295,24.83,1015.49,14.14,143.09,12.53,1
355572,87,113,164,771,0,101,4294967295,24.83,1015.49,14.14,145.81,12.53,0
356568,87,113,163,770,0,101,4294967295,24.83,1015.49,14.14,148.26,12.62,0
357564,87,113,163,769,0,99,4294967295,24.83,1015.48,14.13,152.01,12.70,0
358560,87,113,163,768,0,99,4294967295,24.83,1015.47,14.12,154.95,12.70,0
359556,87,113,163,769,0,98,4294967295,24.83,1015.47,14.13,156.98,12.62,0
360552,87,113,163,768,0,97,4294967295,24.83,1015.48,14.12,161.50,12.62,0
361548,87,112,163,768,0,95,4294967295,24.83,1015.48,14.12,164.83,12.70,0
362544,86,113,162,768,0,94,4294967295,24.83,1015.47,14.13,166.62,12.62,0
363540,86,113,162,770,0,94,4294967295,24.83,1015.48,14.12,171.03,12.62,0
364536,86,112,163,773,0,94,4294967295,24.83,1015.48,14.12,173.32,12.70,0
365532,86,112,162,775,0,93,4294967295,24.83,1015.47,14.12,178.86,12.70,0
366528,86,112,162,777,0,92,4294967295,24.83,1015.47,14.13,181.36,12.78,0
367524,86,113,161,777,0,90,4294967295,24.83,1015.46,14.12,186.39,12.78,0
368520,86,112,162,777,0,91,4294967295,24.83,1015.46,14.12,188.09,12.78,0
369516,86,112,162,777,0,91,4294967295,24.83,1015.46,14.12,191.91,12.78,0
370512,85,112,161,777,0,91,4294967295,24.83,1015.46,14.12,194.16,12.70,0
371508,86,112,161,779,0,90,4294967295,24.83,1015.47,14.11,197.88,12.62,0
372504,86,113,162,784,0,100,4294967295,24.83,1015.48,14.12,201.62,12.62,0
373500,87,112,162,787,0,89,4294967295,24.83,1015.48,14.12,205.38,12.62,0
374496,86,113,162,789,0,90,4294967295,24.83,1015.48,14.12,206.79,12.62,0
375492,86,113,162,789,0,89,4294967295,24.83,1015.48,14.12,211.42,12.62,0
376488,87,112,162,787,0,89,4294967295,24.83,1015.48,14.11,214.72,12.70,0
377484,86,112,161,785,0,87,4294967295,24.83,1015.47,14.12,216.55,12.62,0
378480,86,111,161,783,0,86,4294967295,24.82,1015.48,14.12,215.84,12.70,0
379476,86,112,161,781,0,88,4294967295,24.82,1015.47,14.12,212.78,12.70,0
380472,85,112,161,782,0,88,4294967295,24.82,1015.47,14.11,208.23,12.70,0
381468,86,112,160,787,0,89,4294967295,24.82,1015.47,14.11,203.86,12.70,0
382464,86,112,162,794,0,87,4294967295,24.82,1015.47,14.11,198.60,12.78,0
383460,86,113,162,798,0,83,4294967295,24.82,1015.46,14.11,193.93,12.78,0
384456,86,112,162,799,0,90,4294967295,24.82,1015.46,14.10,187.66,12.87,0
385452,86,112,162,799,0,87,4294967295,24.82,1015.45,14.10,186.18,12.87,0
386448,86,112,161,798,0,92,4294967295,24.82,1015.45,14.10,182.55,12.87,0
387444,86,112,162,796,0,92,4294967295,24.82,1015.45,14.08,177.16,12.87,0
388440,85,113,162,796,0,94,4294967295,24.82,1015.45,14.09,176.42,12.87,0
389436,85,112,161,795,0,96,4294967295,24.82,1015.45,14.08,175.31,12.87,0
390432,85,112,161,794,0,97,4294967295,24.82,1015.45,14.07,175.13,12.78,0
391428,85,112,161,793,0,98,4294967295,24.82,1015.46,14.06,176.05,12.78,0
392424,85,112,160,793,0,101,4294967295,24.82,1015.46,14.05,179.43,12.78,0
393420,85,112,160,794,0,99,4294967295,24.82,1015.46,14.03,181.76,12.70,0
394416,85,113,160,799,0,100,4294967295,24.82,1015.47,14.01,182.94,12.78,0
395412,84,112,160,800,0,101,4294967295,24.82,1015.46,14.02,181.76,12.70,0
396408,84,112,160,801,0,99,4294967295,24.82,1015.47,13.99,180.59,12.62,0
397404,83,112,159,801,0,99,4294967295,24.82,1015.48,13.98,181.17,12.70,0
398400,83,113,159,801,0,102,4294967295,24.82,1015.47,13.96,181.56,12.62,0
399396,83,112,158,801,0,99,4294967295,24.82,1015.48,13.96,182.15,12.62,0
400392,83,112,158,800,0,101,4294967295,24.82,1015.48,13.95,183.14,12.53,0
401388,82,111,158,798,0,99,4294967295,24.82,1015.49,13.93,185.98,12.53,0
402384,82,111,157,795,0,99,4294967295,24.82,1015.49,13.92,185.87,12.45,0
403380,81,112,157,793,0,100,4294967295,24.82,1015.50,13.91,188.09,12.45,0
404376,81,111,157,792,0,100,4294967295,24.82,1015.50,13.89,189.71,12.45,0
405372,81,111,156,790,0,95,4294967295,24.82,1015.50,13.88,192.24,12.45,0
406368,81,111,156,788,0,96,4294967295,24.82,1015.50,13.88,194.05,12.45,0
407364,80,111,155,786,0,97,4294967295,24.82,1015.50,13.85,196.12,12.37,0
408360,80,111,154,785,0,96,4294967295,24.82,1015.51,13.85,198.60,12.37,0
409356,79,111,154,783,0,94,4294967295,24.82,1015.51,13.85,200.89,12.37,0
410352,79,110,153,782,0,95,4294967295,24.82,1015.51,13.84,202.86,12.37,0
411348,79,110,154,784,0,93,4294967295,24.82,1015.51,13.83,206.67,12.37,0
412344,78,111,154,787,0,93,4294967295,24.82,1015.51,13.82,208.89,12.28,0
413340,79,111,154,789,0,92,4294967295,24.82,1015.52,13.82,211.97,12.28,0
414336,79,111,154,789,0,91,4294967295,24.82,1015.52,13.82,215.56,12.28,0
415332,78,111,154,790,0,90,4294967295,24.82,1015.52,13.81,218.41,12.20,1
416328,79,112,153,788,0,90,4294967295,24.82,1015.53,13.80,219.28,12.20,1
417324,79,111,153,786,0,88,4294967295,24.82,1015.53,13.82,217.69,12.20,1
418320,79,111,153,784,0,89,4294967295,24.82,1015.53,13.81,215.28,12.20,1
419316,78,111,152,784,0,89,4294967295,24.83,1015.53,13.83,214.16,12.20,1
420312,78,111,153,783,0,87,4294967295,24.83,1015.53,13.85,211.83,12.28,1
421308,78,111,153,787,0,85,4294967295,24.83,1015.52,13.87,210.35,12.28,1
422304,80,112,153,794,0,85,4294967295,24.83,1015.52,13.90,207.71,12.28,1
423300,80,112,155,801,0,87,4294967295,24.83,1015.52,13.91,205.64,12.28,1
424296,80,111,155,804,0,87,4294967295,24.83,1015.52,13.93,202.12,12.28,1
425292,80,112,155,808,0,88,4294967295,24.83,1015.52,13.93,199.19,12.28,1
426288,80,112,155,810,0,89,4294967295,24.83,1015.52,13.94,195.43,12.28,1
427284,79,112,155,810,0,92,4294967295,24.83,1015.52,13.96,192.69,12.37,1
428280,79,112,155,811,0,105,4294967295,24.83,1015.51,13.95,190.91,12.37,1
429276,80,112,155,809,0,94,4294967295,24.83,1015.51,13.95,191.02,12.45,1
430272,80,112,154,806,0,96,4294967295,24.83,1015.50,13.94,190.03,12.45,1
431268,80,111,155,804,0,96,4294967295,24.83,1015.50,13.94,191.57,12.53,1
432264,80,111,154,802,0,94,4294967295,24.83,1015.49,13.93,190.91,12.45,1
433260,80,112,155,799,0,88,4294967295,24.83,1015.50,13.91,190.47,12.53,1
434256,80,111,154,796,0,95,4294967295,24.83,1015.49,13.91,190.25,12.53,1
435252,80,111,154,794,0,95,4294967295,24.83,1015.49,13.90,189.16,12.53,1
436248,80,111,153,792,0,95,4294967295,24.83,1015.49,13.89,190.58,12.45,1
437244,80,111,153,790,0,94,4294967295,24.83,1015.50,13.88,192.69,12.53,1
438240,81,110,153,788,0,93,4294967295,24.83,1015.49,13.87,195.89,12.45,1
439236,80,110,153,787,0,93,4294967295,24.83,1015.50,13.85,197.29,12.53,1
440232,79,110,153,786,0,92,4294967295,24.83,1015.49,13.86,200.52,12.53,1
441228,80,110,153,786,0,92,4294967295,24.82,1015.49,13.83,203.61,12.53,1
442224,80,110,153,785,0,93,4294967295,24.82,1015.49,13.84,205.13,12.53,1
443220,79,110,152,784,0,90,4294967295,24.82,1015.49,13.82,209.28,12.53,1
444216,80,110,152,783,0,100,4294967295,24.82,1015.49,13.81,210.48,12.53,1
445212,80,110,152,782,0,89,4294967295,24.82,1015.49,13.81,209.28,12.53,1
446208,80,110,152,784,0,82,4294967295,24.82,1015.49,13.81,208.62,12.62,1
447204,81,110,152,785,0,91,4294967295,24.82,1015.48,13.80,207.18,12.62,1
448200,80,110,153,787,0,91,4294967295,24.82,1015.48,13.81,205.89,12.62,1
449196,80,109,153,789,0,91,4294967295,24.83,1015.48,13.80,206.28,12.70,1
450192,80,110,153,791,0,91,4294967295,24.83,1015.47,13.79,205.89,12.70,1
451188,80,110,153,790,0,90,4294967295,24.83,1015.47,13.80,205.64,12.70,1
452184,81,110,153,788,0,92,4294967295,24.83,1015.47,13.79,207.71,12.78,1
453180,81,109,153,787,0,91,4294967295,24.83,1015.46,13.79,208.49,12.87,1
454176,80,110,152,785,0,100,4294967295,24.83,1015.45,13.78,210.88,12.87,1
455172,81,109,152,783,0,90,4294967295,24.83,1015.45,13.78,212.78,12.95,1
456168,80,109,152,782,0,90,4294967295,24.83,1015.44,13.78,215.14,13.03,1
457164,80,109,151,781,0,88,4294967295,24.83,1015.43,13.76,216.69,13.03,1
458160,80,109,151,780,0,88,4294967295,24.83,1015.43,13.75,218.26,13.03,1
459156,80,109,151,780,0,87,4294967295,24.83,1015.43,13.75,220.15,13.11,1
460152,81,109,151,779,0,87,4294967295,24.83,1015.42,13.75,222.08,13.11,1
461148,82,109,152,780,0,85,4294967295,24.83,1015.42,13.75,224.95,13.11,1
462144,82,109,154,783,0,87,4294967295,24.83,1015.42,13.75,224.34,13.11,1
463140,83,109,154,786,0,85,4294967295,24.83,1015.42,13.74,223.28,13.03,1
464136,83,109,155,788,0,79,4294967295,24.83,1015.43,13.75,219.42,13.11,1
465132,84,110,155,789,0,85,4294967295,24.83,1015.42,13.74,220.01,13.11,1
466128,84,109,155,789,0,81,4294967295,24.83,1015.42,13.75,221.04,13.11,1
467124,83,109,154,787,0,83,4294967295,24.84,1015.42,13.74,223.58,13.03,1
468120,83,109,153,785,0,83,4294967295,24.84,1015.43,13.75,226.80,12.95,1
469116,83,109,154,783,0,82,4294967295,24.84,1015.44,13.76,228.21,12.95,1
470112,82,108,153,782,0,81,4294967295,24.84,1015.44,13.77,232.87,12.87,1
471108,82,109,153,779,0,81,4294967295,24.84,1015.45,13.77,236.20,12.78,1
472104,82,109,153,778,0,75,4294967295,24.84,1015.46,13.79,239.62,12.70,1
473100,82,109,152,776,0,81,4294967295,24.84,1015.47,13.80,242.79,12.70,1
474096,83,109,153,777,0,74,4294967295,24.84,1015.47,13.81,246.04,12.62,1
475092,83,109,153,778,0,79,4294967295,24.85,1015.48,13.83,249.95,12.53,1
476088,84,108,154,779,0,78,4294967295,24.85,1015.49,13.84,252.82,12.53,1
477084,85,108,155,779,0,76,4294967295,24.85,1015.49,13.85,257.14,12.53,1
478080,86,109,156,779,0,67,4294967295,24.85,1015.49,13.85,258.96,12.45,0
479076,86,109,156,780,0,68,4294967295,24.85,1015.50,13.87,263.08,12.45,0
480072,86,109,158,784,0,67,4294967295,24.85,1015.50,13.89,263.50,12.28,0
481068,87,110,157,784,0,67,4294967295,24.85,1015.52,13.91,265.19,12.28,0
482064,87,110,157,784,0,66,4294967295,24.85,1015.52,13.94,265.83,12.20,0
483060,87,109,156,784,0,66,4294967295,24.86,1015.53,13.99,266.26,12.12,0
484056,87,109,156,784,0,66,4294967295,24.86,1015.54,14.02,270.40,12.04,0
485052,87,109,156,784,0,66,4294967295,24.86,1015.55,14.03,272.40,12.04,0
486048,87,109,156,788,0,66,4294967295,24.86,1015.55,14.06,275.58,12.04,0
487044,87,109,157,789,0,68,4294967295,24.86,1015.55,14.07,278.60,12.12,0
488040,87,109,157,790,0,68,4294967295,24.86,1015.54,14.07,279.07,12.12,0
489036,87,109,156,791,0,67,4294967295,24.86,1015.54,14.07,282.41,12.12,0
490032,87,109,157,793,0,68,4294967295,24.86,1015.54,14.08,286.07,12.20,0
491028,88,109,157,796,0,67,4294967295,24.87,1015.53,14.09,289.84,12.20,0
492024,88,109,158,800,0,66,4294967295,24.87,1015.53,14.09,290.86,12.28,0
493020,88,109,158,805,0,69,4294967295,24.87,1015.52,14.07,293.18,12.28,0
494016,88,110,159,808,0,72,4294967295,24.87,1015.52,14.08,297.13,12.37,0
495012,88,110,159,812,0,76,4294967295,24.87,1015.51,14.09,300.10,12.45,0
496008,88,111,160,816,0,79,4294967295,24.87,1015.50,14.08,302.02,12.45,0
497004,88,111,160,819,0,79,4294967295,24.87,1015.50,14.08,304.52,12.53,0
498000,87,111,160,822,0,88,4294967295,24.87,1015.49,14.09,306.78,12.45,0
498996,87,112,162,827,0,92,4294967295,24.87,1015.50,14.07,309.37,12.53,0
499992,87,112,161,830,0,94,4294967295,24.87,1015.49,14.07,310.24,12.53,0
500988,87,113,162,831,0,95,4294967295,24.87,1015.49,14.07,311.11,12.62,0
501984,87,112,162,832,0,97,4294967295,24.88,1015.48,14.08,311.11,12.62,0
502980,87,113,162,833,0,99,4294967295,24.88,1015.48,14.07,312.88,12.70,0
503976,86,113,163,835,0,100,4294967295,24.88,1015.47,14.07,316.47,12.70,0
504972,86,113,162,834,0,101,4294967295,24.88,1015.47,14.07,319.84,12.70,0
505968,85,113,162,831,0,105,4294967295,24.88,1015.47,14.06,322.02,12.70,0
506964,85,113,161,828,0,104,4294967295,24.88,1015.47,14.05,324.55,12.70,0
507960,85,113,161,827,0,98,4294967295,24.88,1015.47,14.03,323.92,12.70,0
508956,84,113,160,826,0,103,4294967295,24.88,1015.47,14.02,328.42,12.62,0
509952,84,113,160,824,0,118,4294967295,24.88,1015.48,14.01,328.42,12.53,0
510948,84,112,160,823,0,102,4294967295,24.88,1015.49,13.99,330.06,12.45,0
511944,84,112,160,821,0,102,4294967295,24.89,1015.50,13.97,329.08,12.37,0
512940,84,113,159,818,0,101,4294967295,24.89,1015.51,13.97,329.73,12.28,0
513936,84,113,161,817,0,98,4294967295,24.89,1015.52,13.96,325.51,12.28,0
514932,84,113,160,814,0,90,4294967295,24.89,1015.52,13.97,323.92,12.45,0
515928,85,113,160,813,0,98,4294967295,24.90,1015.50,13.97,318.30,12.53,0
516924,85,112,159,811,0,96,4294967295,24.90,1015.49,13.97,307.07,12.53,0
517920,84,112,158,808,0,95,4294967295,24.90,1015.49,13.97,294.75,12.53,0
518916,84,112,159,805,0,94,4294967295,24.90,1015.49,13.98,280.25,12.53,0
519912,84,112,158,801,0,92,4294967295,24.90,1015.49,13.98,272.40,12.53,0
520908,84,112,158,799,0,91,4294967295,24.90,1015.49,13.97,267.77,12.53,0
521904,84,111,157,797,0,92,4294967295,24.90,1015.49,13.98,264.76,12.62,0
522900,84,111,158,796,0,90,4294967295,24.90,1015.48,13.97,268.86,12.53,0
523896,84,112,157,793,0,89,4294967295,24.89,1015.49,13.95,270.62,12.62,0
524892,84,111,157,791,0,90,4294967295,24.89,1015.48,13.93,273.30,12.53,0
525888,84,111,157,790,0,89,4294967295,24.89,1015.49,13.91,273.98,12.62,0
526884,84,111,157,788,0,87,4294967295,24.89,1015.48,13.90,274.44,12.62,0
527880,84,110,156,786,0,80,4294967295,24.89,1015.48,13.89,271.06,12.53,0
528876,84,111,156,785,0,85,4294967295,24.89,1015.49,13.87,270.84,12.53,0
529872,83,110,156,783,0,85,4294967295,24.90,1015.49,13.87,269.73,12.53,0
530868,84,110,155,783,0,85,4294967295,24.90,1015.49,13.85,271.06,12.53,0
531864,84,110,155,781,0,83,4294967295,24.90,1015.49,13.83,272.18,12.45,0
532860,84,110,155,781,0,84,4294967295,24.90,1015.50,13.83,272.85,12.37,0
533856,84,110,155,779,0,82,4294967295,24.90,1015.51,13.81,272.85,12.45,0
534852,84,110,155,779,0,81,4294967295,24.90,1015.50,13.80,272.85,12.37,1
535848,83,110,154,779,0,79,4294967295,24.90,1015.51,13.79,270.62,12.37,1
536844,84,110,155,782,0,79,4294967295,24.90,1015.51,13.78,271.73,12.37,1
537840,84,111,155,781,0,79,4294967295,24.90,1015.51,13.77,270.62,12.37,1
538836,84,111,155,781,0,76,4294967295,24.90,1015.51,13.77,268.42,12.28,1
539832,85,112,158,793,0,78,4294967295,24.90,1015.52,13.76,264.76,12.28,1
540828,86,112,160,799,0,81,4294967295,24.90,1015.52,13.79,262.45,12.37,1
541824,86,113,158,800,0,82,4294967295,24.90,1015.51,13.89,260.80,12.28,1
542820,87,113,159,801,0,81,4294967295,24.90,1015.52,14.02,257.14,12.28,1
543816,87,113,159,801,0,78,4294967295,24.90,1015.52,14.11,253.98,12.20,1
544812,88,112,158,796,0,81,4294967295,24.90,1015.53,14.19,249.38,12.28,1
545808,88,112,157,791,0,79,4294967295,24.90,1015.52,14.23,244.77,12.20,1
546804,87,111,156,788,0,79,4294967295,24.90,1015.53,14.23,240.50,12.12,1
547800,87,111,156,785,0,80,4294967295,24.90,1015.54,14.23,238.07,12.04,1
548796,87,111,155,782,0,79,4294967295,24.90,1015.55,14.24,233.53,12.04,1
549792,87,110,155,781,0,78,4294967295,24.90,1015.55,14.20,229.32,11.95,1
550788,86,110,154,780,0,78,4294967295,24.90,1015.56,14.19,225.25,12.04,1
551784,86,110,154,779,0,84,4294967295,24.90,1015.55,14.17,221.04,12.04,1
552780,86,110,154,778,0,77,4294967295,24.90,1015.55,14.16,216.27,12.04,1
553776,87,110,154,778,0,73,4294967295,24.90,1015.55,14.13,213.75,11.95,1
554772,86,110,154,777,0,77,4294967295,24.90,1015.56,14.11,212.37,12.04,1
555768,86,109,153,777,0,77,4294967295,24.90,1015.55,14.08,211.56,12.04,1
556764,87,110,154,777,0,77,4294967295,24.90,1015.55,14.06,210.75,12.04,1
557760,86,109,155,782,0,77,4294967295,24.90,1015.55,14.04,211.29,12.04,1
558756,86,110,155,785,0,73,4294967295,24.90,1015.55,14.02,213.89,11.95,1
559752,87,109,154,788,0,77,4294967295,24.90,1015.56,14.00,215.28,11.95,1
560748,89,110,155,788,0,78,4294967295,24.90,1015.56,13.98,215.42,11.95,1
561744,89,109,155,790,0,79,4294967295,24.90,1015.56,13.95,217.55,11.95,1
562740,88,109,155,790,0,79,4294967295,24.90,1015.56,13.92,219.28,11.95,1
563736,89,109,155,790,0,79,4294967295,24.90,1015.56,13.90,221.93,11.95,1
564732,89,109,155,789,0,78,4294967295,24.90,1015.56,13.87,224.49,11.95,1
565728,90,110,156,788,0,78,4294967295,24.90,1015.56,13.85,226.80,11.95,1
566724,89,110,155,787,0,79,4294967295,24.90,1015.56,13.84,227.11,11.95,1
567720,88,109,156,785,0,81,4294967295,24.90,1015.56,13.82,228.05,11.95,1
568716,89,109,156,784,0,79,4294967295,24.90,1015.56,13.81,227.42,12.04,1
569712,89,109,156,782,0,79,4294967295,24.90,1015.55,13.80,228.68,12.12,1
570708,90,109,156,781,0,78,4294967295,24.90,1015.54,13.81,225.56,12.20,1
571704,90,109,157,780,0,78,4294967295,24.90,1015.53,13.79,224.64,12.20,1
572700,91,109,157,779,0,78,4294967295,24.90,1015.53,13.79,224.64,12.04,1
573696,91,109,157,779,0,76,4294967295,24.90,1015.55,13.78,226.96,12.04,1
574692,91,109,158,777,0,78,4294967295,24.90,1015.55,13.77,227.42,12.12,1
575688,92,109,158,778,0,78,4294967295,24.90,1015.54,13.77,229.64,12.20,1
576684,92,109,158,779,0,77,4294967295,24.90,1015.53,13.76,227.42,12.12,1
577680,92,109,158,780,0,77,4294967295,24.90,1015.54,13.76,229.64,12.12,1
578676,93,109,158,781,0,81,4294967295,24.90,1015.54,13.75,228.68,12.20,1
579672,92,109,158,782,0,77,4294967295,24.90,1015.53,13.74,230.44,12.12,1
580668,92,109,158,781,0,78,4294967295,24.90,1015.54,13.74,229.96,12.12,1
581664,92,109,157,780,0,77,4294967295,24.90,1015.54,13.73,233.53,12.12,1
582660,91,108,158,778,0,79,4294967295,24.89,1015.54,13.72,234.03,12.12,1
583656,91,109,158,778,0,76,4294967295,24.89,1015.54,13.72,238.41,12.20,1
584652,91,109,157,776,0,76,4294967295,24.89,1015.53,13.71,241.90,12.12,1
585648,91,108,157,774,0,75,4294967295,24.89,1015.54,13.71,247.89,12.20,1
586644,91,109,156,773,0,76,4294967295,24.89,1015.53,13.71,250.14,12.20,1
587640,90,108,156,772,0,74,4294967295,24.89,1015.53,13.70,253.21,12.20,1
588636,91,109,156,771,0,73,4294967295,24.89,1015.53,13.69,256.75,12.20,1
589632,90,108,155,770,0,74,4294967295,24.89,1015.53,13.70,260.80,12.28,1
590628,90,108,155,769,0,72,4294967295,24.89,1015.52,13.70,262.04,12.12,1
591624,89,108,155,769,0,74,4294967295,24.90,1015.54,13.70,265.83,12.12,1
592620,89,108,154,768,0,72,4294967295,24.90,1015.54,13.70,266.69,12.12,1
593616,89,108,155,767,0,74,4294967295,24.90,1015.54,13.69,268.64,12.12,1
594612,90,108,155,766,0,70,4294967295,24.90,1015.54,13.70,271.73,12.12,1
595608,90,108,155,765,0,64,4294967295,24.90,1015.54,13.70,271.95,12.12,1
596604,90,108,155,765,0,66,4294967295,24.90,1015.54,13.71,272.40,12.12,1
597600,90,107,155,764,0,65,4294967295,24.90,1015.54,13.72,270.62,12.12,1
598596,91,107,156,763,0,66,4294967295,24.90,1015.54,13.72,264.55,12.04,1