timestamp,NO2,C2H50H,VOC,CO,Alcohol,LPG,Benzene,Temperature,Pressure,Humidity,Gas_Resistance,Altitude,State-116.88,0
483060,52,73,80,798,0,1,0,24.46,1031.17,11.04,570.80,-116.80,0
484056,51,73,80,797,0,1,0,24.46,1031.16,11.05,570.31,-116.80,0
485052,51,73,79,795,0,1,0,24.46,1031.16,11.05,571.77,-116.80,0
486048,50,73,79,795,0,1,0,24.46,1031.16,11.05,570.31,-116.80,0
487044,51,73,79,794,0,1,0,24.46,1031.16,11.06,568.86,-116.80,0
488040,51,73,79,793,0,1,0,24.46,1031.16,11.07,569.83,-116.88,0
489036,51,73,79,793,0,1,0,24.46,1031.17,11.08,568.38,-116.97,0
490032,51,73,78,793,0,1,0,24.46,1031.18,11.07,567.90,-116.97,0
491028,51,73,79,793,0,1,0,24.46,1031.18,11.08,567.42,-116.88,0
492024,51,73,79,792,0,1,0,24.46,1031.17,11.08,565.99,-116.88,0
493020,51,73,79,792,0,1,0,24.46,1031.17,11.08,569.83,-116.88,0
494016,50,73,79,792,0,1,0,24.46,1031.17,11.09,563.14,-116.88,0
495012,50,73,79,791,0,1,0,24.46,1031.17,11.09,564.56,-116.88,0
496008,50,73,79,791,0,1,0,24.46,1031.17,11.09,564.09,-116.88,0
497004,49,73,79,790,0,1,0,24.46,1031.17,11.09,565.99,-116.88,0
498000,50,73,79,789,0,1,0,24.46,1031.17,11.09,566.94,-116.88,0
498996,49,72,78,789,0,1,0,24.46,1031.17,11.09,562.20,-116.88,0
499992,49,73,79,789,0,1,0,24.46,1031.17,11.08,565.51,-116.80,0
500988,49,73,79,788,0,1,0,24.46,1031.16,11.07,570.80,-116.80,0
501984,49,72,79,788,0,1,0,24.46,1031.16,11.07,568.86,-116.72,0
502980,49,73,78,788,0,1,0,24.46,1031.15,11.06,567.42,-116.64,0
503976,49,72,79,787,0,1,0,24.46,1031.14,11.06,569.83,-116.72,0
504972,49,73,79,787,0,1,0,24.46,1031.15,11.05,567.90,-116.64,0
505968,49,72,79,787,0,1,0,24.46,1031.14,11.05,567.42,-116.64,0
506964,49,73,78,787,0,1,0,24.46,1031.14,11.04,574.70,-116.64,0
507960,49,72,79,787,0,1,0,24.46,1031.14,11.05,575.20,-116.72,0
508956,49,72,79,786,0,1,0,24.46,1031.15,11.04,569.83,-116.72,0
509952,48,72,78,786,0,1,0,24.46,1031.15,11.05,568.38,-116.64,0
510948,48,72,78,785,0,1,0,24.46,1031.14,11.04,573.23,-116.64,0
511944,48,72,78,785,0,1,0,24.46,1031.14,11.05,572.25,-116.72,0
512940,48,72,78,786,0,1,0,24.46,1031.15,11.05,571.77,-116.72,0
513936,48,73,78,786,0,1,0,24.46,1031.15,11.05,573.23,-116.72,0
514932,48,72,78,786,0,1,0,24.46,1031.15,11.04,571.28,-116.80,0
515928,48,73,78,785,0,1,0,24.46,1031.16,11.04,571.77,-116.72,0
516924,48,72,78,785,0,1,0,24.46,1031.15,11.05,571.28,-116.72,0
517920,48,72,78,784,0,1,0,24.46,1031.15,11.05,574.21,-116.80,0
518916,48,72,78,784,0,1,0,24.46,1031.16,11.04,577.67,-116.72,0
519912,47,72,78,784,0,1,0,24.46,1031.15,11.04,574.70,-116.80,0
520908,47,72,77,783,0,1,0,24.46,1031.16,11.03,574.70,-116.64,0
521904,47,72,78,784,0,1,0,24.46,1031.14,11.03,571.77,-116.64,0
522900,47,72,77,783,0,1,0,24.46,1031.14,11.03,572.74,-116.64,0
523896,47,72,78,783,0,1,0,24.46,1031.14,11.03,574.21,-116.64,0
524892,46,72,77,782,0,1,0,24.46,1031.14,11.03,574.70,-116.64,0
525888,47,72,77,783,0,1,0,24.46,1031.14,11.02,575.69,-116.64,0
526884,47,72,78,783,0,1,0,24.46,1031.14,11.01,577.67,-116.55,0
527880,47,72,78,783,0,1,0,24.46,1031.13,11.02,577.67,-116.47,0
528876,46,71,77,783,0,1,0,24.46,1031.12,11.02,574.70,-116.55,0
529872,46,72,78,782,0,1,0,24.46,1031.13,11.02,574.70,-116.55,0
530868,46,71,77,783,0,1,0,24.46,1031.13,11.02,577.17,-116.55,0
531864,46,71,77,784,0,1,0,24.46,1031.13,11.01,576.68,-116.47,0
532860,46,71,78,784,0,1,0,24.46,1031.12,11.01,575.69,-116.55,0
533856,46,72,78,783,0,1,0,24.46,1031.13,11.01,576.18,-116.47,0
534852,46,71,78,783,0,1,0,24.46,1031.12,11.00,573.72,-116.47,0
535848,46,71,78,783,0,1,0,24.46,1031.12,11.00,576.68,-116.47,0
536844,46,72,77,783,0,1,0,24.46,1031.12,11.01,577.67,-116.55,0
537840,46,71,77,783,0,1,0,24.46,1031.13,11.00,576.68,-116.55,0
538836,46,71,77,782,0,1,0,24.46,1031.13,11.01,573.72,-116.55,0
539832,45,72,77,782,0,1,0,24.46,1031.13,11.00,579.16,-116.55,0
540828,45,71,77,781,0,1,0,24.46,1031.13,11.00,584.20,-116.47,0
541824,45,71,77,781,0,1,0,24.46,1031.12,11.02,580.16,-116.55,0
542820,45,71,77,782,0,1,0,24.46,1031.13,11.01,578.16,-116.55,0
543816,46,71,77,781,0,1,0,24.46,1031.13,10.99,585.22,-116.55,0
544812,45,71,76,782,0,1,0,24.46,1031.13,11.00,574.70,-116.55,0
545808,45,71,76,782,0,1,0,24.46,1031.13,10.99,581.17,-116.55,0
546804,45,71,77,781,0,1,0,24.46,1031.13,10.99,577.17,-116.55,0
547800,45,71,77,781,0,1,0,24.46,1031.13,11.00,583.18,-116.47,1
548796,45,71,77,784,0,1,0,24.46,1031.12,10.99,583.69,-116.47,1
549792,46,72,77,785,0,1,0,24.46,1031.12,10.99,580.16,-116.47,1
550788,45,72,78,786,0,1,0,24.46,1031.12,10.99,579.16,-116.47,1
551784,45,72,78,784,0,1,0,24.46,1031.12,10.99,580.66,-116.47,1
552780,45,71,77,784,0,1,0,24.46,1031.12,10.99,581.17,-116.39,1
553776,46,72,77,783,0,1,0,24.46,1031.11,11.01,580.66,-116.39,1
554772,45,71,77,783,0,1,0,24.46,1031.11,11.02,580.66,-116.39,1
555768,45,72,77,782,0,1,0,24.46,1031.11,11.02,580.66,-116.39,1
556764,46,72,77,782,0,1,0,24.46,1031.11,11.04,580.66,-116.39,1
557760,45,71,77,782,0,1,0,24.46,1031.11,11.04,578.66,-116.39,1
558756,46,72,77,782,0,1,0,24.46,1031.11,11.06,580.66,-116.39,1
559752,47,72,77,781,0,1,0,24.46,1031.11,11.07,579.66,-116.39,1
560748,47,72,78,781,0,1,0,24.46,1031.11,11.09,580.16,-116.47,1
561744,47,72,78,782,0,1,0,24.46,1031.12,11.10,580.66,-116.47,1
562740,47,71,77,782,0,1,0,24.46,1031.12,11.10,581.67,-116.55,1
563736,48,71,77,782,0,1,0,24.46,1031.13,11.11,578.66,-116.47,1
564732,48,71,77,783,0,1,0,24.46,1031.12,11.10,583.18,-116.47,1
565728,48,72,78,782,0,1,0,24.46,1031.12,11.12,583.69,-116.47,1
566724,49,72,78,782,0,1,0,24.46,1031.12,11.12,580.66,-116.55,1
567720,49,72,78,782,0,1,0,24.46,1031.13,11.12,578.16,-116.55,1
568716,49,71,78,783,0,1,0,24.46,1031.13,11.11,581.67,-116.55,1
569712,48,72,79,784,0,1,0,24.46,1031.13,11.11,581.17,-116.55,1
570708,49,72,78,784,0,1,0,24.46,1031.13,11.11,582.17,-116.55,1
571704,50,72,78,783,0,1,0,24.46,1031.13,11.11,581.67,-116.55,1
572700,51,72,78,784,0,1,0,24.46,1031.13,11.11,580.66,-116.55,1
573696,50,72,78,784,0,1,0,24.46,1031.13,11.10,584.71,-116.64,1
574692,51,72,79,785,0,1,0,24.46,1031.14,11.10,583.18,-116.64,1
575688,51,72,79,786,0,1,0,24.46,1031.14,11.10,579.16,-116.64,1
576684,52,72,79,785,0,1,0,24.46,1031.14,11.09,581.67,-116.64,1
577680,51,72,79,785,0,1,0,24.47,1031.14,11.07,582.17,-116.55,1
578676,52,72,80,783,0,1,0,24.47,1031.13,11.08,580.66,-116.55,1
579672,51,72,80,784,0,1,0,24.46,1031.13,11.07,578.16,-116.64,1
580668,52,72,79,784,0,1,0,24.46,1031.14,11.07,582.68,-116.55,1
581664,52,72,79,783,0,1,0,24.46,1031.13,11.06,583.18,-116.47,1
582660,51,72,80,783,0,1,0,24.46,1031.12,11.05,583.18,-116.47,1
583656,51,72,80,783,0,1,0,24.46,1031.12,11.04,585.73,-116.47,1
584652,51,72,80,783,0,1,0,24.46,1031.12,11.04,584.71,-116.47,1
585648,51,72,79,783,0,1,0,24.46,1031.12,11.04,584.20,-116.47,1
586644,51,72,80,782,0,1,0,24.46,1031.12,11.04,584.71,-116.47,1
587640,52,72,80,782,0,1,0,24.46,1031.12,11.03,586.24,-116.47,1
588636,51,72,80,782,0,1,0,24.46,1031.12,11.04,585.22,-116.39,1
589632,51,71,79,782,0,1,0,24.46,1031.11,11.02,585.73,-116.39,1
590628,51,72,79,781,0,1,0,24.46,1031.11,11.03,585.73,-116.39,1
591624,51,72,79,781,0,1,0,24.46,1031.11,11.03,587.78,-116.39,1
592620,50,72,80,782,0,1,0,24.46,1031.11,11.03,586.75,-116.39,1
593616,51,72,79,782,0,1,0,24.46,1031.11,11.02,590.88,-116.39,1
594612,51,72,80,782,0,1,0,24.46,1031.11,11.02,583.69,-116.31,1
595608,51,72,79,782,0,1,0,24.46,1031.10,11.02,586.24,-116.23,1
596604,52,72,79,782,0,1,0,24.46,1031.09,11.01,586.75,-116.23,1
597600,52,72,80,782,0,1,0,24.46,1031.09,11.02,586.75,-116.31,1
598596,52,72,80,782,0,1,0,24.46,1031.10,11.03,586.75,-116.31,1
599592,52,72,79,782,0,1,0,24.46,1031.10,11.01,586.24,-116.31,1
0,52,73,80,783,0,1,0,24.46,1031.10,11.01,587.78,-116.31,1
996,53,73,79,783,0,1,0,24.38,1031.10,11.01,580.66,-116.23,1
1992,52,72,79,783,0,1,0,24.37,1031.09,11.03,582.68,-116.23,1
2988,53,73,80,783,0,1,0,24.37,1031.09,11.04,581.67,-116.23,1
3984,53,73,80,783,0,1,0,24.38,1031.09,11.05,581.17,-116.14,1
4980,53,72,80,783,0,1,0,24.39,1031.08,11.05,585.73,-116.14,0
5976,53,72,80,783,0,1,0,24.40,1031.08,11.05,584.71,-116.23,0
6972,53,73,80,783,0,1,0,24.41,1031.09,11.06,584.71,-116.23,0
7968,52,72,80,782,0,1,0,24.42,1031.09,11.05,586.75,-116.23,0
8964,53,73,80,783,0,1,0,24.42,1031.09,11.05,585.22,-116.23,0
9960,52,73,80,782,0,1,0,24.43,1031.09,11.04,585.73,-116.23,0
10956,52,73,80,782,0,1,0,24.43,1031.09,11.05,583.69,-116.14,0
11952,52,73,80,782,0,1,0,24.44,1031.08,11.05,591.40,-116.14,0
12948,52,73,80,782,0,1,0,24.44,1031.08,11.05,585.22,-116.14,0
13944,52,73,80,781,0,1,0,24.44,1031.08,11.05,586.75,-116.14,0
14940,52,73,80,782,0,1,0,24.44,1031.08,11.05,586.75,-116.14,0
15936,51,73,79,781,0,1,0,24.44,1031.08,11.05,585.73,-116.14,0
16932,51,73,80,781,0,1,0,24.45,1031.08,11.05,587.26,-116.14,0
17928,50,72,80,781,0,1,0,24.45,1031.08,11.05,587.78,-116.14,0
18924,51,72,79,781,0,1,0,24.45,1031.08,11.04,586.75,-116.06,0
19920,51,72,79,780,0,1,0,24.45,1031.07,11.05,586.75,-116.06,0
20916,51,72,80,781,0,1,0,24.45,1031.07,11.04,588.81,-116.06,0
21912,51,72,80,780,0,1,0,24.45,1031.07,11.04,587.78,-116.06,0
22908,51,72,80,780,0,1,0,24.45,1031.07,11.05,583.69,-116.14,0
23904,51,72,79,780,0,1,0,24.45,1031.08,11.05,588.29,-116.14,0
24900,51,72,80,781,0,1,0,24.45,1031.08,11.06,588.81,-116.14,0
25896,50,72,80,780,0,1,0,24.45,1031.08,11.05,588.29,-116.23,0
26892,50,72,79,780,0,1,0,24.45,1031.09,11.05,587.78,-116.14,0
27888,50,72,79,780,0,1,0,24.45,1031.08,11.06,588.81,-116.14,0
28884,50,72,79,780,0,1,0,24.45,1031.08,11.06,586.75,-116.14,0
29880,51,72,79,779,0,1,0,24.45,1031.08,11.05,587.78,-116.14,0
30876,50,72,79,779,0,1,0,24.45,1031.08,11.06,587.78,-116.14,0
31872,50,72,80,779,0,1,0,24.45,1031.08,11.05,588.81,-116.14,0
32868,50,72,79,779,0,1,0,24.45,1031.08,11.05,589.84,-116.23,0
33864,49,72,79,778,0,1,0,24.45,1031.09,11.05,588.81,-116.14,0
34860,50,72,79,778,0,1,0,24.45,1031.08,11.05,597.18,-116.23,0
35856,49,72,79,778,0,1,0,24.45,1031.09,11.05,587.26,-116.23,0
36852,49,72,79,779,0,1,0,24.45,1031.09,11.05,589.84,-116.14,0
37848,49,72,80,778,0,1,0,24.45,1031.08,11.05,590.88,-116.14,0
38844,49,72,79,778,0,1,0,24.45,1031.08,11.05,589.84,-116.14,0
39840,49,72,79,778,0,1,0,24.45,1031.08,11.04,590.88,-116.14,0
40836,49,72,79,778,0,1,0,24.45,1031.08,11.05,587.78,-116.23,0
41832,49,71,79,777,0,1,0,24.45,1031.09,11.05,588.81,-116.14,0
42828,49,72,79,777,0,1,0,24.45,1031.08,11.05,590.88,-116.23,0
43824,48,72,78,778,0,1,0,24.45,1031.09,11.04,591.92,-116.23,0
44820,49,71,79,777,0,1,0,24.45,1031.09,11.05,590.36,-116.14,0
45816,48,72,79,777,0,1,0,24.45,1031.08,11.05,590.36,-116.14,0
46812,49,71,78,778,0,1,0,24.45,1031.08,11.04,588.29,-116.14,0
47808,48,71,79,778,0,1,0,24.45,1031.08,11.04,588.81,-116.14,0
48804,48,71,78,778,0,1,0,24.45,1031.08,11.04,588.81,-116.14,0
49800,48,72,79,779,0,1,0,24.45,1031.08,11.05,589.32,-116.14,0
50796,48,72,79,779,0,1,0,24.45,1031.08,11.05,594.01,-116.14,0
51792,48,71,79,778,0,1,0,24.45,1031.08,11.04,594.01,-116.14,0
52788,48,71,78,778,0,1,0,24.45,1031.08,11.04,589.84,-116.14,0
53784,48,71,78,778,0,1,0,24.45,1031.08,11.04,590.88,-116.14,0
54780,48,72,78,778,0,1,0,24.45,1031.08,11.03,590.36,-116.14,0
55776,48,71,79,778,0,1,0,24.45,1031.08,11.03,589.32,-116.14,0
56772,48,72,78,778,0,1,0,24.45,1031.08,11.03,596.12,-116.14,0
57768,47,71,78,777,0,1,0,24.45,1031.08,11.03,588.29,-116.14,0
58764,47,71,78,777,0,1,0,24.45,1031.08,11.03,590.88,-116.06,0
59760,47,71,78,778,0,1,0,24.45,1031.07,11.03,589.32,-116.14,0
60756,47,71,79,778,0,1,0,24.45,1031.08,11.04,593.49,-116.14,0
61752,47,71,78,778,0,1,0,24.45,1031.08,11.03,592.96,-116.14,0
62748,48,71,78,777,0,1,0,24.45,1031.08,11.04,595.06,-116.14,0
63744,47,71,78,777,0,1,0,24.45,1031.08,11.03,592.96,-116.23,0
64740,47,71,79,777,0,1,0,24.45,1031.09,11.03,591.40,-116.14,0
65736,47,70,78,777,0,1,0,24.45,1031.08,11.03,591.92,-116.14,0
66732,47,70,78,776,0,1,0,24.45,1031.08,11.03,592.96,-116.14,0
67728,47,71,78,777,0,1,0,24.45,1031.08,11.03,593.49,-116.14,0
68724,47,71,78,776,0,1,0,24.45,1031.08,11.04,594.01,-116.14,1
69720,46,71,78,777,0,1,0,24.45,1031.08,11.04,589.84,-116.06,1
70716,47,71,79,779,0,1,0,24.45,1031.07,11.03,592.96,-116.14,1
71712,47,71,78,779,0,1,0,24.45,1031.08,11.03,593.49,-116.14,1
72708,46,71,78,780,0,1,0,24.45,1031.08,11.04,592.96,-116.06,1
73704,47,71,79,780,0,1,0,24.45,1031.07,11.03,594.01,-116.06,1
74700,47,71,78,780,0,1,0,24.45,1031.07,11.03,589.84,-116.14,1
75696,47,71,78,779,0,1,0,24.45,1031.08,11.05,595.06,-116.14,1
76692,46,71,78,778,0,1,0,24.45,1031.08,11.03,596.12,-116.14,1
77688,46,71,78,778,0,1,0,24.45,1031.08,11.03,595.06,-116.06,1
78684,46,71,78,778,0,1,0,24.45,1031.07,11.03,594.01,-116.06,1
79680,46,71,78,778,0,1,0,24.45,1031.07,11.03,594.01,-116.06,1
80676,46,71,78,778,0,1,0,24.45,1031.07,11.03,594.01,-116.06,1
81672,46,71,78,777,0,1,0,24.45,1031.07,11.04,595.06,-116.14,1
82668,46,71,78,778,0,1,0,24.45,1031.08,11.03,594.54,-116.14,1
83664,46,71,78,778,0,1,0,24.45,1031.08,11.04,592.96,-116.14,1
84660,46,71,77,777,0,1,0,24.45,1031.08,11.02,599.31,-116.14,1
85656,46,71,77,777,0,1,0,24.45,1031.08,11.03,595.59,-116.14,1
86652,45,71,78,777,0,1,0,24.45,1031.08,11.02,596.65,-116.14,1
87648,46,71,78,777,0,1,0,24.45,1031.08,11.03,594.01,-116.14,1
88644,46,71,78,777,0,1,0,24.45,1031.08,11.03,598.24,-116.14,1
89640,46,71,78,776,0,1,0,24.45,1031.08,11.03,596.12,-116.14,1
90636,46,71,78,777,0,1,0,24.45,1031.08,11.03,599.85,-116.14,1
91632,45,71,77,776,0,1,0,24.45,1031.08,11.03,596.12,-116.06,1
92628,45,71,77,777,0,1,0,24.45,1031.07,11.03,595.06,-116.06,1
93624,46,71,78,777,0,1,0,24.45,1031.07,11.03,597.18,-116.14,1
94620,46,71,77,777,0,1,0,24.45,1031.08,11.01,597.18,-116.23,1
95616,45,71,78,776,0,1,0,24.45,1031.09,11.03,598.78,-116.14,1
96612,45,71,78,777,0,1,0,24.45,1031.08,11.02,597.18,-116.23,1
97608,46,71,77,777,0,1,0,24.45,1031.09,11.01,597.18,-116.14,1
98604,45,71,78,777,0,1,0,24.45,1031.08,11.01,597.18,-116.14,1
99600,45,71,77,776,0,1,0,24.45,1031.08,11.01,597.18,-116.14,1
100596,45,71,78,777,0,1,0,24.45,1031.08,11.02,598.78,-116.14,1
101592,46,71,78,776,0,1,0,24.45,1031.08,11.00,595.06,-116.14,1
102588,45,71,77,777,0,1,0,24.45,1031.08,11.02,598.78,-116.14,1
103584,45,71,77,777,0,1,0,24.45,1031.08,11.01,596.65,-116.14,1
104580,45,71,77,776,0,1,0,24.45,1031.08,11.01,598.78,-116.14,1
105576,44,70,77,776,0,1,0,24.45,1031.08,11.01,597.71,-116.06,1
106572,45,70,78,776,0,1,0,24.45,1031.07,11.01,597.18,-116.14,1
107568,45,71,78,777,0,1,0,24.45,1031.08,11.00,599.31,-116.06,1
108564,44,71,78,776,0,1,0,24.45,1031.07,11.01,597.18,-116.14,1
109560,44,71,77,776,0,1,0,24.45,1031.08,11.00,597.71,-116.14,1
110556,45,71,77,777,0,1,0,24.45,1031.08,11.00,598.24,-116.23,1
111552,45,71,77,776,0,1,0,24.45,1031.09,11.00,596.65,-116.23,1
112548,45,71,78,777,0,1,0,24.45,1031.09,10.99,598.78,-116.23,1
113544,45,70,77,776,0,1,0,24.45,1031.09,11.00,597.18,-116.23,1
114540,45,71,77,777,0,1,0,24.45,1031.09,10.99,597.71,-116.23,1
115536,45,71,77,776,0,1,0,24.45,1031.09,10.99,598.24,-116.14,1
116532,44,71,77,776,0,1,0,24.45,1031.08,10.99,598.24,-116.14,1
117528,45,70,77,777,0,1,0,24.45,1031.08,10.99,599.31,-116.14,1
118524,45,71,78,776,0,1,0,24.45,1031.08,10.99,594.01,-116.14,1
119520,44,71,77,776,0,1,0,24.45,1031.08,10.99,599.31,-116.14,1
120516,45,71,77,776,0,1,0,24.45,1031.08,10.99,597.71,-116.14,1
121512,45,70,77,776,0,1,0,24.45,1031.08,10.98,595.59,-116.23,1
122508,45,71,77,776,0,1,0,24.45,1031.09,10.98,600.38,-116.14,1
123504,45,71,78,776,0,1,0,24.45,1031.08,10.99,601.46,-116.14,1
124500,45,70,78,776,0,1,0,24.45,1031.08,10.98,600.38,-116.06,1
125496,45,71,77,776,0,1,0,24.45,1031.07,10.99,596.12,-116.06,1
126492,45,70,77,776,0,1,0,24.45,1031.07,11.00,599.31,-116.14,1
127488,45,70,77,777,0,1,0,24.45,1031.08,10.99,600.38,-116.14,1
128484,45,71,77,776,0,1,0,24.45,1031.08,10.99,607.99,-116.14,1
129480,45,71,77,776,0,1,0,24.45,1031.08,11.00,596.65,-116.14,1
130476,45,71,77,777,0,1,0,24.45,1031.08,10.99,600.92,-116.14,0
131472,45,71,78,778,0,1,0,24.45,1031.08,10.99,592.96,-116.14,0
132468,45,71,77,778,0,1,0,24.45,1031.08,10.98,594.54,-116.06,0
133464,44,71,78,777,0,1,0,24.45,1031.07,10.99,597.71,-116.14,0
134460,45,71,77,777,0,1,0,24.45,1031.08,10.99,599.31,-116.14,0
135456,44,71,77,777,0,1,0,24.45,1031.08,10.98,600.38,-116.14,0
136452,45,71,78,776,0,1,0,24.45,1031.08,10.99,596.12,-116.14,0
137448,45,70,77,776,0,1,0,24.45,1031.08,10.98,608.54,-116.23,0
138444,45,71,77,775,0,1,0,24.45,1031.09,10.98,596.65,-116.23,0
139440,44,71,77,775,0,1,0,24.45,1031.09,10.99,603.62,-116.23,0
140436,44,71,77,776,0,1,0,24.45,1031.09,10.98,599.31,-116.14,0
141432,44,71,78,776,0,1,0,24.45,1031.08,10.97,600.92,-116.14,0
142428,44,71,77,776,0,1,0,24.45,1031.08,10.98,604.71,-116.23,0
143424,45,71,77,776,0,1,0,24.45,1031.09,10.98,599.85,-116.23,0
144420,45,71,77,777,0,1,0,24.45,1031.09,10.99,600.38,-116.14,0
145416,44,70,77,776,0,1,0,24.45,1031.08,10.98,603.08,-116.06,0
146412,44,70,77,776,0,1,0,24.45,1031.07,11.01,605.25,-116.06,0
147408,43,71,77,777,0,1,0,24.45,1031.07,10.99,601.46,-116.06,0
148404,44,70,77,776,0,1,0,24.45,1031.07,10.99,598.78,-116.14,0
149400,44,71,77,776,0,1,0,24.45,1031.08,11.00,601.46,-116.06,0
150396,44,70,77,776,0,1,0,24.45,1031.07,11.00,601.46,-116.06,0
151392,43,70,77,776,0,1,0,24.45,1031.07,11.01,602.54,-116.14,0
152388,43,70,77,776,0,1,0,24.45,1031.08,11.01,602.54,-116.06,0
153384,43,70,76,776,0,1,0,24.45,1031.07,11.01,602.00,-116.06,0
154380,44,70,77,775,0,1,0,24.45,1031.07,11.01,599.31,-116.06,0
155376,43,70,76,775,0,1,0,24.45,1031.07,11.00,602.54,-116.14,0
156372,44,71,77,775,0,1,0,24.45,1031.08,11.02,595.06,-116.14,0
157368,43,70,77,776,0,1,0,24.45,1031.08,11.02,602.54,-116.14,0
158364,43,70,76,775,0,1,0,24.45,1031.08,11.01,599.31,-116.06,0
159360,43,70,76,776,0,1,0,24.45,1031.07,11.02,600.38,-116.06,0
160356,43,70,77,775,0,1,0,24.45,1031.07,11.01,600.38,-116.06,0
161352,43,70,77,775,0,1,0,24.45,1031.07,11.01,602.00,-116.06,0
162348,43,70,77,775,0,1,0,24.45,1031.07,11.02,600.38,-116.06,0
163344,43,70,77,774,0,1,0,24.45,1031.07,11.01,601.46,-116.06,0
164340,43,70,77,775,0,1,0,24.45,1031.07,11.01,603.08,-115.98,0
165336,43,70,76,775,0,1,0,24.45,1031.06,11.01,602.00,-115.98,0
166332,43,70,76,775,0,1,0,24.45,1031.06,11.02,600.92,-116.06,0
167328,43,70,76,776,0,1,0,24.45,1031.07,11.00,600.92,-116.06,0
168324,43,70,76,776,0,1,0,24.44,1031.07,11.03,599.85,-116.06,0
169320,43,70,77,780,0,1,0,24.45,1031.07,11.02,598.78,-116.06,0
170316,43,71,77,782,0,1,0,24.45,1031.07,11.02,598.24,-115.98,0
171312,43,70,76,781,0,1,0,24.45,1031.06,11.04,600.38,-116.06,0
172308,43,70,76,781,0,1,0,24.45,1031.07,11.05,596.65,-116.06,0
173304,43,70,76,780,0,1,0,24.45,1031.07,11.07,595.59,-116.06,0
174300,43,70,77,779,0,1,0,24.45,1031.07,11.10,598.24,-116.06,0
175296,43,70,77,779,0,1,0,24.45,1031.07,11.11,597.71,-116.06,0
176292,43,70,76,779,0,1,0,24.45,1031.07,11.12,595.06,-116.06,0
177288,43,70,76,779,0,1,0,24.45,1031.07,11.13,596.12,-116.06,0
178284,42,70,76,778,0,1,0,24.45,1031.07,11.12,595.06,-116.06,0
179280,43,70,76,778,0,1,0,24.45,1031.07,11.13,599.85,-115.98,0
180276,42,70,76,778,0,1,0,24.45,1031.06,11.13,598.78,-116.06,0
181272,42,70,76,778,0,1,0,24.45,1031.07,11.13,598.78,-116.06,0
182268,43,70,76,778,0,1,0,24.45,1031.07,11.14,598.24,-116.14,0
183264,43,70,76,778,0,1,0,24.45,1031.08,11.13,597.71,-116.14,0
184260,42,70,76,778,0,1,0,24.45,1031.08,11.13,602.54,-116.14,0
185256,42,70,76,778,0,1,0,24.45,1031.08,11.14,597.18,-116.23,1
186252,42,70,75,779,0,1,0,24.45,1031.09,11.12,596.65,-116.14,1
187248,42,70,77,780,0,1,0,24.45,1031.08,11.13,596.12,-116.14,1
188244,42,70,76,780,0,1,0,24.45,1031.08,11.12,594.54,-116.14,1
189240,43,70,76,780,0,1,0,24.45,1031.08,11.13,600.38,-116.14,1
190236,42,71,76,780,0,1,0,24.45,1031.08,11.12,591.40,-116.23,1
191232,42,70,77,778,0,1,0,24.45,1031.09,11.11,595.06,-116.23,1
192228,43,70,76,778,0,1,0,24.45,1031.09,11.11,594.54,-116.14,1
193224,43,70,76,779,0,1,0,24.45,1031.08,11.12,595.59,-116.14,1
194220,43,70,77,779,0,1,0,24.45,1031.08,11.12,595.06,-116.14,1
195216,43,70,77,779,0,1,0,24.45,1031.08,11.12,594.01,-116.06,1
196212,43,70,77,778,0,1,0,24.45,1031.07,11.12,591.92,-116.06,1
197208,42,70,77,778,0,1,0,24.45,1031.07,11.13,591.92,-116.06,1
198204,42,70,76,778,0,1,0,24.45,1031.07,11.13,588.81,-116.06,1
199200,43,70,76,778,0,1,0,24.45,1031.07,11.13,590.36,-116.06,1
200196,42,70,77,778,0,1,0,24.45,1031.07,11.14,594.01,-115.98,1
201192,42,70,77,778,0,1,0,24.45,1031.06,11.13,590.88,-115.98,1
202188,42,70,77,779,0,1,0,24.45,1031.06,11.14,588.81,-115.98,1
203184,43,70,77,778,0,1,0,24.45,1031.06,11.16,589.84,-115.98,1
204180,43,70,77,779,0,1,0,24.45,1031.06,11.15,591.40,-116.06,1
205176,43,70,77,779,0,1,0,24.45,1031.07,11.16,588.29,-116.06,1
206172,43,70,77,779,0,1,0,24.45,1031.07,11.15,591.92,-115.98,1
207168,43,70,77,778,0,1,0,24.45,1031.06,11.16,592.96,-116.06,1
208164,43,70,77,779,0,1,0,24.45,1031.07,11.16,590.36,-115.98,1
209160,43,70,77,778,0,1,0,24.45,1031.06,11.16,590.88,-115.98,1
210156,43,70,76,778,0,1,0,24.45,1031.06,11.16,588.29,-116.06,1
211152,43,70,77,778,0,1,0,24.45,1031.07,11.16,587.26,-116.06,1
212148,43,70,76,778,0,1,0,24.45,1031.07,11.17,584.71,-116.06,1
213144,43,70,77,778,0,1,0,24.45,1031.07,11.16,582.68,-116.06,1
214140,43,70,76,778,0,1,0,24.45,1031.07,11.15,591.40,-116.14,1
215136,43,70,77,777,0,1,0,24.45,1031.08,11.16,586.75,-116.06,1
216132,43,70,76,777,0,1,0,24.45,1031.07,11.16,589.84,-116.06,1
217128,43,70,77,778,0,1,0,24.45,1031.07,11.16,588.81,-116.06,1
218124,43,70,76,777,0,1,0,24.45,1031.07,11.16,587.78,-116.06,1
219120,43,70,77,778,0,1,0,24.45,1031.07,11.16,585.73,-116.06,1
220116,43,70,76,779,0,1,0,24.45,1031.07,11.14,588.29,-116.14,1
221112,43,70,77,779,0,1,0,24.45,1031.08,11.15,586.24,-116.14,1
222108,44,70,77,779,0,1,0,24.45,1031.08,11.16,585.22,-116.14,1
223104,44,70,78,779,0,1,0,24.45,1031.08,11.15,586.75,-116.14,1
224100,44,70,77,779,0,1,0,24.45,1031.08,11.15,588.29,-116.06,1
225096,44,70,77,779,0,1,0,24.45,1031.07,11.15,588.29,-116.06,1
226092,44,70,78,779,0,1,0,24.44,1031.07,11.14,586.24,-116.06,1
227088,44,70,78,778,0,1,0,24.44,1031.07,11.15,589.32,-116.06,1
228084,43,70,76,777,0,1,0,24.44,1031.07,11.15,586.75,-116.06,1
229080,44,70,76,777,0,1,0,24.44,1031.07,11.15,583.18,-116.14,1
230076,44,70,77,777,0,1,0,24.44,1031.08,11.15,587.26,-116.14,1
231072,44,70,76,777,0,1,0,24.44,1031.08,11.15,589.84,-116.14,1
232068,44,70,77,777,0,1,0,24.44,1031.08,11.14,588.81,-116.14,1
233064,44,70,77,778,0,1,0,24.44,1031.08,11.14,586.75,-116.14,1
234060,44,70,77,777,0,1,0,24.44,1031.08,11.14,586.75,-116.14,1
235056,44,70,78,778,0,1,0,24.44,1031.08,11.14,588.81,-116.06,1
236052,44,70,77,777,0,1,0,24.44,1031.07,11.13,588.81,-116.06,1
237048,44,70,78,778,0,1,0,24.44,1031.07,11.13,590.36,-116.06,1
238044,44,70,77,776,0,1,0,24.44,1031.07,11.13,590.88,-116.06,1
239040,44,70,77,778,0,1,0,24.44,1031.07,11.13,586.24,-116.14,1
240036,43,70,77,777,0,1,0,24.44,1031.08,11.12,589.84,-116.14,1
241032,44,70,77,777,0,1,0,24.44,1031.08,11.12,589.84,-116.14,1
242028,44,70,77,777,0,1,0,24.44,1031.08,11.13,589.32,-116.14,1
243024,44,69,78,776,0,1,0,24.44,1031.08,11.13,592.96,-116.14,1
244020,44,70,77,777,0,1,0,24.44,1031.08,11.13,589.84,-116.14,1
245016,44,71,78,781,0,1,0,24.44,1031.08,11.13,589.32,-116.06,0
246012,44,71,78,781,0,1,0,24.44,1031.07,11.12,591.92,-116.14,0
247008,43,70,78,779,0,1,0,24.44,1031.08,11.12,590.88,-116.14,0
248004,44,70,77,778,0,1,0,24.44,1031.08,11.12,588.81,-116.06,0
249000,44,70,77,777,0,1,0,24.44,1031.07,11.13,589.84,-116.14,0
249996,44,70,78,777,0,1,0,24.44,1031.08,11.12,587.78,-116.06,0
250992,44,70,78,778,0,1,0,24.44,1031.07,11.13,586.75,-116.14,0
251988,44,70,77,777,0,1,0,24.44,1031.08,11.13,588.81,-116.23,0
252984,44,70,77,777,0,1,0,24.44,1031.09,11.13,584.71,-116.14,0
253980,44,70,78,777,0,1,0,24.44,1031.08,11.13,587.78,-116.14,0
254976,44,70,78,777,0,1,0,24.44,1031.08,11.13,590.88,-116.14,0
255972,44,70,77,777,0,1,0,24.44,1031.08,11.13,585.73,-116.14,0
256968,44,70,77,776,0,1,0,24.44,1031.08,11.13,586.75,-116.06,0
257964,44,70,78,777,0,1,0,24.44,1031.07,11.13,585.73,-116.06,0
258960,44,70,77,777,0,1,0,24.44,1031.07,11.13,586.24,-116.06,0
259956,44,70,77,777,0,1,0,24.44,1031.07,11.14,585.22,-116.06,0
260952,44,70,78,777,0,1,0,24.44,1031.07,11.14,584.71,-116.06,0
261948,44,70,78,776,0,1,0,24.44,1031.07,11.13,590.88,-116.06,0
262944,44,70,77,777,0,1,0,24.44,1031.07,11.15,585.73,-116.14,0
263940,43,70,77,776,0,1,0,24.43,1031.08,11.15,586.75,-116.14,0
264936,44,70,78,777,0,1,0,24.43,1031.08,11.14,586.24,-116.14,0
265932,44,69,78,776,0,1,0,24.43,1031.08,11.15,587.78,-116.06,0
266928,44,70,77,776,0,1,0,24.43,1031.07,11.15,589.32,-116.06,0
267924,44,70,77,776,0,1,0,24.43,1031.07,11.17,590.88,-116.06,0
268920,44,70,77,776,0,1,0,24.43,1031.07,11.15,586.75,-116.06,0
269916,44,70,77,776,0,1,0,24.43,1031.07,11.15,587.26,-115.98,0
270912,44,70,78,775,0,1,0,24.44,1031.06,11.16,586.24,-115.98,0
271908,44,70,77,776,0,1,0,24.44,1031.06,11.16,588.29,-116.06,0
272904,43,70,77,775,0,1,0,24.44,1031.07,11.16,589.32,-115.98,0
273900,44,70,77,775,0,1,0,24.44,1031.06,11.16,587.26,-115.98,0
274896,44,70,77,775,0,1,0,24.44,1031.06,11.15,586.75,-115.98,0
275892,43,69,77,776,0,1,0,24.44,1031.06,11.16,587.78,-115.98,0
276888,44,70,77,776,0,1,0,24.44,1031.06,11.17,587.78,-115.98,0
277884,43,70,77,776,0,1,0,24.44,1031.06,11.16,591.40,-115.90,0
278880,43,70,77,776,0,1,0,24.43,1031.05,11.16,586.75,-115.98,0
279876,43,69,77,777,0,1,0,24.43,1031.06,11.16,585.22,-116.06,0
280872,43,70,77,776,0,1,0,24.43,1031.07,11.15,591.92,-116.06,0
281868,43,70,77,776,0,1,0,24.43,1031.07,11.15,590.36,-116.06,0
282864,43,70,77,777,0,1,0,24.43,1031.07,11.14,586.75,-116.06,0
283860,42,70,77,776,0,1,0,24.43,1031.07,11.14,591.40,-115.98,0
284856,43,70,77,777,0,1,0,24.43,1031.06,11.15,586.75,-115.98,0
285852,43,69,77,776,0,1,0,24.43,1031.06,11.16,588.81,-115.90,0
286848,43,70,77,777,0,1,0,24.43,1031.05,11.16,588.81,-115.90,0
287844,43,69,77,776,0,1,0,24.43,1031.05,11.16,592.96,-115.90,0
288840,43,70,76,776,0,1,0,24.43,1031.05,11.16,589.84,-115.90,0
289836,43,70,76,776,0,1,0,24.43,1031.05,11.16,588.29,-115.90,0
290832,43,69,77,776,0,1,0,24.43,1031.05,11.15,590.36,-115.82,0
291828,42,70,77,776,0,1,0,24.43,1031.04,11.16,590.36,-115.90,0
292824,43,69,76,776,0,1,0,24.43,1031.05,11.16,596.65,-115.90,0
293820,42,69,76,776,0,1,0,24.43,1031.05,11.16,592.96,-115.90,0
294816,43,69,77,775,0,1,0,24.43,1031.05,11.17,594.01,-115.82,0
295812,42,70,76,776,0,1,0,24.43,1031.04,11.16,592.44,-115.82,0
296808,42,69,77,776,0,1,0,24.43,1031.04,11.16,592.44,-115.82,0
297804,42,69,76,775,0,1,0,24.43,1031.04,11.17,591.92,-115.82,0
298800,42,70,76,776,0,1,0,24.43,1031.04,11.16,594.54,-115.82,0
299796,42,70,77,776,0,1,0,24.43,1031.04,11.17,591.40,-115.82,0
300792,42,69,77,776,0,1,0,24.43,1031.04,11.18,591.92,-115.73,0
301788,42,70,76,775,0,1,0,24.43,1031.03,11.19,592.44,-115.73,0
302784,42,69,76,776,0,1,0,24.43,1031.03,11.18,594.54,-115.73,0
303780,42,70,77,777,0,1,0,24.43,1031.03,11.17,589.84,-115.73,1
304776,42,70,76,779,0,1,0,24.43,1031.03,11.19,590.36,-115.73,1
305772,42,70,77,780,0,1,0,24.43,1031.03,11.18,589.84,-115.73,1
306768,42,70,77,781,0,1,0,24.43,1031.03,11.19,589.84,-115.73,1
307764,43,70,77,779,0,1,0,24.43,1031.03,11.20,588.81,-115.73,1
308760,42,70,76,779,0,1,0,24.43,1031.03,11.20,591.40,-115.73,1
309756,42,70,77,778,0,1,0,24.43,1031.03,11.20,588.81,-115.73,1
310752,42,70,77,777,0,1,0,24.43,1031.03,11.21,591.92,-115.73,1
311748,43,69,77,777,0,1,0,24.43,1031.03,11.21,590.88,-115.73,1
312744,42,70,77,776,0,1,0,24.43,1031.03,11.21,588.81,-115.73,1
313740,42,70,77,776,0,1,0,24.43,1031.03,11.21,589.84,-115.65,1
314736,42,69,77,776,0,1,0,24.43,1031.02,11.21,588.81,-115.65,1
315732,42,70,76,776,0,1,0,24.43,1031.02,11.21,590.88,-115.65,1
316728,42,69,77,776,0,1,0,24.43,1031.02,11.22,589.84,-115.65,1
317724,42,70,77,777,0,1,0,24.43,1031.02,11.21,589.84,-115.65,1
318720,42,69,77,777,0,1,0,24.43,1031.02,11.21,590.88,-115.65,1
319716,42,69,77,777,0,1,0,24.43,1031.02,11.22,589.32,-115.65,1
320712,42,69,77,776,0,1,0,24.43,1031.02,11.22,590.36,-115.65,1
321708,42,69,76,776,0,1,0,24.42,1031.02,11.23,586.75,-115.65,1
322704,42,69,76,776,0,1,0,24.42,1031.02,11.22,595.06,-115.73,1
323700,42,69,76,776,0,1,0,24.42,1031.03,11.22,587.78,-115.73,1
324696,42,70,77,776,0,1,0,24.42,1031.03,11.23,589.32,-115.73,1
325692,41,70,76,776,0,1,0,24.42,1031.03,11.24,591.40,-115.73,1
326688,41,69,77,776,0,1,0,24.42,1031.03,11.24,587.78,-115.65,1
327684,41,70,76,776,0,1,0,24.42,1031.02,11.24,588.81,-115.73,1
328680,42,69,77,776,0,1,0,24.42,1031.03,11.24,587.78,-115.73,1
329676,41,69,76,776,0,1,0,24.42,1031.03,11.25,590.36,-115.73,1
330672,41,69,76,776,0,1,0,24.42,1031.03,11.26,590.88,-115.73,1
331668,41,69,76,775,0,1,0,24.42,1031.03,11.24,589.32,-115.73,1
332664,41,69,76,776,0,1,0,24.42,1031.03,11.25,589.84,-115.73,1
333660,41,70,75,776,0,1,0,24.42,1031.03,11.25,584.20,-115.65,1
334656,41,69,76,776,0,1,0,24.42,1031.02,11.26,587.78,-115.73,1
335652,42,69,76,775,0,1,0,24.42,1031.03,11.24,588.81,-115.65,1
336648,41,69,76,775,0,1,0,24.42,1031.02,11.25,589.32,-115.65,1
337644,41,69,76,776,0,1,0,24.42,1031.02,11.25,594.54,-115.57,1
338640,41,69,76,776,0,1,0,24.42,1031.01,11.25,588.81,-115.57,1
339636,41,69,75,776,0,1,0,24.42,1031.01,11.25,587.26,-115.57,1
340632,41,69,76,776,0,1,0,24.42,1031.01,11.25,589.84,-115.49,1
341628,42,69,76,776,0,1,0,24.42,1031.00,11.26,586.75,-115.49,1
342624,41,69,76,777,0,1,0,24.42,1031.00,11.26,590.88,-115.49,1
343620,41,69,76,777,0,1,0,24.42,1031.00,11.25,589.32,-115.57,1
344616,42,69,77,776,0,1,0,24.42,1031.01,11.26,587.26,-115.57,1
345612,42,70,77,776,0,1,0,24.42,1031.01,11.26,588.81,-115.57,1
346608,42,69,76,776,0,1,0,24.42,1031.01,11.27,584.20,-115.49,1
347604,42,69,77,776,0,1,0,24.42,1031.00,11.26,586.75,-115.49,1
348600,42,69,77,777,0,1,0,24.42,1031.00,11.26,586.75,-115.49,1
349596,42,69,77,776,0,1,0,24.42,1031.00,11.27,588.81,-115.41,1
350592,42,69,77,776,0,1,0,24.42,1030.99,11.28,584.71,-115.41,1
351588,42,69,77,777,0,1,0,24.42,1030.99,11.27,589.84,-115.41,1
352584,42,69,76,776,0,1,0,24.42,1030.99,11.27,586.75,-115.41,1
353580,42,70,76,777,0,1,0,24.42,1030.99,11.28,586.75,-115.41,1
354576,42,69,77,777,0,1,0,24.42,1030.99,11.28,586.75,-115.49,1
355572,42,70,77,776,0,1,0,24.42,1031.00,11.28,589.84,-115.49,1
356568,42,69,77,776,0,1,0,24.42,1031.00,11.28,584.71,-115.49,1
357564,42,69,77,776,0,1,0,24.42,1031.00,11.27,586.75,-115.49,1
358560,42,69,76,776,0,1,0,24.42,1031.00,11.28,586.24,-115.41,1
359556,43,69,77,777,0,1,0,24.42,1030.99,11.29,587.26,-115.41,1
360552,42,69,76,776,0,1,0,24.42,1030.99,11.28,587.78,-115.41,1
361548,42,69,76,776,0,1,0,24.43,1030.99,11.27,586.75,-115.41,1
362544,43,69,77,777,0,1,0,24.43,1030.99,11.27,587.78,-115.41,1
363540,42,69,77,778,0,1,0,24.43,1030.99,11.27,585.73,-115.32,1
364536,42,69,76,778,0,1,0,24.43,1030.98,11.26,585.73,-115.32,1
365532,42,69,77,779,0,1,0,24.43,1030.98,11.27,583.69,-115.41,1
366528,42,69,77,780,0,1,0,24.43,1030.99,11.28,583.69,-115.32,1
367524,43,70,77,780,0,1,0,24.43,1030.98,11.27,586.75,-115.32,1
368520,43,70,78,781,0,1,0,24.43,1030.98,11.28,586.24,-115.41,1
369516,43,69,77,780,0,1,0,24.43,1030.99,11.27,586.24,-115.41,1
370512,43,69,77,780,0,1,0,24.43,1030.99,11.27,589.32,-115.32,1
371508,44,69,78,780,0,1,0,24.43,1030.98,11.27,588.81,-115.41,0
372504,44,69,77,780,0,1,0,24.43,1030.99,11.27,587.78,-115.41,0
373500,43,69,78,780,0,1,0,24.43,1030.99,11.27,586.75,-115.32,0
374496,43,70,77,779,0,1,0,24.43,1030.98,11.27,586.24,-115.41,0
375492,43,70,78,781,0,1,0,24.43,1030.99,11.26,587.26,-115.41,0
376488,43,69,78,783,0,1,0,24.43,1030.99,11.26,583.69,-115.41,0
377484,43,70,78,783,0,1,0,24.43,1030.99,11.27,586.75,-115.41,0
378480,44,69,77,783,0,1,0,24.43,1030.99,11.26,587.26,-115.32,0
379476,44,70,78,782,0,1,0,24.43,1030.98,11.27,586.75,-115.32,0
380472,44,69,78,782,0,1,0,24.43,1030.98,11.27,586.24,-115.41,0
381468,44,69,78,781,0,1,0,24.43,1030.99,11.27,586.75,-115.41,0
382464,44,69,77,781,0,1,0,24.44,1030.99,11.26,593.49,-115.41,0
383460,44,70,77,780,0,1,0,24.44,1030.99,11.26,589.32,-115.32,0
384456,44,70,78,780,0,1,0,24.44,1030.98,11.26,584.71,-115.41,0
385452,44,69,78,780,0,1,0,24.44,1030.99,11.26,587.26,-115.41,0
386448,43,70,78,779,0,1,0,24.44,1030.99,11.27,585.73,-115.41,0
387444,44,69,78,780,0,1,0,24.44,1030.99,11.26,587.78,-115.32,0
388440,44,69,77,780,0,1,0,24.44,1030.98,11.27,583.69,-115.41,0
389436,44,70,77,779,0,1,0,24.44,1030.99,11.27,586.24,-115.41,0
390432,44,70,78,780,0,1,0,24.44,1030.99,11.27,590.36,-115.41,0
391428,44,69,78,780,0,1,0,24.44,1030.99,11.27,587.78,-115.41,0
392424,44,70,78,780,0,1,0,24.44,1030.99,11.26,591.40,-115.41,0
393420,44,70,78,780,0,1,0,24.44,1030.99,11.27,588.29,-115.41,0
394416,44,69,78,780,0,1,0,24.44,1030.99,11.28,587.78,-115.41,0
395412,43,69,78,779,0,1,0,24.44,1030.99,11.28,588.29,-115.41,0
396408,44,70,78,779,0,1,0,24.44,1030.99,11.28,588.81,-115.41,0
397404,44,70,78,779,0,1,0,24.44,1030.99,11.29,588.81,-115.49,0
398400,43,70,78,779,0,1,0,24.44,1031.00,11.28,589.32,-115.49,0
399396,44,70,78,779,0,1,0,24.44,1031.00,11.29,587.78,-115.41,0
400392,44,70,78,778,0,1,0,24.44,1030.99,11.29,584.71,-115.41,0
401388,44,70,77,778,0,1,0,24.44,1030.99,11.29,588.29,-115.41,0
402384,44,69,78,777,0,1,0,24.44,1030.99,11.29,587.78,-115.49,0
403380,44,69,77,777,0,1,0,24.44,1031.00,11.29,586.75,-115.49,0
404376,43,69,78,777,0,1,0,24.44,1031.00,11.29,589.32,-115.49,0
405372,44,69,78,788,0,1,0,24.44,1031.00,11.29,588.81,-115.41,0
406368,43,70,79,805,0,1,0,24.44,1030.99,11.29,588.29,-115.49,0
407364,43,70,79,811,0,1,0,24.44,1031.00,11.30,588.81,-115.57,0
408360,43,71,79,815,0,1,0,24.44,1031.01,11.31,588.81,-115.57,0
409356,44,71,79,815,0,1,0,24.44,1031.01,11.30,583.69,-115.49,0
410352,43,70,79,817,0,1,0,24.44,1031.00,11.30,587.26,-115.49,0
411348,43,70,79,813,0,1,0,24.44,1031.00,11.30,582.17,-115.49,0
412344,43,70,78,809,0,1,0,24.44,1031.00,11.30,584.71,-115.57,0
413340,43,70,78,806,0,1,0,24.44,1031.01,11.31,585.73,-115.65,0
414336,44,70,78,803,0,1,0,24.44,1031.02,11.31,587.26,-115.65,0
415332,43,70,78,801,0,1,0,24.44,1031.02,11.31,589.32,-115.57,0
416328,43,70,78,799,0,1,0,24.44,1031.01,11.31,589.84,-115.57,0
417324,43,70,78,797,0,1,0,24.44,1031.01,11.32,591.92,-115.57,0
418320,43,70,78,795,0,1,0,24.44,1031.01,11.31,586.24,-115.57,0
419316,43,70,78,795,0,1,0,24.44,1031.01,11.32,590.36,-115.57,0
420312,43,69,78,794,0,1,0,24.45,1031.01,11.31,588.81,-115.57,0
421308,43,69,78,793,0,1,0,24.45,1031.01,11.32,586.75,-115.57,0
422304,42,69,77,791,0,1,0,24.45,1031.01,11.30,586.75,-115.65,0
423300,43,70,77,790,0,1,0,24.45,1031.02,11.30,588.81,-115.57,0
424296,43,69,78,790,0,1,0,24.45,1031.01,11.30,589.84,-115.65,0
425292,42,70,78,789,0,1,0,24.45,1031.02,11.31,586.75,-115.65,1
426288,42,70,78,791,0,1,0,24.45,1031.02,11.31,586.75,-115.65,1
427284,43,70,78,791,0,1,0,24.45,1031.02,11.30,586.75,-115.65,1
428280,43,70,78,791,0,1,0,24.44,1031.02,11.31,584.20,-115.65,1
429276,43,70,78,788,0,1,0,24.44,1031.02,11.31,588.81,-115.65,1
430272,43,69,78,787,0,1,0,24.44,1031.02,11.32,585.22,-115.65,1
431268,43,70,78,786,0,1,0,24.44,1031.02,11.31,588.29,-115.65,1
432264,43,70,77,785,0,1,0,24.44,1031.02,11.31,584.20,-115.73,1
433260,43,70,77,786,0,1,0,24.44,1031.03,11.30,584.20,-115.73,1
434256,43,70,77,785,0,1,0,24.44,1031.03,11.30,588.29,-115.73,1
435252,43,70,77,784,0,1,0,24.44,1031.03,11.30,587.78,-115.73,1
436248,43,70,78,784,0,1,0,24.44,1031.03,11.30,589.84,-115.73,1
437244,43,70,78,784,0,1,0,24.44,1031.03,11.30,589.84,-115.73,1
438240,42,70,78,783,0,1,0,24.44,1031.03,11.28,590.88,-115.73,1
439236,43,70,78,784,0,1,0,24.44,1031.03,11.27,592.44,-115.82,1
440232,43,70,78,783,0,1,0,24.44,1031.04,11.28,591.92,-115.90,1
441228,43,69,78,782,0,1,0,24.44,1031.05,11.27,590.88,-115.82,1
442224,43,70,78,782,0,1,0,24.44,1031.04,11.26,591.92,-115.82,1
443220,42,70,78,782,0,1,0,24.44,1031.04,11.25,589.84,-115.82,1
444216,43,70,78,781,0,1,0,24.44,1031.04,11.24,592.96,-115.82,1
445212,43,69,78,781,0,1,0,24.44,1031.04,11.24,594.01,-115.73,1
446208,43,69,77,781,0,1,0,24.44,1031.03,11.24,595.06,-115.73,1
447204,43,69,77,781,0,1,0,24.44,1031.03,11.23,594.01,-115.73,1
448200,43,70,77,780,0,1,0,24.44,1031.03,11.23,596.65,-115.82,1
449196,43,69,78,780,0,1,0,24.44,1031.04,11.22,593.49,-115.82,1
450192,43,70,77,779,0,1,0,24.44,1031.04,11.22,600.38,-115.73,1
451188,43,70,77,779,0,1,0,24.44,1031.03,11.21,591.40,-115.82,1
452184,43,69,77,780,0,1,0,24.44,1031.04,11.21,597.18,-115.82,1
453180,43,69,77,779,0,1,0,24.44,1031.04,11.20,598.24,-115.73,1
454176,42,69,77,779,0,1,0,24.44,1031.03,11.21,596.12,-115.73,1
455172,42,70,77,779,0,1,0,24.44,1031.03,11.20,594.54,-115.73,1
456168,43,69,77,779,0,1,0,24.44,1031.03,11.19,594.01,-115.82,1
457164,43,69,77,779,0,1,0,24.44,1031.04,11.19,598.24,-115.82,1
458160,43,70,77,779,0,1,0,24.44,1031.04,11.19,596.12,-115.90,1
459156,42,69,77,779,0,1,0,24.43,1031.05,11.19,595.06,-115.98,1
460152,43,69,77,779,0,1,0,24.43,1031.06,11.19,600.38,-115.98,1
461148,42,69,78,779,0,1,0,24.43,1031.06,11.20,597.18,-115.90,1
462144,42,69,77,778,0,1,0,24.43,1031.05,11.20,598.24,-115.98,1
463140,43,69,77,778,0,1,0,24.43,1031.06,11.19,598.78,-115.90,1
464136,42,69,76,778,0,1,0,24.43,1031.05,11.20,595.59,-115.90,1
465132,43,70,77,777,0,1,0,24.43,1031.05,11.20,598.78,-115.90,1
466128,42,69,77,778,0,1,0,24.43,1031.05,11.20,595.06,-115.90,1
467124,43,69,77,778,0,1,0,24.43,1031.05,11.20,597.18,-115.90,1
468120,42,69,77,778,0,1,0,24.43,1031.05,11.21,597.71,-115.90,1
469116,42,69,77,778,0,1,0,24.43,1031.05,11.20,598.24,-115.82,1
470112,42,69,76,778,0,1,0,24.43,1031.04,11.20,599.31,-115.82,1
471108,42,69,77,777,0,1,0,24.43,1031.04,11.21,596.12,-115.90,1
472104,42,69,77,777,0,1,0,24.43,1031.05,11.22,599.85,-115.90,1
473100,42,69,77,777,0,1,0,24.43,1031.05,11.22,594.54,-115.82,1
474096,42,69,77,776,0,1,0,24.43,1031.04,11.22,598.24,-115.90,1
475092,42,69,77,777,0,1,0,24.43,1031.05,11.21,598.78,-115.90,1
476088,42,69,77,777,0,1,0,24.43,1031.05,11.22,598.24,-115.82,1
477084,42,69,77,776,0,1,0,24.43,1031.04,11.22,593.49,-115.82,1
478080,42,69,76,776,0,1,0,24.43,1031.04,11.22,596.65,-115.82,1
479076,42,69,77,777,0,1,0,24.43,1031.04,11.22,597.18,-115.82,1
480072,42,68,76,776,0,1,0,24.43,1031.04,11.22,598.24,-115.82,1
481068,41,69,76,776,0,1,0,24.43,1031.04,11.22,599.31,-115.82,1
482064,41,69,77,776,0,1,0,24.43,1031.04,11.23,603.08,-115.82,1
483060,42,68,77,777,0,1,0,24.44,1031.04,11.23,594.01,-115.73,1
484056,42,69,77,776,0,1,0,24.44,1031.03,11.22,596.12,-115.82,1
485052,42,69,76,778,0,1,0,24.44,1031.04,11.22,597.18,-115.82,0
486048,42,69,77,778,0,1,0,24.44,1031.04,11.23,599.31,-115.73,0
487044,42,69,77,777,0,1,0,24.44,1031.03,11.23,596.12,-115.73,0
488040,42,69,76,777,0,1,0,24.44,1031.03,11.22,602.00,-115.82,0
489036,41,69,77,777,0,1,0,24.44,1031.04,11.22,597.18,-115.82,0
490032,41,69,76,776,0,1,0,24.44,1031.04,11.22,597.71,-115.73,0
491028,42,69,76,776,0,1,0,24.44,1031.03,11.21,599.85,-115.82,0
492024,41,69,77,776,0,1,0,24.44,1031.04,11.22,602.00,-115.73,0
493020,41,68,76,775,0,1,0,24.44,1031.03,11.21,599.85,-115.73,0
494016,42,68,76,776,0,1,0,24.44,1031.03,11.20,602.00,-115.73,0
495012,42,69,76,776,0,1,0,24.44,1031.03,11.20,600.38,-115.65,0
496008,42,69,76,775,0,1,0,24.44,1031.02,11.20,603.08,-115.65,0
497004,41,69,76,775,0,1,0,24.44,1031.02,11.19,599.31,-115.73,0
498000,41,69,76,775,0,1,0,24.44,1031.03,11.19,598.24,-115.73,0
498996,41,69,76,775,0,1,0,24.44,1031.03,11.19,602.54,-115.65,0
499992,41,69,77,775,0,1,0,24.44,1031.02,11.18,601.46,-115.65,0
500988,42,69,76,775,0,1,0,24.44,1031.02,11.19,602.54,-115.65,0
501984,42,69,76,775,0,1,0,24.44,1031.02,11.19,602.54,-115.65,0
502980,42,68,76,775,0,1,0,24.44,1031.02,11.18,600.38,-115.65,0
503976,41,68,76,775,0,1,0,24.44,1031.02,11.18,598.24,-115.73,0
504972,41,68,76,775,0,1,0,24.44,1031.03,11.18,602.00,-115.65,0
505968,41,69,76,774,0,1,0,24.44,1031.02,11.17,603.08,-115.73,0
506964,41,69,76,775,0,1,0,24.44,1031.03,11.18,603.08,-115.65,0
507960,41,69,76,775,0,1,0,24.44,1031.02,11.17,604.16,-115.65,0
508956,41,69,76,775,0,1,0,24.44,1031.02,11.18,602.00,-115.65,0
509952,41,69,76,776,0,1,0,24.44,1031.02,11.17,600.38,-115.65,0
510948,41,68,76,777,0,1,0,24.44,1031.02,11.18,602.54,-115.73,0
511944,41,69,76,778,0,1,0,24.44,1031.03,11.17,602.54,-115.65,0
512940,41,69,76,777,0,1,0,24.44,1031.02,11.18,602.54,-115.73,0
513936,41,68,76,778,0,1,0,24.44,1031.03,11.18,602.54,-115.65,0
514932,41,69,76,777,0,1,0,24.44,1031.02,11.17,601.46,-115.65,0
515928,41,69,76,776,0,1,0,24.44,1031.02,11.18,603.62,-115.57,0
516924,41,69,76,776,0,1,0,24.44,1031.01,11.18,603.08,-115.65,0
517920,41,69,76,776,0,1,0,24.44,1031.02,11.18,604.71,-115.65,0
518916,41,69,75,777,0,1,0,24.44,1031.02,11.19,603.62,-115.73,0
519912,41,68,75,776,0,1,0,24.44,1031.03,11.18,604.16,-115.73,0
520908,41,68,76,776,0,1,0,24.44,1031.03,11.17,604.16,-115.73,0
521904,40,69,76,775,0,1,0,24.44,1031.03,11.17,604.71,-115.73,0
522900,40,68,76,775,0,1,0,24.44,1031.03,11.16,604.71,-115.73,0
523896,41,68,76,776,0,1,0,24.45,1031.03,11.17,602.54,-115.73,0
524892,40,69,75,775,0,1,0,24.45,1031.03,11.18,602.54,-115.65,0
525888,40,69,76,775,0,1,0,24.45,1031.02,11.16,603.62,-115.73,0
526884,40,68,75,775,0,1,0,24.45,1031.03,11.17,606.89,-115.65,0
527880,40,69,76,775,0,1,0,24.45,1031.02,11.16,604.71,-115.73,0
528876,41,68,75,775,0,1,0,24.45,1031.03,11.16,601.46,-115.65,0
529872,41,69,75,775,0,1,0,24.45,1031.02,11.16,599.85,-115.65,0
530868,40,68,75,775,0,1,0,24.45,1031.02,11.16,606.89,-115.65,0
531864,40,68,75,774,0,1,0,24.45,1031.02,11.16,605.25,-115.57,0
532860,41,69,75,775,0,1,0,24.45,1031.01,11.15,605.25,-115.65,0
533856,40,68,75,774,0,1,0,24.45,1031.02,11.16,606.34,-115.65,0
534852,40,69,75,774,0,1,0,24.45,1031.02,11.15,604.71,-115.57,0
535848,40,69,75,775,0,1,0,24.45,1031.01,11.17,604.16,-115.65,0
536844,40,68,75,774,0,1,0,24.45,1031.02,11.16,604.71,-115.65,0
537840,40,69,75,775,0,1,0,24.45,1031.02,11.16,604.71,-115.65,0
538836,40,69,75,775,0,1,0,24.45,1031.02,11.16,610.20,-115.65,0
539832,40,68,75,774,0,1,0,24.45,1031.02,11.18,604.16,-115.65,0
540828,40,69,75,775,0,1,0,24.45,1031.02,11.17,605.80,-115.65,0
541824,41,68,75,775,0,1,0,24.45,1031.02,11.16,606.34,-115.65,0
542820,40,68,75,774,0,1,0,24.45,1031.02,11.17,606.89,-115.73,1
543816,40,69,75,775,0,1,0,24.45,1031.03,11.16,609.64,-115.82,1
544812,40,69,75,774,0,1,0,24.45,1031.04,11.15,609.09,-115.73,1
545808,40,69,75,775,0,1,0,24.45,1031.03,11.16,603.62,-115.73,1
546804,40,68,75,774,0,1,0,24.45,1031.03,11.17,606.89,-115.65,1
547800,40,68,75,775,0,1,0,24.45,1031.02,11.17,602.00,-115.65,1
548796,40,68,75,774,0,1,0,24.45,1031.02,11.16,606.89,-115.73,1
549792,40,68,75,775,0,1,0,24.45,1031.03,11.17,607.44,-115.73,1
550788,40,68,74,774,0,1,0,24.45,1031.03,11.17,606.89,-115.65,1
551784,40,69,75,774,0,1,0,24.45,1031.02,11.18,605.25,-115.65,1
552780,40,68,75,774,0,1,0,24.45,1031.02,11.18,605.80,-115.73,1
553776,40,69,75,774,0,1,0,24.45,1031.03,11.17,605.25,-115.73,1
554772,39,68,75,774,0,1,0,24.45,1031.03,11.19,611.87,-115.73,1
555768,39,68,75,774,0,1,0,24.45,1031.03,11.19,605.80,-115.73,1
556764,40,68,75,774,0,1,0,24.45,1031.03,11.19,605.80,-115.73,1
557760,40,69,75,774,0,1,0,24.45,1031.03,11.18,602.54,-115.65,1
558756,40,68,75,774,0,1,0,24.45,1031.02,11.19,606.89,-115.57,1
559752,39,68,75,774,0,1,0,24.45,1031.01,11.19,606.89,-115.65,1
560748,40,69,75,774,0,1,0,24.45,1031.02,11.18,608.54,-115.65,1
561744,40,68,75,773,0,1,0,24.45,1031.02,11.19,606.89,-115.65,1
562740,39,68,75,774,0,1,0,24.45,1031.02,11.19,606.89,-115.65,1
563736,39,68,74,774,0,1,0,24.45,1031.02,11.18,607.44,-115.65,1
564732,40,68,74,773,0,1,0,24.45,1031.02,11.19,606.89,-115.73,1
565728,40,68,74,774,0,1,0,24.45,1031.03,11.18,606.34,-115.65,1
566724,40,68,74,773,0,1,0,24.45,1031.02,11.19,605.80,-115.65,1
567720,40,69,74,774,0,1,0,24.45,1031.02,11.19,602.54,-115.65,1
568716,39,68,75,773,0,1,0,24.45,1031.02,11.17,609.64,-115.65,1
569712,39,68,75,773,0,1,0,24.45,1031.02,11.18,603.08,-115.57,1
570708,39,68,74,773,0,1,0,24.45,1031.01,11.18,607.99,-115.57,1
571704,40,68,75,774,0,1,0,24.45,1031.01,11.18,607.99,-115.65,1
572700,39,68,74,773,0,1,0,24.45,1031.02,11.18,603.62,-115.65,1
573696,39,68,75,773,0,1,0,24.45,1031.02,11.17,607.44,-115.65,1
574692,40,69,75,773,0,1,0,24.45,1031.02,11.17,603.62,-115.65,1
575688,40,68,74,774,0,1,0,24.45,1031.02,11.18,608.54,-115.73,1
576684,40,68,74,774,0,1,0,24.45,1031.03,11.17,604.71,-115.73,1
577680,39,68,75,773,0,1,0,24.45,1031.03,11.17,607.99,-115.73,1
578676,40,69,74,773,0,1,0,24.45,1031.03,11.16,607.44,-115.73,1
579672,39,68,74,774,0,1,0,24.45,1031.03,11.16,605.25,-115.73,1
580668,40,68,75,773,0,1,0,24.45,1031.03,11.15,604.16,-115.73,1
581664,39,68,75,773,0,1,0,24.45,1031.03,11.16,603.08,-115.65,1
582660,39,68,75,774,0,1,0,24.45,1031.02,11.15,605.80,-115.57,1
583656,39,68,74,774,0,1,0,24.46,1031.01,11.16,604.71,-115.65,1
584652,40,68,74,774,0,1,0,24.46,1031.02,11.16,600.38,-115.65,1
585648,39,68,75,773,0,1,0,24.46,1031.02,11.16,604.71,-115.65,1
586644,39,68,74,774,0,1,0,24.46,1031.02,11.16,604.16,-115.65,1
587640,39,68,74,773,0,1,0,24.46,1031.02,11.16,604.16,-115.65,1
588636,39,68,75,774,0,1,0,24.46,1031.02,11.16,602.00,-115.57,1
589632,39,68,74,773,0,1,0,24.46,1031.01,11.17,601.46,-115.57,1
590628,39,68,75,774,0,1,0,24.45,1031.01,11.16,602.54,-115.49,1
591624,39,68,74,774,0,1,0,24.45,1031.00,11.17,602.54,-115.57,1
592620,39,68,74,774,0,1,0,24.45,1031.01,11.17,605.25,-115.49,1
593616,39,68,75,774,0,1,0,24.45,1031.00,11.17,604.16,-115.57,1
594612,39,68,74,774,0,1,0,24.45,1031.01,11.18,602.54,-115.65,1
595608,39,68,75,774,0,1,0,24.45,1031.02,11.16,610.20,-115.57,1
596604,39,68,75,774,0,1,0,24.45,1031.01,11.17,605.80,-115.57,1
597600,39,68,75,773,0,1,0,24.45,1031.01,11.18,603.62,-115.65,1
598596,39,68,74,774,0,1,0,24.45,1031.02,11.18,601.46,-115.65,1
599592,39,68,74,774,0,1,0,24.45,1031.02,11.18,602.54,-115.73,1
0,38,68,74,774,0,1,0,24.45,1031.03,11.18,604.16,-115.65,1
996,39,68,74,774,0,1,0,24.37,1031.02,11.18,595.06,-115.57,1
1992,39,68,74,774,0,1,0,24.36,1031.01,11.20,598.24,-115.65,1
2988,39,68,74,774,0,1,0,24.37,1031.02,11.21,594.54,-115.57,1
3984,39,68,75,774,0,1,0,24.38,1031.01,11.22,598.24,-115.57,0
4980,39,68,74,773,0,1,0,24.39,1031.01,11.22,600.92,-115.57,0
5976,39,68,74,773,0,1,0,24.40,1031.01,11.21,601.46,-115.57,0
6972,39,68,74,773,0,1,0,24.40,1031.01,11.22,600.38,-115.49,0
7968,39,68,74,773,0,1,0,24.41,1031.00,11.20,600.92,-115.57,0
8964,39,69,75,774,0,1,0,24.42,1031.01,11.21,602.54,-115.57,0
9960,39,68,74,773,0,1,0,24.42,1031.01,11.19,603.62,-115.57,0
10956,39,68,74,773,0,1,0,24.43,1031.01,11.20,602.54,-115.57,0
11952,39,68,74,773,0,1,0,24.43,1031.01,11.20,602.00,-115.57,0
12948,39,68,74,773,0,1,0,24.43,1031.01,11.19,602.54,-115.65,0
13944,39,68,73,773,0,1,0,24.44,1031.02,11.18,604.71,-115.65,0
14940,39,68,75,773,0,1,0,24.44,1031.02,11.16,604.16,-115.65,0
15936,39,68,74,773,0,1,0,24.44,1031.02,11.17,604.71,-115.65,0
16932,39,68,74,774,0,1,0,24.44,1031.02,11.17,604.71,-115.57,0
17928,39,68,74,773,0,1,0,24.44,1031.01,11.18,604.71,-115.57,0
18924,39,68,74,773,0,1,0,24.44,1031.01,11.17,603.62,-115.49,0
19920,39,68,74,773,0,1,0,24.44,1031.00,11.17,605.25,-115.49,0
20916,39,68,74,774,0,1,0,24.44,1031.00,11.17,605.25,-115.49,0
21912,38,68,74,773,0,1,0,24.44,1031.00,11.17,604.16,-115.57,0
22908,38,68,74,773,0,1,0,24.44,1031.01,11.17,606.89,-115.49,0
23904,38,68,74,774,0,1,0,24.44,1031.00,11.17,602.54,-115.57,0
24900,39,68,74,774,0,1,0,24.44,1031.01,11.17,603.08,-115.57,0
25896,38,68,74,774,0,1,0,24.44,1031.01,11.16,605.80,-115.57,0
26892,39,68,74,773,0,1,0,24.44,1031.01,11.15,605.80,-115.57,0
27888,39,68,74,774,0,1,0,24.45,1031.01,11.16,605.80,-115.49,0
28884,39,68,74,774,0,1,0,24.44,1031.00,11.17,603.62,-115.49,0
29880,39,68,74,774,0,1,0,24.45,1031.00,11.16,603.62,-115.49,0
30876,39,67,74,774,0,1,0,24.44,1031.00,11.17,603.62,-115.41,0
31872,39,67,74,774,0,1,0,24.45,1030.99,11.16,600.92,-115.49,0
32868,39,68,74,773,0,1,0,24.44,1031.00,11.15,603.62,-115.49,0
33864,39,67,74,774,0,1,0,24.44,1031.00,11.16,604.71,-115.41,0
34860,39,68,74,773,0,1,0,24.44,1030.99,11.16,607.44,-115.57,0
35856,39,68,74,773,0,1,0,24.44,1031.01,11.15,606.89,-115.57,0
36852,38,68,74,774,0,1,0,24.45,1031.01,11.15,603.08,-115.57,0
37848,38,68,74,773,0,1,0,24.45,1031.01,11.15,603.08,-115.57,0
38844,39,67,74,773,0,1,0,24.45,1031.01,11.16,603.08,-115.49,0
39840,39,67,74,773,0,1,0,24.45,1031.00,11.16,602.54,-115.49,0
40836,39,68,74,773,0,1,0,24.45,1031.00,11.16,603.62,-115.57,0
41832,39,68,74,774,0,1,0,24.45,1031.01,11.16,603.08,-115.57,0
42828,39,68,74,774,0,1,0,24.45,1031.01,11.16,602.00,-115.65,0
43824,38,68,73,774,0,1,0,24.45,1031.02,11.16,600.92,-115.65,0
44820,39,68,74,773,0,1,0,24.45,1031.02,11.17,599.85,-115.65,0
45816,39,68,74,774,0,1,0,24.45,1031.02,11.16,602.54,-115.65,0
46812,39,68,74,773,0,1,0,24.45,1031.02,11.16,598.78,-115.57,0
47808,38,68,73,774,0,1,0,24.45,1031.01,11.16,600.38,-115.57,0
48804,38,68,73,773,0,1,0,24.45,1031.01,11.14,598.78,-115.49,0
49800,38,68,73,773,0,1,0,24.45,1031.00,11.16,604.16,-115.57,0
50796,38,67,73,774,0,1,0,24.45,1031.01,11.16,603.08,-115.57,0
51792,38,67,74,774,0,1,0,24.45,1031.01,11.15,598.78,-115.57,0
52788,38,68,74,773,0,1,0,24.45,1031.01,11.16,600.38,-115.57,0
53784,39,68,73,773,0,1,0,24.45,1031.01,11.15,603.62,-115.57,0
54780,38,68,74,774,0,1,0,24.45,1031.01,11.16,602.54,-115.57,0
55776,38,68,73,773,0,1,0,24.45,1031.01,11.15,602.00,-115.57,0
56772,38,68,73,773,0,1,0,24.45,1031.01,11.16,603.08,-115.57,0
57768,39,68,73,773,0,1,0,24.45,1031.01,11.15,603.08,-115.57,0
58764,38,68,73,773,0,1,0,24.45,1031.01,11.16,601.46,-115.65,0
59760,38,67,73,774,0,1,0,24.45,1031.02,11.15,600.38,-115.57,0
60756,38,68,73,772,0,1,0,24.46,1031.01,11.15,601.46,-115.65,0
61752,38,68,73,772,0,1,0,24.46,1031.02,11.16,599.31,-115.57,0
62748,39,68,73,773,0,1,0,24.46,1031.01,11.15,604.71,-115.57,0
63744,38,67,73,773,0,1,0,24.46,1031.01,11.14,603.08,-115.57,0
64740,38,67,72,773,0,1,0,24.46,1031.01,11.14,603.62,-115.57,0
65736,38,68,73,772,0,1,0,24.46,1031.01,11.14,603.08,-115.57,0
66732,38,68,73,772,0,1,0,24.46,1031.01,11.15,601.46,-115.57,0
67728,38,68,73,772,0,1,0,24.45,1031.01,11.14,602.54,-115.65,1
68724,38,67,73,772,0,1,0,24.46,1031.02,11.14,605.25,-115.65,1
69720,38,67,73,772,0,1,0,24.46,1031.02,11.14,603.62,-115.65,1
70716,38,67,73,774,0,1,0,24.46,1031.02,11.14,603.08,-115.73,1
71712,38,67,73,777,0,1,0,24.46,1031.03,11.14,601.46,-115.65,1
72708,37,68,73,776,0,1,0,24.46,1031.02,11.15,603.62,-115.65,1
73704,38,67,73,775,0,1,0,24.46,1031.02,11.13,603.62,-115.65,1
74700,38,67,73,774,0,1,0,24.46,1031.02,11.13,602.00,-115.73,1
75696,38,68,73,774,0,1,0,24.46,1031.03,11.14,603.62,-115.73,1
76692,38,68,72,774,0,1,0,24.46,1031.03,11.14,603.62,-115.65,1
77688,38,67,72,774,0,1,0,24.46,1031.02,11.14,598.78,-115.65,1
78684,38,68,73,773,0,1,0,24.46,1031.02,11.14,604.71,-115.65,1
79680,38,67,73,774,0,1,0,24.46,1031.02,11.13,602.00,-115.65,1
80676,38,67,72,773,0,1,0,24.46,1031.02,11.13,599.85,-115.57,1
81672,37,67,72,773,0,1,0,24.46,1031.01,11.14,606.89,-115.65,1
82668,38,67,72,774,0,1,0,24.46,1031.02,11.14,602.00,-115.57,1
83664,38,67,73,774,0,1,0,24.46,1031.01,11.14,604.71,-115.57,1
84660,38,68,73,775,0,1,0,24.46,1031.01,11.13,599.85,-115.57,1
85656,37,68,74,793,0,1,0,24.46,1031.01,11.13,603.62,-115.57,1
86652,38,69,75,800,0,1,0,24.47,1031.01,11.13,602.54,-115.57,1
87648,37,68,74,799,0,1,0,24.47,1031.01,11.12,598.78,-115.57,1
88644,38,69,74,806,0,1,0,24.46,1031.01,11.12,604.71,-115.57,1
89640,38,69,74,811,0,1,0,24.47,1031.01,11.12,603.62,-115.57,1
90636,38,69,74,813,0,1,0,24.47,1031.01,11.13,602.00,-115.57,1
91632,38,69,74,810,0,1,0,24.47,1031.01,11.13,600.92,-115.49,1
92628,38,69,73,805,0,1,0,24.46,1031.00,11.12,604.16,-115.49,1
93624,38,68,73,802,0,1,0,24.46,1031.00,11.12,606.34,-115.57,1
94620,38,68,74,798,0,1,0,24.46,1031.01,11.12,603.62,-115.57,1
95616,38,68,73,797,0,1,0,24.46,1031.01,11.11,604.71,-115.49,1
96612,38,68,72,795,0,1,0,24.46,1031.00,11.12,606.34,-115.57,1
97608,38,68,73,794,0,1,0,24.46,1031.01,11.11,604.71,-115.57,1
98604,38,68,72,792,0,1,0,24.46,1031.01,11.12,602.54,-115.49,1
99600,38,68,73,790,0,1,0,24.47,1031.00,11.12,605.80,-115.49,1
100596,38,68,73,789,0,1,0,24.47,1031.00,11.12,602.54,-115.49,1
101592,38,68,73,788,0,1,0,24.47,1031.00,11.12,605.80,-115.49,1
102588,38,68,73,787,0,1,0,24.47,1031.00,11.12,606.34,-115.49,1
103584,38,68,73,787,0,1,0,24.47,1031.00,11.13,607.99,-115.49,1
104580,38,68,72,785,0,1,0,24.47,1031.00,11.14,606.89,-115.49,1
105576,38,67,73,784,0,1,0,24.47,1031.00,11.15,606.34,-115.49,1
106572,38,68,73,784,0,1,0,24.47,1031.00,11.14,607.44,-115.49,1
107568,38,68,72,784,0,1,0,24.47,1031.00,11.14,609.09,-115.49,1
108564,38,68,73,783,0,1,0,24.47,1031.00,11.15,601.46,-115.49,1
109560,37,68,73,783,0,1,0,24.47,1031.00,11.15,606.34,-115.49,1
110556,37,67,72,783,0,1,0,24.47,1031.00,11.15,604.71,-115.41,1
111552,37,67,73,781,0,1,0,24.47,1030.99,11.15,605.25,-115.41,1
112548,37,67,73,781,0,1,0,24.47,1030.99,11.15,605.80,-115.41,1
113544,37,68,72,782,0,1,0,24.47,1030.99,11.14,606.89,-115.41,1
114540,38,68,73,780,0,1,0,24.47,1030.99,11.16,606.34,-115.41,1
115536,37,67,72,781,0,1,0,24.47,1030.99,11.16,605.80,-115.32,1
116532,38,68,72,779,0,1,0,24.47,1030.98,11.16,607.99,-115.32,1
117528,37,68,72,780,0,1,0,24.47,1030.98,11.16,607.44,-115.41,1
118524,38,68,72,779,0,1,0,24.47,1030.99,11.17,606.89,-115.41,1
119520,37,67,72,779,0,1,0,24.47,1030.99,11.16,605.80,-115.32,1
120516,37,68,72,779,0,1,0,24.47,1030.98,11.17,606.89,-115.32,1
121512,37,68,72,779,0,1,0,24.48,1030.98,11.17,606.89,-115.41,1
122508,38,67,73,779,0,1,0,24.48,1030.99,11.16,607.99,-115.41,1
123504,37,67,72,779,0,1,0,24.48,1030.99,11.16,608.54,-115.41,1
124500,37,67,72,778,0,1,0,24.48,1030.99,11.17,604.71,-115.32,1
125496,37,67,72,778,0,1,0,24.48,1030.98,11.16,604.71,-115.41,1
126492,38,67,72,779,0,1,0,24.48,1030.99,11.16,606.89,-115.41,1
127488,38,67,73,779,0,1,0,24.48,1030.99,11.17,606.89,-115.32,1
128484,38,68,72,779,0,1,0,24.48,1030.98,11.17,602.54,-115.32,1
129480,38,68,73,779,0,1,0,24.48,1030.98,11.17,609.64,-115.32,1
130476,38,68,73,780,0,1,0,24.48,1030.98,11.17,606.89,-115.32,1
131472,39,68,73,781,0,1,0,24.48,1030.98,11.18,607.99,-115.24,0
132468,38,68,73,781,0,1,0,24.48,1030.97,11.18,608.54,-115.24,0
133464,39,68,73,781,0,1,0,24.48,1030.97,11.19,609.09,-115.32,0
134460,39,68,74,779,0,1,0,24.48,1030.98,11.21,609.09,-115.24,0
135456,38,67,73,778,0,1,0,24.48,1030.97,11.23,604.71,-115.32,0
136452,38,68,73,778,0,1,0,24.48,1030.98,11.23,606.89,-115.24,0
137448,38,68,73,778,0,1,0,24.48,1030.97,11.23,603.62,-115.24,0
138444,39,68,73,782,0,1,0,24.48,1030.97,11.23,609.09,-115.16,0
139440,39,69,74,794,0,1,0,24.48,1030.96,11.24,606.89,-115.16,0
140436,38,69,74,799,0,1,0,24.48,1030.96,11.24,603.62,-115.16,0
141432,39,68,74,801,0,1,0,24.48,1030.96,11.26,597.18,-115.16,0
142428,39,69,74,802,0,1,0,24.48,1030.96,11.30,594.54,-115.16,0
143424,39,68,73,797,0,1,0,24.48,1030.96,11.36,595.59,-115.24,0
144420,39,68,73,794,0,1,0,24.48,1030.97,11.40,594.01,-115.16,0
145416,39,68,73,792,0,1,0,24.47,1030.96,11.42,599.31,-115.08,0
146412,38,69,74,805,0,1,0,24.47,1030.95,11.42,598.24,-115.08,0
147408,38,69,74,810,0,1,0,24.47,1030.95,11.43,595.59,-115.08,0
148404,39,69,74,809,0,1,0,24.47,1030.95,11.43,591.92,-115.08,0
149400,39,69,74,809,0,1,0,24.47,1030.95,11.47,587.78,-115.08,0
150396,38,69,74,810,0,1,0,24.47,1030.95,11.52,583.69,-115.08,0
151392,39,69,75,810,0,1,0,24.47,1030.95,11.60,585.73,-115.00,0
152388,39,69,74,809,0,1,0,24.47,1030.94,11.65,580.66,-115.08,0
153384,39,69,74,808,0,1,0,24.47,1030.95,11.70,582.68,-115.08,0
154380,39,69,73,806,0,1,0,24.48,1030.95,11.75,583.18,-115.08,0
155376,39,69,73,802,0,1,0,24.48,1030.95,11.76,582.68,-115.00,0
156372,38,69,74,800,0,1,0,24.48,1030.94,11.78,580.16,-115.00,0
157368,38,69,73,799,0,1,0,24.47,1030.94,11.79,582.17,-115.00,0
158364,39,68,73,797,0,1,0,24.48,1030.94,11.80,580.66,-114.91,0
159360,38,68,74,795,0,1,0,24.47,1030.93,11.80,584.71,-115.00,0
160356,38,69,73,794,0,1,0,24.47,1030.94,11.78,582.17,-115.00,0
161352,38,68,72,792,0,1,0,24.47,1030.94,11.77,586.75,-114.91,0
162348,39,68,73,791,0,1,0,24.47,1030.93,11.74,585.73,-114.91,0
163344,38,68,73,791,0,1,0,24.47,1030.93,11.71,586.75,-114.91,0
164340,39,68,73,789,0,1,0,24.47,1030.93,11.69,588.29,-114.91,0
165336,38,68,73,789,0,1,0,24.47,1030.93,11.64,586.75,-114.91,0
166332,39,68,73,788,0,1,0,24.47,1030.93,11.62,589.32,-114.91,0
167328,39,68,73,788,0,1,0,24.47,1030.93,11.59,586.75,-114.91,0
168324,38,68,72,787,0,1,0,24.47,1030.93,11.57,589.32,-114.91,0
169320,38,68,73,786,0,2,0,24.47,1030.93,11.54,590.88,-114.83,0
170316,39,68,73,786,0,1,0,24.47,1030.92,11.51,592.44,-114.91,0
171312,38,68,72,785,0,1,0,24.47,1030.93,11.49,591.92,-114.91,0
172308,39,68,73,785,0,1,0,24.47,1030.93,11.48,589.32,-114.91,0
173304,38,68,73,784,0,1,0,24.47,1030.93,11.44,592.44,-114.91,0
174300,39,68,72,784,0,1,0,24.47,1030.93,11.43,591.92,-114.91,0
175296,38,68,72,783,0,1,0,24.47,1030.93,11.40,592.44,-114.91,0
176292,38,68,73,783,0,1,0,24.47,1030.93,11.39,591.92,-114.91,0
177288,39,67,73,784,0,1,0,24.47,1030.93,11.38,594.01,-114.91,0
178284,38,68,73,787,0,1,0,24.47,1030.93,11.37,597.18,-114.91,0
179280,38,68,72,788,0,1,0,24.47,1030.93,11.34,598.24,-114.91,0
180276,39,68,72,789,0,1,0,24.47,1030.93,11.33,596.12,-114.91,1
181272,39,68,72,789,0,1,0,24.47,1030.93,11.32,596.12,-114.83,1
182268,38,67,72,787,0,1,0,24.47,1030.92,11.30,596.65,-114.83,1
183264,39,68,73,787,0,1,0,24.47,1030.92,11.29,604.71,-114.91,1
184260,38,68,73,786,0,1,0,24.47,1030.93,11.29,598.24,-114.91,1
185256,39,67,73,784,0,1,0,24.47,1030.93,11.27,598.24,-114.91,1
186252,38,68,72,784,0,1,0,24.47,1030.93,11.26,595.59,-114.91,1
187248,38,68,72,783,0,1,0,24.47,1030.93,11.25,595.59,-114.91,1
188244,39,68,72,783,0,1,0,24.47,1030.93,11.25,600.92,-114.91,1
189240,39,68,73,782,0,1,0,24.47,1030.93,11.23,600.92,-114.83,1
190236,39,68,73,782,0,1,0,24.47,1030.92,11.23,603.08,-114.83,1
191232,38,68,72,782,0,1,0,24.47,1030.92,11.23,600.92,-114.75,1
192228,39,68,73,782,0,1,0,24.47,1030.91,11.23,601.46,-114.75,1
193224,38,68,73,781,0,1,0,24.47,1030.91,11.22,605.80,-114.75,1
194220,38,68,72,781,0,1,0,24.47,1030.91,11.22,604.16,-114.67,1
195216,39,67,73,781,0,1,0,24.47,1030.90,11.20,602.54,-114.75,1
196212,39,68,73,780,0,1,0,24.47,1030.91,11.22,602.54,-114.75,1
197208,38,68,72,780,0,1,0,24.47,1030.91,11.21,602.54,-114.67,1
198204,39,67,73,780,0,1,0,24.47,1030.90,11.20,604.16,-114.75,1
199200,39,67,73,780,0,1,0,24.47,1030.91,11.19,604.71,-114.75,1
200196,38,67,73,779,0,1,0,24.47,1030.91,11.19,602.00,-114.75,1
201192,39,67,73,779,0,1,0,24.47,1030.91,11.18,604.16,-114.75,1
202188,39,67,73,779,0,1,0,24.47,1030.91,11.18,605.80,-114.67,1
203184,39,68,73,778,0,1,0,24.47,1030.90,11.17,604.71,-114.67,1
204180,39,67,72,778,0,1,0,24.47,1030.90,11.15,605.80,-114.59,1
205176,39,67,73,777,0,1,0,24.47,1030.89,11.15,610.20,-114.50,1
206172,39,68,73,777,0,1,0,24.47,1030.88,11.15,606.34,-114.59,1
207168,39,67,73,777,0,1,0,24.47,1030.89,11.15,605.80,-114.59,1
208164,39,68,72,777,0,1,0,24.47,1030.89,11.15,603.08,-114.67,1
209160,39,67,73,777,0,1,0,24.47,1030.90,11.14,603.62,-114.59,1
210156,39,67,73,776,0,1,0,24.47,1030.89,11.12,605.80,-114.59,1
211152,39,67,73,777,0,1,0,24.47,1030.89,11.12,609.09,-114.59,1
212148,39,67,73,776,0,1,0,24.47,1030.89,11.11,608.54,-114.59,1
213144,39,67,73,776,0,1,0,24.47,1030.89,11.11,607.99,-114.50,1
214140,40,67,73,776,0,1,0,24.47,1030.88,11.10,609.09,-114.50,1
215136,39,67,73,775,0,1,0,24.47,1030.88,11.10,607.44,-114.50,1
216132,40,67,73,775,0,1,0,24.47,1030.88,11.09,610.20,-114.50,1
217128,40,67,73,775,0,1,0,24.47,1030.88,11.09,607.99,-114.50,1
218124,40,67,73,775,0,1,0,24.47,1030.88,11.07,616.92,-114.50,1
219120,40,67,73,775,0,1,0,24.47,1030.88,11.08,611.87,-114.50,1
220116,40,67,73,775,0,1,0,24.47,1030.88,11.06,611.31,-114.50,1
221112,40,67,73,775,0,1,0,24.47,1030.88,11.07,612.42,-114.50,1
222108,41,67,72,774,0,1,0,24.47,1030.88,11.06,611.31,-114.50,1
223104,41,67,73,775,0,1,0,24.47,1030.88,11.06,612.98,-114.42,1
224100,41,67,73,775,0,1,0,24.47,1030.87,11.05,613.54,-114.42,1
225096,40,67,73,775,0,1,0,24.47,1030.87,11.04,613.54,-114.42,1
226092,41,67,73,774,0,1,0,24.47,1030.87,11.04,612.42,-114.42,1
227088,41,67,72,775,0,1,0,24.47,1030.87,11.04,614.10,-114.42,1
228084,40,67,73,775,0,1,0,24.47,1030.87,11.04,614.66,-114.42,1
229080,41,67,72,774,0,1,0,24.47,1030.87,11.03,609.09,-114.42,1
230076,40,67,73,774,0,1,0,24.47,1030.87,11.03,615.23,-114.50,1
231072,40,67,73,774,0,1,0,24.47,1030.88,11.03,614.66,-114.42,1
232068,40,67,73,775,0,1,0,24.47,1030.87,11.03,612.98,-114.50,1
233064,41,67,73,775,0,1,0,24.47,1030.88,11.03,613.54,-114.42,1
234060,40,68,73,775,0,1,0,24.47,1030.87,11.03,610.75,-114.34,1
235056,40,67,73,775,0,1,0,24.47,1030.86,11.04,614.66,-114.34,1
236052,41,67,73,775,0,1,0,24.47,1030.86,11.05,611.87,-114.34,1
237048,41,68,73,775,0,1,0,24.47,1030.86,11.05,611.87,-114.42,1
238044,40,67,73,775,0,1,0,24.47,1030.87,11.07,614.66,-114.34,1
239040,40,67,73,775,0,1,0,24.47,1030.86,11.08,614.66,-114.34,1
240036,40,68,72,775,0,1,0,24.47,1030.86,11.09,612.42,-114.42,1
241032,41,68,72,776,0,1,0,24.47,1030.87,11.10,612.42,-114.42,0
242028,40,67,73,775,0,2,0,24.47,1030.87,11.10,609.64,-114.42,0
243024,40,68,73,775,0,1,0,24.47,1030.87,11.12,611.31,-114.42,0
244020,40,67,73,775,0,1,0,24.47,1030.87,11.13,610.20,-114.42,0
245016,40,67,72,775,0,1,0,24.47,1030.87,11.13,611.31,-114.34,0
246012,40,67,73,774,0,1,0,24.47,1030.86,11.13,610.75,-114.42,0
247008,39,67,73,774,0,1,0,24.47,1030.87,11.15,615.23,-114.34,0
248004,40,67,73,776,0,1,0,24.47,1030.86,11.14,610.75,-114.34,0
249000,40,67,73,790,0,1,0,24.47,1030.86,11.16,610.20,-114.34,0
249996,40,68,74,809,0,1,0,24.47,1030.86,11.16,611.87,-114.34,0
250992,40,68,74,817,0,1,0,24.47,1030.86,11.15,606.89,-114.34,0
251988,40,68,75,820,0,1,0,24.47,1030.86,11.16,612.42,-114.42,0
252984,40,68,74,812,0,1,0,24.48,1030.87,11.17,612.42,-114.34,0
253980,40,68,73,806,0,1,0,24.47,1030.86,11.16,615.79,-114.34,0
254976,39,67,73,803,0,1,0,24.47,1030.86,11.17,612.98,-114.34,0
255972,39,68,72,800,0,1,0,24.47,1030.86,11.17,609.09,-114.34,0
256968,40,68,73,797,0,1,0,24.48,1030.86,11.17,608.54,-114.34,0
257964,40,68,73,796,0,1,0,24.48,1030.86,11.17,611.31,-114.26,0
258960,40,68,73,794,0,1,0,24.48,1030.85,11.16,611.87,-114.26,0
259956,40,67,72,793,0,1,0,24.48,1030.85,11.18,611.87,-114.26,0
260952,40,68,72,792,0,1,0,24.48,1030.85,11.18,610.75,-114.34,0
261948,39,67,73,791,0,1,0,24.48,1030.86,11.17,612.98,-114.26,0
262944,39,68,73,790,0,1,0,24.48,1030.85,11.19,611.31,-114.26,0
263940,39,68,73,800,0,1,0,24.48,1030.85,11.18,611.31,-114.26,0
264936,39,68,74,808,0,1,0,24.48,1030.85,11.18,611.31,-114.26,0
265932,40,68,74,808,0,1,0,24.48,1030.85,11.19,610.75,-114.26,0
266928,40,69,74,809,0,1,0,24.48,1030.85,11.19,610.20,-114.17,0
267924,40,68,74,809,0,1,0,24.48,1030.84,11.20,611.31,-114.17,0
268920,40,68,73,808,0,1,0,24.48,1030.84,11.20,607.99,-114.17,0
269916,39,68,73,804,0,1,0,24.48,1030.84,11.20,609.09,-114.09,0
270912,39,67,73,801,0,1,0,24.48,1030.83,11.21,609.64,-114.17,0
271908,39,68,73,799,0,1,0,24.48,1030.84,11.23,607.99,-114.17,0
272904,39,68,73,798,0,1,0,24.48,1030.84,11.25,608.54,-114.17,0
273900,40,68,73,796,0,1,0,24.48,1030.84,11.26,612.42,-114.17,0
274896,39,68,72,795,0,1,0,24.48,1030.84,11.27,609.09,-114.17,0
275892,39,68,73,793,0,1,0,24.48,1030.84,11.28,606.34,-114.09,0
276888,39,67,72,792,0,1,0,24.48,1030.83,11.28,606.89,-114.17,0
277884,39,67,73,791,0,1,0,24.48,1030.84,11.28,608.54,-114.17,0
278880,39,67,72,791,0,1,0,24.48,1030.84,11.27,605.80,-114.09,0
279876,39,67,72,789,0,1,0,24.48,1030.83,11.28,606.34,-114.09,0
280872,39,68,73,788,0,1,0,24.48,1030.83,11.27,606.34,-114.09,0
281868,38,67,73,787,0,1,0,24.48,1030.83,11.25,612.42,-114.17,0
282864,39,67,72,787,0,1,0,24.48,1030.84,11.26,611.31,-114.09,0
283860,39,67,72,787,0,1,0,24.48,1030.83,11.25,611.31,-114.09,0
284856,39,67,72,786,0,1,0,24.48,1030.83,11.24,611.31,-114.01,0
285852,39,68,73,785,0,1,0,24.47,1030.82,11.23,610.20,-113.93,0
286848,38,67,72,785,0,1,0,24.48,1030.81,11.23,606.34,-113.93,0
287844,39,67,72,785,0,1,0,24.47,1030.81,11.22,610.20,-113.93,0
288840,39,67,73,784,0,1,0,24.47,1030.81,11.22,609.09,-113.93,0
289836,39,67,72,784,0,1,0,24.47,1030.81,11.21,610.20,-113.93,0
290832,39,67,72,783,0,1,0,24.47,1030.81,11.21,605.80,-113.93,0
291828,39,67,72,782,0,1,0,24.47,1030.81,11.21,607.99,-114.01,0
292824,39,67,72,782,0,1,0,24.47,1030.82,11.19,610.20,-114.01,0
293820,39,66,72,782,0,1,0,24.47,1030.82,11.19,606.89,-114.01,0
294816,39,68,72,782,0,1,0,24.47,1030.82,11.19,609.09,-114.01,0
295812,39,67,73,781,0,1,0,24.47,1030.82,11.19,609.09,-113.93,0
296808,39,67,72,781,0,1,0,24.47,1030.81,11.18,610.20,-113.93,0
297804,39,67,73,781,0,1,0,24.47,1030.81,11.19,609.64,-113.93,0
298800,38,67,72,781,0,1,0,24.47,1030.81,11.18,611.31,-113.93,0
299796,39,67,72,780,0,1,0,24.47,1030.81,11.18,610.20,-113.93,0
300792,39,66,72,780,0,1,0,24.47,1030.81,11.17,615.79,-113.93,0
301788,39,67,72,779,0,1,0,24.47,1030.81,11.17,609.09,-114.01,0
302784,39,67,72,780,0,1,0,24.47,1030.82,11.16,610.75,-114.01,1
303780,39,67,72,781,0,1,0,24.47,1030.82,11.17,610.75,-114.01,1
304776,39,67,73,780,0,1,0,24.47,1030.82,11.18,614.10,-113.93,1
305772,39,68,72,780,0,1,0,24.47,1030.81,11.17,614.66,-113.93,1
306768,39,67,73,780,0,1,0,24.47,1030.81,11.17,613.54,-113.85,1
307764,39,67,72,780,0,1,0,24.47,1030.80,11.17,614.66,-113.85,1
308760,39,67,72,779,0,1,0,24.47,1030.80,11.17,610.20,-113.93,1
309756,39,67,72,779,0,1,0,24.47,1030.81,11.16,611.87,-113.93,1
310752,39,68,73,779,0,1,0,24.47,1030.81,11.17,607.99,-113.85,1
311748,39,67,72,780,0,1,0,24.47,1030.80,11.16,614.66,-113.85,1
312744,39,68,73,794,0,1,0,24.47,1030.80,11.16,611.31,-113.93,1
313740,39,68,74,807,0,1,0,24.47,1030.81,11.17,611.31,-113.93,1
314736,40,68,74,811,0,1,0,24.47,1030.81,11.17,608.54,-113.93,1
315732,40,68,73,811,0,1,0,24.46,1030.81,11.17,614.66,-113.93,1
316728,40,68,73,804,0,1,0,24.46,1030.81,11.16,611.31,-113.85,1
317724,39,68,73,801,0,1,0,24.46,1030.80,11.16,612.98,-113.85,1
318720,39,68,73,798,0,1,0,24.46,1030.80,11.17,615.79,-113.85,1
319716,39,68,73,796,0,1,0,24.46,1030.80,11.16,613.54,-113.85,1
320712,40,68,73,794,0,1,0,24.47,1030.80,11.15,610.20,-113.85,1
321708,39,67,73,793,0,1,0,24.46,1030.80,11.16,609.09,-113.85,1
322704,40,68,73,791,0,1,0,24.46,1030.80,11.16,610.20,-113.77,1
323700,39,68,72,790,0,1,0,24.46,1030.79,11.16,611.87,-113.77,1
324696,39,68,72,790,0,1,0,24.46,1030.79,11.16,609.64,-113.77,1
325692,40,68,73,789,0,1,0,24.46,1030.79,11.15,610.75,-113.77,1
326688,40,67,73,788,0,1,0,24.46,1030.79,11.16,610.20,-113.77,1
327684,39,67,73,786,0,1,0,24.46,1030.79,11.15,611.31,-113.77,1
328680,40,67,73,786,0,1,0,24.46,1030.79,11.16,610.75,-113.85,1
329676,40,68,73,785,0,1,0,24.46,1030.80,11.15,610.20,-113.77,1
330672,40,67,73,785,0,1,0,24.46,1030.79,11.15,608.54,-113.77,1
331668,39,67,73,784,0,1,0,24.46,1030.79,11.15,611.31,-113.77,1
332664,40,67,72,784,0,1,0,24.46,1030.79,11.16,607.99,-113.85,1
333660,40,68,73,783,0,1,0,24.46,1030.80,11.14,610.75,-113.85,1
334656,39,67,73,783,0,1,0,24.46,1030.80,11.16,611.31,-113.93,1
335652,39,67,72,783,0,1,0,24.46,1030.81,11.16,609.09,-113.85,1
336648,40,68,73,782,0,1,0,24.46,1030.80,11.15,607.44,-113.85,1
337644,39,68,73,783,0,1,0,24.46,1030.80,11.15,607.99,-113.85,1
338640,40,68,73,787,0,1,0,24.46,1030.80,11.15,607.99,-113.85,1
339636,40,68,73,797,0,1,0,24.46,1030.80,11.16,605.25,-113.85,1
340632,40,68,74,807,0,1,0,24.46,1030.80,11.16,607.44,-113.85,1
341628,40,68,74,813,0,1,0,24.46,1030.80,11.16,607.44,-113.77,1
342624,40,68,74,815,0,1,0,24.46,1030.79,11.16,607.99,-113.68,1
343620,40,69,74,814,0,1,0,24.46,1030.78,11.16,609.64,-113.68,1
344616,40,69,74,809,0,1,0,24.46,1030.78,11.16,610.75,-113.68,1
345612,40,68,73,807,0,1,0,24.46,1030.78,11.15,607.99,-113.77,1
346608,40,69,73,803,0,1,0,24.46,1030.79,11.16,607.99,-113.68,1
347604,40,68,74,803,0,1,0,24.46,1030.78,11.16,606.34,-113.77,1
348600,40,68,73,801,0,1,0,24.46,1030.79,11.17,606.89,-113.85,1
349596,40,68,73,799,0,1,0,24.46,1030.80,11.17,607.99,-113.77,1
350592,40,68,73,797,0,1,0,24.46,1030.79,11.16,607.99,-113.68,1
351588,40,68,73,796,0,1,0,24.46,1030.78,11.18,607.44,-113.68,1
352584,40,68,74,794,0,1,0,24.47,1030.78,11.17,609.09,-113.68,1
353580,40,68,73,794,0,1,0,24.47,1030.78,11.18,609.64,-113.77,1
354576,40,68,74,792,0,1,0,24.47,1030.79,11.17,614.10,-113.77,1
355572,40,68,73,791,0,1,0,24.47,1030.79,11.18,607.44,-113.68,1
356568,40,68,73,791,0,1,0,24.47,1030.78,11.18,610.75,-113.68,1
357564,40,68,73,790,0,1,0,24.47,1030.78,11.18,611.31,-113.60,1
358560,40,68,72,789,0,1,0,24.47,1030.77,11.19,604.71,-113.60,1
359556,40,67,73,788,0,1,0,24.47,1030.77,11.19,609.09,-113.60,1
360552,40,68,73,787,0,1,0,24.47,1030.77,11.19,609.64,-113.52,1
361548,40,68,73,787,0,1,0,24.47,1030.76,11.19,609.09,-113.52,1
362544,39,67,73,786,0,1,0,24.47,1030.76,11.20,608.54,-113.52,1
363540,40,68,73,785,0,1,0,24.47,1030.76,11.20,610.20,-113.52,1
364536,40,67,73,785,0,1,0,24.47,1030.76,11.20,614.10,-113.60,1
365532,39,68,73,784,0,1,0,24.47,1030.77,11.21,614.10,-113.52,1
366528,39,67,73,784,0,1,0,24.48,1030.76,11.20,610.75,-113.52,1
367524,40,67,72,784,0,1,0,24.47,1030.76,11.21,613.54,-113.60,1
368520,40,68,73,783,0,1,0,24.48,1030.77,11.20,611.31,-113.60,1
369516,40,68,73,782,0,1,0,24.48,1030.77,11.21,609.09,-113.60,1
370512,40,68,73,783,0,1,0,24.48,1030.77,11.20,611.87,-113.52,1
371508,39,68,73,783,0,1,0,24.48,1030.76,11.20,610.20,-113.60,1
372504,40,67,73,782,0,1,0,24.48,1030.77,11.21,611.31,-113.52,0
373500,39,68,73,782,0,1,0,24.48,1030.76,11.20,610.20,-113.52,0
374496,39,67,73,782,0,1,0,24.48,1030.76,11.20,611.31,-113.52,0
375492,39,67,73,781,0,1,0,24.48,1030.76,11.20,611.87,-113.52,0
376488,40,67,73,782,0,1,0,24.48,1030.76,11.20,609.09,-113.52,0
377484,40,68,72,781,0,1,0,24.48,1030.76,11.20,613.54,-113.60,0
378480,39,67,73,781,0,1,0,24.48,1030.77,11.20,612.98,-113.68,0
379476,40,67,73,781,0,1,0,24.48,1030.78,11.20,613.54,-113.68,0
380472,39,67,72,780,0,1,0,24.48,1030.78,11.20,612.42,-113.68,0
381468,39,67,72,781,0,1,0,24.48,1030.78,11.21,611.31,-113.77,0
382464,39,68,73,781,0,1,0,24.48,1030.79,11.21,611.87,-113.77,0
383460,39,67,72,780,0,1,0,24.48,1030.79,11.21,611.87,-113.77,0
384456,39,67,73,780,0,1,0,24.48,1030.79,11.22,611.31,-113.77,0
385452,39,68,73,780,0,1,0,24.48,1030.79,11.22,610.20,-113.77,0
386448,39,68,72,779,0,1,0,24.48,1030.79,11.21,615.79,-113.77,0
387444,39,68,72,780,0,1,0,24.48,1030.79,11.23,607.99,-113.68,0
388440,39,67,72,779,0,1,0,24.48,1030.78,11.22,610.20,-113.68,0
389436,39,67,72,779,0,1,0,24.48,1030.78,11.23,611.31,-113.52,0
390432,39,67,72,778,0,1,0,24.48,1030.76,11.23,610.20,-113.52,0
391428,39,67,72,778,0,1,0,24.49,1030.76,11.22,614.66,-113.44,0
392424,39,68,72,778,0,1,0,24.49,1030.75,11.22,611.31,-113.44,0
393420,38,67,72,778,0,1,0,24.49,1030.75,11.23,608.54,-113.44,0
394416,39,67,72,778,0,1,0,24.49,1030.75,11.22,610.20,-113.44,0
395412,39,67,72,777,0,1,0,24.49,1030.75,11.23,612.42,-113.44,0
396408,38,67,72,776,0,1,0,24.50,1030.75,11.22,610.75,-113.44,0
397404,39,67,72,776,0,1,0,24.50,1030.75,11.22,610.75,-113.35,0
398400,38,67,72,776,0,1,0,24.50,1030.74,11.21,613.54,-113.35,0
399396,39,67,72,776,0,1,0,24.50,1030.74,11.20,612.98,-113.27,0
400392,38,67,71,775,0,1,0,24.50,1030.73,11.20,610.20,-113.27,0
401388,39,67,72,776,0,1,0,24.50,1030.73,11.20,610.75,-113.27,0
402384,39,67,71,776,0,1,0,24.50,1030.73,11.20,613.54,-113.27,0
403380,39,67,72,775,0,1,0,24.50,1030.73,11.20,615.23,-113.27,0
404376,39,67,72,776,0,1,0,24.50,1030.73,11.19,610.20,-113.27,0
405372,38,67,72,775,0,1,0,24.51,1030.73,11.18,614.66,-113.35,0
406368,39,67,71,775,0,1,0,24.51,1030.74,11.17,619.77,-113.27,0
407364,39,67,72,775,0,1,0,24.51,1030.73,11.17,613.54,-113.19,0
408360,39,66,71,775,0,2,0,24.51,1030.72,11.17,615.23,-113.27,0
409356,39,67,71,775,0,1,0,24.51,1030.73,11.16,612.98,-113.19,0
410352,39,67,71,775,0,1,0,24.51,1030.72,11.15,615.79,-113.19,0
411348,39,67,71,776,0,1,0,24.51,1030.72,11.17,615.79,-113.19,0
412344,39,67,72,776,0,1,0,24.51,1030.72,11.15,611.31,-113.19,0
413340,39,67,72,780,0,1,0,24.51,1030.72,11.14,612.42,-113.11,0
414336,38,67,71,785,0,1,0,24.52,1030.71,11.13,609.64,-113.19,0
415332,38,67,71,789,0,1,0,24.52,1030.72,11.14,605.25,-113.11,0
416328,39,67,71,793,0,1,0,24.52,1030.71,11.16,600.38,-113.11,0
417324,39,67,72,797,0,1,0,24.52,1030.71,11.18,600.38,-113.19,0
418320,38,67,72,799,0,1,0,24.52,1030.72,11.21,597.18,-113.19,0
419316,39,67,71,799,0,1,0,24.52,1030.72,11.23,594.54,-113.19,0
420312,39,68,71,800,0,1,0,24.51,1030.72,11.26,591.92,-113.19,0
421308,38,67,72,802,0,1,0,24.51,1030.72,11.26,587.78,-113.11,1
422304,38,68,72,805,0,1,0,24.51,1030.71,11.27,590.88,-113.19,1
423300,39,68,73,806,0,1,0,24.51,1030.72,11.28,588.81,-113.19,1
424296,39,68,73,807,0,1,0,24.51,1030.72,11.28,588.81,-113.19,1
425292,39,68,72,806,0,1,0,24.51,1030.72,11.29,587.78,-113.19,1
426288,38,67,72,806,0,1,0,24.51,1030.72,11.29,587.78,-113.11,1
427284,39,68,72,804,0,1,0,24.51,1030.71,11.30,585.73,-113.19,1
428280,39,68,72,805,0,1,0,24.51,1030.72,11.31,585.73,-113.19,1
429276,39,68,72,805,0,1,0,24.51,1030.72,11.32,583.18,-113.11,1
430272,39,68,73,808,0,1,0,24.51,1030.71,11.32,579.16,-113.11,1
431268,39,68,73,811,0,1,0,24.52,1030.71,11.32,581.17,-113.19,1
432264,40,68,72,814,0,1,0,24.52,1030.72,11.33,578.66,-113.19,1
433260,39,68,73,815,0,1,0,24.52,1030.72,11.35,571.77,-113.19,1
434256,40,68,73,814,0,1,0,24.52,1030.72,11.37,567.90,-113.19,1
435252,39,68,72,814,0,1,0,24.52,1030.72,11.41,565.04,-113.19,1
436248,39,68,73,821,0,1,0,24.52,1030.72,11.47,566.94,-113.27,1
437244,39,69,73,823,0,1,0,24.52,1030.73,11.52,560.79,-113.19,1
438240,40,68,73,822,0,1,0,24.52,1030.72,11.55,559.39,-113.19,1
439236,40,69,74,824,0,1,0,24.52,1030.72,11.58,564.56,-113.27,1
440232,40,69,73,824,0,1,0,24.52,1030.73,11.61,559.86,-113.27,1
441228,40,69,73,823,0,1,0,24.52,1030.73,11.64,554.77,-113.11,1
442224,40,68,73,823,0,1,0,24.52,1030.71,11.66,555.69,-113.19,1
443220,39,69,73,821,0,1,0,24.52,1030.72,11.70,553.86,-113.19,1
444216,39,69,73,818,0,1,0,24.52,1030.72,11.72,557.07,-113.27,1
445212,40,69,72,816,0,1,0,24.52,1030.73,11.73,552.49,-113.27,1
446208,40,69,72,814,0,1,0,24.52,1030.73,11.75,550.23,-113.19,1
447204,40,68,72,813,0,1,0,24.52,1030.72,11.77,552.94,-113.19,1
448200,39,68,73,811,0,1,0,24.52,1030.72,11.76,556.15,-113.19,1
449196,39,68,73,810,0,1,0,24.53,1030.72,11.77,553.86,-113.19,1
450192,39,68,73,810,0,1,0,24.53,1030.72,11.75,548.88,-113.11,1
451188,39,68,73,809,0,1,0,24.52,1030.71,11.74,548.88,-113.19,1
452184,40,68,73,809,0,1,0,24.53,1030.72,11.72,551.13,-113.03,1
453180,40,68,72,809,0,1,0,24.53,1030.70,11.71,550.68,-113.11,1
454176,40,68,73,809,0,1,0,24.53,1030.71,11.71,551.13,-113.03,1
455172,40,68,73,810,0,1,0,24.53,1030.70,11.68,554.31,-113.03,1
456168,41,68,74,808,0,1,0,24.53,1030.70,11.66,552.04,-113.11,1
457164,40,68,73,807,0,1,0,24.53,1030.71,11.64,553.86,-113.03,1
458160,40,68,73,806,0,1,0,24.53,1030.70,11.62,555.23,-113.03,1
459156,40,68,74,806,0,1,0,24.53,1030.70,11.61,557.53,-113.03,1
460152,40,67,74,805,0,1,0,24.53,1030.70,11.59,550.23,-113.03,1
461148,41,68,73,805,0,1,0,24.53,1030.70,11.57,557.07,-113.03,1
462144,41,67,73,804,0,1,0,24.53,1030.70,11.54,555.23,-113.19,1
463140,40,68,73,803,0,1,0,24.53,1030.72,11.52,557.53,-113.19,1
464136,40,68,73,803,0,1,0,24.53,1030.72,11.49,558.46,-113.19,1
465132,40,68,73,802,0,1,0,24.53,1030.72,11.47,562.20,-113.19,1
466128,40,68,73,803,0,1,0,24.53,1030.72,11.44,560.32,-113.11,1
467124,41,68,73,802,0,1,0,24.53,1030.71,11.44,566.47,-113.11,1
468120,41,68,73,802,0,1,0,24.53,1030.71,11.41,562.67,-113.19,1
469116,41,68,74,802,0,1,0,24.53,1030.72,11.38,561.26,-113.11,1
470112,40,68,73,802,0,1,0,24.53,1030.71,11.37,563.14,-113.19,1
471108,40,68,73,801,0,1,0,24.53,1030.72,11.36,563.14,-113.11,1
472104,41,68,73,801,0,1,0,24.53,1030.71,11.35,561.26,-113.19,1
473100,40,68,73,801,0,1,0,24.53,1030.72,11.33,562.67,-113.11,1
474096,40,68,72,801,0,1,0,24.53,1030.71,11.32,563.14,-113.11,1
475092,40,68,73,800,0,1,0,24.53,1030.71,11.31,562.20,-113.03,1
476088,41,68,73,800,0,1,0,24.53,1030.70,11.31,562.67,-113.11,1
477084,40,68,73,801,0,1,0,24.53,1030.71,11.30,562.20,-113.19,1
478080,40,67,73,801,0,1,0,24.53,1030.72,11.29,562.20,-113.11,1
479076,40,68,73,801,0,1,0,24.53,1030.71,11.28,565.99,-113.19,1
480072,40,68,74,802,0,1,0,24.53,1030.72,11.28,563.14,-113.19,1
481068,40,68,73,802,0,1,0,24.53,1030.72,11.28,562.67,-113.19,1
482064,41,68,73,801,0,1,0,24.53,1030.72,11.28,563.14,-113.27,1
483060,40,68,73,801,0,1,0,24.53,1030.73,11.27,562.67,-113.19,1
