timestamp,NO2,C2H50H,VOC,CO,Alcohol,LPG,Benzene,Temperature,Pressure,Humidity,Gas_Resistance,Altitude,State1.66
398400,106,97,187,770,0,5,0,24.85,1016.80,15.40,627.29,1.66,0
399396,107,97,187,770,0,5,0,24.86,1016.80,15.39,628.46,1.66,0
400392,107,98,187,770,0,5,0,24.86,1016.80,15.38,624.96,1.66,0
401388,106,98,188,770,0,5,0,24.86,1016.80,15.38,621.49,1.66,0
402384,107,98,188,770,0,5,0,24.86,1016.80,15.38,625.54,1.66,0
403380,107,98,188,770,0,5,0,24.86,1016.80,15.38,624.37,1.58,0
404376,108,98,188,770,0,5,0,24.86,1016.81,15.36,626.12,1.58,0
405372,108,98,189,770,0,5,0,24.86,1016.81,15.38,626.12,1.66,0
406368,108,98,189,770,1,5,0,24.86,1016.80,15.36,619.77,1.66,0
407364,109,98,189,770,0,4,0,24.86,1016.80,15.36,625.54,1.66,0
408360,108,98,190,770,0,5,0,24.86,1016.80,15.37,627.29,1.74,0
409356,108,98,190,770,0,5,0,24.86,1016.79,15.36,624.96,1.66,0
410352,109,98,190,770,1,5,0,24.86,1016.80,15.37,623.79,1.74,0
411348,109,98,190,770,0,5,0,24.86,1016.79,15.37,628.46,1.74,0
412344,109,98,190,770,0,5,0,24.86,1016.79,15.36,624.37,1.74,0
413340,109,98,191,770,0,5,0,24.86,1016.79,15.36,627.29,1.74,0
414336,109,98,190,769,0,4,0,24.86,1016.79,15.36,623.79,1.74,0
415332,109,98,190,769,0,5,0,24.86,1016.79,15.36,626.12,1.82,0
416328,109,98,190,769,0,5,0,24.86,1016.78,15.36,627.29,1.74,0
417324,109,99,190,770,0,5,0,24.86,1016.79,15.36,626.12,1.82,0
418320,109,98,190,770,0,5,0,24.86,1016.78,15.35,628.46,1.74,0
419316,108,99,190,769,0,5,0,24.86,1016.79,15.36,622.06,1.74,0
420312,109,98,190,769,0,5,0,24.86,1016.79,15.35,626.71,1.66,0
421308,109,99,190,770,0,5,0,24.86,1016.80,15.35,619.20,1.66,0
422304,109,98,189,769,0,5,0,24.86,1016.80,15.35,632.61,1.66,0
423300,109,98,190,769,0,5,0,24.86,1016.80,15.36,627.88,1.74,0
424296,109,99,190,769,0,5,0,24.86,1016.79,15.34,630.82,1.74,0
425292,108,98,189,769,0,5,0,24.86,1016.79,15.35,629.64,1.74,0
426288,108,98,189,770,0,5,0,24.86,1016.79,15.37,624.96,1.74,0
427284,108,99,189,770,0,5,0,24.86,1016.79,15.36,626.71,1.74,0
428280,108,99,188,771,0,5,0,24.86,1016.79,15.36,623.22,1.74,0
429276,108,98,189,770,0,5,0,24.85,1016.79,15.36,629.64,1.74,0
430272,108,99,189,771,0,4,0,24.85,1016.79,15.35,626.12,1.82,0
431268,107,99,189,771,0,5,0,24.85,1016.78,15.36,629.64,1.82,0
432264,107,99,188,770,0,5,0,24.85,1016.78,15.37,630.23,1.74,0
433260,107,99,188,771,0,5,0,24.85,1016.79,15.37,628.46,1.82,0
434256,107,99,188,770,0,5,0,24.85,1016.78,15.37,635.60,1.82,0
435252,106,98,187,770,0,5,0,24.85,1016.78,15.36,634.40,1.82,0
436248,106,99,187,771,0,5,0,24.85,1016.78,15.37,628.46,1.82,0
437244,106,99,187,770,0,5,0,24.85,1016.78,15.38,629.64,1.74,0
438240,106,99,187,770,0,5,0,24.85,1016.79,15.39,625.54,1.74,0
439236,105,98,187,770,0,5,0,24.85,1016.79,15.39,630.23,1.74,0
440232,105,99,186,770,0,5,0,24.85,1016.79,15.38,627.29,1.82,0
441228,105,98,186,770,0,5,0,24.85,1016.78,15.39,627.88,1.74,0
442224,105,99,186,769,0,5,0,24.85,1016.79,15.37,627.88,1.74,0
443220,105,99,186,769,0,4,0,24.85,1016.79,15.38,633.80,1.74,0
444216,105,99,185,770,0,5,0,24.85,1016.79,15.40,633.20,1.82,0
445212,104,99,185,770,0,4,0,24.86,1016.78,15.38,631.42,1.82,0
446208,104,99,185,769,0,5,0,24.86,1016.78,15.40,633.20,1.82,0
447204,104,99,185,769,0,5,0,24.86,1016.78,15.38,631.42,1.82,0
448200,104,99,185,770,0,5,0,24.86,1016.78,15.37,630.23,1.82,0
449196,104,99,184,770,0,5,0,24.86,1016.78,15.38,633.20,1.74,0
450192,103,99,184,769,0,5,0,24.86,1016.79,15.38,636.20,1.74,0
451188,103,99,184,769,0,5,0,24.86,1016.79,15.38,634.40,1.74,0
452184,103,99,184,769,0,5,0,24.86,1016.79,15.37,636.20,1.74,0
453180,103,99,184,770,0,4,0,24.86,1016.79,15.37,642.28,1.74,0
454176,102,99,184,769,0,5,0,24.85,1016.79,15.37,640.45,1.74,0
455172,103,99,183,770,0,5,0,24.85,1016.79,15.37,633.20,1.74,0
456168,103,99,184,770,0,5,0,24.85,1016.79,15.38,636.80,1.82,0
457164,102,99,183,770,0,5,0,24.85,1016.78,15.37,644.13,1.82,0
458160,102,99,183,770,0,5,0,24.85,1016.78,15.39,636.20,1.82,0
459156,101,99,183,769,0,5,0,24.85,1016.78,15.38,641.67,1.82,0
460152,101,98,182,770,0,5,0,24.85,1016.78,15.36,638.62,1.82,0
461148,101,98,182,769,0,5,0,24.85,1016.78,15.37,640.45,1.82,0
462144,101,99,182,769,0,5,0,24.86,1016.78,15.38,640.45,1.74,0
463140,101,99,181,769,0,5,0,24.86,1016.79,15.37,645.99,1.74,0
464136,101,98,181,769,0,5,0,24.86,1016.79,15.38,642.90,1.82,0
465132,100,99,180,769,0,5,0,24.86,1016.78,15.36,639.84,1.82,0
466128,100,99,180,770,0,4,0,24.86,1016.78,15.37,644.13,1.82,0
467124,100,99,181,770,0,5,0,24.86,1016.78,15.36,647.86,1.82,0
468120,100,98,180,770,0,5,0,24.86,1016.78,15.36,645.99,1.82,0
469116,100,99,179,769,1,5,0,24.86,1016.78,15.36,645.37,1.82,0
470112,100,99,179,770,0,5,0,24.86,1016.78,15.34,653.53,1.82,0
471108,99,99,179,769,0,5,0,24.86,1016.78,15.35,647.86,1.82,0
472104,98,99,179,769,0,5,0,24.86,1016.78,15.35,648.48,1.82,0
473100,99,99,179,768,0,4,0,24.86,1016.78,15.34,648.48,1.82,0
474096,99,99,179,769,0,5,0,24.86,1016.78,15.34,650.37,1.91,0
475092,98,98,178,769,0,6,0,24.86,1016.77,15.35,649.11,1.91,0
476088,99,98,178,769,0,5,0,24.86,1016.77,15.34,652.89,1.91,0
477084,99,98,178,770,1,5,0,24.86,1016.77,15.34,649.11,1.91,0
478080,98,99,178,769,0,5,0,24.86,1016.77,15.34,653.53,1.91,0
479076,98,98,177,769,0,5,0,24.86,1016.77,15.33,657.37,1.82,0
480072,98,98,177,769,0,5,0,24.86,1016.78,15.35,652.26,1.82,0
481068,97,98,178,768,0,5,0,24.87,1016.78,15.34,652.89,1.91,0
482064,98,99,177,768,0,5,0,24.87,1016.77,15.34,656.08,1.82,0
483060,98,99,176,767,0,5,0,24.87,1016.78,15.33,654.16,1.82,0
484056,97,98,176,768,1,5,0,24.87,1016.78,15.34,659.30,1.82,0
485052,97,98,176,768,0,5,0,24.87,1016.78,15.34,650.37,1.74,0
486048,97,99,177,769,0,5,0,24.87,1016.79,15.34,655.44,1.74,0
487044,97,98,176,769,0,5,0,24.86,1016.79,15.35,649.11,1.74,0
488040,97,98,176,769,0,5,0,24.86,1016.79,15.35,646.61,1.74,0
489036,96,98,176,769,0,5,0,24.86,1016.79,15.36,647.23,1.74,0
490032,96,99,175,768,0,5,0,24.86,1016.79,15.37,647.86,1.74,0
491028,96,99,175,770,0,5,0,24.86,1016.79,15.37,644.75,1.74,0
492024,97,98,176,769,0,5,0,24.86,1016.79,15.37,640.45,1.82,0
493020,96,98,175,769,0,5,0,24.86,1016.78,15.38,641.06,1.82,0
494016,96,99,175,770,0,4,0,24.86,1016.78,15.38,635.60,1.74,0
495012,95,98,174,770,0,5,0,24.86,1016.79,15.39,639.23,1.82,0
496008,96,98,174,770,0,5,0,24.86,1016.78,15.40,638.01,1.82,0
497004,95,98,174,769,0,5,0,24.86,1016.78,15.42,631.42,1.82,0
498000,95,99,173,770,0,5,0,24.86,1016.78,15.43,637.41,1.82,0
498996,95,99,174,770,0,5,0,24.86,1016.78,15.43,635.60,1.82,0
499992,95,98,174,769,0,5,0,24.86,1016.78,15.44,640.45,1.82,0
500988,95,98,173,769,0,5,0,24.86,1016.78,15.44,641.67,1.82,0
501984,95,98,173,769,0,5,0,24.86,1016.78,15.45,639.23,1.74,0
502980,95,98,173,769,0,5,0,24.86,1016.79,15.44,635.00,1.74,0
503976,94,98,173,768,0,5,0,24.86,1016.79,15.45,639.23,1.74,0
504972,94,98,172,769,0,5,0,24.86,1016.79,15.44,635.60,1.74,0
505968,94,98,172,769,0,5,0,24.86,1016.79,15.43,635.60,1.74,0
506964,94,98,172,769,0,5,0,24.86,1016.79,15.45,641.67,1.74,0
507960,94,98,171,769,0,5,0,24.86,1016.79,15.44,639.84,1.74,0
508956,94,98,171,770,0,5,0,24.86,1016.79,15.43,640.45,1.74,0
509952,94,98,171,769,0,5,0,24.86,1016.79,15.43,638.01,1.74,0
510948,94,98,171,769,0,5,0,24.86,1016.79,15.42,647.23,1.74,0
511944,94,97,171,769,0,5,0,24.86,1016.79,15.41,641.06,1.66,0
512940,93,98,170,768,0,5,0,24.86,1016.80,15.40,642.90,1.74,0
513936,94,98,171,768,0,5,0,24.86,1016.79,15.37,647.23,1.82,0
514932,93,98,170,768,0,5,0,24.86,1016.78,15.37,643.51,1.82,0
515928,93,98,170,768,0,5,0,24.86,1016.78,15.36,649.11,1.82,0
516924,93,98,170,768,0,5,0,24.86,1016.78,15.36,645.37,1.82,0
517920,93,98,170,768,0,5,0,24.87,1016.78,15.35,652.26,1.74,0
518916,93,98,170,768,0,5,0,24.87,1016.79,15.34,645.99,1.66,0
519912,93,98,169,767,0,5,0,24.87,1016.80,15.33,655.44,1.74,1
520908,92,98,169,768,0,5,0,24.87,1016.79,15.32,654.16,1.74,1
521904,93,98,171,772,0,5,0,24.87,1016.79,15.32,652.89,1.74,1
522900,92,99,171,773,0,5,0,24.87,1016.79,15.31,647.86,1.74,1
523896,94,99,172,771,1,5,0,24.87,1016.79,15.29,654.16,1.66,1
524892,96,99,173,770,0,5,0,24.87,1016.80,15.29,659.95,1.74,1
525888,97,98,174,769,0,5,0,24.87,1016.79,15.30,655.44,1.74,1
526884,99,99,175,768,0,5,0,24.87,1016.79,15.30,655.44,1.66,1
527880,100,98,176,769,0,5,0,24.87,1016.80,15.31,656.72,1.66,1
528876,101,98,176,768,0,5,0,24.87,1016.80,15.30,654.16,1.74,1
529872,101,99,177,768,0,5,0,24.87,1016.79,15.30,658.01,1.74,1
530868,101,99,177,769,0,5,0,24.87,1016.79,15.30,658.65,1.82,1
531864,102,98,176,768,0,5,0,24.87,1016.78,15.31,660.60,1.82,1
532860,102,99,177,768,0,5,0,24.87,1016.78,15.31,658.65,1.74,1
533856,103,98,177,769,0,5,0,24.87,1016.79,15.32,657.37,1.74,1
534852,103,99,178,769,0,5,0,24.87,1016.79,15.31,656.72,1.74,1
535848,103,98,178,769,0,5,0,24.87,1016.79,15.31,660.60,1.74,1
536844,103,99,178,769,0,5,0,24.87,1016.79,15.32,658.65,1.74,1
537840,103,99,179,769,1,5,0,24.87,1016.79,15.34,660.60,1.74,1
538836,104,98,178,770,0,5,0,24.87,1016.79,15.33,659.30,1.74,1
539832,104,99,179,769,0,5,0,24.87,1016.79,15.34,658.65,1.74,1
540828,105,99,178,769,0,5,0,24.87,1016.79,15.34,655.44,1.74,1
541824,104,99,179,769,0,5,0,24.87,1016.79,15.35,667.16,1.82,1
542820,104,98,179,769,0,5,0,24.87,1016.78,15.36,656.72,1.74,1
543816,104,99,179,769,1,5,0,24.87,1016.79,15.36,654.16,1.74,1
544812,105,99,179,769,0,5,0,24.87,1016.79,15.36,653.53,1.74,1
545808,104,98,180,768,0,5,0,24.87,1016.79,15.36,652.89,1.74,1
546804,105,99,180,769,0,5,0,24.87,1016.79,15.37,651.00,1.74,1
547800,106,98,181,769,0,5,0,24.87,1016.79,15.37,652.26,1.74,1
548796,105,99,181,768,0,5,0,24.87,1016.79,15.37,655.44,1.66,1
549792,106,99,180,769,0,5,0,24.87,1016.80,15.37,646.61,1.66,1
550788,106,99,181,769,0,5,0,24.87,1016.80,15.38,649.11,1.66,1
551784,106,98,180,769,0,5,0,24.87,1016.80,15.37,648.48,1.74,1
552780,107,99,181,769,0,5,0,24.87,1016.79,15.38,647.86,1.66,1
553776,106,99,181,768,0,5,0,24.87,1016.80,15.38,647.23,1.58,1
554772,106,99,182,769,0,5,0,24.87,1016.81,15.39,646.61,1.66,1
555768,107,100,183,769,0,5,0,24.87,1016.80,15.39,648.48,1.58,1
556764,108,99,184,769,0,5,0,24.87,1016.81,15.38,650.37,1.58,1
557760,109,100,184,770,0,5,0,24.87,1016.81,15.38,651.63,1.58,1
558756,110,99,187,775,0,5,0,24.87,1016.81,15.37,647.86,1.58,1
559752,110,100,189,781,0,5,0,24.87,1016.81,15.38,651.00,1.58,1
560748,110,101,189,782,0,5,0,24.87,1016.81,15.38,652.89,1.58,1
561744,112,100,189,781,1,5,0,24.87,1016.81,15.37,644.75,1.58,1
562740,113,100,190,781,0,5,0,24.87,1016.81,15.37,651.63,1.49,1
563736,115,101,191,782,0,5,0,24.87,1016.82,15.37,654.16,1.58,1
564732,116,101,192,781,0,5,0,24.88,1016.81,15.36,652.89,1.58,1
565728,117,101,193,780,0,5,0,24.88,1016.81,15.35,654.80,1.66,1
566724,118,101,193,778,0,5,0,24.88,1016.80,15.35,655.44,1.66,1
567720,119,101,194,777,0,5,0,24.88,1016.80,15.34,654.80,1.66,1
568716,119,101,195,776,0,5,0,24.88,1016.80,15.35,655.44,1.58,1
569712,120,101,195,776,0,5,0,24.88,1016.81,15.34,654.80,1.58,1
570708,120,101,196,776,0,5,0,24.88,1016.81,15.34,658.01,1.49,1
571704,122,102,198,777,0,5,0,24.88,1016.82,15.34,660.60,1.49,1
572700,124,101,199,776,0,5,0,24.88,1016.82,15.34,654.16,1.58,1
573696,125,102,200,776,0,5,0,24.88,1016.81,15.35,656.72,1.58,1
574692,125,102,201,775,1,5,0,24.88,1016.81,15.34,656.72,1.58,1
575688,125,102,202,774,0,5,0,24.88,1016.81,15.34,654.80,1.58,1
576684,125,102,203,775,0,5,0,24.89,1016.81,15.35,656.08,1.58,1
577680,125,102,202,774,0,6,0,24.89,1016.81,15.34,655.44,1.49,1
578676,125,102,203,774,0,5,0,24.89,1016.82,15.33,660.60,1.49,1
579672,124,102,204,776,0,5,0,24.89,1016.82,15.34,661.90,1.58,0
580668,125,102,205,776,0,5,0,24.89,1016.81,15.34,656.72,1.58,0
581664,127,102,206,777,0,5,0,24.89,1016.81,15.34,657.37,1.58,0
582660,127,103,206,774,0,5,0,24.89,1016.81,15.33,657.37,1.49,0
583656,128,102,207,774,0,5,0,24.89,1016.82,15.34,662.55,1.58,0
584652,128,102,206,773,0,5,0,24.89,1016.81,15.33,661.25,1.58,0
585648,128,102,207,772,0,5,0,24.89,1016.81,15.34,656.72,1.58,0
586644,128,103,206,772,0,5,0,24.89,1016.81,15.35,656.72,1.58,0
587640,129,102,206,771,0,5,0,24.89,1016.81,15.33,654.16,1.58,0
588636,129,102,206,772,0,5,0,24.89,1016.81,15.34,658.01,1.58,0
589632,129,103,206,772,0,5,0,24.89,1016.81,15.35,659.30,1.49,0
590628,129,102,206,772,0,5,0,24.89,1016.82,15.36,657.37,1.41,0
591624,129,102,206,772,0,5,0,24.89,1016.83,15.35,654.16,1.41,0
592620,128,102,205,772,0,5,0,24.89,1016.83,15.36,659.95,1.41,0
593616,127,102,205,771,0,5,0,24.89,1016.83,15.37,659.30,1.41,0
594612,128,103,205,771,0,5,0,24.89,1016.83,15.36,659.95,1.41,0
595608,126,102,204,772,1,5,0,24.89,1016.83,15.37,655.44,1.41,0
596604,127,102,205,772,0,5,0,24.89,1016.83,15.36,665.84,1.41,0
597600,126,102,205,771,1,5,0,24.89,1016.83,15.36,661.25,1.33,0
598596,126,102,205,772,0,5,0,24.89,1016.84,15.35,663.86,1.33,0
599592,126,103,206,771,0,5,0,24.89,1016.84,15.36,660.60,1.24,0
0,126,102,207,771,0,5,0,24.89,1016.85,15.35,665.18,1.33,0
996,127,102,206,770,0,5,0,24.81,1016.84,15.35,656.72,1.33,0
1992,127,102,207,769,0,5,0,24.80,1016.84,15.38,657.37,1.33,0
2988,127,102,206,770,0,5,0,24.81,1016.84,15.40,665.84,1.33,0
3984,128,103,207,770,0,5,0,24.82,1016.84,15.39,660.60,1.33,0
4980,129,102,207,770,0,5,0,24.83,1016.84,15.39,658.65,1.33,0
5976,128,102,208,770,0,5,0,24.84,1016.84,15.40,662.55,1.33,0
6972,129,102,208,770,0,5,0,24.85,1016.84,15.41,663.21,1.33,0
7968,129,103,207,770,0,5,0,24.86,1016.84,15.40,659.30,1.24,0
8964,129,102,207,769,0,5,0,24.86,1016.85,15.40,663.86,1.24,0
9960,129,102,207,770,1,5,0,24.87,1016.85,15.40,660.60,1.24,0
10956,129,103,207,770,0,5,0,24.87,1016.85,15.38,663.21,1.24,0
11952,128,103,207,770,0,5,0,24.87,1016.85,15.40,661.90,1.24,0
12948,129,102,207,771,0,5,0,24.88,1016.85,15.40,654.80,1.24,0
13944,128,102,207,770,0,5,0,24.88,1016.85,15.39,652.89,1.24,0
14940,128,102,207,769,0,5,0,24.88,1016.85,15.39,651.63,1.24,0
15936,127,102,207,769,0,5,0,24.88,1016.85,15.38,644.75,1.24,0
16932,127,102,206,770,1,5,0,24.88,1016.85,15.39,648.48,1.33,0
17928,127,103,207,770,0,5,0,24.88,1016.84,15.39,647.86,1.24,0
18924,126,102,206,770,0,5,0,24.88,1016.85,15.39,645.37,1.24,0
19920,127,103,205,770,0,5,0,24.88,1016.85,15.39,645.37,1.33,0
20916,125,102,206,770,0,5,0,24.88,1016.84,15.40,640.45,1.33,0
21912,126,102,205,769,1,5,0,24.88,1016.84,15.40,646.61,1.41,0
22908,125,102,205,770,0,5,0,24.88,1016.83,15.41,642.28,1.33,0
23904,124,102,204,769,0,5,0,24.88,1016.84,15.40,643.51,1.41,0
24900,124,102,204,769,0,5,0,24.88,1016.83,15.41,645.37,1.41,0
25896,123,102,204,770,0,5,0,24.88,1016.83,15.44,641.67,1.41,0
26892,123,102,203,769,1,5,0,24.87,1016.83,15.47,644.13,1.41,0
27888,122,102,203,769,0,5,0,24.87,1016.83,15.49,637.41,1.33,0
28884,122,102,203,769,0,5,0,24.87,1016.84,15.50,642.90,1.33,0
29880,122,102,203,770,0,5,0,24.87,1016.84,15.51,639.23,1.41,0
30876,121,102,201,769,0,6,0,24.87,1016.83,15.49,641.67,1.33,0
31872,120,102,202,769,0,5,0,24.87,1016.84,15.50,636.20,1.33,0
32868,120,102,200,769,0,5,0,24.87,1016.84,15.50,639.23,1.33,0
33864,120,101,200,770,1,5,0,24.86,1016.84,15.49,638.62,1.24,0
34860,119,102,200,769,0,5,0,24.86,1016.85,15.49,642.28,1.24,0
35856,119,102,200,769,1,5,0,24.86,1016.85,15.49,638.01,1.24,0
36852,118,102,200,770,0,5,0,24.86,1016.85,15.49,634.40,1.24,0
37848,118,101,199,770,1,5,0,24.86,1016.85,15.48,638.01,1.24,0
38844,118,101,199,769,0,5,0,24.86,1016.85,15.48,632.01,1.24,0
39840,117,101,199,769,0,5,0,24.86,1016.85,15.46,630.23,1.16,0
40836,118,101,198,769,0,5,0,24.85,1016.86,15.46,626.71,1.16,0
41832,117,101,199,769,0,5,0,24.85,1016.86,15.45,630.23,1.16,0
42828,116,101,198,769,0,5,0,24.85,1016.86,15.45,630.23,1.24,0
43824,116,102,198,768,0,5,0,24.85,1016.85,15.46,624.96,1.24,0
44820,116,101,198,769,0,5,0,24.85,1016.85,15.45,619.77,1.16,0
45816,116,101,198,768,0,5,0,24.84,1016.86,15.45,622.64,1.16,0
46812,116,101,197,768,0,6,0,24.84,1016.86,15.46,616.92,1.16,0
47808,116,101,197,768,0,5,0,24.84,1016.86,15.45,618.06,1.08,0
48804,115,101,197,769,0,5,0,24.84,1016.87,15.44,623.22,1.08,0
49800,115,101,197,769,0,5,0,24.84,1016.87,15.43,623.22,1.08,0
50796,114,101,197,768,0,4,0,24.84,1016.87,15.44,624.37,1.08,0
51792,114,101,197,768,0,5,0,24.84,1016.87,15.43,626.71,1.08,0
52788,114,101,197,768,0,5,0,24.84,1016.87,15.42,624.96,1.16,0
53784,114,101,196,769,1,5,0,24.84,1016.86,15.43,625.54,1.16,0
54780,114,101,196,768,1,5,0,24.83,1016.86,15.42,629.64,1.16,0
55776,113,101,196,767,1,5,0,24.83,1016.86,15.41,625.54,1.16,0
56772,114,101,196,768,1,5,0,24.83,1016.86,15.41,629.64,1.08,0
57768,113,101,195,768,0,5,0,24.83,1016.87,15.41,634.40,1.16,0
58764,113,100,195,768,0,5,0,24.83,1016.86,15.40,627.29,1.24,0
59760,113,101,195,768,0,5,0,24.83,1016.85,15.40,626.71,1.33,0
60756,112,100,195,768,0,5,0,24.83,1016.84,15.39,633.20,1.33,0
61752,112,100,195,768,0,5,0,24.83,1016.84,15.40,628.46,1.49,0
62748,112,101,195,768,0,5,0,24.83,1016.82,15.38,629.05,1.49,0
63744,112,100,195,768,1,5,0,24.83,1016.82,15.39,633.20,1.41,0
64740,112,100,194,768,0,5,0,24.83,1016.83,15.40,636.80,1.41,0
65736,112,101,194,768,0,5,0,24.83,1016.83,15.38,629.64,1.49,1
66732,111,100,194,767,0,5,0,24.83,1016.82,15.37,633.80,1.49,1
67728,110,101,195,771,0,5,0,24.83,1016.82,15.37,630.23,1.41,1
68724,110,101,195,771,1,5,0,24.83,1016.83,15.37,634.40,1.24,1
69720,112,101,194,770,1,5,0,24.83,1016.85,15.38,629.05,1.33,1
70716,112,101,194,770,0,5,0,24.83,1016.84,15.38,626.12,1.24,1
71712,113,101,195,769,0,5,0,24.83,1016.85,15.40,633.80,1.24,1
72708,113,101,195,769,0,5,0,24.83,1016.85,15.41,630.23,1.16,1
73704,113,101,194,768,1,5,0,24.83,1016.86,15.43,630.82,1.16,1
74700,113,100,194,768,1,5,0,24.83,1016.86,15.43,630.23,1.16,1
75696,113,100,195,768,0,5,0,24.82,1016.86,15.43,632.61,1.16,1
76692,113,101,194,767,1,5,0,24.82,1016.86,15.42,634.40,1.16,1
77688,112,100,193,767,1,5,0,24.82,1016.86,15.42,634.40,1.08,1
78684,113,101,194,768,1,5,0,24.82,1016.87,15.41,637.41,1.16,1
79680,113,101,193,767,0,5,0,24.82,1016.86,15.39,639.23,1.16,1
80676,113,101,193,768,0,6,0,24.82,1016.86,15.40,638.62,1.08,1
81672,113,100,193,768,1,5,0,24.82,1016.87,15.40,642.28,1.08,1
82668,113,100,193,768,0,5,0,24.81,1016.87,15.39,645.37,1.08,1
83664,113,100,193,768,0,5,0,24.81,1016.87,15.39,639.84,1.00,1
84660,112,100,193,767,0,5,0,24.81,1016.88,15.37,644.13,1.08,1
85656,112,101,193,767,0,5,0,24.81,1016.87,15.40,644.13,1.00,1
86652,112,100,192,768,1,6,0,24.81,1016.88,15.39,641.67,1.08,1
87648,112,101,193,768,1,5,0,24.81,1016.87,15.38,640.45,1.08,1
88644,112,101,193,768,1,5,0,24.81,1016.87,15.37,641.06,1.08,1
89640,111,100,192,767,1,5,0,24.81,1016.87,15.40,635.60,1.08,1
90636,111,101,192,767,0,5,0,24.80,1016.87,15.39,636.80,1.08,1
91632,111,101,192,767,0,5,0,24.80,1016.87,15.39,641.67,1.16,1
92628,111,101,192,767,0,5,0,24.81,1016.86,15.41,636.80,1.08,1
93624,111,101,192,767,0,5,0,24.81,1016.87,15.40,635.60,1.08,1
94620,111,100,191,767,0,5,0,24.81,1016.87,15.40,634.40,1.08,1
95616,111,100,192,767,0,5,0,24.81,1016.87,15.41,633.20,1.08,1
96612,110,100,191,766,0,5,0,24.80,1016.87,15.41,626.71,1.16,1
97608,110,100,190,767,0,5,0,24.80,1016.86,15.41,636.80,1.16,1
98604,110,100,190,767,1,5,0,24.80,1016.86,15.41,632.61,1.08,1
99600,110,101,191,767,1,5,0,24.80,1016.87,15.41,635.60,1.08,1
100596,109,101,190,767,0,5,0,24.80,1016.87,15.40,634.40,1.08,1
101592,109,100,190,767,1,5,0,24.80,1016.87,15.40,633.20,1.00,1
102588,109,100,190,767,1,5,0,24.80,1016.88,15.39,635.00,1.00,1
103584,108,100,189,768,0,5,0,24.80,1016.88,15.39,633.20,1.08,1
104580,109,100,190,767,0,6,0,24.80,1016.87,15.38,635.60,1.08,1
105576,109,100,190,767,1,5,0,24.79,1016.87,15.38,633.20,1.08,1
106572,108,100,190,767,1,5,0,24.79,1016.87,15.38,635.00,1.08,1
107568,109,100,189,767,1,5,0,24.79,1016.87,15.37,634.40,1.08,1
108564,108,100,189,768,0,5,0,24.79,1016.87,15.38,632.01,1.08,1
109560,108,100,189,767,1,5,0,24.79,1016.87,15.38,632.61,1.00,1
110556,107,100,189,767,1,5,0,24.79,1016.88,15.38,638.01,1.00,1
111552,106,100,188,768,1,5,0,24.79,1016.88,15.37,629.05,1.00,1
112548,107,100,188,768,1,5,0,24.79,1016.88,15.39,639.23,0.91,1
113544,106,99,188,767,1,5,0,24.79,1016.89,15.37,631.42,1.00,1
114540,106,100,187,767,0,5,0,24.79,1016.88,15.37,631.42,1.00,1
115536,106,99,187,768,0,5,0,24.79,1016.88,15.37,630.82,1.00,1
116532,106,100,187,767,0,5,0,24.79,1016.88,15.36,630.82,1.00,1
117528,106,100,187,767,0,5,0,24.79,1016.88,15.36,631.42,1.00,1
118524,105,99,186,768,0,5,0,24.79,1016.88,15.37,632.61,1.00,1
119520,105,100,186,767,1,5,0,24.79,1016.88,15.36,635.00,1.00,1
120516,105,100,186,767,0,5,0,24.79,1016.88,15.37,629.64,1.00,1
121512,104,100,186,767,0,5,0,24.79,1016.88,15.37,633.80,1.00,1
122508,105,100,185,767,1,5,0,24.79,1016.88,15.37,630.23,0.91,1
123504,104,100,186,767,0,5,0,24.80,1016.89,15.36,629.64,0.91,1
124500,105,100,185,767,0,5,0,24.80,1016.89,15.37,633.20,0.91,1
125496,104,100,185,767,1,5,0,24.80,1016.89,15.37,628.46,0.91,1
126492,104,100,186,767,0,5,0,24.80,1016.89,15.37,632.01,0.91,1
127488,104,100,185,767,0,5,0,24.80,1016.89,15.37,630.23,1.00,1
128484,104,100,184,767,1,5,0,24.80,1016.88,15.37,632.01,1.00,1
129480,104,99,185,767,1,5,0,24.80,1016.88,15.37,627.29,1.00,1
130476,104,99,185,767,1,5,0,24.80,1016.88,15.37,629.64,1.00,1
131472,105,100,186,767,1,5,0,24.80,1016.88,15.37,630.23,1.00,1
132468,106,100,186,767,0,5,0,24.80,1016.88,15.38,627.88,1.00,1
133464,105,100,187,767,1,5,0,24.80,1016.88,15.37,627.29,1.00,1
134460,106,100,187,766,0,5,0,24.80,1016.88,15.37,630.82,1.00,1
135456,106,100,187,767,1,5,0,24.80,1016.88,15.38,626.12,1.00,1
136452,106,99,187,767,1,5,0,24.81,1016.88,15.37,629.05,1.00,1
137448,105,100,186,767,1,5,0,24.81,1016.88,15.38,623.79,0.91,1
138444,106,99,187,767,1,5,0,24.81,1016.89,15.39,621.49,0.91,1
139440,106,100,187,768,0,5,0,24.81,1016.89,15.38,622.64,0.91,1
140436,106,100,188,767,1,5,0,24.81,1016.89,15.39,623.22,0.91,1
141432,107,100,187,768,1,5,0,24.81,1016.89,15.40,623.79,0.91,1
142428,106,100,187,768,0,5,0,24.81,1016.89,15.39,615.79,0.91,1
143424,106,100,187,767,1,5,0,24.81,1016.89,15.40,617.49,0.91,1
144420,105,100,187,768,0,5,0,24.81,1016.89,15.39,616.92,0.91,1
145416,106,100,186,768,1,5,0,24.81,1016.89,15.40,616.36,0.91,1
146412,106,100,187,767,0,5,0,24.81,1016.89,15.41,614.10,1.00,1
147408,105,100,187,767,1,5,0,24.81,1016.88,15.39,609.64,1.00,1
148404,105,100,186,767,1,5,0,24.81,1016.88,15.40,611.31,1.00,1
149400,104,100,186,768,0,5,0,24.81,1016.88,15.40,612.42,1.00,1
150396,105,100,185,768,0,5,0,24.82,1016.88,15.40,609.64,0.91,1
151392,104,100,186,767,1,5,0,24.82,1016.89,15.41,615.23,1.00,1
152388,105,100,186,767,1,5,0,24.82,1016.88,15.41,616.92,1.00,1
153384,105,99,186,767,1,5,0,24.82,1016.88,15.40,618.06,0.91,1
154380,104,100,186,768,1,5,0,24.82,1016.89,15.40,610.75,0.91,1
155376,105,100,186,769,1,5,0,24.82,1016.89,15.41,616.92,0.91,1
156372,106,100,187,771,1,5,0,24.82,1016.89,15.41,614.66,0.91,1
157368,106,101,188,774,1,5,0,24.82,1016.89,15.41,615.79,0.91,0
158364,106,101,189,777,0,5,0,24.83,1016.89,15.41,615.79,0.91,0
159360,109,102,189,779,1,5,0,24.83,1016.89,15.41,616.36,0.91,0
160356,109,102,190,780,1,5,0,24.83,1016.89,15.42,616.36,0.91,0
161352,111,102,190,781,1,5,0,24.83,1016.89,15.41,622.64,1.00,0
162348,112,102,192,779,1,5,0,24.83,1016.88,15.41,620.34,1.08,0
163344,112,102,192,780,1,5,0,24.83,1016.87,15.41,616.92,1.08,0
164340,112,102,191,777,1,5,0,24.83,1016.87,15.43,617.49,1.00,0
165336,112,102,191,776,1,5,0,24.83,1016.88,15.42,616.36,1.00,0
166332,112,102,191,775,1,5,0,24.83,1016.88,15.43,616.36,1.00,0
167328,112,102,191,774,1,5,0,24.84,1016.88,15.45,615.79,1.08,0
168324,112,101,191,774,0,5,0,24.84,1016.87,15.46,620.34,1.08,0
169320,112,101,191,774,0,5,0,24.84,1016.87,15.49,616.92,1.00,0
170316,113,101,191,773,1,5,0,24.84,1016.88,15.51,614.66,1.08,0
171312,114,101,191,774,1,5,0,24.84,1016.87,15.51,615.79,1.16,0
172308,114,102,192,773,1,5,0,24.84,1016.86,15.53,617.49,1.16,0
173304,115,102,193,773,1,5,0,24.84,1016.86,15.55,618.06,1.08,0
174300,116,102,194,774,1,5,0,24.85,1016.87,15.55,623.79,1.00,0
175296,118,102,195,774,1,5,0,24.85,1016.88,15.55,620.91,1.08,0
176292,118,102,195,773,0,5,0,24.85,1016.87,15.54,623.22,1.00,0
177288,119,102,197,773,1,5,0,24.85,1016.88,15.53,623.79,1.08,0
178284,119,102,197,772,0,5,0,24.85,1016.87,15.52,623.22,1.08,0
179280,120,103,197,772,0,5,0,24.85,1016.87,15.52,626.12,1.08,0
180276,121,103,198,771,1,5,0,24.86,1016.87,15.51,627.29,1.08,0
181272,121,102,198,770,1,5,0,24.86,1016.87,15.49,623.79,1.08,0
182268,122,102,198,770,0,5,0,24.86,1016.87,15.48,628.46,1.08,0
183264,122,102,199,771,1,5,0,24.86,1016.87,15.46,625.54,1.08,0
184260,122,102,198,769,0,5,0,24.86,1016.87,15.46,626.71,1.08,0
185256,123,102,199,770,1,5,0,24.86,1016.87,15.45,633.20,1.08,0
186252,122,102,199,769,1,5,0,24.86,1016.87,15.45,623.79,1.08,0
187248,123,102,199,769,1,5,0,24.86,1016.87,15.43,632.01,1.16,0
188244,123,102,199,768,0,5,0,24.86,1016.86,15.43,632.61,1.08,0
189240,122,103,199,769,0,5,0,24.86,1016.87,15.42,631.42,1.08,0
190236,123,102,199,768,1,5,0,24.86,1016.87,15.41,632.01,1.16,0
191232,123,102,199,768,1,5,0,24.86,1016.86,15.41,632.01,1.16,0
192228,123,103,199,768,1,5,0,24.86,1016.86,15.40,633.20,1.16,0
193224,123,102,200,768,1,5,0,24.86,1016.86,15.39,633.20,1.08,0
194220,123,102,199,767,1,5,0,24.86,1016.87,15.38,641.06,1.16,0
195216,123,103,198,767,1,5,0,24.86,1016.86,15.38,636.80,1.24,0
196212,122,103,199,768,1,5,0,24.86,1016.85,15.36,639.23,1.16,0
197208,122,103,198,766,1,5,0,24.86,1016.86,15.36,641.67,1.16,0
198204,122,103,198,767,1,5,0,24.87,1016.86,15.36,639.23,1.16,0
199200,121,102,198,767,1,5,0,24.87,1016.86,15.35,641.06,1.16,0
200196,121,103,199,767,1,5,0,24.87,1016.86,15.34,644.75,1.16,0
201192,121,102,198,767,0,5,0,24.87,1016.86,15.33,645.37,1.16,0
202188,121,103,198,766,1,5,0,24.87,1016.86,15.33,641.67,1.16,0
203184,121,102,197,766,0,5,0,24.87,1016.86,15.33,642.90,1.08,0
204180,120,102,198,766,1,5,0,24.87,1016.87,15.33,642.28,1.16,0
205176,121,103,197,766,1,5,0,24.87,1016.86,15.33,640.45,1.08,0
206172,120,102,196,766,0,5,0,24.87,1016.87,15.31,641.67,1.08,0
207168,120,102,197,766,1,5,0,24.87,1016.87,15.32,645.37,1.08,0
208164,119,102,197,767,0,5,0,24.87,1016.87,15.32,639.84,1.08,0
209160,119,102,196,766,0,5,0,24.87,1016.87,15.33,644.13,1.08,0
210156,118,102,196,766,1,5,0,24.87,1016.87,15.33,641.67,1.00,0
211152,118,102,196,767,0,5,0,24.87,1016.88,15.33,642.90,0.91,0
212148,118,102,196,766,1,5,0,24.87,1016.89,15.32,646.61,0.91,0
213144,118,102,196,766,0,5,0,24.87,1016.89,15.32,647.86,0.91,0
214140,117,102,195,766,1,5,0,24.87,1016.89,15.33,650.37,0.83,0
215136,116,102,195,766,1,5,0,24.87,1016.90,15.31,644.13,0.83,0
216132,116,102,195,767,1,5,0,24.87,1016.90,15.33,650.37,0.83,1
217128,117,102,194,766,1,5,0,24.87,1016.90,15.33,645.99,0.83,1
218124,116,102,194,767,1,5,0,24.87,1016.90,15.33,647.23,0.75,1
219120,116,102,195,767,1,5,0,24.87,1016.91,15.33,653.53,0.83,1
220116,117,102,196,768,1,5,0,24.87,1016.90,15.34,645.37,0.83,1
221112,118,102,196,768,0,5,0,24.87,1016.90,15.33,652.26,0.83,1
222108,118,102,196,767,0,5,0,24.87,1016.90,15.35,647.86,0.75,1
223104,119,103,197,768,1,5,0,24.87,1016.91,15.34,652.26,0.75,1
224100,120,103,198,768,1,5,0,24.87,1016.91,15.35,652.89,0.83,1
225096,120,102,197,767,1,5,0,24.87,1016.90,15.34,650.37,0.83,1
226092,120,102,197,767,1,5,0,24.87,1016.90,15.34,648.48,0.83,1
227088,120,102,198,767,1,5,0,24.86,1016.90,15.34,652.89,0.75,1
228084,120,102,198,767,1,5,0,24.86,1016.91,15.35,656.08,0.83,1
229080,119,102,197,767,1,5,0,24.86,1016.90,15.35,652.89,0.83,1
230076,120,102,198,767,1,5,0,24.86,1016.90,15.35,654.16,0.83,1
231072,120,102,198,767,1,5,0,24.86,1016.90,15.36,650.37,0.83,1
232068,121,103,199,767,1,5,0,24.86,1016.90,15.36,650.37,0.83,1
233064,121,102,199,768,1,5,0,24.86,1016.90,15.36,656.72,0.83,1
234060,121,103,199,767,0,5,0,24.86,1016.90,15.37,656.72,0.83,1
235056,121,102,199,766,1,5,0,24.86,1016.90,15.38,649.74,0.83,1
236052,120,103,199,767,1,5,0,24.86,1016.90,15.36,652.89,0.83,1
237048,121,102,200,767,1,5,0,24.86,1016.90,15.37,658.65,0.75,1
238044,121,102,200,766,1,5,0,24.86,1016.91,15.37,659.30,0.66,1
239040,122,103,200,766,1,5,0,24.86,1016.92,15.37,655.44,0.75,1
240036,121,103,201,767,0,5,0,24.86,1016.91,15.37,658.65,0.66,1
241032,122,103,201,767,1,5,0,24.86,1016.92,15.39,658.65,0.75,1
242028,122,102,201,767,1,5,0,24.86,1016.91,15.39,656.72,0.66,1
243024,122,103,202,767,1,5,0,24.86,1016.92,15.39,660.60,0.66,1
244020,122,102,202,767,1,5,0,24.86,1016.92,15.38,658.65,0.75,1
245016,122,103,202,767,1,5,0,24.86,1016.91,15.39,662.55,0.75,1
246012,122,103,203,767,1,5,0,24.86,1016.91,15.39,654.80,0.75,1
247008,122,103,203,767,1,5,0,24.86,1016.91,15.40,654.16,0.75,1
248004,122,103,203,767,1,5,0,24.86,1016.91,15.40,650.37,0.83,1
249000,121,103,202,768,1,5,0,24.86,1016.90,15.39,647.86,0.75,1
249996,121,103,202,767,1,5,0,24.86,1016.91,15.39,646.61,0.75,1
250992,121,103,203,767,1,5,0,24.86,1016.91,15.40,644.13,0.75,1
251988,121,103,203,767,1,5,0,24.86,1016.91,15.39,647.86,0.75,1
252984,122,103,203,768,1,5,0,24.86,1016.91,15.38,646.61,0.75,1
253980,122,103,203,769,1,5,0,24.86,1016.91,15.38,647.23,0.83,1
254976,122,103,204,769,1,5,0,24.86,1016.90,15.37,648.48,0.83,1
255972,122,103,204,768,1,5,0,24.87,1016.90,15.37,645.37,0.91,1
256968,122,103,204,769,1,5,0,24.87,1016.89,15.37,642.90,0.83,1
257964,123,103,206,769,1,5,0,24.87,1016.90,15.37,644.13,0.75,1
258960,125,104,208,769,0,5,0,24.87,1016.91,15.37,648.48,0.75,1
259956,125,103,209,769,1,5,0,24.87,1016.91,15.36,644.13,0.83,1
260952,125,104,210,770,0,5,0,24.87,1016.90,15.36,652.26,0.83,1
261948,126,104,211,768,1,5,0,24.87,1016.90,15.35,647.86,0.83,1
262944,127,103,212,769,1,5,0,24.87,1016.90,15.34,644.75,0.83,1
263940,126,104,212,769,1,6,0,24.87,1016.90,15.35,648.48,0.83,1
264936,127,103,213,768,1,5,0,24.87,1016.90,15.35,649.11,0.83,1
265932,127,103,214,767,1,5,0,24.87,1016.90,15.35,644.13,0.83,1
266928,127,103,214,767,1,5,0,24.87,1016.90,15.34,648.48,0.91,1
267924,127,104,213,768,1,5,0,24.87,1016.89,15.34,641.67,0.83,1
268920,126,104,214,768,1,5,0,24.87,1016.90,15.34,647.86,0.83,1
269916,127,104,214,768,1,5,0,24.87,1016.90,15.34,647.23,0.83,1
270912,126,103,213,767,1,5,0,24.88,1016.90,15.34,649.74,0.83,1
271908,126,104,213,767,0,5,0,24.88,1016.90,15.34,648.48,0.83,1
272904,126,104,214,767,1,5,0,24.88,1016.90,15.34,656.08,0.83,1
273900,126,104,214,767,1,5,0,24.88,1016.90,15.34,652.89,0.91,1
274896,126,103,213,767,1,5,0,24.87,1016.89,15.34,654.16,0.91,1
275892,126,104,213,767,1,5,0,24.87,1016.89,15.34,649.11,0.83,1
276888,126,104,214,767,1,5,0,24.87,1016.90,15.35,656.08,0.75,1
277884,126,103,214,767,1,5,0,24.88,1016.91,15.35,650.37,0.75,1
278880,126,103,214,767,1,5,0,24.88,1016.91,15.34,650.37,0.83,1
279876,127,103,214,768,1,5,0,24.88,1016.90,15.34,650.37,0.83,1
280872,127,105,216,773,1,5,0,24.88,1016.90,15.34,655.44,0.83,0
281868,127,105,217,771,1,5,0,24.88,1016.90,15.34,656.72,0.91,0
282864,130,105,219,770,1,5,0,24.88,1016.89,15.34,655.44,0.91,0
283860,132,105,220,770,1,5,0,24.88,1016.89,15.34,651.63,1.00,0
284856,133,104,220,768,0,5,0,24.88,1016.88,15.34,651.00,1.00,0
285852,134,105,221,768,1,5,0,24.88,1016.88,15.35,651.63,1.00,0
286848,134,104,221,767,1,5,0,24.88,1016.88,15.35,649.74,0.91,0
287844,134,104,220,768,1,5,0,24.88,1016.89,15.35,650.37,0.91,0
288840,134,105,220,768,1,5,0,24.88,1016.89,15.34,654.80,0.91,0
289836,133,104,221,768,1,5,0,24.88,1016.89,15.35,649.74,0.91,0
290832,134,104,220,768,1,5,0,24.88,1016.89,15.34,646.61,0.83,0
291828,133,105,220,768,1,5,0,24.88,1016.90,15.35,645.99,0.83,0
292824,133,105,219,767,1,5,0,24.88,1016.90,15.36,650.37,0.83,0
293820,133,104,220,767,1,5,0,24.88,1016.90,15.35,641.67,0.75,0
294816,132,104,219,768,1,5,0,24.88,1016.91,15.35,636.80,0.75,0
295812,132,104,219,767,1,5,0,24.88,1016.91,15.36,639.23,0.75,0
296808,131,104,219,767,1,5,0,24.88,1016.91,15.36,635.60,0.83,0
297804,131,104,217,767,1,5,0,24.88,1016.90,15.37,633.80,0.75,0
298800,131,104,218,767,1,5,0,24.88,1016.91,15.36,632.61,0.75,0
299796,130,105,218,768,1,5,0,24.88,1016.91,15.36,634.40,0.83,0
300792,129,104,217,768,1,5,0,24.88,1016.90,15.37,637.41,0.83,0
301788,129,105,217,767,1,5,0,24.88,1016.90,15.37,633.80,0.83,0
302784,128,104,216,767,1,5,0,24.88,1016.90,15.36,636.80,0.75,0
303780,127,104,216,767,1,5,0,24.88,1016.91,15.36,638.62,0.75,0
304776,127,104,215,767,1,5,0,24.88,1016.91,15.38,633.20,0.83,0
305772,127,103,214,768,1,5,0,24.88,1016.90,15.37,639.84,0.83,0
306768,126,104,214,766,1,5,0,24.88,1016.90,15.37,636.80,0.83,0
307764,126,104,214,767,1,5,0,24.88,1016.90,15.36,634.40,0.83,0
308760,126,104,215,768,0,5,0,24.88,1016.90,15.35,641.67,0.91,0
309756,127,105,215,778,1,5,0,24.88,1016.89,15.36,642.90,0.91,0
310752,126,104,216,777,1,5,0,24.88,1016.89,15.34,636.20,0.91,0
311748,128,104,215,775,0,5,0,24.88,1016.89,15.33,642.90,0.91,0
312744,126,104,215,773,1,5,0,24.88,1016.89,15.34,636.80,0.91,0
313740,127,104,216,771,0,5,0,24.88,1016.89,15.33,635.60,0.91,0
314736,127,104,216,771,1,5,0,24.88,1016.89,15.34,638.01,0.83,0
315732,128,104,216,771,1,5,0,24.88,1016.90,15.34,642.28,0.91,0
316728,128,104,217,769,0,5,0,24.88,1016.89,15.33,638.01,0.91,0
317724,128,104,217,769,0,5,0,24.89,1016.89,15.34,639.84,0.91,0
318720,128,103,217,769,1,5,0,24.89,1016.89,15.33,638.62,0.91,0
319716,128,104,217,768,1,5,0,24.89,1016.89,15.33,641.06,0.91,0
320712,128,104,216,769,1,5,0,24.89,1016.89,15.33,638.01,1.00,0
321708,128,104,217,769,0,5,0,24.89,1016.88,15.33,639.23,1.00,0
322704,128,104,216,768,1,5,0,24.89,1016.88,15.33,638.62,0.91,0
323700,127,103,217,768,1,5,0,24.89,1016.89,15.33,639.84,0.83,0
324696,127,104,216,768,1,5,0,24.88,1016.90,15.32,641.06,0.91,0
325692,127,104,216,768,1,5,0,24.88,1016.89,15.33,644.75,0.91,0
326688,126,103,216,768,1,5,0,24.88,1016.89,15.33,649.74,0.91,0
327684,126,104,215,768,0,5,0,24.88,1016.89,15.33,641.06,0.91,0
328680,125,104,215,768,1,5,0,24.88,1016.89,15.32,644.75,0.91,0
329676,126,104,215,769,1,5,0,24.88,1016.89,15.34,644.13,1.00,0
330672,125,103,215,768,1,5,0,24.88,1016.88,15.34,642.90,1.00,0
331668,125,104,216,768,1,5,0,24.88,1016.88,15.34,639.23,1.00,0
332664,126,104,216,773,1,5,0,24.88,1016.88,15.35,638.01,1.00,0
333660,126,105,217,776,1,5,0,24.88,1016.88,15.35,634.40,1.00,0
334656,126,105,218,779,1,5,0,24.88,1016.88,15.34,636.20,1.00,0
335652,126,105,218,780,1,5,0,24.88,1016.88,15.35,633.20,1.00,0
336648,126,105,219,780,1,5,0,24.88,1016.88,15.35,632.01,1.00,1
337644,127,104,219,780,1,5,0,24.88,1016.88,15.35,632.01,0.91,1
338640,126,105,220,782,1,5,0,24.88,1016.89,15.36,628.46,0.91,1
339636,127,105,219,779,1,5,0,24.88,1016.89,15.36,623.22,0.83,1
340632,127,105,217,776,1,5,0,24.88,1016.90,15.38,622.06,0.91,1
341628,126,105,217,775,1,5,0,24.88,1016.89,15.38,619.77,0.83,1
342624,126,105,217,774,1,5,0,24.88,1016.90,15.37,619.77,0.83,1
343620,126,104,217,774,1,5,0,24.88,1016.90,15.37,619.20,0.91,1
344616,126,104,216,773,1,6,0,24.88,1016.89,15.38,620.34,0.91,1
345612,126,104,216,772,1,5,0,24.88,1016.89,15.37,622.06,0.91,1
346608,126,104,216,772,1,5,0,24.89,1016.89,15.38,624.96,0.83,1
347604,126,104,215,771,1,5,0,24.89,1016.90,15.38,623.79,0.83,1
348600,126,104,216,771,1,5,0,24.89,1016.90,15.38,626.12,0.75,1
349596,126,104,216,771,1,5,0,24.89,1016.91,15.37,629.64,0.83,1
350592,127,104,216,771,1,5,0,24.89,1016.90,15.36,626.12,0.83,1
351588,127,105,216,771,1,5,0,24.89,1016.90,15.35,625.54,0.91,1
352584,126,104,216,770,1,5,0,24.89,1016.89,15.36,621.49,0.83,1
353580,127,104,215,771,1,5,0,24.89,1016.90,15.38,616.92,0.83,1
354576,126,104,216,771,1,5,0,24.89,1016.90,15.36,620.91,0.91,1
355572,126,105,216,771,1,5,0,24.89,1016.89,15.37,619.77,0.91,1
356568,126,105,216,770,1,5,0,24.89,1016.89,15.37,619.77,0.91,1
357564,126,104,216,769,1,5,0,24.89,1016.89,15.37,620.34,0.83,1
358560,126,105,215,770,1,5,0,24.89,1016.90,15.38,619.20,0.91,1
359556,126,104,214,770,0,5,0,24.89,1016.89,15.40,622.64,0.91,1
360552,126,104,215,769,1,5,0,24.89,1016.89,15.39,619.20,0.91,1
361548,125,105,215,769,1,5,0,24.89,1016.89,15.39,621.49,0.91,1
362544,125,104,214,769,1,5,0,24.89,1016.89,15.39,618.63,0.91,1
363540,124,104,214,769,1,5,0,24.89,1016.89,15.39,618.06,0.91,1
364536,124,104,214,769,1,5,0,24.89,1016.89,15.41,620.34,0.91,1
365532,124,104,213,769,1,5,0,24.89,1016.89,15.40,618.06,0.91,1
366528,124,104,213,769,1,5,0,24.89,1016.89,15.39,622.06,0.83,1
367524,123,104,212,768,1,5,0,24.89,1016.90,15.41,622.06,0.83,1
368520,124,104,213,769,1,5,0,24.89,1016.90,15.40,623.22,0.83,1
369516,123,104,212,769,1,5,0,24.89,1016.90,15.40,625.54,0.75,1
370512,123,104,213,769,1,5,0,24.89,1016.91,15.38,622.64,0.83,1
371508,123,104,212,770,1,5,0,24.88,1016.90,15.37,632.01,0.83,1
372504,123,104,212,768,1,5,0,24.88,1016.90,15.37,624.37,0.83,1
373500,123,104,212,768,1,5,0,24.88,1016.90,15.38,626.12,0.83,1
374496,123,104,211,769,1,5,0,24.88,1016.90,15.37,626.12,0.83,1
375492,122,105,211,768,1,5,0,24.88,1016.90,15.37,629.64,0.83,1
376488,122,104,211,768,1,5,0,24.88,1016.90,15.36,627.29,0.83,1
377484,122,104,210,767,1,5,0,24.88,1016.90,15.36,627.88,0.91,1
378480,122,104,210,768,1,5,0,24.88,1016.89,15.35,627.29,0.75,1
379476,121,104,210,768,1,5,0,24.88,1016.91,15.36,627.29,0.83,1
380472,122,104,209,768,1,5,0,24.88,1016.90,15.35,630.82,0.83,1
381468,122,104,209,767,1,5,0,24.88,1016.90,15.35,627.29,0.83,1
382464,121,104,209,768,1,5,0,24.88,1016.90,15.34,632.61,0.83,1
383460,122,104,209,767,1,5,0,24.88,1016.90,15.36,633.20,0.75,1
384456,122,104,210,767,1,5,0,24.88,1016.91,15.35,634.40,0.75,1
385452,122,104,209,767,1,5,0,24.88,1016.91,15.35,634.40,0.75,1
386448,121,104,209,767,1,5,0,24.88,1016.91,15.35,633.80,0.75,1
387444,121,104,209,767,1,5,0,24.88,1016.91,15.34,635.00,0.75,1
388440,121,104,209,766,1,5,0,24.88,1016.91,15.34,638.62,0.83,1
389436,121,103,208,767,1,5,0,24.88,1016.90,15.33,638.62,0.83,1
390432,120,104,209,767,0,5,0,24.88,1016.90,15.33,638.62,0.83,1
391428,121,104,207,767,1,5,0,24.87,1016.90,15.32,636.80,0.83,1
392424,122,104,208,767,1,5,0,24.87,1016.90,15.32,640.45,0.83,1
393420,122,104,208,767,1,5,0,24.87,1016.90,15.34,641.06,0.83,1
394416,121,104,208,767,1,5,0,24.87,1016.90,15.32,643.51,0.83,1
395412,121,104,207,766,1,5,0,24.87,1016.90,15.32,639.84,0.83,1
396408,121,103,207,766,1,5,0,24.87,1016.90,15.33,643.51,0.83,1
397404,122,104,208,766,1,5,0,24.87,1016.90,15.33,644.13,0.83,1
398400,120,104,207,766,1,5,0,24.87,1016.90,15.33,644.13,0.83,1
399396,120,104,207,766,1,5,0,24.87,1016.90,15.32,647.23,0.83,1
400392,121,103,207,766,1,5,0,24.88,1016.90,15.32,645.99,0.83,1
401388,120,103,206,766,1,5,0,24.88,1016.90,15.32,649.74,0.83,1
402384,120,104,207,766,1,5,0,24.88,1016.90,15.32,650.37,0.83,1
403380,121,103,207,766,1,5,0,24.88,1016.90,15.31,644.13,0.91,1
404376,120,103,207,766,1,5,0,24.88,1016.89,15.31,644.75,0.91,0
405372,121,104,206,766,1,5,0,24.88,1016.89,15.31,649.74,0.91,0
406368,122,103,207,766,1,5,0,24.88,1016.89,15.33,646.61,0.91,0
407364,122,104,207,766,1,5,0,24.87,1016.89,15.31,647.86,0.91,0
408360,122,104,206,766,1,5,0,24.87,1016.89,15.31,649.11,0.83,0
409356,122,103,205,766,1,5,0,24.87,1016.90,15.31,647.86,0.83,0
410352,122,103,205,765,0,5,0,24.87,1016.90,15.30,652.89,0.83,0
411348,123,103,205,766,1,5,0,24.87,1016.90,15.31,650.37,0.91,0
412344,123,103,206,765,1,5,0,24.87,1016.89,15.30,649.11,0.83,0
413340,123,103,205,766,1,5,0,24.87,1016.90,15.30,650.37,0.83,0
414336,123,103,205,765,1,5,0,24.87,1016.90,15.32,647.86,0.83,0
415332,123,103,205,766,1,5,0,24.87,1016.90,15.31,651.00,0.83,0
416328,124,103,205,767,1,5,0,24.87,1016.90,15.31,648.48,0.83,0
417324,124,103,205,767,1,5,0,24.87,1016.90,15.31,648.48,0.75,0
418320,124,103,204,766,1,5,0,24.87,1016.91,15.31,650.37,0.83,0
419316,124,103,204,767,1,5,0,24.87,1016.90,15.31,652.89,0.83,0
420312,123,103,204,767,1,5,0,24.87,1016.90,15.32,651.00,0.83,0
421308,123,103,203,767,1,5,0,24.87,1016.90,15.31,645.99,0.83,0
422304,123,103,203,766,1,5,0,24.86,1016.90,15.32,651.00,0.91,0
423300,123,102,203,766,1,5,0,24.86,1016.89,15.31,645.37,0.91,0
424296,122,103,203,766,1,5,0,24.86,1016.89,15.32,651.00,0.91,0
425292,123,103,203,766,1,5,0,24.86,1016.89,15.32,650.37,0.83,0
426288,123,103,203,767,1,5,0,24.86,1016.90,15.31,649.11,0.83,0
427284,122,102,202,766,1,5,0,24.86,1016.90,15.32,649.11,0.91,0
428280,122,103,202,766,1,5,0,24.86,1016.89,15.33,642.90,0.91,0
429276,122,103,201,766,1,6,0,24.86,1016.89,15.34,649.11,1.00,0
430272,122,102,201,765,1,5,0,24.86,1016.88,15.32,645.37,1.00,0
431268,122,103,201,766,1,5,0,24.86,1016.88,15.33,643.51,0.91,0
432264,122,102,201,765,1,5,0,24.86,1016.89,15.32,641.67,0.91,0
433260,122,103,201,766,1,5,0,24.86,1016.89,15.33,641.67,0.91,0
434256,121,102,201,766,0,5,0,24.86,1016.89,15.33,638.62,1.00,0
435252,121,103,201,766,1,5,0,24.86,1016.88,15.34,632.61,1.00,0
436248,121,102,200,766,1,5,0,24.86,1016.88,15.34,629.05,1.00,0
437244,121,103,201,766,1,5,0,24.85,1016.88,15.34,632.01,0.91,0
438240,120,103,201,766,1,5,0,24.85,1016.89,15.34,624.96,0.91,0
439236,121,102,200,766,1,5,0,24.85,1016.89,15.33,626.71,0.83,0
440232,121,102,200,766,1,5,0,24.85,1016.90,15.34,632.61,0.83,0
441228,120,103,200,765,1,5,0,24.85,1016.90,15.34,630.82,0.83,0
442224,120,102,200,766,1,5,0,24.85,1016.90,15.32,632.61,0.91,0
443220,121,102,200,766,1,5,0,24.85,1016.89,15.31,635.60,0.83,0
444216,120,102,199,766,1,5,0,24.85,1016.90,15.33,631.42,0.83,0
445212,120,102,199,766,0,5,0,24.85,1016.90,15.31,631.42,0.83,0
446208,120,102,199,766,1,5,0,24.85,1016.90,15.32,633.20,0.83,0
447204,120,102,199,766,0,5,0,24.85,1016.90,15.32,633.20,0.83,0
448200,120,103,199,766,1,5,0,24.85,1016.90,15.32,634.40,0.83,0
449196,120,102,200,766,1,5,0,24.85,1016.90,15.32,637.41,0.75,0
450192,120,103,199,765,0,5,0,24.85,1016.91,15.31,630.82,0.75,0
451188,120,102,200,765,1,5,0,24.85,1016.91,15.33,630.23,0.75,0
452184,120,102,199,766,1,5,0,24.85,1016.91,15.32,630.82,0.75,0
453180,120,102,199,766,1,5,0,24.85,1016.91,15.32,634.40,0.75,0
454176,119,102,199,766,1,5,0,24.85,1016.91,15.33,633.20,0.75,0
455172,119,102,199,766,1,5,0,24.85,1016.91,15.33,628.46,0.75,0
456168,119,102,199,765,1,5,0,24.85,1016.91,15.34,628.46,0.66,0
457164,119,103,198,766,1,5,0,24.85,1016.92,15.35,631.42,0.66,0
458160,119,102,199,765,1,5,0,24.85,1016.92,15.35,627.29,0.66,0
459156,118,102,198,765,1,5,0,24.86,1016.92,15.35,625.54,0.75,0
460152,118,102,198,765,1,5,0,24.86,1016.91,15.36,634.40,0.83,0
461148,118,103,201,774,1,5,0,24.86,1016.90,15.36,633.20,0.83,0
462144,119,104,202,783,1,5,0,24.85,1016.90,15.36,632.01,0.75,0
463140,118,105,202,785,1,5,0,24.85,1016.91,15.38,631.42,0.83,1
464136,118,104,202,784,1,5,0,24.85,1016.90,15.37,627.29,0.83,1
465132,118,104,201,782,1,5,0,24.85,1016.90,15.40,633.20,0.83,1
466128,118,104,202,780,1,5,0,24.85,1016.90,15.41,634.40,0.83,1
467124,118,103,201,780,0,5,0,24.85,1016.90,15.41,634.40,0.91,1
468120,119,104,201,778,1,5,0,24.85,1016.89,15.42,636.20,0.91,1
469116,119,103,201,776,1,5,0,24.85,1016.89,15.42,634.40,0.91,1
470112,119,103,201,776,1,5,0,24.85,1016.89,15.42,628.46,0.91,1
471108,120,103,201,775,1,5,0,24.85,1016.89,15.42,629.64,0.91,1
472104,119,103,201,774,1,5,0,24.85,1016.89,15.42,626.71,0.83,1
473100,120,102,201,773,1,5,0,24.86,1016.90,15.44,627.88,0.83,1
474096,120,103,202,773,1,5,0,24.86,1016.90,15.44,624.96,0.91,1
475092,120,103,202,772,1,5,0,24.86,1016.89,15.43,621.49,0.91,1
476088,121,102,202,772,1,5,0,24.86,1016.89,15.44,621.49,0.91,1
477084,121,102,202,771,1,5,0,24.86,1016.89,15.44,619.77,0.91,1
478080,121,103,203,771,0,5,0,24.86,1016.89,15.44,617.49,0.91,1
479076,121,103,202,770,1,5,0,24.86,1016.89,15.44,619.77,0.83,1
480072,121,102,202,770,1,5,0,24.86,1016.90,15.44,611.87,0.83,1
481068,121,103,203,769,1,5,0,24.86,1016.90,15.44,611.31,0.83,1
482064,121,102,203,769,1,5,0,24.86,1016.90,15.43,613.54,0.83,1
483060,122,103,203,770,1,5,0,24.86,1016.90,15.43,610.20,0.83,1
484056,123,102,202,770,1,5,0,24.86,1016.90,15.44,611.87,0.83,1
485052,122,103,203,770,1,5,0,24.86,1016.90,15.43,609.09,0.83,1
486048,122,102,203,770,1,5,0,24.86,1016.90,15.44,605.80,0.91,1
487044,123,104,206,780,1,5,0,24.86,1016.89,15.44,603.62,0.91,1
488040,123,105,208,793,1,5,0,24.86,1016.89,15.45,596.12,0.91,1
489036,124,105,209,794,1,5,0,24.86,1016.89,15.45,595.59,0.91,1
490032,124,104,209,793,1,5,0,24.86,1016.89,15.46,592.44,0.91,1
491028,125,104,207,788,1,5,0,24.86,1016.89,15.46,587.78,0.91,1
492024,125,104,207,785,1,5,0,24.86,1016.89,15.46,591.40,0.91,1
493020,125,104,207,782,1,5,0,24.87,1016.89,15.46,588.81,0.91,1
494016,126,104,207,781,1,5,0,24.87,1016.89,15.46,590.36,0.83,1
495012,127,104,209,780,1,5,0,24.87,1016.90,15.46,587.26,0.83,1
496008,128,104,211,779,1,5,0,24.87,1016.90,15.46,585.73,0.83,1
497004,129,104,212,779,1,5,0,24.87,1016.90,15.46,590.88,0.91,1
498000,129,104,212,778,1,5,0,24.87,1016.89,15.45,588.81,0.83,1
498996,130,104,213,777,1,5,0,24.87,1016.90,15.44,591.40,0.75,1
499992,130,104,214,776,0,5,0,24.87,1016.91,15.43,598.78,0.75,1
500988,130,104,214,775,1,5,0,24.87,1016.91,15.43,599.85,0.75,1
501984,131,104,215,775,0,5,0,24.87,1016.91,15.43,597.18,0.83,1
502980,131,104,216,775,1,5,0,24.87,1016.90,15.43,598.24,0.91,1
503976,131,105,216,774,1,5,0,24.87,1016.89,15.42,600.38,0.83,1
504972,131,104,217,775,1,5,0,24.87,1016.90,15.41,604.16,1.00,1
505968,132,105,218,775,1,5,0,24.87,1016.88,15.41,604.71,0.91,1
506964,131,105,218,774,1,5,0,24.87,1016.89,15.41,604.16,0.91,1
507960,132,105,219,774,1,5,0,24.87,1016.89,15.42,603.62,1.00,1
508956,133,106,222,785,1,5,0,24.87,1016.88,15.41,602.54,1.00,1
509952,133,106,222,790,1,5,0,24.87,1016.88,15.42,607.99,0.91,1
510948,133,107,223,792,1,5,0,24.88,1016.89,15.41,608.54,0.91,1
511944,134,107,223,790,1,5,0,24.88,1016.89,15.42,602.54,0.91,1
512940,135,106,223,786,1,5,0,24.88,1016.89,15.42,604.16,1.00,1
513936,134,106,222,783,0,5,0,24.88,1016.88,15.43,607.44,0.91,1
514932,134,106,222,781,1,5,0,24.88,1016.89,15.44,607.99,0.91,1
515928,135,106,222,781,1,5,0,24.88,1016.89,15.46,604.71,0.91,1
516924,135,106,223,779,1,5,0,24.88,1016.89,15.44,602.54,0.91,0
517920,134,107,226,783,1,5,0,24.88,1016.89,15.44,603.08,1.00,0
518916,135,106,225,780,1,5,0,24.88,1016.88,15.45,607.99,1.00,0
519912,136,106,223,778,1,6,0,24.88,1016.88,15.46,607.99,1.00,0
520908,136,106,224,777,1,5,0,24.88,1016.88,15.45,604.71,1.00,0
521904,136,106,224,776,1,5,0,24.88,1016.88,15.45,608.54,1.00,0
522900,137,106,224,776,1,5,0,24.88,1016.88,15.44,611.87,1.00,0
523896,137,106,225,775,0,5,0,24.88,1016.88,15.43,612.42,1.00,0
524892,138,107,227,782,0,5,0,24.88,1016.88,15.43,609.09,1.00,0
525888,138,107,228,784,1,5,0,24.88,1016.88,15.42,610.75,1.08,0
526884,139,108,230,786,1,5,0,24.88,1016.87,15.42,614.10,1.08,0
527880,139,107,229,785,1,5,0,24.88,1016.87,15.41,619.77,1.08,0
528876,138,107,229,783,1,5,0,24.88,1016.87,15.39,616.36,1.00,0
529872,138,107,228,781,1,5,0,24.88,1016.88,15.38,615.79,0.91,0
530868,138,107,229,781,1,5,0,24.88,1016.89,15.37,613.54,1.00,0
531864,138,107,228,779,1,5,0,24.88,1016.88,15.37,615.23,0.91,0
532860,138,107,228,778,1,5,0,24.88,1016.89,15.36,617.49,0.91,0
533856,139,106,229,777,1,5,0,24.88,1016.89,15.36,620.34,0.91,0
534852,139,106,229,776,1,5,0,24.88,1016.89,15.36,620.34,0.91,0
535848,140,107,230,775,1,5,0,24.88,1016.89,15.35,622.64,1.08,0
536844,140,106,231,774,1,5,0,24.88,1016.87,15.34,622.06,1.00,0
537840,140,106,231,774,1,5,0,24.88,1016.88,15.34,622.06,1.00,0
538836,141,107,234,782,1,5,0,24.88,1016.88,15.33,628.46,0.91,0
539832,141,109,237,788,0,5,0,24.89,1016.89,15.34,624.96,0.83,0
540828,141,108,235,784,1,5,0,24.89,1016.90,15.33,627.88,0.83,0
541824,141,107,233,780,1,5,0,24.89,1016.90,15.33,627.29,0.83,0
542820,140,108,233,779,1,5,0,24.89,1016.90,15.32,626.12,0.75,0
543816,141,107,234,778,1,5,0,24.89,1016.91,15.33,629.05,0.66,0
544812,140,107,235,778,0,5,0,24.89,1016.92,15.32,628.46,0.75,0
545808,140,107,234,777,1,5,0,24.89,1016.91,15.33,629.05,0.83,0
546804,141,107,233,776,1,5,0,24.89,1016.90,15.32,630.82,0.83,0
547800,141,107,233,776,1,5,0,24.89,1016.90,15.32,636.80,0.91,0
548796,140,107,233,775,1,5,0,24.89,1016.89,15.33,630.82,0.91,0
549792,139,107,233,775,1,5,0,24.89,1016.89,15.33,627.88,0.91,0
550788,140,107,234,776,1,5,0,24.89,1016.89,15.33,627.88,0.91,0
551784,140,109,236,785,1,5,0,24.89,1016.89,15.34,631.42,0.91,0
552780,139,109,236,787,1,5,0,24.89,1016.89,15.34,636.20,0.83,0
553776,140,108,236,787,1,5,0,24.89,1016.90,15.34,633.20,0.83,0
554772,139,109,236,785,1,5,0,24.88,1016.90,15.33,637.41,0.91,0
555768,139,108,235,782,1,5,0,24.88,1016.89,15.34,633.20,0.91,0
556764,138,108,234,780,1,5,0,24.88,1016.89,15.33,639.84,0.91,0
557760,138,107,233,778,1,5,0,24.88,1016.89,15.33,634.40,0.91,0
558756,137,107,233,777,1,5,0,24.88,1016.89,15.32,633.20,0.91,0
559752,137,107,233,777,1,5,0,24.88,1016.89,15.33,639.84,0.91,0
560748,136,107,232,776,1,5,0,24.88,1016.89,15.33,641.06,0.83,0
561744,136,107,231,775,1,5,0,24.88,1016.90,15.32,641.06,1.00,0
562740,135,108,231,775,1,5,0,24.88,1016.88,15.32,642.90,1.00,0
563736,135,107,231,775,1,5,0,24.88,1016.88,15.31,645.37,0.91,0
564732,135,107,231,773,1,5,0,24.88,1016.89,15.30,644.13,0.91,0
565728,134,107,230,773,1,5,0,24.88,1016.89,15.30,641.06,0.91,0
566724,134,107,231,772,1,5,0,24.88,1016.89,15.30,645.37,1.00,0
567720,133,107,230,772,1,5,0,24.88,1016.88,15.29,645.37,0.91,0
568716,134,107,231,772,1,5,0,24.88,1016.89,15.28,645.99,0.91,0
569712,133,107,230,771,1,5,0,24.88,1016.89,15.28,645.37,0.83,0
570708,132,108,229,771,1,6,0,24.88,1016.90,15.28,647.86,0.83,0
571704,132,107,230,770,1,5,0,24.88,1016.90,15.27,648.48,0.91,0
572700,132,108,229,771,1,5,0,24.88,1016.89,15.28,649.74,0.75,0
573696,132,107,230,771,1,5,0,24.88,1016.91,15.27,646.61,0.83,0
574692,132,107,229,771,0,5,0,24.88,1016.90,15.26,651.00,0.83,0
575688,131,107,229,770,1,5,0,24.88,1016.90,15.26,651.63,0.83,0
576684,131,107,229,770,1,5,0,24.88,1016.90,15.27,652.89,0.83,0
577680,130,107,228,769,1,5,0,24.88,1016.90,15.26,651.63,0.83,0
578676,130,107,229,769,1,5,0,24.88,1016.90,15.26,648.48,0.83,0
579672,130,108,229,770,1,5,0,24.88,1016.90,15.26,652.89,0.83,0
580668,130,107,229,769,1,5,0,24.88,1016.90,15.26,653.53,0.91,0
581664,130,107,229,770,1,5,0,24.88,1016.89,15.25,655.44,0.91,0
582660,129,107,229,769,1,5,0,24.88,1016.89,15.25,651.00,0.83,0
583656,129,107,229,768,1,5,0,24.88,1016.90,15.25,657.37,0.83,0
584652,128,107,229,769,1,5,0,24.88,1016.90,15.25,651.63,0.83,0
585648,129,107,229,769,1,5,0,24.88,1016.90,15.26,655.44,0.83,0
586644,129,107,228,768,1,5,0,24.88,1016.90,15.26,657.37,0.83,1
587640,129,107,229,769,1,5,0,24.88,1016.90,15.26,652.26,0.91,1
588636,128,108,229,771,1,5,0,24.89,1016.89,15.25,656.72,0.91,1
589632,127,108,229,772,1,5,0,24.89,1016.89,15.26,659.30,0.91,1
590628,129,108,229,771,1,5,0,24.89,1016.89,15.26,658.01,0.91,1
591624,128,108,228,771,1,5,0,24.89,1016.89,15.26,659.30,0.83,1
592620,128,107,229,770,1,5,0,24.89,1016.90,15.27,649.11,0.91,1
593616,128,108,229,769,0,6,0,24.88,1016.89,15.27,651.63,0.83,1
594612,128,107,228,769,1,5,0,24.88,1016.90,15.27,651.63,0.91,1
595608,127,108,229,770,0,5,0,24.88,1016.89,15.27,651.63,0.83,1
596604,128,108,229,770,1,6,0,24.88,1016.90,15.28,654.80,0.75,1
597600,128,107,228,769,0,5,0,24.88,1016.91,15.28,650.37,0.83,1
598596,127,108,229,769,1,5,0,24.88,1016.90,15.29,649.74,0.75,1
599592,128,108,229,769,1,5,0,24.88,1016.91,15.29,649.11,0.83,1
0,131,107,231,771,0,5,0,24.88,1016.90,15.30,645.37,0.91,1
996,131,108,232,770,1,5,0,24.81,1016.89,15.51,634.40,0.83,1
1992,131,108,232,770,1,5,0,24.80,1016.90,15.69,633.20,0.83,1
2988,132,108,232,771,0,5,0,24.80,1016.90,15.82,628.46,0.83,1
3984,131,107,231,770,1,5,0,24.81,1016.90,15.90,633.20,0.83,1
4980,132,108,233,770,1,5,0,24.82,1016.90,15.93,630.82,0.83,1
5976,132,108,232,771,0,5,0,24.83,1016.90,15.95,629.05,0.83,1
6972,132,108,232,770,1,5,0,24.84,1016.90,15.96,635.00,0.75,1
7968,132,108,232,769,1,5,0,24.84,1016.91,15.94,626.71,0.83,1
8964,131,108,232,770,1,5,0,24.85,1016.90,15.94,627.29,0.83,1
9960,131,108,232,769,0,5,0,24.85,1016.90,15.91,632.01,0.83,1
10956,131,107,232,769,1,5,0,24.85,1016.90,15.90,627.29,0.83,1
11952,131,108,232,769,0,5,0,24.86,1016.90,15.86,627.88,0.83,1
12948,131,108,231,768,1,5,0,24.86,1016.90,15.83,626.12,0.83,1
13944,131,107,232,769,0,5,0,24.86,1016.90,15.79,626.12,0.75,1
14940,131,108,231,769,1,5,0,24.86,1016.91,15.77,629.05,0.83,1
15936,130,108,231,768,0,6,0,24.86,1016.90,15.74,630.82,0.83,1
16932,130,108,231,769,0,5,0,24.86,1016.90,15.72,633.20,0.91,1
17928,130,108,231,769,1,5,0,24.86,1016.89,15.70,635.60,0.91,1
18924,130,108,231,768,0,5,0,24.86,1016.89,15.66,633.80,0.91,1
19920,129,108,231,768,1,5,0,24.86,1016.89,15.64,639.23,0.91,1
20916,128,108,231,768,0,5,0,24.86,1016.89,15.62,637.41,0.91,1
21912,129,108,231,767,1,5,0,24.86,1016.89,15.60,633.80,0.91,1
22908,129,108,231,768,0,5,0,24.86,1016.89,15.58,637.41,0.83,1
23904,129,108,230,767,1,5,0,24.86,1016.90,15.57,635.60,0.83,1
24900,128,108,230,768,0,5,0,24.86,1016.90,15.56,634.40,0.83,1
25896,127,108,230,768,1,5,0,24.86,1016.90,15.55,636.80,0.83,1
26892,127,108,230,768,0,5,0,24.86,1016.90,15.53,643.51,0.83,1
27888,127,108,230,768,1,5,0,24.86,1016.90,15.52,638.62,0.83,1
28884,127,108,229,768,1,5,0,24.86,1016.90,15.52,639.84,0.83,1
29880,127,107,229,769,0,5,0,24.86,1016.90,15.50,644.75,0.91,1
30876,126,108,229,768,0,5,0,24.85,1016.89,15.50,642.28,0.83,1
31872,127,108,228,769,0,5,0,24.85,1016.90,15.50,640.45,0.75,1
32868,126,108,228,768,1,5,0,24.85,1016.91,15.49,641.67,0.83,1
33864,125,107,227,768,1,5,0,24.85,1016.90,15.48,644.75,0.83,1
34860,125,107,228,768,0,5,0,24.85,1016.90,15.48,645.37,0.75,1
35856,125,108,227,768,1,5,0,24.85,1016.91,15.46,644.13,0.83,1
36852,125,107,227,767,1,5,0,24.85,1016.90,15.46,641.06,0.83,1
37848,124,107,227,767,0,5,0,24.85,1016.90,15.46,643.51,0.83,1
38844,123,107,227,767,0,5,0,24.85,1016.90,15.45,640.45,0.83,1
39840,124,107,226,767,1,5,0,24.85,1016.90,15.45,638.01,0.83,1
40836,123,107,225,767,0,5,0,24.85,1016.90,15.45,642.28,0.83,1
41832,123,107,226,767,0,5,0,24.84,1016.90,15.44,641.06,0.91,1
42828,123,107,225,768,0,5,0,24.84,1016.89,15.45,638.01,0.91,1
43824,123,108,227,772,0,6,0,24.84,1016.89,15.44,639.23,0.91,0
44820,123,108,227,771,1,5,0,24.84,1016.89,15.44,638.01,0.91,0
45816,123,108,226,769,0,5,0,24.84,1016.89,15.44,638.62,0.91,0
46812,123,108,226,769,0,5,0,24.84,1016.89,15.43,642.28,1.00,0
47808,123,108,225,768,1,6,0,24.84,1016.88,15.43,639.23,1.08,0
48804,122,108,224,768,1,5,0,24.84,1016.87,15.43,637.41,1.00,0
49800,122,107,224,767,1,5,0,24.84,1016.88,15.41,639.84,1.00,0
50796,122,107,224,768,1,5,0,24.84,1016.88,15.41,637.41,1.00,0
51792,121,107,224,768,1,5,0,24.85,1016.88,15.42,638.62,1.00,0
52788,121,107,223,768,1,6,0,24.85,1016.88,15.42,641.67,0.91,0
53784,121,107,223,768,1,6,0,24.85,1016.89,15.44,629.64,1.00,0
54780,121,108,224,768,1,5,0,24.85,1016.88,15.45,632.61,1.00,0
55776,121,107,223,768,1,5,0,24.84,1016.88,15.45,633.80,1.00,0
56772,121,107,222,767,1,5,0,24.84,1016.88,15.46,633.20,1.00,0
57768,120,107,222,768,1,6,0,24.84,1016.88,15.47,634.40,1.00,0
58764,120,107,221,767,1,6,0,24.84,1016.88,15.48,638.62,1.00,0
59760,121,107,222,768,0,6,0,24.84,1016.88,15.47,634.40,0.91,0
60756,120,107,221,768,0,6,0,24.84,1016.89,15.47,629.64,1.00,0
61752,120,107,221,767,1,6,0,24.84,1016.88,15.47,630.82,1.00,0
62748,119,107,220,767,1,6,0,24.84,1016.88,15.45,636.20,1.00,0
63744,119,107,219,768,1,5,0,24.84,1016.88,15.46,632.01,1.16,0
64740,120,107,220,768,1,5,0,24.84,1016.86,15.47,634.40,1.08,0
65736,119,107,219,767,0,5,0,24.84,1016.87,15.46,633.20,1.08,0
66732,119,107,219,768,0,6,0,24.84,1016.87,15.47,626.12,1.16,0
67728,119,107,218,767,0,5,0,24.84,1016.86,15.46,631.42,1.16,0
68724,119,107,219,767,1,6,0,24.84,1016.86,15.46,632.01,1.16,0
69720,118,106,218,768,1,5,0,24.84,1016.86,15.45,630.23,1.08,0
70716,119,107,218,768,1,5,0,24.84,1016.87,15.47,632.01,1.08,0
71712,118,107,218,768,1,6,0,24.84,1016.87,15.48,630.23,1.08,0
72708,117,107,217,767,1,5,0,24.84,1016.87,15.47,629.05,1.08,0
73704,117,107,217,768,1,5,0,24.84,1016.87,15.48,626.12,1.08,0
74700,117,107,217,767,0,5,0,24.84,1016.87,15.47,626.12,1.08,0
75696,117,107,216,768,1,6,0,24.84,1016.87,15.50,626.71,1.08,0
76692,117,107,217,770,1,5,0,24.84,1016.87,15.54,626.12,1.16,0
77688,117,108,218,777,0,5,0,24.84,1016.86,15.59,626.71,1.16,0
78684,118,109,221,788,1,6,0,24.84,1016.86,15.61,626.12,1.08,0
79680,118,109,219,791,1,5,0,24.84,1016.87,15.63,628.46,1.00,0
80676,117,109,219,791,1,5,0,24.84,1016.88,15.64,629.64,1.00,0
81672,117,108,218,790,1,5,0,24.84,1016.88,15.65,630.82,1.08,0
82668,117,108,218,790,1,6,0,24.84,1016.87,15.65,633.20,1.08,0
83664,117,109,218,793,1,6,0,24.84,1016.87,15.63,626.71,1.08,0
84660,117,109,219,794,1,5,0,24.84,1016.87,15.63,632.61,1.08,0
85656,116,108,217,793,1,6,0,24.85,1016.87,15.61,633.20,1.08,0
86652,117,108,217,790,1,6,0,24.85,1016.87,15.60,635.60,1.08,0
87648,116,109,216,789,1,6,0,24.85,1016.87,15.59,636.20,1.08,0
88644,116,108,217,790,1,6,0,24.85,1016.87,15.59,630.23,1.08,0
89640,117,108,217,792,0,6,0,24.85,1016.87,15.57,635.60,1.08,0
90636,117,109,217,793,1,6,0,24.85,1016.87,15.56,635.60,1.00,0
91632,117,108,218,794,1,6,0,24.85,1016.88,15.55,633.80,1.00,0
92628,117,109,219,794,1,6,0,24.85,1016.88,15.55,635.00,1.08,0
93624,118,110,220,798,1,6,0,24.85,1016.87,15.53,635.60,1.08,0
94620,118,109,219,796,0,6,0,24.85,1016.87,15.52,629.05,1.08,1
95616,118,109,219,795,0,5,0,24.86,1016.87,15.52,632.61,1.16,1
96612,118,108,217,794,1,6,0,24.86,1016.86,15.50,627.88,1.24,1
97608,118,109,218,793,1,5,0,24.86,1016.85,15.50,627.88,1.16,1
98604,119,109,218,793,1,5,0,24.86,1016.86,15.48,630.82,1.16,1
99600,119,109,218,792,1,6,0,24.86,1016.86,15.48,631.42,1.16,1
100596,119,108,218,791,1,6,0,24.87,1016.86,15.47,631.42,1.16,1
101592,120,109,218,790,1,6,0,24.87,1016.86,15.47,623.79,1.16,1
102588,121,109,218,787,0,6,0,24.87,1016.86,15.50,629.05,1.16,1
103584,121,108,218,786,0,6,0,24.87,1016.86,15.54,627.88,1.24,1
104580,122,108,219,783,1,6,0,24.87,1016.85,15.57,629.05,1.16,1
105576,123,108,218,782,1,6,0,24.87,1016.86,15.59,629.05,1.08,1
106572,125,108,220,782,1,5,0,24.87,1016.87,15.59,628.46,1.16,1
107568,126,108,221,781,1,7,0,24.87,1016.86,15.59,627.29,1.16,1
108564,127,108,222,780,1,6,0,24.87,1016.86,15.58,630.82,1.24,1
109560,128,108,221,779,0,5,0,24.87,1016.85,15.58,627.29,1.16,1
110556,128,108,222,778,0,5,0,24.87,1016.86,15.57,629.05,1.16,1
111552,128,108,223,779,1,5,0,24.87,1016.86,15.56,630.23,1.16,1
112548,129,108,222,777,1,6,0,24.87,1016.86,15.55,631.42,1.16,1
113544,129,108,222,778,1,5,0,24.87,1016.86,15.55,626.12,1.16,1
114540,129,108,222,777,1,5,0,24.86,1016.86,15.53,626.71,1.16,1
115536,129,108,222,776,1,5,0,24.86,1016.86,15.54,630.23,1.16,1
116532,129,108,222,776,1,6,0,24.86,1016.86,15.52,630.82,1.16,1
117528,129,108,222,775,1,5,0,24.86,1016.86,15.53,628.46,1.24,1
118524,130,108,222,775,1,5,0,24.86,1016.85,15.52,634.40,1.16,1
119520,130,108,222,775,1,5,0,24.86,1016.86,15.51,627.88,1.24,1
120516,131,108,223,774,1,5,0,24.86,1016.85,15.51,629.64,1.24,1
121512,133,108,222,775,1,6,0,24.86,1016.85,15.50,637.41,1.16,1
122508,134,108,224,775,1,5,0,24.86,1016.86,15.51,630.82,1.16,1
123504,136,108,224,773,1,5,0,24.86,1016.86,15.50,633.80,1.16,1
124500,136,107,224,774,1,6,0,24.85,1016.86,15.50,629.64,1.16,1
125496,137,107,225,774,1,6,0,24.85,1016.86,15.53,635.00,1.24,1
126492,137,107,224,773,1,5,0,24.85,1016.85,15.54,630.82,1.24,1
127488,136,107,225,773,1,6,0,24.85,1016.85,15.60,630.82,1.24,1
128484,136,107,225,773,0,5,0,24.85,1016.85,15.62,634.40,1.24,1
129480,136,107,225,772,0,5,0,24.85,1016.85,15.63,628.46,1.24,1
130476,134,107,225,772,1,5,0,24.85,1016.85,15.63,632.61,1.33,1
131472,134,107,224,773,1,5,0,24.85,1016.84,15.63,636.80,1.16,1
132468,134,108,224,771,1,6,0,24.85,1016.86,15.63,637.41,1.16,1
133464,135,107,225,772,1,5,0,24.85,1016.86,15.61,633.80,1.08,1
134460,135,107,225,772,1,5,0,24.85,1016.87,15.60,633.20,1.08,1
135456,136,107,225,772,1,6,0,24.85,1016.87,15.58,635.00,1.08,1
136452,137,108,225,771,1,5,0,24.85,1016.87,15.58,632.61,1.16,1
137448,136,107,225,771,1,6,0,24.85,1016.86,15.58,636.80,1.16,1
138444,135,107,225,771,1,6,0,24.85,1016.86,15.57,639.23,1.16,1
139440,136,107,225,771,1,5,0,24.85,1016.86,15.54,639.84,1.16,1
140436,136,107,225,771,1,6,0,24.85,1016.86,15.54,635.60,1.16,1
141432,136,107,225,770,1,6,0,24.85,1016.86,15.53,638.01,1.16,1
142428,135,107,225,770,1,5,0,24.85,1016.86,15.52,635.60,1.33,1
143424,135,107,224,770,0,5,0,24.85,1016.84,15.51,641.06,1.24,1
144420,134,107,223,770,1,6,0,24.85,1016.85,15.51,639.84,1.33,1
145416,134,106,224,770,0,6,0,24.85,1016.84,15.50,639.23,1.24,1
146412,133,107,224,769,0,5,0,24.85,1016.85,15.49,641.67,1.24,1
147408,133,106,223,769,1,6,0,24.85,1016.85,15.49,638.01,1.16,1
148404,132,107,223,769,1,5,0,24.85,1016.86,15.48,638.62,1.16,1
149400,133,106,223,769,1,5,0,24.85,1016.86,15.48,642.28,1.08,1
150396,132,107,222,769,1,6,0,24.85,1016.87,15.48,639.23,1.16,1
151392,132,107,222,769,1,6,0,24.85,1016.86,15.47,644.13,1.24,1
152388,131,106,222,769,0,6,0,24.85,1016.85,15.48,645.37,1.16,1
153384,131,107,222,770,1,6,0,24.85,1016.86,15.47,642.90,1.16,1
154380,130,107,222,769,1,6,0,24.85,1016.86,15.46,644.13,1.24,1
155376,131,106,221,769,1,5,0,24.85,1016.85,15.45,644.75,1.24,1
156372,131,106,221,770,1,6,0,24.85,1016.85,15.46,642.28,1.24,1
157368,130,106,221,770,1,6,0,24.85,1016.85,15.46,643.51,1.16,1
158364,131,107,221,768,1,5,0,24.85,1016.86,15.45,644.75,1.16,1
159360,130,106,221,769,1,5,0,24.85,1016.86,15.44,640.45,1.16,1
160356,131,106,221,769,1,6,0,24.85,1016.86,15.45,645.99,1.24,0
161352,132,108,222,771,1,6,0,24.85,1016.85,15.43,641.67,1.16,0
162348,133,107,222,772,1,5,0,24.85,1016.86,15.43,645.37,1.16,0
163344,133,106,221,770,1,5,0,24.85,1016.86,15.43,643.51,1.16,0
164340,134,106,222,769,1,5,0,24.85,1016.86,15.43,642.90,1.16,0
165336,133,107,221,769,1,6,0,24.85,1016.86,15.42,641.67,1.24,0
166332,133,107,220,769,1,5,0,24.85,1016.85,15.41,639.23,1.24,0
167328,133,107,221,769,1,6,0,24.85,1016.85,15.45,633.80,1.24,0
168324,132,106,221,768,1,6,0,24.85,1016.85,15.50,635.00,1.16,0
169320,133,107,223,776,1,6,0,24.86,1016.86,15.58,630.23,1.24,0
170316,133,107,222,783,1,6,0,24.86,1016.85,15.68,629.05,1.16,0
171312,133,107,222,782,1,6,0,24.86,1016.86,15.79,628.46,1.16,0
172308,133,107,222,780,1,5,0,24.86,1016.86,15.89,629.05,1.08,0
173304,133,107,221,778,1,6,0,24.86,1016.87,15.97,632.61,1.16,0
174300,132,107,221,777,1,6,0,24.86,1016.86,16.00,627.29,1.16,0
175296,131,107,220,776,1,6,0,24.86,1016.86,16.01,626.71,1.16,0
176292,131,106,220,775,1,6,0,24.86,1016.86,15.99,626.12,1.16,0
177288,131,107,219,774,1,7,0,24.86,1016.86,15.97,624.37,1.16,0
178284,131,106,220,774,1,6,0,24.86,1016.86,15.94,623.22,1.24,0
179280,132,106,220,774,1,6,0,24.86,1016.85,15.92,623.22,1.33,0
180276,132,106,219,773,1,6,0,24.86,1016.84,15.88,626.71,1.16,0
181272,132,106,220,773,1,6,0,24.86,1016.86,15.85,627.29,1.24,0
182268,131,106,220,773,1,6,0,24.86,1016.85,15.81,624.37,1.16,0
183264,131,106,219,771,1,6,0,24.86,1016.86,15.78,627.29,1.16,0
184260,131,106,219,772,1,6,0,24.86,1016.86,15.76,630.82,1.33,0
185256,131,106,219,772,1,6,0,24.86,1016.84,15.74,629.64,1.24,0
186252,131,106,220,771,0,6,0,24.86,1016.85,15.71,627.29,1.24,0
187248,132,106,220,771,1,6,0,24.86,1016.85,15.69,623.22,1.24,0
188244,132,106,220,771,0,7,0,24.86,1016.85,15.67,625.54,1.24,0
189240,132,106,220,771,1,6,0,24.86,1016.85,15.65,627.29,1.33,0
190236,132,106,220,771,1,6,0,24.86,1016.84,15.63,626.12,1.24,0
191232,132,106,220,770,1,6,0,24.86,1016.85,15.62,622.06,1.24,0
192228,132,106,220,770,1,6,0,24.86,1016.85,15.60,620.34,1.24,0
193224,132,106,220,770,1,6,0,24.86,1016.85,15.58,624.96,1.16,0
194220,132,106,220,770,1,6,0,24.86,1016.86,15.57,619.20,1.16,0
195216,133,106,220,770,1,6,0,24.86,1016.86,15.57,618.63,1.16,0
196212,133,105,221,770,1,6,0,24.86,1016.86,15.55,624.96,1.08,0
197208,133,106,220,769,1,6,0,24.86,1016.87,15.54,623.22,1.08,0
198204,133,105,221,770,1,6,0,24.86,1016.87,15.52,619.77,1.16,0
199200,133,105,221,770,1,6,0,24.86,1016.86,15.52,620.34,1.16,0
200196,133,106,221,770,1,6,0,24.86,1016.86,15.51,619.77,1.16,0
201192,134,106,221,769,1,6,0,24.86,1016.86,15.50,620.34,1.24,0
202188,133,105,220,769,1,5,0,24.86,1016.85,15.49,623.22,1.24,0
203184,133,105,221,769,1,6,0,24.86,1016.85,15.48,620.91,1.24,0
204180,133,105,220,769,1,6,0,24.86,1016.85,15.48,621.49,1.16,0
205176,134,106,220,769,1,6,0,24.86,1016.86,15.48,622.06,1.08,0
206172,134,105,220,769,1,5,0,24.86,1016.87,15.47,627.29,1.16,0
207168,134,105,220,768,1,5,0,24.86,1016.86,15.46,623.22,1.08,0
208164,133,106,220,769,1,6,0,24.86,1016.87,15.46,624.37,1.16,0
209160,133,105,220,767,1,6,0,24.86,1016.86,15.45,623.79,1.24,0
210156,133,106,220,768,1,6,0,24.86,1016.85,15.44,627.88,1.16,0
211152,134,105,219,767,1,6,0,24.86,1016.86,15.44,624.96,1.24,0
212148,133,105,219,767,1,6,0,24.86,1016.85,15.44,624.96,1.33,0
213144,133,106,219,767,1,6,0,24.86,1016.84,15.42,627.88,1.24,0
214140,133,105,218,767,0,6,0,24.86,1016.85,15.42,625.54,1.24,1
215136,132,104,218,766,1,6,0,24.86,1016.85,15.41,629.05,1.24,1
216132,133,106,221,772,1,5,0,24.86,1016.85,15.41,627.29,1.24,1
217128,133,106,221,772,1,6,0,24.86,1016.85,15.41,628.46,1.33,1
218124,134,106,221,772,1,6,0,24.86,1016.84,15.38,628.46,1.24,1
219120,133,107,221,771,1,6,0,24.86,1016.85,15.38,626.12,1.24,1
220116,135,106,221,770,1,6,0,24.86,1016.85,15.42,621.49,1.24,1
221112,135,106,222,768,1,6,0,24.86,1016.85,15.46,624.37,1.24,1
222108,135,106,222,768,1,6,0,24.86,1016.85,15.52,623.79,1.24,1
223104,136,106,221,768,1,6,0,24.86,1016.85,15.57,616.92,1.24,1
224100,135,106,222,768,1,6,0,24.86,1016.85,15.60,619.77,1.24,1
225096,135,106,222,767,1,6,0,24.86,1016.85,15.62,625.54,1.24,1
226092,135,106,221,767,1,6,0,24.86,1016.85,15.63,623.79,1.24,1
227088,134,105,221,767,0,6,0,24.86,1016.85,15.62,627.29,1.24,1
228084,134,106,222,766,1,6,0,24.86,1016.85,15.61,627.29,1.24,1
229080,135,106,221,767,1,5,0,24.86,1016.85,15.61,626.12,1.24,1
230076,135,106,222,767,1,6,0,24.87,1016.85,15.60,629.64,1.24,1
231072,134,106,222,767,1,6,0,24.87,1016.85,15.59,627.29,1.24,1
232068,134,106,221,766,1,5,0,24.87,1016.85,15.57,629.05,1.16,1
233064,133,106,220,767,1,6,0,24.87,1016.86,15.57,632.01,1.16,1
234060,133,106,221,766,1,6,0,24.87,1016.86,15.56,628.46,1.08,1
235056,133,106,221,766,0,6,0,24.87,1016.87,15.54,632.01,1.08,1
236052,133,106,220,766,1,6,0,24.87,1016.87,15.54,630.82,1.08,1
237048,133,106,220,766,1,6,0,24.87,1016.87,15.52,634.40,1.08,1
238044,132,106,220,765,1,6,0,24.87,1016.87,15.52,633.80,1.08,1
239040,132,106,219,766,1,5,0,24.87,1016.87,15.49,633.20,1.16,1
240036,132,106,220,766,1,6,0,24.87,1016.86,15.49,631.42,1.16,1
241032,132,106,220,766,1,6,0,24.87,1016.86,15.49,631.42,1.16,1
242028,131,106,219,766,1,5,0,24.87,1016.86,15.48,635.60,1.16,1
243024,131,106,219,766,1,6,0,24.88,1016.86,15.46,636.20,1.24,1
244020,131,106,219,766,1,6,0,24.88,1016.85,15.45,635.00,1.24,1
245016,131,106,218,766,1,6,0,24.88,1016.85,15.45,635.60,1.24,1
246012,131,105,219,767,1,6,0,24.88,1016.85,15.45,637.41,1.24,1
247008,131,106,219,767,1,6,0,24.88,1016.85,15.44,635.60,1.24,1
248004,132,106,219,766,1,6,0,24.88,1016.85,15.44,641.67,1.24,1
249000,132,106,220,767,1,6,0,24.88,1016.85,15.43,636.20,1.24,1
249996,131,106,220,767,1,6,0,24.88,1016.85,15.43,639.23,1.24,1
250992,131,106,221,767,1,6,0,24.88,1016.85,15.43,635.60,1.24,1
251988,130,106,221,768,1,6,0,24.88,1016.85,15.41,635.60,1.33,1
252984,131,106,220,767,1,6,0,24.88,1016.84,15.42,640.45,1.24,1
253980,130,106,220,767,1,6,0,24.88,1016.85,15.42,635.60,1.24,1
254976,130,106,220,767,1,5,0,24.88,1016.85,15.41,636.80,1.16,1
255972,130,106,219,767,1,6,0,24.88,1016.86,15.42,638.62,1.08,1
256968,129,106,218,768,1,6,0,24.88,1016.87,15.42,632.61,1.08,1
257964,129,106,219,767,1,6,0,24.89,1016.87,15.42,631.42,1.00,1
258960,129,108,222,779,1,6,0,24.89,1016.88,15.43,636.80,1.16,1
259956,129,108,223,784,1,6,0,24.89,1016.86,15.41,632.01,1.16,1
260952,129,108,223,785,1,6,0,24.89,1016.86,15.42,633.20,1.16,1
261948,130,108,224,790,1,6,0,24.89,1016.86,15.42,632.01,1.24,1
262944,129,108,221,784,1,6,0,24.88,1016.85,15.41,632.61,1.24,1
263940,129,109,223,792,1,6,0,24.88,1016.85,15.41,631.42,1.33,1
264936,129,108,222,789,0,6,0,24.88,1016.84,15.41,627.88,1.24,1
265932,129,108,222,785,1,6,0,24.88,1016.85,15.41,623.79,1.24,1
266928,129,108,223,784,1,6,0,24.88,1016.85,15.41,626.12,1.24,1
267924,130,108,223,782,1,6,0,24.88,1016.85,15.42,622.64,1.16,1
268920,131,108,223,782,1,5,0,24.88,1016.86,15.42,626.71,1.16,1
269916,131,107,222,780,1,6,0,24.88,1016.86,15.40,627.88,1.16,1
270912,131,108,224,781,1,6,0,24.89,1016.86,15.40,623.79,1.16,1
271908,131,108,225,787,1,6,0,24.89,1016.86,15.40,626.71,1.16,1
272904,132,108,224,783,1,6,0,24.89,1016.86,15.41,624.96,1.16,1
273900,132,108,223,781,1,6,0,24.89,1016.86,15.41,629.05,1.16,1
274896,132,107,223,779,1,6,0,24.89,1016.86,15.38,623.22,1.16,0
275892,132,108,223,778,1,6,0,24.89,1016.86,15.40,623.79,1.16,0
276888,132,107,223,777,1,6,0,24.89,1016.86,15.41,628.46,1.16,0
277884,133,108,223,777,1,6,0,24.89,1016.86,15.40,625.54,1.08,0
278880,134,107,223,776,0,6,0,24.89,1016.87,15.41,624.96,1.08,0
279876,134,107,223,775,1,6,0,24.89,1016.87,15.41,627.29,1.08,0
280872,135,107,224,775,0,6,0,24.89,1016.87,15.42,624.37,1.08,0
281868,136,107,223,775,1,6,0,24.89,1016.87,15.43,624.96,1.08,0
282864,136,108,224,774,1,6,0,24.89,1016.87,15.44,623.79,1.16,0
283860,137,108,224,773,1,5,0,24.89,1016.86,15.44,623.79,1.16,0
284856,139,108,224,774,1,6,0,24.89,1016.86,15.45,620.34,1.24,0
285852,139,107,224,773,1,6,0,24.89,1016.85,15.45,619.20,1.24,0
286848,140,107,224,772,1,6,0,24.88,1016.85,15.45,623.22,1.24,0
287844,141,107,224,773,1,6,0,24.88,1016.85,15.44,615.79,1.16,0
288840,143,107,224,773,1,6,0,24.88,1016.86,15.45,616.92,1.16,0
289836,143,108,224,773,0,6,0,24.88,1016.86,15.46,618.63,1.16,0
290832,143,108,225,773,1,6,0,24.88,1016.86,15.46,608.54,1.16,0
291828,145,107,226,772,1,6,0,24.89,1016.86,15.46,615.23,1.16,0
292824,145,107,225,772,1,6,0,24.88,1016.86,15.47,614.66,1.16,0
293820,147,107,226,772,0,6,0,24.88,1016.86,15.48,615.79,1.24,0
294816,147,107,227,772,1,6,0,24.88,1016.85,15.48,613.54,1.16,0
295812,147,108,227,772,1,6,0,24.89,1016.86,15.51,611.87,1.16,0
296808,148,108,226,771,1,6,0,24.89,1016.86,15.60,604.16,1.08,0
297804,148,107,227,771,1,6,0,24.89,1016.87,15.77,605.80,1.08,0
298800,149,107,228,771,1,6,0,24.89,1016.87,15.97,600.38,1.08,0
299796,149,107,227,771,1,6,0,24.89,1016.87,16.17,598.24,1.08,0
300792,149,107,227,771,1,6,0,24.89,1016.87,16.30,595.06,1.08,0
301788,149,107,227,771,1,6,0,24.90,1016.87,16.42,595.06,1.16,0
302784,150,107,227,770,1,6,0,24.90,1016.86,16.51,599.85,1.16,0
303780,150,108,227,770,1,6,0,24.90,1016.86,16.54,599.31,1.16,0
304776,150,107,228,771,1,6,0,24.90,1016.86,16.55,595.06,1.24,0
305772,150,107,227,769,1,6,0,24.90,1016.85,16.54,597.18,1.24,0
306768,150,107,226,770,1,6,0,24.90,1016.85,16.52,598.78,1.16,0
307764,150,107,227,770,1,6,0,24.90,1016.86,16.48,597.71,1.24,0
308760,149,107,227,770,1,6,0,24.90,1016.85,16.42,597.18,1.24,0
309756,149,107,227,771,1,6,0,24.90,1016.85,16.38,599.31,1.24,0
310752,149,107,227,770,1,6,0,24.90,1016.85,16.33,596.12,1.33,0
311748,149,107,227,770,1,6,0,24.90,1016.84,16.28,599.31,1.33,0
312744,149,107,227,770,1,6,0,24.90,1016.84,16.23,600.38,1.24,0
313740,148,108,226,770,1,6,0,24.90,1016.85,16.17,597.18,1.24,0
314736,148,108,227,770,1,6,0,24.90,1016.85,16.13,596.65,1.33,0
315732,147,107,227,770,1,6,0,24.90,1016.84,16.08,594.54,1.33,0
316728,147,108,227,770,1,6,0,24.90,1016.84,16.04,594.01,1.33,0
317724,146,107,227,770,1,6,0,24.90,1016.84,15.99,594.54,1.33,0
318720,146,107,227,770,1,6,0,24.90,1016.84,15.95,594.01,1.33,0
319716,145,107,226,770,1,7,0,24.90,1016.84,15.91,593.49,1.33,0
320712,145,107,226,770,1,6,0,24.90,1016.84,15.89,599.31,1.33,0
321708,145,108,226,769,1,6,0,24.90,1016.84,15.87,600.38,1.33,0
322704,145,107,226,770,1,6,0,24.90,1016.84,15.83,597.18,1.24,0
323700,145,107,226,770,1,6,0,24.90,1016.85,15.81,595.59,1.24,0
324696,144,108,226,770,1,6,0,24.90,1016.85,15.77,595.59,1.16,0
325692,143,107,226,769,1,6,0,24.90,1016.86,15.75,598.78,1.16,0
326688,143,108,225,769,1,6,0,24.90,1016.86,15.73,601.46,1.24,0
327684,143,108,225,770,1,6,0,24.90,1016.85,15.71,604.16,1.24,0
328680,142,107,225,769,1,6,0,24.90,1016.85,15.70,602.00,1.24,0
329676,142,107,225,769,1,6,0,24.90,1016.85,15.67,602.54,1.24,0
330672,142,107,224,769,1,6,0,24.90,1016.85,15.66,599.31,1.24,0
331668,141,107,225,767,1,6,0,24.90,1016.85,15.64,603.62,1.24,0
332664,141,107,225,767,1,6,0,24.90,1016.85,15.63,607.44,1.33,0
333660,141,106,225,767,1,6,0,24.90,1016.84,15.61,601.46,1.33,0
334656,139,107,225,766,1,7,0,24.90,1016.84,15.60,603.08,1.24,0
335652,140,107,225,767,1,6,0,24.90,1016.85,15.60,602.54,1.16,0
336648,139,107,225,766,1,6,0,24.90,1016.86,15.59,605.25,1.16,0
337644,139,107,225,765,1,6,0,24.90,1016.86,15.60,603.62,1.16,0
338640,140,107,225,766,1,6,0,24.90,1016.86,15.60,601.46,1.24,0
339636,139,106,226,765,1,6,0,24.90,1016.85,15.61,606.34,1.24,0
340632,138,107,226,765,1,6,0,24.90,1016.85,15.61,603.62,1.16,0
341628,139,107,226,766,1,6,0,24.90,1016.86,15.61,606.34,1.16,0
342624,139,107,225,767,1,6,0,24.90,1016.86,15.61,604.16,1.16,0
343620,139,107,225,766,1,6,0,24.90,1016.86,15.63,603.62,1.16,0
344616,138,107,226,767,1,6,0,24.91,1016.86,15.62,602.54,1.16,0
345612,138,107,226,767,1,6,0,24.91,1016.86,15.63,610.75,1.24,1
346608,139,107,227,769,1,6,0,24.91,1016.85,15.63,605.80,1.24,1
347604,139,107,227,769,1,6,0,24.91,1016.85,15.64,605.80,1.33,1
348600,139,106,226,768,1,6,0,24.91,1016.84,15.63,607.99,1.24,1
349596,139,107,227,767,1,6,0,24.91,1016.85,15.63,605.25,1.24,1
350592,139,107,227,767,1,6,0,24.91,1016.85,15.64,609.64,1.24,1
351588,138,107,227,767,1,6,0,24.91,1016.85,15.64,614.10,1.24,1
352584,138,107,226,767,1,6,0,24.91,1016.85,15.64,611.87,1.24,1
353580,137,107,227,766,1,6,0,24.91,1016.85,15.63,609.64,1.33,1
354576,137,107,226,768,1,6,0,24.91,1016.84,15.61,607.99,1.33,1
355572,137,107,226,768,1,6,0,24.91,1016.84,15.61,611.87,1.33,1
356568,137,107,226,767,1,6,0,24.91,1016.84,15.60,612.42,1.33,1
357564,136,107,226,767,1,6,0,24.90,1016.84,15.60,613.54,1.33,1
358560,137,106,226,766,1,6,0,24.90,1016.84,15.57,614.66,1.33,1
359556,136,107,225,767,1,6,0,24.90,1016.84,15.57,614.10,1.33,1
360552,136,107,226,767,1,6,0,24.90,1016.84,15.55,613.54,1.33,1
361548,136,107,227,767,1,6,0,24.90,1016.84,15.54,615.23,1.33,1
362544,136,107,227,768,0,6,0,24.90,1016.84,15.54,618.63,1.41,1
363540,137,107,227,767,1,6,0,24.90,1016.83,15.52,619.20,1.33,1
364536,136,107,226,767,1,6,0,24.90,1016.84,15.51,615.79,1.33,1
365532,136,107,227,768,1,6,0,24.90,1016.84,15.50,615.79,1.33,1
366528,137,107,227,768,1,6,0,24.90,1016.84,15.48,620.91,1.33,1
367524,136,107,227,768,1,6,0,24.90,1016.84,15.49,619.77,1.33,1
368520,136,108,227,768,1,6,0,24.90,1016.84,15.49,618.63,1.33,1
369516,137,107,227,767,1,6,0,24.90,1016.84,15.47,620.34,1.33,1
370512,137,107,227,768,1,6,0,24.90,1016.84,15.46,622.64,1.41,1
371508,137,108,228,768,1,6,0,24.90,1016.83,15.47,619.77,1.41,1
372504,137,108,229,768,1,6,0,24.90,1016.83,15.47,619.77,1.41,1
373500,137,107,228,768,1,5,0,24.90,1016.83,15.46,620.91,1.41,1
374496,138,108,229,767,1,6,0,24.90,1016.83,15.45,618.63,1.41,1
375492,138,107,229,767,1,6,0,24.90,1016.83,15.45,622.64,1.41,1
376488,138,107,229,767,1,6,0,24.90,1016.83,15.45,618.06,1.41,1
377484,138,107,229,768,1,6,0,24.90,1016.83,15.45,620.91,1.41,1
378480,137,107,229,767,1,6,0,24.90,1016.83,15.43,624.96,1.41,1
379476,137,107,228,766,1,6,0,24.90,1016.83,15.43,622.64,1.49,1
380472,137,107,228,767,1,6,0,24.90,1016.82,15.43,618.63,1.49,1
381468,137,107,228,767,1,6,0,24.90,1016.82,15.44,619.20,1.58,1
382464,136,108,229,767,1,6,0,24.89,1016.81,15.44,614.10,1.49,1
383460,136,107,228,767,1,6,0,24.89,1016.82,15.45,618.63,1.49,1
384456,136,108,229,768,1,6,0,24.89,1016.82,15.43,619.20,1.49,1
385452,135,107,228,767,1,6,0,24.89,1016.82,15.44,620.34,1.49,1
386448,134,107,227,767,1,6,0,24.89,1016.82,15.45,617.49,1.41,1
387444,134,107,227,767,1,6,0,24.89,1016.83,15.45,618.63,1.49,1
388440,134,108,227,767,1,6,0,24.89,1016.82,15.45,615.79,1.49,1
389436,133,107,227,768,1,6,0,24.89,1016.82,15.45,615.79,1.41,1
390432,133,107,226,767,1,6,0,24.89,1016.83,15.45,618.06,1.41,1
391428,133,107,226,766,1,6,0,24.89,1016.83,15.45,615.79,1.41,1
392424,132,108,226,767,1,6,0,24.89,1016.83,15.45,612.98,1.33,1
393420,131,107,226,767,1,6,0,24.89,1016.84,15.43,612.42,1.33,1
394416,132,108,226,767,1,6,0,24.89,1016.84,15.44,617.49,1.33,1
395412,132,107,226,767,1,6,0,24.89,1016.84,15.43,615.23,1.41,1
396408,131,107,225,766,1,6,0,24.88,1016.83,15.43,611.31,1.33,1
397404,131,107,225,767,1,7,0,24.88,1016.84,15.43,618.06,1.33,1
398400,131,107,224,766,1,6,0,24.88,1016.84,15.42,614.10,1.41,1
399396,130,106,224,766,1,7,0,24.88,1016.83,15.40,618.63,1.41,1
400392,130,107,224,765,1,7,0,24.88,1016.83,15.41,611.87,1.41,1
401388,130,107,224,765,1,6,0,24.88,1016.83,15.41,621.49,1.41,1
402384,130,107,224,766,1,6,0,24.88,1016.83,15.41,621.49,1.33,1
403380,130,107,223,766,1,6,0,24.88,1016.84,15.40,619.77,1.33,1
404376,130,107,223,765,1,7,0,24.88,1016.84,15.39,620.34,1.33,1
405372,129,107,223,766,1,7,0,24.88,1016.84,15.38,622.06,1.41,1
406368,129,107,223,766,1,7,0,24.88,1016.83,15.39,620.34,1.41,1
407364,129,107,223,766,1,7,0,24.87,1016.83,15.39,622.06,1.41,1
408360,129,107,223,766,1,7,0,24.87,1016.83,15.42,616.92,1.33,1
409356,128,107,222,767,1,7,0,24.87,1016.84,15.44,620.34,1.33,1
410352,129,107,221,766,1,7,0,24.87,1016.84,15.47,617.49,1.41,1
411348,128,107,221,766,1,7,0,24.87,1016.83,15.47,615.79,1.41,1
412344,127,107,222,767,1,7,0,24.87,1016.83,15.49,616.36,1.41,1
413340,127,106,222,766,1,7,0,24.87,1016.83,15.50,619.20,1.49,1
414336,127,107,221,767,1,6,0,24.86,1016.82,15.52,619.77,1.49,1
415332,126,106,220,766,1,7,0,24.86,1016.82,15.52,615.79,1.33,1
416328,127,106,221,766,1,7,0,24.86,1016.84,15.51,614.66,1.41,1
417324,126,107,220,767,1,7,0,24.86,1016.83,15.52,622.64,1.41,1
418320,126,106,220,766,1,7,0,24.86,1016.83,15.53,621.49,1.49,1
419316,125,107,220,766,2,8,0,24.86,1016.82,15.56,614.66,1.49,1
420312,125,107,220,767,2,8,0,24.86,1016.82,15.67,607.99,1.49,1
421308,125,107,219,767,1,7,0,24.86,1016.82,15.86,606.89,1.49,1
422304,124,107,219,766,2,8,0,24.86,1016.82,16.01,604.71,1.49,1
423300,124,107,220,767,2,7,0,24.86,1016.82,16.14,602.54,1.41,1
424296,124,107,219,766,2,8,0,24.87,1016.83,16.28,603.08,1.49,1
425292,124,107,219,766,2,7,0,24.87,1016.82,16.43,598.78,1.49,1
426288,124,106,219,766,2,9,0,24.87,1016.82,16.56,597.18,1.49,1
427284,123,106,218,767,4,12,0,24.87,1016.82,16.63,598.24,1.41,1
428280,123,107,218,766,3,9,0,24.87,1016.83,16.66,602.54,1.41,1
429276,122,107,218,767,3,9,0,24.86,1016.83,16.63,600.92,1.49,0
430272,122,106,217,767,4,10,0,24.86,1016.82,16.60,595.06,1.41,0
431268,122,107,218,766,3,10,0,24.86,1016.83,16.53,603.62,1.49,0
432264,121,106,218,766,5,10,0,24.86,1016.82,16.47,604.71,1.49,0
433260,121,106,216,766,4,10,0,24.86,1016.82,16.39,608.54,1.58,0
434256,122,106,217,766,4,10,0,24.86,1016.81,16.32,606.34,1.49,0
435252,122,107,216,765,3,10,0,24.86,1016.82,16.25,605.25,1.49,0
436248,122,107,216,766,3,9,0,24.86,1016.82,16.19,609.09,1.49,0
437244,122,106,216,765,3,10,0,24.85,1016.82,16.13,605.25,1.49,0
438240,121,107,215,766,4,9,0,24.85,1016.82,16.05,607.99,1.49,0
439236,122,106,215,766,1,7,0,24.85,1016.82,16.00,609.09,1.49,0
440232,121,106,215,766,1,7,0,24.85,1016.82,15.96,615.79,1.49,0
441228,122,106,215,765,1,7,0,24.85,1016.82,15.92,612.98,1.49,0
442224,121,106,214,765,2,7,0,24.86,1016.82,15.88,615.79,1.49,0
443220,121,106,215,765,2,7,0,24.86,1016.82,15.85,615.79,1.49,0
444216,121,106,214,766,2,8,0,24.86,1016.82,15.81,613.54,1.49,0
445212,120,106,214,766,2,8,0,24.86,1016.82,15.77,615.79,1.49,0
446208,120,106,214,766,2,8,0,24.86,1016.82,15.74,615.79,1.49,0
447204,120,106,213,766,2,8,0,24.85,1016.82,15.72,617.49,1.49,0
448200,120,106,212,766,2,7,0,24.85,1016.82,15.69,620.91,1.49,0
449196,120,106,212,765,2,8,0,24.85,1016.82,15.65,618.63,1.58,0
450192,120,106,212,766,2,8,0,24.85,1016.81,15.63,621.49,1.58,0
451188,120,106,212,766,2,8,0,24.85,1016.81,15.61,623.79,1.49,0
452184,119,106,212,766,2,8,0,24.85,1016.82,15.58,620.91,1.49,0
453180,119,106,212,766,2,7,0,24.85,1016.82,15.57,623.22,1.41,0
454176,120,106,212,766,2,7,0,24.85,1016.83,15.56,626.12,1.41,0
455172,119,106,211,766,2,7,0,24.85,1016.83,15.56,627.29,1.41,0
456168,119,106,211,766,2,8,0,24.85,1016.83,15.55,626.12,1.41,0
457164,119,106,210,766,2,8,0,24.85,1016.83,15.56,633.20,1.41,0
458160,119,106,211,765,2,8,0,24.84,1016.83,15.55,628.46,1.41,0
459156,119,106,210,765,2,8,0,24.84,1016.83,15.54,624.37,1.41,0
460152,118,106,210,765,2,8,0,24.84,1016.83,15.54,629.05,1.49,0
461148,119,106,210,766,2,8,0,24.84,1016.82,15.52,628.46,1.49,0
462144,119,106,210,765,2,9,0,24.84,1016.82,15.50,635.60,1.49,0
463140,118,105,209,765,2,8,0,24.84,1016.82,15.50,629.64,1.49,0
464136,118,106,209,766,3,8,0,24.84,1016.82,15.49,630.82,1.49,0
465132,117,105,209,765,2,8,0,24.84,1016.82,15.49,632.61,1.58,0
466128,118,106,208,765,2,8,0,24.83,1016.81,15.49,632.61,1.49,0
467124,117,106,209,765,2,8,0,24.83,1016.82,15.48,631.42,1.41,0
468120,118,105,209,765,2,9,0,24.83,1016.83,15.47,633.80,1.49,0
469116,118,106,208,764,2,8,0,24.83,1016.82,15.48,629.05,1.49,0
470112,117,105,208,765,2,8,0,24.83,1016.82,15.47,627.29,1.49,0
471108,117,106,208,765,2,8,0,24.83,1016.82,15.46,627.29,1.41,0
472104,117,105,208,765,2,8,0,24.83,1016.83,15.47,630.82,1.41,0
473100,117,105,207,765,2,7,0,24.83,1016.83,15.46,628.46,1.49,0
474096,118,105,207,765,2,8,0,24.83,1016.82,15.46,628.46,1.49,0
475092,117,106,207,765,2,8,0,24.83,1016.82,15.46,624.96,1.58,0
476088,117,106,207,765,2,8,0,24.83,1016.81,15.46,622.06,1.58,0
477084,117,105,207,765,2,8,0,24.82,1016.81,15.46,621.49,1.49,0
478080,117,105,207,765,1,8,0,24.82,1016.82,15.44,623.22,1.58,0
479076,117,105,207,766,2,8,0,24.82,1016.81,15.44,623.79,1.66,0
480072,117,105,206,765,2,8,0,24.82,1016.80,15.44,624.37,1.58,0
481068,116,105,207,766,2,8,0,24.82,1016.81,15.44,623.22,1.58,0