timestamp,NO2,C2H50H,VOC,CO,Alcohol,LPG,Benzene,Temperature,Pressure,Humidity,Gas_Resistance,Altitude,State-90.52
228084,37,76,81,784,1,10,0,24.89,1027.96,12.48,725.52,-90.52,0
229080,37,76,82,784,1,10,0,24.89,1027.96,12.47,721.62,-90.60,0
230076,37,76,81,785,1,10,0,24.89,1027.97,12.46,721.62,-90.52,0
231072,36,76,82,784,1,10,0,24.89,1027.96,12.48,725.52,-90.68,0
232068,37,76,82,785,1,10,0,24.89,1027.98,12.47,720.85,-90.60,0
233064,36,76,82,785,1,10,0,24.89,1027.97,12.47,723.95,-90.52,0
234060,37,76,81,785,1,10,0,24.89,1027.96,12.47,718.53,-90.52,0
235056,37,76,81,784,1,10,0,24.89,1027.96,12.47,718.53,-90.52,0
236052,37,75,81,784,1,10,0,24.89,1027.96,12.47,717.00,-90.52,0
237048,36,76,81,785,1,10,0,24.89,1027.96,12.47,724.73,-90.52,0
238044,36,76,81,785,1,10,0,24.89,1027.96,12.47,717.76,-90.44,0
239040,37,76,81,785,1,10,0,24.89,1027.95,12.47,727.09,-90.52,0
240036,37,76,82,785,1,10,0,24.89,1027.96,12.47,720.07,-90.52,0
241032,37,76,81,785,1,10,0,24.89,1027.96,12.46,717.00,-90.52,0
242028,37,76,81,786,1,10,0,24.89,1027.96,12.47,718.53,-90.52,0
243024,37,76,81,786,1,10,0,24.89,1027.96,12.46,717.00,-90.52,0
244020,37,76,80,786,1,10,0,24.89,1027.96,12.46,724.73,-90.44,0
245016,37,76,81,786,1,10,0,24.89,1027.95,12.47,716.23,-90.44,0
246012,37,76,81,785,1,10,0,24.89,1027.95,12.46,717.76,-90.52,0
247008,37,75,81,786,1,10,0,24.89,1027.96,12.46,720.07,-90.52,0
248004,37,76,81,787,1,9,0,24.89,1027.96,12.46,716.23,-90.52,0
249000,37,76,81,789,1,10,0,24.89,1027.96,12.45,717.00,-90.52,0
249996,37,76,81,789,1,10,0,24.89,1027.96,12.45,717.00,-90.52,0
250992,37,75,81,790,1,10,0,24.89,1027.96,12.45,713.19,-90.52,0
251988,37,76,81,790,1,10,0,24.89,1027.96,12.45,713.95,-90.52,0
252984,37,76,81,791,1,10,0,24.89,1027.96,12.44,713.19,-90.44,0
253980,37,76,81,791,1,10,0,24.89,1027.95,12.44,713.95,-90.44,0
254976,37,75,81,791,1,10,0,24.89,1027.95,12.44,710.93,-90.44,0
255972,37,76,81,791,1,10,0,24.88,1027.95,12.45,710.93,-90.44,0
256968,37,76,81,790,1,11,0,24.88,1027.95,12.45,707.19,-90.44,0
257964,37,76,81,791,1,10,0,24.88,1027.95,12.44,709.43,-90.44,0
258960,36,75,80,791,1,10,0,24.88,1027.95,12.45,707.93,-90.52,0
259956,37,75,80,791,1,10,0,24.88,1027.96,12.46,705.70,-90.52,0
260952,37,76,81,791,1,10,0,24.88,1027.96,12.46,702.01,-90.52,0
261948,37,76,80,791,1,10,0,24.88,1027.96,12.45,704.22,-90.52,0
262944,37,76,81,793,1,10,0,24.88,1027.96,12.45,699.09,-90.52,0
263940,37,76,81,793,1,10,0,24.88,1027.96,12.45,702.01,-90.52,0
264936,37,76,81,793,1,10,0,24.88,1027.96,12.45,700.55,-90.60,0
265932,37,75,81,793,1,10,0,24.88,1027.97,12.45,700.55,-90.52,0
266928,37,76,80,793,1,10,0,24.88,1027.96,12.45,698.37,-90.60,0
267924,36,75,80,793,1,10,0,24.88,1027.97,12.45,696.20,-90.60,0
268920,37,75,80,792,1,10,0,24.88,1027.97,12.44,692.61,-90.52,0
269916,37,76,80,793,1,10,0,24.88,1027.96,12.44,694.04,-90.52,0
270912,37,76,80,792,1,10,0,24.88,1027.96,12.44,695.47,-90.44,0
271908,37,76,80,792,1,10,0,24.88,1027.95,12.43,693.32,-90.44,0
272904,37,76,80,792,1,10,0,24.88,1027.95,12.43,686.24,-90.44,0
273900,37,75,80,792,1,10,0,24.88,1027.95,12.44,689.05,-90.52,0
274896,37,76,80,792,1,10,0,24.88,1027.96,12.44,689.05,-90.52,0
275892,37,75,80,792,1,11,0,24.88,1027.96,12.44,686.24,-90.44,0
276888,37,76,80,792,1,10,0,24.88,1027.95,12.43,689.05,-90.52,0
277884,37,76,79,791,1,10,0,24.88,1027.96,12.43,687.64,-90.52,0
278880,37,76,80,791,1,10,0,24.88,1027.96,12.43,691.18,-90.44,0
279876,36,75,80,792,1,10,0,24.88,1027.95,12.43,686.94,-90.44,0
280872,36,75,79,791,1,10,0,24.88,1027.95,12.43,690.47,-90.44,0
281868,36,76,80,791,1,10,0,24.88,1027.95,12.42,691.18,-90.44,0
282864,36,76,80,791,1,9,0,24.87,1027.95,12.43,691.18,-90.44,0
283860,36,75,80,790,1,10,0,24.87,1027.95,12.43,689.05,-90.52,0
284856,37,76,80,790,1,10,0,24.87,1027.96,12.44,688.35,-90.44,0
285852,37,75,79,790,1,10,0,24.87,1027.95,12.43,686.24,-90.44,0
286848,36,75,79,791,1,10,0,24.87,1027.95,12.44,687.64,-90.44,0
287844,36,75,80,791,1,10,0,24.87,1027.95,12.44,689.05,-90.44,0
288840,36,76,79,791,1,10,0,24.87,1027.95,12.44,679.99,-90.52,0
289836,37,75,80,791,1,11,0,24.87,1027.96,12.45,687.64,-90.35,0
290832,37,75,79,791,1,10,0,24.87,1027.94,12.44,684.84,-90.35,0
291828,36,76,79,791,1,10,0,24.87,1027.94,12.45,693.32,-90.44,0
292824,36,75,79,791,1,10,0,24.86,1027.95,12.45,691.18,-90.35,0
293820,36,75,79,791,1,9,0,24.86,1027.94,12.45,685.54,-90.35,0
294816,36,75,79,791,1,10,0,24.86,1027.94,12.46,690.47,-90.35,0
295812,36,76,79,791,1,10,0,24.86,1027.94,12.45,687.64,-90.35,0
296808,36,75,79,791,1,10,0,24.86,1027.94,12.45,690.47,-90.35,0
297804,36,75,79,792,1,10,0,24.86,1027.94,12.46,688.35,-90.35,0
298800,37,75,79,792,1,10,0,24.86,1027.94,12.47,682.06,-90.35,0
299796,36,75,78,792,1,10,0,24.86,1027.94,12.46,681.37,-90.35,0
300792,36,75,79,794,1,10,0,24.86,1027.94,12.47,683.45,-90.35,0
301788,36,75,79,793,1,10,0,24.86,1027.94,12.47,689.05,-90.44,0
302784,36,75,79,794,1,10,0,24.86,1027.95,12.47,682.06,-90.35,0
303780,36,75,78,795,1,10,0,24.86,1027.94,12.47,679.30,-90.27,0
304776,36,75,79,795,1,10,0,24.86,1027.93,12.47,681.37,-90.35,0
305772,36,75,79,795,1,10,0,24.86,1027.94,12.47,681.37,-90.35,0
306768,36,75,78,795,1,10,0,24.86,1027.94,12.47,677.93,-90.27,0
307764,37,75,79,796,1,10,0,24.86,1027.93,12.47,673.85,-90.27,0
308760,36,75,79,798,1,10,0,24.86,1027.93,12.48,671.16,-90.27,0
309756,36,75,79,799,1,10,0,24.86,1027.93,12.49,660.60,-90.35,0
310752,36,75,78,800,1,10,0,24.86,1027.94,12.51,660.60,-90.35,0
311748,37,75,79,801,1,10,0,24.86,1027.94,12.55,650.37,-90.35,0
312744,37,76,78,801,1,10,0,24.86,1027.94,12.58,649.11,-90.35,0
313740,36,75,79,801,1,10,0,24.86,1027.94,12.62,645.37,-90.27,0
314736,36,75,79,802,1,10,0,24.86,1027.93,12.66,638.01,-90.27,0
315732,36,75,79,801,1,12,0,24.85,1027.93,12.68,636.80,-90.27,0
316728,37,75,79,800,1,10,0,24.85,1027.93,12.68,633.80,-90.27,0
317724,37,75,79,800,1,10,0,24.86,1027.93,12.69,630.82,-90.27,0
318720,36,75,79,800,1,10,0,24.85,1027.93,12.67,632.61,-90.35,0
319716,36,75,79,802,1,10,0,24.86,1027.94,12.68,627.29,-90.35,0
320712,37,75,78,802,1,10,0,24.86,1027.94,12.65,626.71,-90.35,0
321708,36,75,79,802,1,10,0,24.86,1027.94,12.63,620.34,-90.44,0
322704,36,75,78,802,1,10,0,24.86,1027.95,12.62,624.96,-90.44,0
323700,37,75,79,801,1,10,0,24.86,1027.95,12.60,615.79,-90.35,0
324696,37,75,78,800,1,10,0,24.85,1027.94,12.59,617.49,-90.44,0
325692,37,75,78,800,1,10,0,24.85,1027.95,12.59,611.87,-90.35,0
326688,36,75,79,799,1,10,0,24.85,1027.94,12.58,610.20,-90.35,0
327684,36,75,79,799,1,10,0,24.85,1027.94,12.57,605.80,-90.35,0
328680,36,75,79,798,1,10,0,24.85,1027.94,12.57,603.08,-90.35,0
329676,36,75,78,798,1,10,0,24.85,1027.94,12.57,599.31,-90.35,0
330672,36,75,78,797,1,10,0,24.85,1027.94,12.56,598.78,-90.35,0
331668,36,75,78,796,1,10,0,24.85,1027.94,12.56,594.01,-90.44,0
332664,36,75,78,797,1,10,0,24.85,1027.95,12.56,592.96,-90.35,0
333660,36,74,78,797,1,10,0,24.85,1027.94,12.53,594.01,-90.35,0
334656,37,75,78,797,1,10,0,24.85,1027.94,12.54,592.96,-90.44,0
335652,36,74,77,797,1,10,0,24.85,1027.95,12.52,594.01,-90.44,0
336648,36,75,78,797,1,10,0,24.85,1027.95,12.51,592.96,-90.44,0
337644,36,75,78,798,1,10,0,24.85,1027.95,12.51,593.49,-90.52,0
338640,36,76,78,800,1,10,0,24.85,1027.96,12.49,589.32,-90.44,0
339636,36,76,78,800,1,10,0,24.85,1027.95,12.47,594.01,-90.44,1
340632,37,76,78,801,1,10,0,24.85,1027.95,12.46,595.06,-90.44,1
341628,36,76,79,800,1,10,0,24.85,1027.95,12.44,597.18,-90.44,1
342624,37,76,78,799,1,10,0,24.85,1027.95,12.43,597.71,-90.52,1
343620,37,75,78,799,1,10,0,24.85,1027.96,12.42,598.24,-90.52,1
344616,36,76,78,799,1,10,0,24.85,1027.96,12.39,600.38,-90.44,1
345612,37,76,77,798,1,10,0,24.85,1027.95,12.38,602.00,-90.52,1
346608,37,75,78,798,1,10,0,24.85,1027.96,12.36,602.00,-90.52,1
347604,37,75,78,798,1,10,0,24.85,1027.96,12.35,605.80,-90.52,1
348600,37,75,77,798,1,10,0,24.85,1027.96,12.35,600.92,-90.52,1
349596,36,75,78,798,1,10,0,24.85,1027.96,12.34,607.44,-90.60,1
350592,36,75,77,800,1,10,0,24.85,1027.97,12.32,602.54,-90.52,1
351588,37,75,78,800,1,10,0,24.85,1027.96,12.32,606.34,-90.52,1
352584,36,75,78,801,1,11,0,24.85,1027.96,12.31,608.54,-90.52,1
353580,36,75,77,801,1,10,0,24.85,1027.96,12.31,608.54,-90.60,1
354576,37,75,77,802,1,10,0,24.85,1027.97,12.30,607.99,-90.60,1
355572,36,75,77,802,1,10,0,24.85,1027.97,12.27,610.20,-90.60,1
356568,36,75,78,803,1,10,0,24.85,1027.97,12.28,612.42,-90.60,1
357564,37,75,78,804,1,10,0,24.85,1027.97,12.27,613.54,-90.68,1
358560,37,74,78,804,1,10,0,24.85,1027.98,12.26,617.49,-90.60,1
359556,37,75,78,803,1,10,0,24.85,1027.97,12.26,619.20,-90.60,1
360552,36,75,77,803,1,12,0,24.85,1027.97,12.26,620.34,-90.60,1
361548,37,75,78,802,1,10,0,24.85,1027.97,12.25,620.34,-90.60,1
362544,36,75,77,802,1,10,0,24.85,1027.97,12.24,620.34,-90.60,1
363540,36,75,78,800,1,10,0,24.85,1027.97,12.24,621.49,-90.60,1
364536,37,75,77,800,1,10,0,24.85,1027.97,12.23,623.79,-90.60,1
365532,37,75,78,799,1,10,0,24.85,1027.97,12.23,623.79,-90.60,1
366528,37,74,77,799,1,10,0,24.85,1027.97,12.22,629.64,-90.52,1
367524,37,75,77,798,1,10,0,24.85,1027.96,12.20,626.71,-90.52,1
368520,37,75,77,798,1,10,0,24.85,1027.96,12.21,626.12,-90.60,1
369516,36,75,77,797,1,10,0,24.85,1027.97,12.19,627.29,-90.60,1
370512,36,75,77,798,1,10,0,24.85,1027.97,12.20,630.23,-90.60,1
371508,37,75,77,798,1,10,0,24.85,1027.97,12.19,633.20,-90.68,1
372504,37,75,76,797,1,10,0,24.85,1027.98,12.19,630.23,-90.60,1
373500,37,74,77,797,1,10,0,24.85,1027.97,12.19,635.60,-90.60,1
374496,36,75,77,797,1,10,0,24.85,1027.97,12.19,632.01,-90.60,1
375492,37,75,77,797,1,10,0,24.85,1027.97,12.18,629.05,-90.60,1
376488,36,75,77,798,1,10,0,24.85,1027.97,12.18,635.00,-90.68,1
377484,37,75,77,798,1,10,0,24.85,1027.98,12.18,634.40,-90.77,1
378480,37,75,77,797,1,10,0,24.85,1027.99,12.19,636.80,-90.77,1
379476,37,75,77,797,1,10,0,24.85,1027.99,12.19,633.20,-90.77,1
380472,37,75,77,797,1,10,0,24.85,1027.99,12.20,635.60,-90.77,1
381468,36,75,76,796,1,10,0,24.85,1027.99,12.18,636.80,-90.77,1
382464,37,75,76,796,1,10,0,24.85,1027.99,12.19,639.23,-90.77,1
383460,37,75,76,796,1,10,0,24.85,1027.99,12.18,640.45,-90.77,1
384456,37,75,76,796,1,10,0,24.85,1027.99,12.17,639.23,-90.68,1
385452,37,75,77,796,1,10,0,24.85,1027.98,12.18,641.67,-90.68,1
386448,37,75,76,795,1,10,0,24.85,1027.98,12.17,642.90,-90.68,1
387444,37,75,76,795,1,9,0,24.85,1027.98,12.17,636.80,-90.77,1
388440,37,74,76,794,1,10,0,24.85,1027.99,12.17,636.80,-90.77,1
389436,36,74,76,794,1,10,0,24.85,1027.99,12.17,632.01,-90.77,1
390432,37,74,76,794,1,10,0,24.85,1027.99,12.18,632.01,-90.77,1
391428,36,75,76,794,1,10,0,24.85,1027.99,12.17,630.82,-90.85,1
392424,36,75,76,793,1,10,0,24.85,1028.00,12.17,627.29,-90.85,0
393420,36,74,76,792,1,10,0,24.85,1028.00,12.20,627.88,-90.77,0
394416,37,75,76,792,1,10,0,24.85,1027.99,12.20,624.96,-90.85,0
395412,37,75,76,792,1,10,0,24.85,1028.00,12.20,623.79,-90.85,0
396408,37,74,76,792,1,10,0,24.85,1028.00,12.21,620.34,-90.85,0
397404,36,74,76,792,1,10,0,24.85,1028.00,12.22,621.49,-90.85,0
398400,37,75,75,791,1,10,0,24.85,1028.00,12.22,616.36,-90.93,0
399396,36,75,75,791,1,10,0,24.85,1028.01,12.23,616.92,-90.85,0
400392,36,74,76,791,1,10,0,24.85,1028.00,12.23,615.23,-90.85,0
401388,37,75,75,791,1,10,0,24.85,1028.00,12.23,620.34,-90.85,0
402384,36,74,76,791,1,10,0,24.85,1028.00,12.23,617.49,-90.85,0
403380,36,75,76,791,1,10,0,24.85,1028.00,12.24,612.42,-90.85,0
404376,36,74,75,791,1,10,0,24.85,1028.00,12.25,619.77,-90.85,0
405372,37,74,75,790,1,10,0,24.85,1028.00,12.24,616.36,-90.85,0
406368,36,74,76,790,1,10,0,24.85,1028.00,12.24,616.92,-90.85,0
407364,36,74,76,790,1,10,0,24.85,1028.00,12.24,612.98,-90.85,0
408360,37,75,76,790,1,10,0,24.85,1028.00,12.25,612.42,-90.85,0
409356,36,75,76,790,1,10,0,24.85,1028.00,12.26,614.10,-90.93,0
410352,36,75,76,789,1,10,0,24.85,1028.01,12.27,613.54,-90.93,0
411348,36,74,75,789,1,10,0,24.85,1028.01,12.27,612.42,-90.93,0
412344,36,74,75,789,1,10,0,24.85,1028.01,12.28,616.36,-90.85,0
413340,35,75,75,790,1,10,0,24.85,1028.00,12.30,614.66,-90.93,0
414336,36,74,75,788,1,10,0,24.85,1028.01,12.30,615.79,-90.93,0
415332,36,74,75,788,1,10,0,24.85,1028.01,12.31,618.06,-90.93,0
416328,36,75,75,788,1,10,0,24.85,1028.01,12.31,615.79,-90.93,0
417324,35,74,75,788,1,12,0,24.85,1028.01,12.32,619.77,-90.85,0
418320,36,74,74,788,1,10,0,24.85,1028.00,12.33,614.10,-90.93,0
419316,36,75,75,788,1,10,0,24.85,1028.01,12.34,619.20,-90.93,0
420312,36,74,75,789,1,10,0,24.84,1028.01,12.34,618.63,-90.93,0
421308,35,75,75,788,1,10,0,24.84,1028.01,12.35,619.20,-90.93,0
422304,36,74,75,789,1,10,0,24.84,1028.01,12.34,623.79,-90.93,0
423300,36,74,75,789,1,10,0,24.84,1028.01,12.35,621.49,-90.93,0
424296,35,74,75,789,1,10,0,24.84,1028.01,12.35,624.37,-90.93,0
425292,35,74,75,789,1,10,0,24.84,1028.01,12.36,623.79,-90.93,0
426288,36,74,75,789,1,10,0,24.84,1028.01,12.36,627.29,-90.93,0
427284,36,74,74,788,1,10,0,24.84,1028.01,12.37,630.23,-90.85,0
428280,35,74,74,788,1,11,0,24.84,1028.00,12.37,631.42,-90.85,0
429276,35,74,75,788,1,10,0,24.84,1028.00,12.38,626.12,-90.93,0
430272,35,74,75,787,1,10,0,24.84,1028.01,12.39,632.01,-90.93,0
431268,36,74,74,788,1,10,0,24.84,1028.01,12.39,629.64,-91.01,0
432264,36,74,75,787,1,10,0,24.84,1028.02,12.40,632.61,-91.01,0
433260,35,74,74,787,1,10,0,24.84,1028.02,12.39,630.82,-91.01,0
434256,35,74,74,787,1,10,0,24.84,1028.02,12.40,632.61,-91.01,0
435252,35,74,74,787,1,10,0,24.84,1028.02,12.41,633.20,-91.09,0
436248,35,74,75,787,1,10,0,24.84,1028.03,12.41,632.61,-91.09,0
437244,35,74,74,787,1,10,0,24.84,1028.03,12.42,636.80,-91.09,0
438240,36,74,74,788,1,10,0,24.84,1028.03,12.43,635.60,-91.09,0
439236,35,74,74,787,1,10,0,24.84,1028.03,12.42,639.23,-91.09,0
440232,35,74,75,788,1,10,0,24.84,1028.03,12.43,641.67,-91.01,0
441228,35,74,74,787,1,10,0,24.84,1028.02,12.44,635.60,-91.01,0
442224,35,74,74,788,1,10,0,24.84,1028.02,12.44,638.62,-90.93,0
443220,35,74,75,788,1,10,0,24.84,1028.01,12.44,635.00,-91.01,0
444216,36,74,74,789,1,10,0,24.84,1028.02,12.44,639.23,-91.01,0
445212,35,74,74,789,1,10,0,24.84,1028.02,12.44,633.20,-90.93,0
446208,35,74,75,788,1,10,0,24.83,1028.01,12.44,635.60,-90.93,0
447204,36,74,74,788,1,10,0,24.83,1028.01,12.44,639.23,-90.93,0
448200,35,74,74,790,1,11,0,24.83,1028.01,12.43,626.12,-90.85,0
449196,35,74,74,790,1,10,0,24.83,1028.00,12.43,632.61,-90.93,0
450192,36,74,74,790,1,10,0,24.83,1028.01,12.42,632.61,-90.85,0
451188,36,74,75,790,1,10,0,24.83,1028.00,12.41,633.20,-90.85,0
452184,35,74,75,791,1,10,0,24.83,1028.00,12.41,629.64,-90.85,0
453180,36,74,75,792,1,10,0,24.83,1028.00,12.39,627.88,-90.85,1
454176,36,74,74,794,1,10,0,24.83,1028.00,12.38,628.46,-90.85,1
455172,36,75,75,797,1,10,0,24.83,1028.00,12.39,626.12,-90.85,1
456168,37,74,76,799,1,10,0,24.83,1028.00,12.38,620.34,-90.77,1
457164,37,75,76,800,1,9,0,24.83,1027.99,12.38,626.12,-90.68,1
458160,36,75,76,799,1,11,0,24.83,1027.98,12.39,627.88,-90.77,1
459156,37,75,76,801,1,10,0,24.83,1027.99,12.37,621.49,-90.77,1
460152,37,75,76,801,1,10,0,24.83,1027.99,12.36,620.34,-90.85,1
461148,38,75,76,802,1,10,0,24.83,1028.00,12.35,622.64,-90.85,1
462144,37,75,76,801,1,10,0,24.83,1028.00,12.35,616.92,-90.93,1
463140,38,75,77,803,1,10,0,24.83,1028.01,12.37,616.36,-90.85,1
464136,38,75,76,803,1,10,0,24.83,1028.00,12.38,609.09,-90.85,1
465132,37,75,77,804,1,10,0,24.82,1028.00,12.38,611.87,-90.93,1
466128,38,75,76,803,1,10,0,24.82,1028.01,12.41,605.80,-90.93,1
467124,37,75,76,802,1,10,0,24.82,1028.01,12.41,607.44,-90.93,1
468120,38,75,76,801,1,10,0,24.82,1028.01,12.42,605.80,-90.85,1
469116,38,74,76,800,1,10,0,24.82,1028.00,12.42,605.25,-90.85,1
470112,37,74,75,800,1,12,0,24.82,1028.00,12.41,605.80,-90.77,1
471108,38,74,75,799,1,10,0,24.82,1027.99,12.41,607.99,-90.85,1
472104,38,75,75,798,1,10,0,24.82,1028.00,12.40,609.09,-90.77,1
473100,38,74,75,799,0,10,0,24.82,1027.99,12.40,607.99,-90.85,1
474096,37,75,74,799,1,10,0,24.82,1028.00,12.39,611.31,-90.77,1
475092,37,75,75,798,1,10,0,24.82,1027.99,12.38,612.98,-90.77,1
476088,37,75,74,797,1,10,0,24.82,1027.99,12.36,612.98,-90.85,1
477084,37,75,75,798,1,10,0,24.82,1028.00,12.36,613.54,-90.77,1
478080,37,75,74,797,1,10,0,24.82,1027.99,12.36,610.75,-90.77,1
479076,37,75,75,797,1,9,0,24.82,1027.99,12.34,612.98,-90.77,1
480072,38,74,75,797,1,10,0,24.82,1027.99,12.33,612.42,-90.68,1
481068,37,74,75,796,1,10,0,24.81,1027.98,12.34,611.87,-90.68,1
482064,37,75,75,796,1,10,0,24.81,1027.98,12.33,616.92,-90.68,1
483060,37,74,75,797,1,10,0,24.81,1027.98,12.34,612.98,-90.68,1
484056,38,75,75,797,1,10,0,24.81,1027.98,12.34,611.31,-90.77,1
485052,38,75,75,796,1,10,0,24.81,1027.99,12.33,612.98,-90.68,1
486048,37,74,75,797,1,10,0,24.81,1027.98,12.33,612.98,-90.68,1
487044,38,74,74,796,1,10,0,24.81,1027.98,12.35,610.20,-90.68,1
488040,37,74,74,796,1,10,0,24.81,1027.98,12.35,611.87,-90.77,1
489036,37,74,75,796,1,10,0,24.81,1027.99,12.34,611.87,-90.77,1
490032,37,74,74,795,1,10,0,24.81,1027.99,12.34,612.42,-90.77,1
491028,37,75,74,795,1,10,0,24.81,1027.99,12.35,609.64,-90.77,1
492024,37,74,74,795,1,10,0,24.81,1027.99,12.35,611.31,-90.68,1
493020,37,74,74,795,1,10,0,24.81,1027.98,12.34,610.75,-90.68,1
494016,37,74,75,795,1,10,0,24.81,1027.98,12.36,609.09,-90.68,1
495012,37,74,74,795,1,11,0,24.81,1027.98,12.35,612.42,-90.77,1
496008,37,74,75,795,1,10,0,24.81,1027.99,12.35,611.31,-90.77,1
497004,38,74,74,794,1,10,0,24.81,1027.99,12.35,611.87,-90.85,1
498000,37,74,74,795,1,10,0,24.81,1028.00,12.35,610.75,-90.93,1
498996,37,74,74,794,1,10,0,24.81,1028.01,12.36,611.87,-90.93,1
499992,36,74,74,795,1,9,0,24.81,1028.01,12.36,610.75,-90.93,1
500988,37,74,75,795,1,10,0,24.81,1028.01,12.36,611.87,-90.85,1
501984,37,74,74,794,1,10,0,24.81,1028.00,12.37,614.66,-90.85,1
502980,37,74,74,793,1,9,0,24.81,1028.00,12.37,611.87,-90.93,1
503976,37,74,75,793,1,10,0,24.81,1028.01,12.37,613.54,-90.93,1
504972,36,74,74,793,1,10,0,24.81,1028.01,12.39,615.79,-91.01,1
505968,37,74,74,793,1,10,0,24.81,1028.02,12.39,611.87,-91.09,1
506964,37,74,74,792,1,10,0,24.81,1028.03,12.40,616.92,-91.09,1
507960,37,74,74,793,1,10,0,24.81,1028.03,12.40,620.34,-91.09,1
508956,37,74,74,792,1,10,0,24.81,1028.03,12.41,619.20,-91.01,1
509952,37,75,74,791,1,10,0,24.81,1028.02,12.42,618.63,-91.01,1
510948,37,74,74,791,1,10,0,24.81,1028.02,12.42,621.49,-91.01,1
511944,36,74,74,791,1,10,0,24.81,1028.02,12.43,624.37,-91.01,1
512940,37,74,74,790,1,10,0,24.81,1028.02,12.43,619.77,-91.01,0
513936,36,74,74,790,1,9,0,24.81,1028.02,12.44,619.20,-91.01,0
514932,37,73,74,790,1,10,0,24.81,1028.02,12.44,627.29,-91.01,0
515928,36,74,73,790,1,10,0,24.81,1028.02,12.45,623.79,-91.01,0
516924,37,74,74,789,1,10,0,24.80,1028.02,12.45,629.64,-91.01,0
517920,37,74,73,790,1,10,0,24.80,1028.02,12.46,633.20,-91.09,0
518916,37,74,73,789,1,10,0,24.80,1028.03,12.46,630.82,-91.09,0
519912,36,74,73,789,1,10,0,24.80,1028.03,12.47,633.80,-91.01,0
520908,37,74,74,789,1,10,0,24.80,1028.02,12.46,633.80,-91.09,0
521904,37,74,74,789,1,10,0,24.80,1028.03,12.47,629.05,-91.09,0
522900,37,74,73,788,1,10,0,24.80,1028.03,12.47,632.01,-91.09,0
523896,37,74,73,788,1,10,0,24.80,1028.03,12.48,634.40,-91.09,0
524892,37,74,74,788,1,10,0,24.80,1028.03,12.47,635.00,-91.09,0
525888,36,74,73,787,1,10,0,24.80,1028.03,12.48,636.80,-91.09,0
526884,37,74,74,787,1,10,0,24.80,1028.03,12.47,637.41,-91.09,0
527880,37,74,74,788,1,9,0,24.80,1028.03,12.47,640.45,-91.01,0
528876,37,73,74,787,1,10,0,24.80,1028.02,12.47,641.06,-91.01,0
529872,36,74,73,786,1,10,0,24.80,1028.02,12.47,639.84,-91.01,0
530868,36,74,74,787,1,10,0,24.80,1028.02,12.47,640.45,-91.09,0
531864,36,73,73,787,1,10,0,24.80,1028.03,12.46,638.62,-91.09,0
532860,37,73,73,786,1,10,0,24.80,1028.03,12.47,642.28,-91.09,0
533856,36,74,73,787,1,10,0,24.80,1028.03,12.46,639.84,-91.09,0
534852,36,73,73,786,1,10,0,24.80,1028.03,12.46,640.45,-91.18,0
535848,37,74,73,786,1,10,0,24.80,1028.04,12.48,644.75,-91.18,0
536844,36,73,73,787,1,10,0,24.80,1028.04,12.47,645.99,-91.18,0
537840,36,74,73,786,1,9,0,24.80,1028.04,12.47,645.37,-91.18,0
538836,37,73,73,785,1,10,0,24.80,1028.04,12.48,646.61,-91.18,0
539832,36,73,73,785,1,9,0,24.80,1028.04,12.48,644.13,-91.18,0
540828,36,73,73,787,1,10,0,24.80,1028.04,12.48,644.75,-91.18,0
541824,36,73,73,787,1,9,0,24.81,1028.04,12.47,647.23,-91.18,0
542820,36,74,73,786,1,10,0,24.80,1028.04,12.47,647.23,-91.18,0
543816,36,74,72,786,1,10,0,24.81,1028.04,12.47,645.37,-91.26,0
544812,36,73,73,787,1,10,0,24.81,1028.05,12.46,646.61,-91.26,0
545808,36,73,73,787,1,10,0,24.81,1028.05,12.45,650.37,-91.34,0
546804,36,73,73,788,1,10,0,24.80,1028.06,12.43,652.89,-91.34,0
547800,36,74,72,788,1,10,0,24.80,1028.06,12.42,649.74,-91.34,0
548796,36,73,73,787,1,10,0,24.80,1028.06,12.40,647.23,-91.34,0
549792,36,73,73,787,1,10,0,24.80,1028.06,12.40,650.37,-91.34,0
550788,36,73,72,787,1,10,0,24.80,1028.06,12.38,652.89,-91.26,0
551784,36,73,73,787,1,10,0,24.80,1028.05,12.37,647.86,-91.34,0
552780,36,73,72,787,1,10,0,24.80,1028.06,12.36,654.16,-91.34,0
553776,35,73,73,786,1,11,0,24.80,1028.06,12.34,656.08,-91.42,0
554772,36,73,72,787,1,10,0,24.80,1028.07,12.33,652.89,-91.51,0
555768,35,73,72,787,1,10,0,24.80,1028.08,12.32,652.89,-91.42,0
556764,35,73,72,786,1,10,0,24.80,1028.07,12.31,656.08,-91.51,0
557760,36,73,72,786,1,9,0,24.80,1028.08,12.31,656.72,-91.42,0
558756,36,73,72,786,1,9,0,24.80,1028.07,12.30,656.72,-91.42,0
559752,35,73,72,786,1,10,0,24.80,1028.07,12.28,651.63,-91.51,0
560748,36,73,72,787,1,10,0,24.80,1028.08,12.29,656.08,-91.42,0
561744,36,73,72,788,1,10,0,24.80,1028.07,12.27,654.16,-91.51,0
562740,36,73,72,788,1,10,0,24.80,1028.08,12.27,652.89,-91.51,0
563736,35,73,72,789,0,10,0,24.80,1028.08,12.26,651.00,-91.51,0
564732,35,73,72,789,1,10,0,24.80,1028.08,12.25,656.72,-91.51,0
565728,36,73,72,790,1,10,0,24.80,1028.08,12.25,652.89,-91.51,0
566724,35,73,72,789,1,10,0,24.80,1028.08,12.24,656.72,-91.51,0
567720,36,73,72,789,1,10,0,24.80,1028.08,12.25,652.26,-91.51,0
568716,35,73,73,789,1,10,0,24.80,1028.08,12.25,652.26,-91.51,0
569712,35,73,72,789,1,10,0,24.80,1028.08,12.26,651.63,-91.42,0
570708,36,73,72,790,1,9,0,24.80,1028.07,12.26,647.86,-91.42,0
571704,35,73,72,789,1,9,0,24.80,1028.07,12.27,645.99,-91.42,0
572700,36,73,72,789,1,10,0,24.80,1028.07,12.26,647.23,-91.42,0
573696,36,73,72,789,1,10,0,24.80,1028.07,12.30,644.13,-91.42,0
574692,36,73,72,789,1,10,0,24.80,1028.07,12.29,642.90,-91.42,1
575688,36,73,72,790,0,9,0,24.80,1028.07,12.31,640.45,-91.51,1
576684,36,73,72,790,1,9,0,24.80,1028.08,12.31,641.67,-91.51,1
577680,36,73,72,790,0,9,0,24.80,1028.08,12.32,642.90,-91.42,1
578676,36,72,72,790,1,9,0,24.79,1028.07,12.32,640.45,-91.42,1
579672,35,72,72,790,0,9,0,24.79,1028.07,12.33,642.28,-91.42,1
580668,35,73,72,789,1,9,0,24.79,1028.07,12.34,640.45,-91.42,1
581664,36,73,72,789,1,9,0,24.79,1028.07,12.34,644.13,-91.51,1
582660,35,73,72,789,1,9,0,24.79,1028.08,12.35,638.01,-91.51,1
583656,35,73,72,789,1,9,0,24.79,1028.08,12.36,642.28,-91.51,1
584652,35,73,72,789,1,9,0,24.79,1028.08,12.36,639.84,-91.51,1
585648,35,73,72,788,1,9,0,24.79,1028.08,12.37,642.90,-91.51,1
586644,35,73,72,789,1,9,0,24.79,1028.08,12.37,641.06,-91.42,1
587640,35,73,72,789,1,9,0,24.79,1028.07,12.38,641.67,-91.34,1
588636,35,73,72,789,1,9,0,24.79,1028.06,12.39,641.06,-91.34,1
589632,35,73,72,789,1,9,0,24.79,1028.06,12.39,639.23,-91.34,1
590628,35,73,72,790,1,9,0,24.79,1028.06,12.39,641.06,-91.34,1
591624,36,73,72,789,1,9,0,24.79,1028.06,12.39,644.13,-91.34,1
592620,36,72,72,790,1,9,0,24.79,1028.06,12.40,641.06,-91.34,1
593616,36,73,72,789,1,9,0,24.79,1028.06,12.40,641.06,-91.34,1
594612,36,73,72,789,1,9,0,24.79,1028.06,12.42,640.45,-91.34,1
595608,36,73,72,788,1,9,0,24.79,1028.06,12.41,647.23,-91.34,1
596604,36,73,72,789,1,9,0,24.79,1028.06,12.42,642.90,-91.26,1
597600,35,73,72,789,1,9,0,24.79,1028.05,12.42,647.23,-91.34,1
598596,35,73,72,788,1,9,0,24.79,1028.06,12.43,645.37,-91.26,1
599592,35,72,72,788,1,9,0,24.79,1028.05,12.43,644.13,-91.26,1
0,34,73,72,788,1,9,0,24.79,1028.05,12.44,640.45,-91.34,1
996,35,73,72,788,1,9,0,24.71,1028.06,12.46,638.01,-91.34,1
1992,35,73,72,788,1,9,0,24.70,1028.06,12.49,642.90,-91.26,1
2988,36,73,72,788,1,9,0,24.70,1028.05,12.50,644.13,-91.34,1
3984,35,73,72,788,1,9,0,24.71,1028.06,12.51,641.67,-91.26,1
4980,36,73,72,786,1,9,0,24.72,1028.05,12.53,645.37,-91.26,1
5976,35,73,72,787,1,9,0,24.73,1028.05,12.53,642.90,-91.26,1
6972,35,73,72,786,1,9,0,24.74,1028.05,12.54,644.13,-91.26,1
7968,35,73,71,786,1,9,0,24.75,1028.05,12.54,644.13,-91.26,1
8964,36,73,71,786,1,9,0,24.75,1028.05,12.53,645.37,-91.26,1
9960,36,73,72,786,1,9,0,24.76,1028.05,12.55,649.74,-91.26,1
10956,35,73,71,787,1,9,0,24.76,1028.05,12.55,647.23,-91.26,1
11952,36,73,72,786,1,9,0,24.76,1028.05,12.55,645.99,-91.26,1
12948,36,72,72,786,1,9,0,24.77,1028.05,12.54,645.37,-91.18,1
13944,36,73,71,786,1,9,0,24.77,1028.04,12.54,648.48,-91.26,1
14940,35,73,72,787,1,9,0,24.77,1028.05,12.53,648.48,-91.18,1
15936,36,73,72,787,1,9,0,24.78,1028.04,12.54,650.37,-91.26,1
16932,35,73,72,787,1,9,0,24.78,1028.05,12.53,651.00,-91.34,1
17928,36,73,72,787,1,9,0,24.78,1028.06,12.54,652.26,-91.34,1
18924,35,73,72,787,1,10,0,24.78,1028.06,12.53,652.26,-91.26,1
19920,36,73,71,787,1,9,0,24.78,1028.05,12.52,654.16,-91.26,1
20916,36,73,72,787,1,9,0,24.79,1028.05,12.52,652.26,-91.26,1
21912,36,73,72,786,1,11,0,24.79,1028.05,12.52,656.72,-91.18,1
22908,36,73,72,786,1,9,0,24.79,1028.04,12.51,652.89,-91.26,1
23904,36,73,71,786,1,9,0,24.79,1028.05,12.52,654.80,-91.18,1
24900,36,73,72,785,1,9,0,24.79,1028.04,12.51,658.01,-91.18,1
25896,35,73,71,786,1,9,0,24.79,1028.04,12.51,655.44,-91.09,1
26892,36,73,72,786,1,9,0,24.78,1028.03,12.52,656.72,-91.18,1
27888,36,73,71,785,1,9,0,24.78,1028.04,12.52,658.01,-91.09,1
28884,36,73,71,786,1,9,0,24.78,1028.03,12.52,656.72,-91.18,1
29880,36,73,71,785,1,9,0,24.78,1028.04,12.52,652.89,-91.18,1
30876,36,73,71,786,1,9,0,24.78,1028.04,12.52,652.26,-91.18,1
31872,36,73,71,785,1,9,0,24.78,1028.04,12.53,651.00,-91.18,1
32868,36,73,72,786,1,9,0,24.78,1028.04,12.53,642.90,-91.18,1
33864,36,73,71,787,1,9,0,24.78,1028.04,12.54,645.99,-91.18,1
34860,35,73,71,787,1,9,0,24.78,1028.04,12.54,645.99,-91.09,1
35856,36,73,71,787,1,9,0,24.78,1028.03,12.54,644.75,-91.09,1
36852,36,73,71,788,1,9,0,24.78,1028.03,12.54,644.13,-91.09,1
37848,36,73,71,788,1,9,0,24.78,1028.03,12.55,645.37,-91.09,1
38844,36,73,71,789,1,9,0,24.78,1028.03,12.55,642.90,-91.09,1
39840,36,73,71,789,1,9,0,24.78,1028.03,12.55,639.23,-91.09,1
40836,36,73,71,790,1,9,0,24.78,1028.03,12.54,638.62,-91.01,1
41832,35,73,71,790,1,8,0,24.78,1028.02,12.54,639.23,-91.01,1
42828,36,72,72,791,1,9,0,24.77,1028.02,12.54,640.45,-90.93,1
43824,37,73,71,792,1,9,0,24.77,1028.01,12.53,639.23,-90.93,1
44820,36,73,72,792,1,9,0,24.77,1028.01,12.52,635.60,-91.01,1
45816,36,73,71,792,1,9,0,24.77,1028.02,12.51,635.00,-90.93,1
46812,36,73,71,793,1,9,0,24.77,1028.01,12.50,628.46,-90.93,1
47808,36,73,72,794,0,9,0,24.77,1028.01,12.50,633.80,-90.93,1
48804,36,73,71,794,1,9,0,24.77,1028.01,12.50,630.23,-90.93,1
49800,36,72,71,793,1,9,0,24.77,1028.01,12.49,627.88,-90.85,1
50796,36,73,70,793,1,10,0,24.77,1028.00,12.49,627.29,-90.85,1
51792,36,73,71,794,1,9,0,24.77,1028.00,12.49,627.29,-90.77,1
52788,36,73,71,794,1,9,0,24.77,1027.99,12.47,627.29,-90.85,1
53784,36,73,71,794,1,9,0,24.77,1028.00,12.46,630.23,-90.85,1
54780,36,72,71,794,1,9,0,24.77,1028.00,12.45,630.82,-90.93,1
55776,35,73,71,793,1,9,0,24.77,1028.01,12.43,630.23,-90.85,1
56772,36,72,71,792,1,9,0,24.77,1028.00,12.41,636.20,-90.85,1
57768,36,73,70,793,1,8,0,24.77,1028.00,12.40,636.80,-90.85,1
58764,35,73,71,793,1,9,0,24.77,1028.00,12.38,634.40,-90.85,1
59760,36,73,70,794,1,9,0,24.77,1028.00,12.37,636.80,-90.77,1
60756,36,73,71,793,1,9,0,24.77,1027.99,12.35,636.20,-90.77,1
61752,36,73,71,793,1,9,0,24.77,1027.99,12.33,640.45,-90.85,1
62748,36,73,70,794,1,9,0,24.77,1028.00,12.33,641.67,-90.77,1
63744,36,73,70,794,1,9,0,24.77,1027.99,12.30,641.67,-90.77,1
64740,37,73,70,793,1,9,0,24.77,1027.99,12.29,637.41,-90.77,1
65736,35,73,71,794,1,9,0,24.77,1027.99,12.28,642.90,-90.85,1
66732,36,73,71,794,1,8,0,24.77,1028.00,12.27,647.23,-90.85,1
67728,36,73,70,794,1,9,0,24.76,1028.00,12.27,647.23,-90.85,1
68724,35,73,71,793,1,9,0,24.77,1028.00,12.26,642.90,-90.77,1
69720,36,72,70,795,1,9,0,24.76,1027.99,12.25,644.75,-90.85,1
70716,36,73,70,796,1,9,0,24.76,1028.00,12.26,646.61,-90.85,1
71712,36,73,70,796,1,9,0,24.76,1028.00,12.26,644.75,-90.77,1
72708,36,73,70,797,1,9,0,24.76,1027.99,12.28,646.61,-90.77,1
73704,36,73,70,798,1,9,0,24.76,1027.99,12.28,642.90,-90.77,1
74700,36,72,70,798,1,9,0,24.76,1027.99,12.29,639.23,-90.77,1
75696,36,73,70,799,1,9,0,24.76,1027.99,12.29,638.62,-90.77,1
76692,36,73,71,799,1,9,0,24.76,1027.99,12.32,642.90,-90.77,1
77688,36,73,70,800,1,9,0,24.76,1027.99,12.32,635.60,-90.68,1
78684,36,72,71,799,1,9,0,24.76,1027.98,12.34,635.60,-90.77,1
79680,36,73,70,799,1,9,0,24.76,1027.99,12.33,638.01,-90.77,1
80676,36,73,71,799,1,9,0,24.76,1027.99,12.34,639.84,-90.77,1
81672,36,73,70,800,1,9,0,24.76,1027.99,12.35,635.60,-90.77,1
82668,36,73,70,799,1,9,0,24.76,1027.99,12.35,630.82,-90.77,1
83664,36,73,71,799,1,9,0,24.76,1027.99,12.36,633.20,-90.77,1
84660,36,73,70,800,1,9,0,24.76,1027.99,12.36,629.05,-90.85,1
85656,36,73,70,799,1,9,0,24.75,1028.00,12.36,633.20,-90.77,1
86652,36,73,70,799,1,8,0,24.76,1027.99,12.39,630.82,-90.85,1
87648,35,73,70,800,1,9,0,24.76,1028.00,12.37,633.20,-90.85,1
88644,36,73,70,800,1,9,0,24.76,1028.00,12.38,632.01,-90.85,1
89640,36,73,70,799,1,9,0,24.76,1028.00,12.38,630.23,-90.85,1
90636,36,73,70,798,1,9,0,24.76,1028.00,12.38,632.01,-90.85,0
91632,36,73,71,798,1,10,0,24.76,1028.00,12.37,631.42,-90.77,0
92628,36,73,70,798,1,9,0,24.76,1027.99,12.38,633.20,-90.77,0
93624,35,72,70,796,1,10,0,24.76,1027.99,12.38,626.71,-90.77,0
94620,36,73,70,796,1,10,0,24.76,1027.99,12.38,630.23,-90.77,0
95616,36,73,70,794,1,10,0,24.76,1027.99,12.38,629.64,-90.85,0
96612,36,73,70,794,1,10,0,24.76,1028.00,12.38,628.46,-90.85,0
97608,35,73,70,794,1,10,0,24.77,1028.00,12.38,630.23,-90.85,0
98604,36,72,70,793,1,10,0,24.77,1028.00,12.38,632.01,-90.77,0
99600,36,73,69,793,1,10,0,24.77,1027.99,12.38,630.23,-90.85,0
100596,36,72,70,792,1,10,0,24.77,1028.00,12.38,635.60,-90.85,0
101592,35,73,69,792,1,10,0,24.77,1028.00,12.38,633.20,-90.85,0
102588,36,73,70,791,1,10,0,24.77,1028.00,12.38,632.01,-90.93,0
103584,36,73,70,791,1,9,0,24.77,1028.01,12.39,636.80,-90.93,0
104580,36,73,70,791,1,10,0,24.77,1028.01,12.38,637.41,-90.93,0
105576,36,73,69,791,1,10,0,24.76,1028.01,12.39,636.80,-90.93,0
106572,36,73,70,790,1,9,0,24.76,1028.01,12.39,630.23,-90.93,0
107568,36,73,70,790,1,10,0,24.76,1028.01,12.40,637.41,-90.93,0
108564,36,73,70,791,1,10,0,24.76,1028.01,12.40,641.06,-91.01,0
109560,35,73,69,790,1,10,0,24.76,1028.02,12.41,633.20,-91.01,0
110556,36,72,70,790,1,10,0,24.76,1028.02,12.41,638.62,-91.01,0
111552,35,72,69,790,1,10,0,24.76,1028.02,12.42,640.45,-91.01,0
112548,36,73,70,790,1,9,0,24.76,1028.02,12.41,638.62,-91.09,0
113544,35,73,70,789,1,10,0,24.76,1028.03,12.43,639.84,-91.09,0
114540,36,73,69,789,1,10,0,24.76,1028.03,12.43,639.23,-91.09,0
115536,36,73,69,789,1,10,0,24.77,1028.03,12.44,642.90,-91.09,0
116532,36,72,69,788,1,10,0,24.77,1028.03,12.44,638.01,-91.09,0
117528,35,72,70,788,1,10,0,24.77,1028.03,12.44,636.20,-91.09,0
118524,35,72,70,787,1,10,0,24.77,1028.03,12.45,639.23,-91.09,0
119520,35,72,69,787,1,10,0,24.78,1028.03,12.46,636.80,-91.09,0
120516,35,72,70,787,1,9,0,24.78,1028.03,12.47,636.80,-91.01,0
121512,35,72,69,788,1,10,0,24.78,1028.02,12.47,639.23,-91.01,0
122508,36,73,69,788,1,10,0,24.78,1028.02,12.46,630.82,-91.09,0
123504,36,72,69,788,1,10,0,24.78,1028.03,12.49,634.40,-91.09,0
124500,35,72,70,787,1,10,0,24.78,1028.03,12.48,634.40,-91.18,0
125496,35,72,69,786,1,10,0,24.79,1028.04,12.49,631.42,-91.18,0
126492,36,72,69,785,1,10,0,24.79,1028.04,12.48,631.42,-91.18,0
127488,35,72,69,785,1,10,0,24.79,1028.04,12.48,624.37,-91.09,0
128484,35,72,69,786,1,10,0,24.79,1028.03,12.48,627.29,-91.18,0
129480,36,72,69,785,1,10,0,24.79,1028.04,12.47,633.20,-91.18,0
130476,35,72,69,785,1,9,0,24.79,1028.04,12.46,632.01,-91.18,0
131472,35,72,69,785,1,9,0,24.79,1028.04,12.45,636.80,-91.18,0
132468,35,72,69,784,1,10,0,24.79,1028.04,12.46,638.01,-91.26,0
133464,35,72,69,785,1,10,0,24.79,1028.05,12.44,639.84,-91.26,0
134460,35,72,69,786,1,9,0,24.79,1028.05,12.42,631.42,-91.26,0
135456,35,72,69,786,1,9,0,24.79,1028.05,12.42,635.00,-91.26,0
136452,35,72,69,787,1,11,0,24.79,1028.05,12.41,639.84,-91.26,0
137448,35,72,70,796,1,9,0,24.79,1028.05,12.42,642.28,-91.26,0
138444,35,73,70,797,1,9,0,24.79,1028.05,12.41,641.67,-91.26,0
139440,35,73,69,797,1,9,0,24.79,1028.05,12.42,639.23,-91.34,0
140436,35,73,69,796,1,9,0,24.79,1028.06,12.40,644.13,-91.34,0
141432,35,73,69,795,1,9,0,24.79,1028.06,12.41,638.62,-91.34,0
142428,35,72,70,795,1,9,0,24.78,1028.06,12.40,639.23,-91.34,0
143424,36,72,69,793,1,9,0,24.78,1028.06,12.39,641.67,-91.34,0
144420,35,73,69,792,1,9,0,24.78,1028.06,12.39,642.90,-91.42,0
145416,35,73,69,793,1,9,0,24.78,1028.07,12.39,643.51,-91.42,0
146412,35,73,69,792,1,9,0,24.78,1028.07,12.38,644.75,-91.42,0
147408,35,72,69,792,1,9,0,24.78,1028.07,12.39,642.28,-91.42,0
148404,36,72,69,791,1,9,0,24.78,1028.07,12.38,641.67,-91.51,0
149400,35,72,69,790,1,9,0,24.78,1028.08,12.36,649.11,-91.51,1
150396,35,73,69,790,1,9,0,24.78,1028.08,12.36,646.61,-91.59,1
151392,36,73,69,790,1,9,0,24.78,1028.09,12.37,642.90,-91.59,1
152388,35,73,69,790,1,9,0,24.78,1028.09,12.35,645.37,-91.59,1
153384,35,73,69,790,1,9,0,24.78,1028.09,12.35,650.37,-91.59,1
154380,36,72,69,790,1,9,0,24.78,1028.09,12.33,650.37,-91.59,1
155376,35,73,70,791,1,9,0,24.78,1028.09,12.33,647.86,-91.67,1
156372,35,73,69,792,1,9,0,24.78,1028.10,12.32,647.86,-91.67,1
157368,35,72,69,793,1,9,0,24.78,1028.10,12.32,652.89,-91.67,1
158364,36,72,69,793,1,9,0,24.78,1028.10,12.30,654.80,-91.67,1
159360,35,73,70,793,1,10,0,24.78,1028.10,12.31,647.86,-91.67,1
160356,36,72,69,793,1,9,0,24.78,1028.10,12.30,647.86,-91.75,1
161352,36,73,70,795,1,9,0,24.78,1028.11,12.31,655.44,-91.75,1
162348,35,72,70,794,1,9,0,24.78,1028.11,12.30,651.00,-91.75,1
163344,36,73,70,795,1,9,0,24.78,1028.11,12.29,652.26,-91.83,1
164340,36,73,69,794,1,9,0,24.78,1028.12,12.29,649.11,-91.83,1
165336,36,73,69,795,1,9,0,24.78,1028.12,12.29,649.74,-91.75,1
166332,36,73,69,795,1,9,0,24.78,1028.11,12.30,652.89,-91.83,1
167328,36,72,69,796,1,9,0,24.78,1028.12,12.31,654.80,-91.83,1
168324,36,72,70,795,1,10,0,24.78,1028.12,12.32,650.37,-91.92,1
169320,36,73,69,796,1,9,0,24.78,1028.13,12.32,650.37,-91.92,1
170316,36,73,69,796,0,9,0,24.78,1028.13,12.34,645.37,-91.92,1
171312,36,73,69,796,1,9,0,24.78,1028.13,12.35,652.26,-91.92,1
172308,36,73,69,795,1,9,0,24.77,1028.13,12.34,653.53,-92.00,1
173304,36,73,69,795,1,9,0,24.77,1028.14,12.35,655.44,-92.00,1
174300,36,72,69,795,1,9,0,24.77,1028.14,12.36,652.26,-92.00,1
175296,36,73,69,794,1,9,0,24.77,1028.14,12.36,658.01,-92.00,1
176292,36,72,69,795,1,9,0,24.77,1028.14,12.36,651.63,-92.00,1
177288,36,73,69,794,1,9,0,24.77,1028.14,12.37,654.16,-91.92,1
178284,35,72,68,795,1,9,0,24.77,1028.13,12.37,652.89,-92.00,1
179280,36,73,68,795,1,9,0,24.77,1028.14,12.39,655.44,-92.00,1
180276,36,72,69,794,1,9,0,24.77,1028.14,12.39,652.26,-92.00,1
181272,36,72,69,794,1,9,0,24.77,1028.14,12.39,651.00,-92.00,1
182268,36,72,69,794,1,10,0,24.77,1028.14,12.40,656.72,-92.00,1
183264,36,72,69,793,1,9,0,24.77,1028.14,12.41,652.89,-92.00,1
184260,36,73,69,792,1,9,0,24.77,1028.14,12.42,659.30,-92.08,1
185256,36,72,68,793,1,9,0,24.77,1028.15,12.42,658.01,-92.08,1
186252,36,72,69,792,1,9,0,24.77,1028.15,12.42,651.00,-92.08,1
187248,36,73,68,792,1,10,0,24.77,1028.15,12.43,654.80,-92.08,1
188244,36,73,69,791,1,9,0,24.77,1028.15,12.43,652.89,-92.16,1
189240,36,72,68,791,1,9,0,24.77,1028.16,12.44,645.37,-92.16,1
190236,36,72,69,791,1,9,0,24.77,1028.16,12.45,652.89,-92.16,1
191232,36,73,69,790,1,9,0,24.77,1028.16,12.46,653.53,-92.16,1
192228,36,72,69,790,1,9,0,24.77,1028.16,12.45,654.80,-92.16,1
193224,36,72,68,789,1,9,0,24.77,1028.16,12.46,655.44,-92.16,1
194220,36,72,69,789,1,9,0,24.77,1028.16,12.46,654.80,-92.16,1
195216,36,72,69,789,1,9,0,24.77,1028.16,12.46,652.26,-92.16,1
196212,36,73,68,789,1,9,0,24.77,1028.16,12.46,659.30,-92.16,1
197208,36,72,68,789,1,9,0,24.77,1028.16,12.46,655.44,-92.25,1
198204,35,72,68,788,1,10,0,24.77,1028.17,12.47,658.01,-92.25,1
199200,35,72,69,788,1,9,0,24.77,1028.17,12.47,659.30,-92.25,1
200196,36,72,68,788,1,9,0,24.77,1028.17,12.47,663.21,-92.33,1
201192,36,72,68,787,1,9,0,24.77,1028.18,12.48,661.25,-92.33,1
202188,36,72,68,788,1,9,0,24.77,1028.18,12.48,665.84,-92.33,1
203184,36,72,68,787,1,9,0,24.77,1028.18,12.47,660.60,-92.33,1
204180,35,72,68,787,1,10,0,24.77,1028.18,12.47,659.95,-92.25,1
205176,36,72,69,786,1,9,0,24.77,1028.17,12.47,659.95,-92.33,1
206172,36,72,68,787,1,9,0,24.77,1028.18,12.48,661.90,-92.33,1
207168,35,72,68,787,1,9,0,24.77,1028.18,12.47,665.18,-92.41,1
208164,36,72,68,787,1,9,0,24.77,1028.19,12.48,659.30,-92.33,1
209160,36,72,69,786,1,9,0,24.77,1028.18,12.49,667.16,-92.33,1
210156,35,72,69,786,1,9,0,24.77,1028.18,12.47,669.15,-92.25,1
211152,36,72,68,787,1,9,0,24.77,1028.17,12.48,664.52,-92.33,1
212148,36,72,68,786,1,9,0,24.77,1028.18,12.48,667.16,-92.25,0
213144,35,72,68,786,1,9,0,24.77,1028.17,12.48,667.16,-92.25,0
214140,36,72,68,786,1,9,0,24.77,1028.17,12.47,667.16,-92.25,0
215136,35,72,68,785,1,9,0,24.77,1028.17,12.48,669.82,-92.25,0
216132,35,72,68,785,1,9,0,24.77,1028.17,12.47,669.82,-92.25,0
217128,35,72,68,784,1,9,0,24.77,1028.17,12.47,667.16,-92.25,0
218124,35,71,68,785,1,9,0,24.77,1028.17,12.47,666.50,-92.25,0
219120,36,72,68,784,1,9,0,24.77,1028.17,12.47,665.84,-92.16,0
220116,35,72,67,784,1,9,0,24.77,1028.16,12.46,669.82,-92.25,0
221112,35,71,68,784,1,9,0,24.77,1028.17,12.46,673.85,-92.25,0
222108,35,72,68,785,1,9,0,24.77,1028.17,12.46,666.50,-92.16,0
223104,36,72,68,785,1,9,0,24.77,1028.16,12.46,669.15,-92.25,0
224100,35,72,68,784,1,10,0,24.77,1028.17,12.47,672.50,-92.25,0
225096,35,72,68,785,1,9,0,24.77,1028.17,12.46,669.82,-92.25,0
226092,35,72,67,784,1,10,0,24.77,1028.17,12.46,669.82,-92.25,0
227088,35,72,68,784,1,9,0,24.77,1028.17,12.46,664.52,-92.25,0
228084,35,72,68,784,1,9,0,24.77,1028.17,12.46,671.16,-92.25,0
229080,35,71,68,784,1,9,0,24.77,1028.17,12.45,669.82,-92.25,0
230076,35,72,67,784,1,9,0,24.77,1028.17,12.44,670.49,-92.25,0
231072,36,72,68,784,1,9,0,24.77,1028.17,12.45,666.50,-92.16,0
232068,34,72,67,783,1,9,0,24.77,1028.16,12.44,671.16,-92.16,0
233064,35,72,67,784,1,9,0,24.77,1028.16,12.44,665.84,-92.16,0
234060,35,72,68,784,1,9,0,24.77,1028.16,12.44,669.15,-92.16,0
235056,35,72,68,784,1,9,0,24.77,1028.16,12.45,671.16,-92.25,0
236052,35,72,68,784,1,9,0,24.77,1028.17,12.45,666.50,-92.25,0
237048,35,72,67,783,1,9,0,24.77,1028.17,12.44,670.49,-92.25,0
238044,35,72,67,783,1,9,0,24.77,1028.17,12.44,665.84,-92.25,0
239040,35,72,67,784,1,9,0,24.77,1028.17,12.45,670.49,-92.25,0
240036,35,71,67,783,1,9,0,24.77,1028.17,12.45,670.49,-92.25,0
241032,34,72,67,784,1,9,0,24.76,1028.17,12.45,671.83,-92.25,0
242028,35,71,67,783,1,9,0,24.76,1028.17,12.44,669.82,-92.25,0
243024,34,71,66,783,1,9,0,24.76,1028.17,12.45,665.18,-92.25,0
244020,35,71,67,783,1,9,0,24.77,1028.17,12.45,665.84,-92.25,0
245016,35,72,67,782,1,9,0,24.77,1028.17,12.45,667.16,-92.33,0
246012,35,72,67,782,1,9,0,24.77,1028.18,12.45,668.49,-92.33,0
247008,34,71,67,782,1,9,0,24.77,1028.18,12.45,660.60,-92.25,0
248004,35,72,67,782,1,9,0,24.77,1028.17,12.45,663.21,-92.25,0
249000,34,72,67,782,1,10,0,24.76,1028.17,12.46,659.30,-92.25,0
249996,34,71,66,781,1,9,0,24.77,1028.17,12.46,661.90,-92.16,0
250992,34,72,67,781,1,9,0,24.77,1028.16,12.45,661.90,-92.16,0
251988,34,72,67,781,1,9,0,24.76,1028.16,12.45,663.21,-92.08,0
252984,35,72,66,782,1,9,0,24.76,1028.15,12.44,657.37,-92.08,0
253980,35,71,67,783,1,9,0,24.76,1028.15,12.44,663.21,-92.08,0
254976,34,71,66,782,1,9,0,24.77,1028.15,12.43,659.30,-92.00,0
255972,35,71,67,782,1,9,0,24.77,1028.14,12.42,663.86,-91.92,0
256968,34,71,67,782,1,9,0,24.76,1028.13,12.40,665.84,-92.00,0
257964,35,71,66,783,1,9,0,24.77,1028.14,12.40,665.84,-92.00,0
258960,35,71,66,783,1,9,0,24.77,1028.14,12.39,664.52,-92.00,0
259956,34,72,67,783,1,9,0,24.77,1028.14,12.38,668.49,-92.00,0
260952,35,71,67,783,1,9,0,24.77,1028.14,12.36,669.15,-92.00,0
261948,34,71,67,782,1,9,0,24.77,1028.14,12.36,667.82,-91.92,0
262944,35,72,67,782,1,9,0,24.76,1028.13,12.35,665.18,-91.92,0
263940,35,72,67,783,1,9,0,24.76,1028.13,12.35,667.16,-91.92,0
264936,35,71,66,782,1,10,0,24.76,1028.13,12.35,671.16,-91.83,0
265932,35,71,67,782,1,9,0,24.76,1028.12,12.34,669.15,-91.75,0
266928,34,71,67,782,1,9,0,24.76,1028.11,12.33,663.21,-91.75,0
267924,35,72,66,782,1,9,0,24.77,1028.11,12.33,667.82,-91.67,0
268920,35,71,67,782,1,9,0,24.77,1028.10,12.32,665.84,-91.75,0
269916,34,71,67,782,1,9,0,24.77,1028.11,12.31,665.84,-91.75,0
270912,35,71,67,782,1,9,0,24.77,1028.11,12.32,669.82,-91.75,0
271908,35,71,67,782,1,9,0,24.77,1028.11,12.30,668.49,-91.75,1
272904,34,71,67,783,1,9,0,24.77,1028.11,12.30,667.82,-91.59,1
273900,34,71,67,785,1,9,0,24.77,1028.09,12.31,664.52,-91.59,1
274896,35,72,67,786,1,9,0,24.77,1028.09,12.31,670.49,-91.67,1
275892,35,72,68,786,1,9,0,24.77,1028.10,12.31,663.21,-91.67,1
276888,34,72,67,785,1,9,0,24.77,1028.10,12.31,667.16,-91.67,1
277884,34,72,67,785,1,9,0,24.77,1028.10,12.31,666.50,-91.67,1
278880,35,72,67,784,1,9,0,24.77,1028.10,12.31,665.84,-91.67,1
279876,35,72,67,783,1,9,0,24.77,1028.10,12.30,669.15,-91.75,1
280872,34,72,67,783,1,9,0,24.77,1028.11,12.30,669.82,-91.59,1
281868,34,72,67,783,1,9,0,24.77,1028.09,12.30,669.82,-91.59,1
282864,35,72,67,783,1,9,0,24.77,1028.09,12.30,671.16,-91.59,1
283860,34,72,67,782,1,9,0,24.77,1028.09,12.29,668.49,-91.59,1
284856,35,72,67,782,0,9,0,24.77,1028.09,12.29,673.17,-91.51,1
285852,35,72,67,782,1,9,0,24.77,1028.08,12.29,668.49,-91.51,1
286848,34,72,67,782,1,9,0,24.76,1028.08,12.29,671.83,-91.42,1
287844,34,72,66,782,1,9,0,24.76,1028.07,12.29,667.82,-91.42,1
288840,35,72,66,783,1,9,0,24.76,1028.07,12.29,673.17,-91.42,1
289836,34,72,67,782,1,9,0,24.76,1028.07,12.29,670.49,-91.42,1
290832,34,72,67,782,1,9,0,24.76,1028.07,12.30,668.49,-91.42,1
291828,34,71,66,782,1,9,0,24.76,1028.07,12.29,668.49,-91.42,1
292824,35,72,67,782,1,9,0,24.76,1028.07,12.30,669.82,-91.34,1
293820,34,72,66,782,1,9,0,24.76,1028.06,12.30,674.53,-91.34,1
294816,34,71,66,782,1,8,0,24.76,1028.06,12.30,675.88,-91.34,1
295812,34,71,66,781,1,9,0,24.76,1028.06,12.30,676.56,-91.26,1
296808,35,72,67,781,1,9,0,24.76,1028.05,12.29,673.85,-91.26,1
297804,34,71,66,780,1,9,0,24.76,1028.05,12.30,677.93,-91.26,1
298800,34,71,66,781,1,9,0,24.76,1028.05,12.29,676.56,-91.26,1
299796,35,72,66,780,1,9,0,24.76,1028.05,12.30,678.61,-91.26,1
300792,35,72,66,780,1,9,0,24.76,1028.05,12.30,671.83,-91.18,1
301788,34,72,66,779,1,9,0,24.76,1028.04,12.30,675.88,-91.18,1
302784,35,71,67,780,1,8,0,24.76,1028.04,12.31,677.93,-91.26,1
303780,35,72,67,780,1,9,0,24.76,1028.05,12.31,682.06,-91.26,1
304776,35,71,66,782,1,9,0,24.76,1028.05,12.31,676.56,-91.18,1
305772,34,72,67,781,1,9,0,24.76,1028.04,12.30,680.68,-91.09,1
306768,35,72,66,782,1,9,0,24.76,1028.03,12.31,677.93,-91.09,1
307764,35,71,67,783,1,9,0,24.76,1028.03,12.32,674.53,-91.01,1
308760,35,72,67,782,1,9,0,24.76,1028.02,12.33,669.82,-91.09,1
309756,35,71,67,784,1,9,0,24.76,1028.03,12.34,675.88,-91.01,1
310752,34,72,67,785,1,8,0,24.76,1028.02,12.35,673.85,-91.01,1
311748,35,71,67,787,1,8,0,24.76,1028.02,12.37,671.16,-91.01,1
312744,35,72,66,787,1,8,0,24.76,1028.02,12.38,669.82,-90.93,1
313740,35,72,66,787,1,8,0,24.76,1028.01,12.39,661.90,-90.85,1
314736,35,72,66,787,1,8,0,24.76,1028.00,12.41,664.52,-90.85,1
315732,35,72,67,787,1,8,0,24.76,1028.00,12.43,659.30,-90.85,1
316728,35,71,67,788,1,8,0,24.76,1028.00,12.46,654.16,-90.85,1
317724,35,72,67,788,1,8,0,24.76,1028.00,12.48,651.00,-90.85,1
318720,36,72,67,787,1,7,0,24.76,1028.00,12.51,644.13,-90.85,1
319716,35,72,66,787,1,8,0,24.76,1028.00,12.54,645.37,-90.85,1
320712,35,71,66,786,1,8,0,24.75,1028.00,12.59,642.90,-90.77,1
321708,35,71,66,786,1,8,0,24.75,1027.99,12.63,636.20,-90.77,1
322704,35,71,66,785,1,8,0,24.75,1027.99,12.68,629.05,-90.77,1
323700,35,72,66,784,1,8,0,24.75,1027.99,12.71,625.54,-90.68,1
324696,35,72,66,784,1,8,0,24.75,1027.98,12.74,622.64,-90.68,1
325692,34,71,67,783,1,8,0,24.75,1027.98,12.74,618.63,-90.68,1
326688,35,71,66,783,1,8,0,24.75,1027.98,12.76,618.63,-90.68,1
327684,35,72,66,784,1,8,0,24.75,1027.98,12.76,616.92,-90.77,1
328680,35,71,66,783,1,8,0,24.75,1027.99,12.75,618.63,-90.77,1
329676,35,71,66,783,1,8,0,24.75,1027.99,12.76,617.49,-90.68,1
330672,35,71,66,783,1,8,0,24.75,1027.98,12.74,617.49,-90.68,0
331668,35,72,66,782,1,8,0,24.75,1027.98,12.73,616.92,-90.68,0
332664,35,71,66,783,1,8,0,24.74,1027.98,12.73,619.77,-90.60,0
333660,34,71,66,781,1,8,0,24.74,1027.97,12.70,623.79,-90.68,0
334656,35,71,66,781,1,8,0,24.74,1027.98,12.69,619.20,-90.60,0
335652,35,71,66,782,1,8,0,24.74,1027.97,12.69,619.20,-90.60,0
336648,35,71,66,781,1,8,0,24.74,1027.97,12.68,618.63,-90.52,0
337644,35,71,66,781,1,8,0,24.74,1027.96,12.66,622.06,-90.52,0
338640,35,71,66,781,1,8,0,24.74,1027.96,12.66,619.20,-90.60,0
339636,35,71,66,781,1,8,0,24.74,1027.97,12.66,620.91,-90.52,0
340632,35,72,66,782,1,8,0,24.74,1027.96,12.64,627.88,-90.52,0
341628,35,71,66,781,1,8,0,24.74,1027.96,12.63,622.06,-90.44,0
342624,34,71,66,781,1,8,0,24.74,1027.95,12.62,624.96,-90.44,0
343620,35,71,66,782,1,8,0,24.74,1027.95,12.60,622.64,-90.52,0
344616,35,72,67,781,1,9,0,24.74,1027.96,12.60,622.64,-90.44,0
345612,35,71,66,782,1,8,0,24.74,1027.95,12.58,630.82,-90.44,0
346608,35,72,66,782,1,8,0,24.74,1027.95,12.58,626.71,-90.44,0
347604,35,71,66,781,1,8,0,24.74,1027.95,12.59,623.22,-90.44,0
348600,35,71,66,781,1,8,0,24.74,1027.95,12.57,624.96,-90.44,0
349596,35,71,66,781,1,8,0,24.74,1027.95,12.56,621.49,-90.52,0
350592,35,71,66,780,1,9,0,24.74,1027.96,12.57,624.37,-90.35,0
351588,35,71,66,782,1,8,0,24.74,1027.94,12.55,624.96,-90.44,0
352584,35,71,66,781,1,8,0,24.74,1027.95,12.54,622.64,-90.35,0
353580,34,71,66,781,1,9,0,24.74,1027.94,12.54,622.06,-90.35,0
354576,35,71,66,782,1,8,0,24.74,1027.94,12.52,628.46,-90.35,0
355572,35,72,66,782,1,8,0,24.74,1027.94,12.51,624.96,-90.44,0
356568,35,71,66,782,1,8,0,24.74,1027.95,12.50,624.96,-90.44,0
357564,35,71,66,783,1,8,0,24.74,1027.95,12.50,624.37,-90.44,0
358560,35,71,66,782,1,8,0,24.74,1027.95,12.51,622.06,-90.44,0
359556,35,71,66,782,1,8,0,24.74,1027.95,12.51,621.49,-90.44,0
360552,35,71,66,784,1,8,0,24.74,1027.95,12.51,617.49,-90.44,0
361548,35,71,66,785,1,8,0,24.74,1027.95,12.50,616.36,-90.35,0
362544,35,71,66,786,1,8,0,24.74,1027.94,12.50,615.23,-90.35,0
363540,35,71,66,786,1,9,0,24.74,1027.94,12.49,614.66,-90.35,0
364536,35,71,66,785,0,9,0,24.74,1027.94,12.50,611.31,-90.35,0
365532,35,71,65,784,1,8,0,24.74,1027.94,12.49,616.36,-90.35,0
366528,35,71,66,783,1,9,0,24.74,1027.94,12.47,619.77,-90.44,0
367524,35,71,66,782,1,8,0,24.74,1027.95,12.47,618.06,-90.44,0
368520,35,71,65,782,1,8,0,24.74,1027.95,12.44,619.20,-90.44,0
369516,34,71,66,782,1,8,0,24.74,1027.95,12.44,615.79,-90.44,0
370512,35,71,66,782,1,8,0,24.74,1027.95,12.42,624.96,-90.44,0
371508,34,71,66,782,1,8,0,24.74,1027.95,12.41,626.12,-90.52,0
372504,35,71,66,783,1,8,0,24.74,1027.96,12.40,623.79,-90.44,0
373500,35,71,65,783,1,8,0,24.74,1027.95,12.38,627.29,-90.44,0
374496,34,71,66,784,1,8,0,24.74,1027.95,12.38,628.46,-90.44,0
375492,35,71,66,783,1,8,0,24.74,1027.95,12.37,630.23,-90.44,0
376488,35,71,66,783,1,9,0,24.73,1027.95,12.36,630.23,-90.44,0
377484,34,71,66,783,1,9,0,24.73,1027.95,12.37,630.23,-90.44,0
378480,35,70,66,783,1,8,0,24.73,1027.95,12.35,632.01,-90.44,0
379476,35,71,65,782,1,9,0,24.73,1027.95,12.35,625.54,-90.44,0
380472,34,71,66,783,1,8,0,24.73,1027.95,12.36,627.29,-90.44,0
381468,35,71,66,783,1,8,0,24.73,1027.95,12.36,628.46,-90.44,0
382464,35,71,66,783,1,8,0,24.73,1027.95,12.35,627.29,-90.35,0
383460,35,71,66,783,1,9,0,24.73,1027.94,12.37,632.61,-90.44,0
384456,34,71,66,782,1,8,0,24.73,1027.95,12.37,635.00,-90.44,0
385452,35,71,66,781,1,9,0,24.73,1027.95,12.37,628.46,-90.44,0
386448,35,71,65,782,1,8,0,24.73,1027.95,12.38,628.46,-90.44,0
387444,35,71,66,782,1,8,0,24.73,1027.95,12.38,627.29,-90.44,0
388440,35,71,66,780,0,9,0,24.73,1027.95,12.39,626.12,-90.52,0
389436,35,70,65,781,1,9,0,24.73,1027.96,12.41,623.22,-90.52,1
390432,35,71,66,781,1,8,0,24.73,1027.96,12.42,620.91,-90.52,1
391428,35,71,66,780,1,9,0,24.73,1027.96,12.42,623.79,-90.52,1
392424,35,71,66,781,1,9,0,24.73,1027.96,12.43,624.96,-90.60,1
393420,35,71,66,781,1,8,0,24.73,1027.97,12.44,624.37,-90.60,1
394416,35,70,66,780,1,8,0,24.73,1027.97,12.44,622.64,-90.68,1
395412,35,71,66,780,1,9,0,24.73,1027.98,12.44,627.29,-90.60,1
396408,35,71,66,780,1,8,0,24.73,1027.97,12.44,623.22,-90.60,1
397404,35,71,65,780,1,9,0,24.73,1027.97,12.44,627.29,-90.52,1
398400,35,72,65,780,1,8,0,24.73,1027.96,12.44,624.96,-90.52,1
399396,35,71,65,781,1,8,0,24.73,1027.96,12.44,627.29,-90.52,1
400392,35,71,65,781,1,9,0,24.73,1027.96,12.44,624.37,-90.52,1
401388,35,71,66,780,1,8,0,24.73,1027.96,12.42,629.64,-90.52,1
402384,35,71,66,780,1,8,0,24.73,1027.96,12.40,635.60,-90.52,1
403380,35,71,66,780,1,9,0,24.73,1027.96,12.38,631.42,-90.52,1
404376,35,71,65,780,1,8,0,24.73,1027.96,12.38,632.01,-90.52,1
405372,35,71,66,781,1,8,0,24.73,1027.96,12.36,635.60,-90.60,1
406368,35,71,66,781,1,8,0,24.73,1027.97,12.36,637.41,-90.60,1
407364,35,71,65,781,1,9,0,24.73,1027.97,12.35,633.20,-90.60,1
408360,35,71,65,782,0,9,0,24.73,1027.97,12.35,635.60,-90.68,1
409356,35,71,65,782,1,8,0,24.73,1027.98,12.36,634.40,-90.68,1
410352,35,71,65,783,1,8,0,24.73,1027.98,12.36,636.80,-90.68,1
411348,34,71,66,783,1,8,0,24.73,1027.98,12.36,633.20,-90.68,1
412344,34,71,65,784,1,8,0,24.73,1027.98,12.36,630.23,-90.68,1
413340,35,71,66,783,1,9,0,24.73,1027.98,12.38,628.46,-90.68,1
414336,35,71,65,785,1,9,0,24.72,1027.98,12.38,626.71,-90.68,1
415332,35,71,66,785,1,9,0,24.73,1027.98,12.39,622.64,-90.68,1
416328,34,71,66,785,1,9,0,24.72,1027.98,12.38,626.71,-90.60,1
417324,35,71,66,784,1,9,0,24.72,1027.97,12.38,629.64,-90.60,1
418320,35,72,66,784,1,9,0,24.72,1027.97,12.37,630.82,-90.60,1
419316,35,71,65,782,1,9,0,24.72,1027.97,12.37,629.05,-90.68,1
420312,35,71,65,782,1,9,0,24.72,1027.98,12.35,638.01,-90.68,1
421308,35,71,66,783,1,9,0,24.72,1027.98,12.34,637.41,-90.68,1
422304,35,71,65,782,1,9,0,24.72,1027.98,12.34,636.20,-90.77,1
423300,35,71,66,781,1,8,0,24.72,1027.99,12.34,635.00,-90.77,1
424296,36,71,65,781,1,9,0,24.72,1027.99,12.33,636.80,-90.68,1
425292,35,71,66,782,1,9,0,24.72,1027.98,12.32,638.01,-90.85,1
426288,35,71,65,782,1,9,0,24.72,1028.00,12.32,639.23,-90.85,1
427284,35,71,65,782,1,9,0,24.72,1028.00,12.31,638.62,-90.85,1
428280,35,71,66,781,1,9,0,24.72,1028.00,12.31,639.84,-90.85,1
429276,35,71,66,783,1,9,0,24.72,1028.00,12.31,639.23,-90.77,1
430272,35,71,65,783,1,9,0,24.72,1027.99,12.30,639.84,-90.85,1
431268,35,71,65,783,1,9,0,24.72,1028.00,12.30,636.20,-90.85,1
432264,35,71,66,783,1,8,0,24.72,1028.00,12.29,641.67,-90.85,1
433260,35,71,65,783,1,9,0,24.72,1028.00,12.28,644.75,-90.85,1
434256,35,71,66,783,1,10,0,24.72,1028.00,12.27,644.75,-90.93,1
435252,35,71,65,782,1,8,0,24.72,1028.01,12.27,643.51,-91.01,1
436248,35,72,66,782,1,9,0,24.73,1028.02,12.27,646.61,-90.93,1
437244,35,71,66,782,1,9,0,24.73,1028.01,12.25,642.90,-90.93,1
438240,35,71,65,782,1,8,0,24.73,1028.01,12.25,645.37,-90.93,1
439236,35,71,65,782,1,9,0,24.73,1028.01,12.26,647.23,-90.93,1
440232,35,71,65,781,1,8,0,24.73,1028.01,12.25,652.26,-90.93,1
441228,35,71,65,781,1,9,0,24.73,1028.01,12.25,649.11,-90.93,1
442224,35,71,65,781,1,8,0,24.73,1028.01,12.25,651.63,-90.93,1
443220,35,71,65,780,1,9,0,24.73,1028.01,12.25,645.99,-90.93,1
444216,36,71,65,780,1,9,0,24.73,1028.01,12.25,652.26,-90.93,1
445212,35,71,66,779,1,9,0,24.72,1028.01,12.25,652.26,-90.93,1
446208,35,71,65,779,1,9,0,24.73,1028.01,12.25,653.53,-91.01,1
447204,36,71,65,778,1,9,0,24.73,1028.02,12.25,654.80,-91.01,1
448200,35,71,65,779,1,9,0,24.73,1028.02,12.26,662.55,-91.09,1
449196,35,71,65,779,1,9,0,24.73,1028.03,12.24,656.72,-91.18,1
450192,36,71,65,779,1,8,0,24.73,1028.04,12.25,661.90,-91.09,1
451188,35,71,65,778,1,8,0,24.73,1028.03,12.25,660.60,-91.09,1
452184,34,71,65,778,1,9,0,24.73,1028.03,12.24,658.01,-91.09,0
453180,35,72,65,778,1,9,0,24.73,1028.03,12.25,663.21,-91.09,0
454176,35,71,65,778,1,9,0,24.73,1028.03,12.24,664.52,-91.01,0
455172,35,71,65,777,1,9,0,24.73,1028.02,12.25,664.52,-91.09,0
456168,35,71,65,777,1,9,0,24.73,1028.03,12.25,663.86,-91.09,0
457164,35,72,65,776,1,9,0,24.73,1028.03,12.25,656.72,-91.18,0
458160,35,71,64,776,1,9,0,24.73,1028.04,12.25,663.21,-91.18,0
459156,35,71,65,776,1,9,0,24.73,1028.04,12.25,661.90,-91.09,0
460152,35,71,64,776,1,10,0,24.74,1028.03,12.25,671.16,-91.18,0
461148,35,71,64,775,1,9,0,24.74,1028.04,12.25,665.84,-91.18,0
462144,35,71,65,775,1,9,0,24.74,1028.04,12.24,667.82,-91.18,0
463140,35,71,65,775,1,10,0,24.74,1028.04,12.25,668.49,-91.18,0
464136,35,71,65,775,1,9,0,24.74,1028.04,12.24,669.82,-91.18,0
465132,35,71,65,775,1,9,0,24.74,1028.04,12.24,673.85,-91.18,0
466128,35,70,64,775,1,10,0,24.74,1028.04,12.23,669.82,-91.18,0
467124,35,71,64,775,1,10,0,24.74,1028.04,12.22,671.16,-91.18,0
468120,35,71,65,776,1,9,0,24.74,1028.04,12.21,671.16,-91.26,0
469116,35,71,64,775,1,9,0,24.74,1028.05,12.22,669.82,-91.26,0
470112,34,71,65,775,1,9,0,24.74,1028.05,12.22,673.85,-91.18,0
471108,35,70,64,776,1,10,0,24.74,1028.04,12.21,680.68,-91.09,0
472104,35,71,65,776,1,10,0,24.74,1028.03,12.22,671.83,-91.18,0
473100,35,71,65,776,1,10,0,24.74,1028.04,12.22,671.16,-91.09,0
474096,35,71,65,776,1,10,0,24.74,1028.03,12.23,673.85,-91.18,0
475092,35,71,65,778,1,10,0,24.74,1028.04,12.22,673.85,-91.18,0
476088,35,71,65,778,1,10,0,24.74,1028.04,12.23,677.93,-91.18,0
477084,35,71,65,779,1,10,0,24.74,1028.04,12.23,675.20,-91.18,0
478080,35,71,64,780,1,10,0,24.74,1028.04,12.23,676.56,-91.18,0
479076,35,71,65,781,1,10,0,24.74,1028.04,12.24,668.49,-91.26,0
480072,35,71,64,780,1,10,0,24.75,1028.05,12.25,666.50,-91.26,0
481068,35,71,65,780,1,10,0,24.74,1028.05,12.26,667.16,-91.26,0
482064,35,71,65,780,1,10,0,24.74,1028.05,12.28,666.50,-91.34,0
483060,34,72,65,780,1,10,0,24.74,1028.06,12.28,669.15,-91.34,0
484056,35,71,65,779,1,10,0,24.74,1028.06,12.30,665.84,-91.26,0
485052,35,72,65,779,1,10,0,24.75,1028.05,12.31,658.65,-91.34,0
486048,35,71,65,779,1,10,0,24.75,1028.06,12.31,659.30,-91.34,0
487044,35,71,65,778,1,9,0,24.75,1028.06,12.33,658.01,-91.26,0
488040,35,71,65,778,1,10,0,24.75,1028.05,12.32,654.80,-91.26,0
489036,35,71,65,777,1,10,0,24.75,1028.05,12.33,656.72,-91.26,0
490032,35,71,64,778,1,10,0,24.75,1028.05,12.31,663.21,-91.26,0
491028,35,71,65,777,1,10,0,24.75,1028.05,12.31,658.01,-91.34,0
492024,35,71,65,778,1,10,0,24.75,1028.06,12.31,662.55,-91.34,0
493020,35,71,65,778,1,10,0,24.75,1028.06,12.30,658.01,-91.34,0
494016,35,71,65,778,1,10,0,24.75,1028.06,12.31,661.25,-91.26,0
495012,35,71,64,777,1,10,0,24.74,1028.05,12.31,662.55,-91.26,0
496008,35,71,65,777,1,10,0,24.74,1028.05,12.30,658.01,-91.26,0
497004,35,71,64,778,1,10,0,24.74,1028.05,12.29,660.60,-91.34,0
498000,35,71,65,777,1,10,0,24.74,1028.06,12.30,660.60,-91.34,0
498996,35,71,64,777,1,10,0,24.74,1028.06,12.30,656.72,-91.34,0
499992,34,71,64,777,1,11,0,24.75,1028.06,12.29,660.60,-91.34,0
500988,35,71,64,778,1,10,0,24.75,1028.06,12.27,655.44,-91.42,0
501984,34,71,64,777,1,11,0,24.75,1028.07,12.28,657.37,-91.42,0
502980,35,71,65,777,1,10,0,24.75,1028.07,12.28,659.30,-91.42,0
503976,34,71,64,776,1,10,0,24.75,1028.07,12.28,662.55,-91.42,0
504972,34,71,65,777,1,10,0,24.75,1028.07,12.27,660.60,-91.42,0
505968,34,71,64,776,1,9,0,24.75,1028.07,12.28,661.25,-91.42,0
506964,34,71,65,776,1,10,0,24.75,1028.07,12.26,667.16,-91.42,0
507960,34,71,64,776,1,10,0,24.74,1028.07,12.26,661.90,-91.42,0
508956,34,71,64,776,1,9,0,24.74,1028.07,12.27,665.84,-91.42,0
509952,34,71,64,776,1,9,0,24.74,1028.07,12.27,667.16,-91.34,1
510948,34,71,65,777,1,9,0,24.74,1028.06,12.26,670.49,-91.42,1
511944,34,72,65,776,1,10,0,24.74,1028.07,12.26,663.86,-91.42,1
512940,34,71,65,777,1,10,0,24.74,1028.07,12.25,671.16,-91.42,1
513936,35,72,65,778,1,10,0,24.74,1028.07,12.25,666.50,-91.51,1
514932,34,72,65,777,1,9,0,24.74,1028.08,12.25,670.49,-91.51,1
515928,35,71,65,776,1,10,0,24.74,1028.08,12.24,669.82,-91.51,1
516924,35,71,65,776,1,9,0,24.74,1028.08,12.24,677.93,-91.42,1
517920,34,71,65,776,1,9,0,24.74,1028.07,12.24,671.83,-91.42,1
518916,35,72,65,777,1,10,0,24.74,1028.07,12.24,672.50,-91.51,1
519912,35,71,64,777,1,9,0,24.74,1028.08,12.24,669.82,-91.51,1
520908,35,71,64,777,1,10,0,24.74,1028.08,12.26,670.49,-91.51,1
521904,35,71,64,778,1,9,0,24.74,1028.08,12.26,675.20,-91.51,1
522900,35,71,65,778,1,10,0,24.74,1028.08,12.28,666.50,-91.51,1
523896,35,71,65,778,1,10,0,24.74,1028.08,12.29,665.84,-91.51,1
524892,34,71,64,777,0,9,0,24.73,1028.08,12.30,669.15,-91.42,1
525888,34,71,64,777,1,10,0,24.73,1028.07,12.31,665.18,-91.51,1
526884,34,70,64,776,1,10,0,24.73,1028.08,12.33,667.82,-91.51,1
527880,35,71,64,776,1,10,0,24.73,1028.08,12.32,668.49,-91.59,1
528876,34,71,64,776,1,9,0,24.73,1028.09,12.32,673.17,-91.51,1
529872,35,71,65,777,1,9,0,24.73,1028.08,12.31,673.85,-91.51,1
530868,35,71,65,777,0,10,0,24.73,1028.08,12.31,675.20,-91.51,1
531864,34,71,65,777,1,10,0,24.73,1028.08,12.29,664.52,-91.59,1
532860,35,71,65,777,1,10,0,24.73,1028.09,12.30,671.16,-91.59,1
533856,35,71,65,777,1,10,0,24.73,1028.09,12.30,667.16,-91.51,1
534852,35,71,64,776,1,9,0,24.73,1028.08,12.31,671.16,-91.51,1
535848,35,71,64,777,1,10,0,24.73,1028.08,12.32,669.82,-91.51,1
536844,35,71,65,777,1,9,0,24.73,1028.08,12.33,673.85,-91.51,1
537840,35,71,65,777,1,10,0,24.73,1028.08,12.34,675.88,-91.42,1
538836,35,71,65,777,1,11,0,24.73,1028.07,12.35,671.16,-91.51,1
539832,35,72,65,777,1,9,0,24.73,1028.08,12.37,674.53,-91.59,1
540828,35,71,65,777,1,10,0,24.73,1028.09,12.36,671.16,-91.59,1
541824,35,71,65,776,1,9,0,24.73,1028.09,12.39,671.16,-91.59,1
542820,34,71,65,777,1,9,0,24.72,1028.09,12.40,678.61,-91.59,1
543816,35,71,65,777,1,10,0,24.72,1028.09,12.42,673.85,-91.67,1
544812,35,71,65,776,1,9,0,24.72,1028.10,12.42,669.15,-91.59,1
545808,35,71,65,776,1,9,0,24.72,1028.09,12.43,671.16,-91.51,1
546804,35,71,65,776,1,10,0,24.72,1028.08,12.45,673.17,-91.51,1
547800,35,71,64,776,1,10,0,24.72,1028.08,12.45,671.16,-91.59,1
548796,35,71,65,775,1,10,0,24.72,1028.09,12.45,665.18,-91.59,1
549792,34,71,65,775,1,9,0,24.72,1028.09,12.45,667.82,-91.59,1
550788,35,71,64,774,1,9,0,24.72,1028.09,12.45,673.85,-91.59,1
551784,35,71,64,774,1,9,0,24.72,1028.09,12.44,673.17,-91.59,1
552780,35,71,64,773,0,9,0,24.72,1028.09,12.42,669.15,-91.59,1
553776,35,71,64,774,1,10,0,24.72,1028.09,12.41,673.17,-91.59,1
554772,35,71,65,773,1,9,0,24.72,1028.09,12.40,677.25,-91.59,1
555768,35,71,64,774,1,10,0,24.72,1028.09,12.38,679.30,-91.59,1
556764,34,71,64,773,1,9,0,24.72,1028.09,12.38,674.53,-91.59,1
557760,34,71,64,774,1,9,0,24.72,1028.09,12.36,679.99,-91.51,1
558756,35,71,64,773,1,9,0,24.72,1028.08,12.35,678.61,-91.51,1
559752,35,71,65,773,1,10,0,24.72,1028.08,12.34,683.45,-91.51,1
560748,35,71,65,773,1,9,0,24.72,1028.08,12.34,685.54,-91.59,1
561744,35,71,64,773,1,9,0,24.71,1028.09,12.33,684.84,-91.59,1
562740,35,71,64,773,1,10,0,24.71,1028.09,12.32,686.94,-91.51,1
563736,35,71,64,773,1,10,0,24.71,1028.08,12.30,684.14,-91.51,1
564732,35,70,64,773,1,9,0,24.71,1028.08,12.31,689.76,-91.59,1
565728,35,70,65,773,1,9,0,24.71,1028.09,12.30,687.64,-91.51,1
566724,35,71,64,773,1,9,0,24.71,1028.08,12.30,686.24,-91.51,1
567720,34,71,63,773,1,9,0,24.71,1028.08,12.30,686.24,-91.51,1
568716,35,71,64,773,1,9,0,24.71,1028.08,12.28,691.18,-91.51,1
569712,34,70,64,772,1,9,0,24.71,1028.08,12.27,690.47,-91.51,1
570708,34,71,64,773,1,9,0,24.71,1028.08,12.28,695.47,-91.42,1
571704,34,71,65,773,1,9,0,24.71,1028.07,12.26,690.47,-91.42,1
572700,35,71,64,774,1,9,0,24.71,1028.07,12.27,695.47,-91.42,1
573696,35,70,64,773,1,9,0,24.71,1028.07,12.26,692.61,-91.42,1
574692,35,71,64,773,1,9,0,24.71,1028.07,12.27,696.92,-91.51,1
575688,35,71,64,774,1,9,0,24.71,1028.08,12.26,693.32,-91.51,1
576684,35,71,63,774,1,9,0,24.71,1028.08,12.26,693.32,-91.42,1
577680,35,71,64,773,1,9,0,24.71,1028.07,12.26,691.89,-91.51,1
578676,35,71,65,773,1,9,0,24.71,1028.08,12.25,693.32,-91.59,1
579672,35,71,63,773,1,9,0,24.71,1028.09,12.25,699.82,-91.67,1
580668,35,71,64,773,1,9,0,24.71,1028.10,12.24,697.64,-91.67,1
581664,35,71,64,774,1,9,0,24.71,1028.10,12.24,699.82,-91.67,1
582660,35,71,64,774,1,9,0,24.71,1028.10,12.24,697.64,-91.67,1
583656,34,70,64,774,1,10,0,24.71,1028.10,12.24,700.55,-91.67,1
584652,35,71,64,774,1,10,0,24.71,1028.10,12.24,694.75,-91.67,1
585648,35,71,64,774,1,9,0,24.70,1028.10,12.24,700.55,-91.67,1
586644,35,70,64,774,1,9,0,24.71,1028.10,12.24,700.55,-91.59,1
587640,34,71,65,773,1,9,0,24.70,1028.09,12.24,697.64,-91.51,1
588636,35,71,64,774,1,9,0,24.70,1028.08,12.24,698.37,-91.59,1
589632,34,71,65,773,1,9,0,24.70,1028.09,12.24,702.01,-91.59,1
590628,35,71,65,774,1,9,0,24.70,1028.09,12.24,701.28,-91.67,1
591624,35,71,64,772,1,8,0,24.70,1028.10,12.24,702.75,-91.59,1
592620,34,70,64,773,1,9,0,24.70,1028.09,12.26,703.48,-91.59,1
593616,35,71,64,773,1,9,0,24.71,1028.09,12.25,697.64,-91.59,1
594612,34,71,64,773,1,9,0,24.71,1028.09,12.25,697.64,-91.59,1
595608,35,70,64,773,1,9,0,24.71,1028.09,12.25,694.75,-91.59,1
596604,35,70,64,772,1,9,0,24.71,1028.09,12.26,700.55,-91.59,1
597600,35,71,64,772,1,9,0,24.70,1028.09,12.25,699.09,-91.67,1
598596,35,71,64,773,1,9,0,24.70,1028.10,12.25,698.37,-91.67,1
599592,35,71,64,772,1,9,0,24.70,1028.10,12.25,701.28,-91.67,1
0,34,71,63,772,1,10,0,24.70,1028.10,12.25,707.19,-91.67,1
996,34,71,63,772,1,9,0,24.62,1028.10,12.25,696.20,-91.75,1
1992,35,71,64,773,1,9,0,24.61,1028.11,12.27,696.20,-91.75,1
2988,35,71,64,773,1,9,0,24.61,1028.11,12.28,703.48,-91.67,1
3984,35,71,64,772,1,9,0,24.62,1028.10,12.30,697.64,-91.67,1
4980,35,71,64,773,1,10,0,24.64,1028.10,12.31,693.32,-91.75,1
5976,35,71,64,773,1,9,0,24.65,1028.11,12.29,697.64,-91.75,1
6972,35,71,64,773,1,9,0,24.66,1028.11,12.31,696.20,-91.83,1
7968,35,71,64,773,1,9,0,24.66,1028.12,12.31,695.47,-91.83,1
8964,35,71,64,772,1,9,0,24.67,1028.12,12.31,702.01,-91.75,1
9960,35,71,64,772,1,10,0,24.68,1028.11,12.31,699.09,-91.75,1
10956,35,71,64,772,1,9,0,24.68,1028.11,12.31,697.64,-91.75,1
11952,35,71,64,771,1,9,0,24.68,1028.11,12.33,696.20,-91.75,1
12948,35,70,64,772,1,9,0,24.69,1028.11,12.33,697.64,-91.83,1
13944,35,71,64,772,1,9,0,24.69,1028.12,12.34,699.82,-91.75,1
14940,35,71,64,772,1,9,0,24.70,1028.11,12.34,706.44,-91.75,1
15936,35,71,64,772,1,11,0,24.70,1028.11,12.33,703.48,-91.75,1
16932,34,71,64,772,1,9,0,24.70,1028.11,12.34,699.09,-91.75,1
17928,34,71,64,771,1,10,0,24.70,1028.11,12.33,699.09,-91.75,1
18924,35,71,64,771,1,9,0,24.70,1028.11,12.34,699.82,-91.75,1
19920,35,70,64,771,1,9,0,24.70,1028.11,12.33,699.09,-91.83,1
20916,35,71,64,771,1,9,0,24.70,1028.12,12.34,706.44,-91.83,1
21912,35,71,63,771,1,8,0,24.71,1028.12,12.33,700.55,-91.83,1
22908,35,71,64,770,1,9,0,24.71,1028.12,12.32,705.70,-91.83,1
23904,34,71,64,770,1,10,0,24.71,1028.12,12.32,708.68,-91.83,1
24900,35,71,64,769,1,9,0,24.71,1028.12,12.31,706.44,-91.83,1
25896,35,71,63,770,1,10,0,24.71,1028.12,12.31,701.28,-91.83,1
26892,35,71,63,769,1,9,0,24.71,1028.12,12.30,700.55,-91.83,1
27888,34,71,64,769,1,9,0,24.71,1028.12,12.30,705.70,-91.83,1
28884,35,70,63,769,1,10,0,24.71,1028.12,12.30,702.01,-91.83,1
29880,34,70,64,770,1,10,0,24.71,1028.12,12.29,702.75,-91.83,1
30876,35,70,63,769,1,9,0,24.71,1028.12,12.27,707.19,-91.83,1
31872,35,70,64,769,1,9,0,24.71,1028.12,12.27,708.68,-91.83,1
32868,34,70,63,770,1,9,0,24.71,1028.12,12.27,704.96,-91.92,1
33864,34,70,64,770,0,9,0,24.71,1028.13,12.26,706.44,-91.92,1
34860,35,70,64,770,1,9,0,24.71,1028.13,12.26,707.93,-91.92,1
35856,34,71,63,769,1,9,0,24.71,1028.13,12.25,704.22,-92.00,1
36852,35,71,63,770,1,9,0,24.71,1028.14,12.25,704.22,-92.00,1
37848,35,70,63,769,1,9,0,24.71,1028.14,12.25,713.19,-91.92,1
38844,35,70,64,770,1,9,0,24.71,1028.13,12.24,705.70,-92.00,1
39840,35,70,63,769,1,8,0,24.71,1028.14,12.24,707.93,-91.92,1
40836,35,71,64,770,1,9,0,24.71,1028.13,12.25,706.44,-92.00,1
41832,35,71,63,770,1,11,0,24.71,1028.14,12.25,704.96,-91.92,1
42828,35,71,64,769,1,9,0,24.71,1028.13,12.25,704.96,-91.92,1
43824,35,70,64,770,1,9,0,24.71,1028.13,12.26,710.93,-92.00,1
44820,35,71,63,770,1,9,0,24.71,1028.14,12.27,704.96,-92.08,1
45816,35,70,64,768,1,10,0,24.71,1028.15,12.28,704.22,-92.08,1
46812,36,71,64,769,1,9,0,24.71,1028.15,12.27,712.44,-92.00,1
47808,35,71,63,768,1,10,0,24.71,1028.14,12.25,708.68,-92.00,1
48804,35,70,63,768,1,9,0,24.71,1028.14,12.26,704.22,-92.08,1
49800,35,70,63,769,1,9,0,24.71,1028.15,12.27,706.44,-92.08,1
50796,35,70,63,769,1,9,0,24.71,1028.15,12.27,710.93,-92.00,1
51792,35,70,62,768,1,9,0,24.71,1028.14,12.28,703.48,-92.00,1
52788,35,70,64,769,1,9,0,24.71,1028.14,12.27,703.48,-92.00,1
53784,35,70,62,768,1,9,0,24.71,1028.14,12.27,707.93,-92.08,1
54780,35,70,63,768,1,9,0,24.71,1028.15,12.28,704.96,-92.08,1
55776,35,70,62,769,1,9,0,24.71,1028.15,12.30,706.44,-92.00,1
56772,35,70,63,768,1,9,0,24.71,1028.14,12.29,705.70,-92.08,1
57768,35,70,63,768,1,9,0,24.71,1028.15,12.30,706.44,-92.08,1
58764,35,71,62,769,1,9,0,24.71,1028.15,12.30,706.44,-92.08,1
59760,35,71,63,768,1,9,0,24.71,1028.15,12.30,707.19,-92.08,1
60756,35,70,63,769,1,9,0,24.71,1028.15,12.30,710.18,-92.08,1
61752,35,71,63,767,1,10,0,24.71,1028.15,12.29,708.68,-92.08,1
62748,35,70,63,768,1,10,0,24.71,1028.15,12.31,704.22,-92.08,1
63744,35,71,62,767,1,9,0,24.71,1028.15,12.29,708.68,-92.08,1
64740,35,70,62,767,1,9,0,24.71,1028.15,12.28,710.18,-92.08,1
65736,35,70,62,767,1,9,0,24.71,1028.15,12.27,710.93,-92.00,1
66732,35,70,63,768,1,9,0,24.71,1028.14,12.27,714.71,-92.08,1
67728,35,70,63,768,1,9,0,24.71,1028.15,12.26,715.47,-92.08,1
68724,35,70,63,768,1,9,0,24.71,1028.15,12.25,713.95,-92.08,1
69720,35,70,63,768,1,8,0,24.71,1028.15,12.24,711.68,-92.08,1
70716,35,70,62,767,1,9,0,24.71,1028.15,12.22,709.43,-92.16,1
71712,35,70,63,768,1,9,0,24.72,1028.16,12.23,718.53,-92.16,1
72708,35,70,63,768,1,9,0,24.71,1028.16,12.21,710.18,-92.16,1
73704,35,70,63,769,1,10,0,24.71,1028.16,12.22,717.76,-92.16,1
74700,35,70,62,768,1,9,0,24.71,1028.16,12.21,715.47,-92.16,1
75696,36,70,63,769,1,9,0,24.71,1028.16,12.21,722.39,-92.16,1
76692,35,70,63,769,1,9,0,24.71,1028.16,12.21,718.53,-92.16,1
77688,36,71,63,768,1,9,0,24.71,1028.16,12.21,721.62,-92.25,1
78684,36,70,63,769,1,9,0,24.71,1028.17,12.21,717.00,-92.25,1
79680,36,71,62,768,1,9,0,24.71,1028.17,12.20,710.93,-92.16,1
80676,35,70,63,768,1,9,0,24.71,1028.16,12.21,715.47,-92.16,1
81672,35,71,63,767,1,9,0,24.71,1028.16,12.19,711.68,-92.08,1
82668,35,70,63,766,1,9,0,24.72,1028.15,12.21,710.93,-92.08,1
83664,35,70,63,766,1,9,0,24.72,1028.15,12.21,715.47,-92.08,1
84660,35,70,63,766,1,9,0,24.72,1028.15,12.21,711.68,-92.16,1
85656,35,70,62,767,1,9,0,24.72,1028.16,12.21,720.85,-92.16,1
86652,35,70,63,768,1,9,0,24.72,1028.16,12.20,715.47,-92.08,1
87648,35,69,63,768,1,9,0,24.72,1028.15,12.18,713.95,-92.08,1
88644,35,71,63,768,1,9,0,24.72,1028.15,12.19,713.95,-92.16,1
89640,35,70,63,767,1,8,0,24.72,1028.16,12.18,710.93,-92.08,1
90636,34,70,62,768,1,9,0,24.72,1028.15,12.19,713.95,-92.00,1
91632,35,71,63,767,1,9,0,24.72,1028.14,12.19,720.07,-92.08,1
92628,35,70,62,767,1,9,0,24.72,1028.15,12.18,718.53,-92.16,1
93624,35,71,62,771,1,8,0,24.72,1028.16,12.18,720.85,-92.25,0
94620,35,72,62,773,1,8,0,24.72,1028.17,12.18,724.73,-92.16,0
95616,35,71,63,773,1,9,0,24.72,1028.16,12.18,730.25,-92.16,0
96612,35,71,62,771,1,9,0,24.72,1028.16,12.18,720.07,-92.16,0
97608,35,71,62,771,1,8,0,24.72,1028.16,12.17,723.95,-92.16,0
98604,35,71,63,771,1,9,0,24.72,1028.16,12.17,726.30,-92.08,0
99600,35,71,62,770,1,9,0,24.72,1028.15,12.16,722.39,-92.08,0
100596,35,70,63,769,1,9,0,24.71,1028.15,12.17,728.66,-92.00,0
101592,35,70,63,769,1,8,0,24.71,1028.14,12.16,728.66,-92.08,0
102588,34,70,62,769,1,9,0,24.71,1028.15,12.17,723.17,-92.08,0
103584,34,70,62,769,1,9,0,24.71,1028.15,12.18,723.95,-92.08,0
104580,34,70,62,769,1,9,0,24.71,1028.15,12.19,726.30,-92.08,0
105576,34,70,62,768,1,9,0,24.71,1028.15,12.21,730.25,-92.08,0
106572,34,70,62,768,1,9,0,24.71,1028.15,12.23,727.87,-92.00,0
107568,34,70,62,769,1,9,0,24.71,1028.14,12.24,728.66,-92.08,0
108564,34,70,62,769,1,9,0,24.71,1028.15,12.27,724.73,-92.16,0
109560,35,70,62,768,1,9,0,24.71,1028.16,12.27,731.04,-92.16,0
110556,34,70,62,767,1,9,0,24.71,1028.16,12.29,732.64,-92.16,0
111552,35,70,62,769,1,9,0,24.71,1028.16,12.30,725.52,-92.08,0
112548,34,70,62,768,1,9,0,24.70,1028.15,12.31,731.84,-92.08,0
113544,35,70,62,768,1,9,0,24.70,1028.15,12.30,734.24,-92.08,0
114540,34,70,62,768,1,8,0,24.70,1028.15,12.31,728.66,-92.08,0
115536,34,70,61,768,1,9,0,24.70,1028.15,12.30,731.04,-92.08,0
116532,34,71,63,767,1,9,0,24.70,1028.15,12.28,727.09,-92.08,0
117528,34,70,62,767,1,9,0,24.70,1028.15,12.28,732.64,-92.08,0
118524,34,71,62,768,1,9,0,24.70,1028.15,12.27,726.30,-92.16,0
119520,34,70,62,768,1,9,0,24.70,1028.16,12.27,733.44,-92.08,0
120516,34,70,62,767,1,9,0,24.70,1028.15,12.26,729.46,-92.08,0
121512,34,70,62,768,1,9,0,24.70,1028.15,12.26,723.95,-92.08,0
122508,35,70,62,768,1,9,0,24.70,1028.15,12.25,732.64,-92.00,0
123504,34,70,62,769,1,10,0,24.70,1028.14,12.24,729.46,-92.00,0
124500,34,71,62,767,1,9,0,24.70,1028.14,12.24,727.09,-91.92,0
125496,34,70,62,769,1,9,0,24.70,1028.13,12.23,731.04,-91.92,0
126492,34,71,62,768,1,9,0,24.70,1028.13,12.23,724.73,-92.00,0
127488,35,70,61,768,1,9,0,24.70,1028.14,12.22,730.25,-92.08,0
128484,34,70,62,768,1,9,0,24.70,1028.15,12.22,728.66,-92.08,0
129480,34,70,62,768,1,9,0,24.70,1028.15,12.21,726.30,-92.08,0
130476,35,71,61,768,1,9,0,24.70,1028.15,12.20,733.44,-92.00,0
131472,34,70,62,767,1,8,0,24.70,1028.14,12.20,732.64,-92.00,0
132468,34,70,62,767,1,9,0,24.70,1028.14,12.19,733.44,-92.00,0
133464,34,70,61,768,1,9,0,24.70,1028.14,12.19,736.65,-92.00,0
134460,35,70,62,768,1,9,0,24.70,1028.14,12.18,730.25,-91.92,0
135456,34,70,62,768,1,9,0,24.70,1028.13,12.17,730.25,-91.83,0
136452,34,70,62,767,1,9,0,24.70,1028.12,12.18,732.64,-91.92,0
137448,34,70,62,768,1,9,0,24.70,1028.13,12.17,729.46,-91.92,0
138444,34,70,62,767,1,9,0,24.70,1028.13,12.18,737.46,-91.83,0
139440,34,70,62,767,1,9,0,24.70,1028.12,12.18,731.04,-91.92,0
140436,34,70,62,768,1,9,0,24.70,1028.13,12.17,732.64,-92.00,0
141432,34,70,61,767,1,9,0,24.70,1028.14,12.17,736.65,-92.00,0
142428,34,70,61,768,1,9,0,24.70,1028.14,12.17,735.85,-91.92,0
143424,35,70,62,768,1,9,0,24.69,1028.13,12.17,732.64,-91.92,0
144420,34,70,62,768,1,9,0,24.69,1028.13,12.17,734.24,-91.92,0
145416,34,70,62,768,1,9,0,24.69,1028.13,12.18,739.08,-91.92,0
146412,35,70,62,768,1,9,0,24.69,1028.13,12.18,734.24,-91.92,0
147408,34,70,62,768,1,9,0,24.69,1028.13,12.17,735.85,-91.83,0
148404,34,70,62,768,1,9,0,24.69,1028.12,12.18,740.71,-91.83,0
149400,34,71,62,768,1,9,0,24.69,1028.12,12.19,735.85,-91.83,0
150396,34,70,62,768,1,9,0,24.69,1028.12,12.19,740.71,-91.83,1
151392,34,70,62,767,1,9,0,24.69,1028.12,12.18,739.90,-91.83,1
152388,35,70,62,768,1,9,0,24.69,1028.12,12.19,735.85,-91.83,1
153384,34,70,61,769,1,9,0,24.69,1028.12,12.20,737.46,-91.83,1
154380,34,70,62,768,1,9,0,24.69,1028.12,12.20,735.85,-91.83,1
155376,34,70,62,768,1,9,0,24.69,1028.12,12.21,735.85,-91.83,1
156372,34,70,62,768,1,9,0,24.69,1028.12,12.20,741.53,-91.83,1
157368,35,71,62,768,1,9,0,24.69,1028.12,12.20,744.00,-91.75,1
158364,35,70,62,768,1,9,0,24.69,1028.11,12.21,739.08,-91.75,1
159360,34,70,62,768,1,9,0,24.68,1028.11,12.22,735.85,-91.75,1
160356,35,70,62,768,1,9,0,24.68,1028.11,12.21,735.04,-91.75,1
161352,34,70,62,769,1,10,0,24.68,1028.11,12.22,738.27,-91.67,1
162348,34,70,62,769,1,9,0,24.68,1028.10,12.22,744.00,-91.67,1
163344,34,70,62,768,1,9,0,24.68,1028.10,12.23,738.27,-91.75,1
164340,34,70,62,769,1,9,0,24.68,1028.11,12.23,737.46,-91.75,1
165336,34,70,62,769,1,9,0,24.68,1028.11,12.24,739.90,-91.75,1
166332,34,70,62,768,1,9,0,24.68,1028.11,12.23,744.00,-91.75,1
167328,34,70,62,769,1,9,0,24.68,1028.11,12.24,735.04,-91.67,1
168324,34,70,62,769,1,9,0,24.68,1028.10,12.23,737.46,-91.59,1
169320,34,70,62,769,1,9,0,24.68,1028.09,12.24,738.27,-91.67,1
170316,34,70,62,769,1,10,0,24.68,1028.10,12.23,742.35,-91.59,1
171312,34,70,62,768,1,9,0,24.68,1028.09,12.23,735.85,-91.67,1
172308,34,70,62,769,1,9,0,24.68,1028.10,12.24,737.46,-91.67,1
173304,34,70,62,769,1,9,0,24.68,1028.10,12.23,739.08,-91.67,1
174300,34,70,62,768,1,9,0,24.68,1028.10,12.24,728.66,-91.67,1
175296,35,70,62,767,1,9,0,24.68,1028.10,12.24,737.46,-91.67,1
176292,34,70,62,768,1,10,0,24.68,1028.10,12.24,740.71,-91.67,1
177288,35,70,62,768,1,9,0,24.68,1028.10,12.24,741.53,-91.67,1
178284,34,70,61,768,1,9,0,24.68,1028.10,12.23,734.24,-91.67,1
179280,34,70,62,768,1,9,0,24.68,1028.10,12.24,735.04,-91.67,1
180276,34,70,62,768,1,9,0,24.68,1028.10,12.24,738.27,-91.67,1
181272,35,70,62,767,1,9,0,24.68,1028.10,12.24,735.85,-91.67,1
182268,34,70,62,768,1,9,0,24.68,1028.10,12.24,741.53,-91.59,1
183264,34,70,62,767,1,9,0,24.68,1028.09,12.25,734.24,-91.59,1
184260,34,70,62,768,1,9,0,24.68,1028.09,12.25,738.27,-91.51,1
185256,35,71,62,769,1,9,0,24.68,1028.08,12.26,731.84,-91.59,1
186252,35,70,62,768,1,9,0,24.68,1028.09,12.25,735.04,-91.51,1
187248,34,70,62,769,1,9,0,24.68,1028.08,12.26,729.46,-91.59,1
188244,34,70,62,768,1,9,0,24.68,1028.09,12.26,737.46,-91.51,1
189240,34,70,62,768,1,9,0,24.68,1028.08,12.27,731.84,-91.51,1
190236,34,70,62,768,1,9,0,24.68,1028.08,12.26,735.85,-91.59,1
191232,34,70,62,767,1,9,0,24.68,1028.09,12.27,740.71,-91.59,1
192228,34,70,62,768,1,9,0,24.68,1028.09,12.27,734.24,-91.59,1
193224,34,70,62,767,1,9,0,24.68,1028.09,12.27,739.08,-91.59,1
194220,34,70,62,767,1,9,0,24.68,1028.09,12.26,735.85,-91.59,1
195216,34,70,62,767,1,9,0,24.68,1028.09,12.26,738.27,-91.59,1
196212,34,70,62,768,1,9,0,24.68,1028.09,12.27,732.64,-91.67,1
197208,34,70,62,768,1,9,0,24.68,1028.10,12.26,731.04,-91.67,1
198204,34,70,62,769,1,9,0,24.68,1028.10,12.27,732.64,-91.59,1
199200,34,70,62,768,1,9,0,24.68,1028.09,12.25,727.87,-91.51,1
200196,34,70,62,768,1,9,0,24.68,1028.08,12.27,734.24,-91.51,1
201192,34,70,62,769,1,9,0,24.68,1028.08,12.26,735.85,-91.51,1
202188,35,69,62,768,1,9,0,24.68,1028.08,12.26,739.90,-91.51,1
203184,34,70,62,769,1,9,0,24.68,1028.08,12.26,732.64,-91.51,1
204180,34,70,62,768,1,9,0,24.68,1028.08,12.27,731.04,-91.51,1
205176,34,70,62,768,1,9,0,24.68,1028.08,12.27,726.30,-91.51,1
206172,34,70,61,768,1,9,0,24.68,1028.08,12.27,727.87,-91.42,1
207168,34,70,62,768,1,9,0,24.68,1028.07,12.26,731.84,-91.42,1
208164,34,70,62,769,1,9,0,24.68,1028.07,12.26,732.64,-91.42,0
209160,33,70,62,769,1,9,0,24.68,1028.07,12.27,731.04,-91.42,0
210156,34,70,62,770,1,9,0,24.68,1028.07,12.27,731.84,-91.42,0
211152,34,70,62,770,1,9,0,24.68,1028.07,12.27,729.46,-91.42,0
212148,34,69,61,769,1,9,0,24.68,1028.07,12.27,731.04,-91.42,0
213144,34,70,62,769,1,9,0,24.68,1028.07,12.26,732.64,-91.34,0
214140,34,69,62,769,1,9,0,24.68,1028.06,12.27,726.30,-91.34,0
215136,34,70,62,769,1,9,0,24.68,1028.06,12.27,737.46,-91.34,0
216132,34,70,62,770,1,9,0,24.68,1028.06,12.26,735.04,-91.34,0
217128,34,70,62,769,1,9,0,24.68,1028.06,12.26,731.04,-91.34,0
218124,34,70,62,769,1,9,0,24.68,1028.06,12.27,729.46,-91.34,0
219120,34,70,62,770,1,9,0,24.68,1028.06,12.27,728.66,-91.34,0
220116,34,70,61,770,1,9,0,24.68,1028.06,12.29,728.66,-91.34,0
221112,34,70,62,770,1,9,0,24.68,1028.06,12.31,728.66,-91.42,0
222108,34,70,62,770,1,9,0,24.68,1028.07,12.31,728.66,-91.42,0
223104,34,70,61,769,1,9,0,24.68,1028.07,12.32,734.24,-91.42,0
224100,34,70,62,770,1,9,0,24.68,1028.07,12.33,729.46,-91.34,0
225096,34,70,62,770,1,9,0,24.68,1028.06,12.32,724.73,-91.42,0
226092,34,69,62,770,1,9,0,24.68,1028.07,12.31,731.84,-91.42,0
227088,34,69,61,770,1,9,0,24.68,1028.07,12.31,728.66,-91.42,0
228084,34,70,62,770,1,9,0,24.68,1028.07,12.29,728.66,-91.42,0
229080,34,70,62,770,1,9,0,24.68,1028.07,12.28,728.66,-91.42,0
230076,34,70,62,770,1,9,0,24.68,1028.07,12.26,727.87,-91.51,0
231072,34,70,61,771,1,9,0,24.68,1028.08,12.25,726.30,-91.42,0
232068,33,70,61,771,1,9,0,24.68,1028.07,12.25,727.87,-91.42,0
233064,33,70,61,771,1,9,0,24.68,1028.07,12.24,727.87,-91.42,0
234060,34,70,62,772,1,9,0,24.68,1028.07,12.22,725.52,-91.42,0
235056,33,70,62,772,1,9,0,24.68,1028.07,12.22,727.87,-91.51,0
236052,33,70,62,772,1,9,0,24.68,1028.08,12.20,727.87,-91.51,0
237048,34,70,61,773,1,9,0,24.68,1028.08,12.20,726.30,-91.51,0
238044,34,70,61,773,1,9,0,24.68,1028.08,12.19,723.95,-91.67,0
239040,33,69,61,774,1,9,0,24.68,1028.10,12.19,725.52,-91.59,0
240036,34,70,61,774,1,10,0,24.68,1028.09,12.18,724.73,-91.67,0
241032,34,70,61,774,1,9,0,24.68,1028.10,12.17,727.09,-91.67,0
242028,33,70,61,775,1,9,0,24.68,1028.10,12.18,726.30,-91.67,0
243024,33,70,61,775,1,9,0,24.68,1028.10,12.17,723.95,-91.67,0
244020,32,70,61,775,1,9,0,24.68,1028.10,12.17,727.09,-91.67,0
245016,33,70,62,775,1,9,0,24.68,1028.10,12.17,720.85,-91.67,0
246012,33,70,61,776,1,9,0,24.68,1028.10,12.17,723.17,-91.67,0
247008,32,70,61,776,1,9,0,24.68,1028.10,12.17,727.09,-91.59,0
248004,34,69,61,776,1,9,0,24.68,1028.09,12.17,719.30,-91.59,0
249000,33,69,62,776,1,9,0,24.68,1028.09,12.18,725.52,-91.67,0
249996,33,70,61,777,1,9,0,24.68,1028.10,12.16,720.85,-91.67,0
250992,33,69,60,777,1,9,0,24.68,1028.10,12.16,724.73,-91.67,0
251988,33,70,61,777,1,9,0,24.68,1028.10,12.16,718.53,-91.67,0
252984,33,70,61,777,1,9,0,24.68,1028.10,12.16,719.30,-91.67,0
253980,33,69,61,778,1,9,0,24.68,1028.10,12.15,717.00,-91.67,0
254976,33,70,61,778,1,9,0,24.68,1028.10,12.16,716.23,-91.67,0
255972,33,69,61,777,1,9,0,24.68,1028.10,12.16,714.71,-91.67,0
256968,33,69,60,778,1,9,0,24.68,1028.10,12.16,717.00,-91.75,0
257964,33,70,60,777,1,10,0,24.68,1028.11,12.14,715.47,-91.67,0
258960,33,70,61,778,1,9,0,24.68,1028.10,12.14,715.47,-91.75,0
259956,33,70,61,778,1,9,0,24.68,1028.11,12.13,712.44,-91.75,0
260952,33,70,61,778,1,9,0,24.68,1028.11,12.13,711.68,-91.67,0
261948,33,70,60,778,1,9,0,24.68,1028.10,12.14,714.71,-91.59,0
262944,32,69,60,777,1,9,0,24.68,1028.09,12.13,717.00,-91.67,0
263940,33,70,61,777,1,10,0,24.68,1028.10,12.13,709.43,-91.67,0
264936,33,70,61,777,1,9,0,24.68,1028.10,12.13,710.93,-91.67,0
265932,33,70,60,777,1,9,0,24.68,1028.10,12.12,707.19,-91.75,0
266928,33,69,61,777,1,9,0,24.68,1028.11,12.13,711.68,-91.83,0
267924,34,70,61,778,1,9,0,24.68,1028.12,12.12,715.47,-91.83,0
268920,33,69,61,778,1,9,0,24.68,1028.12,12.12,709.43,-91.83,0
269916,33,70,61,779,1,9,0,24.68,1028.12,12.11,708.68,-91.83,0
270912,32,69,61,779,1,9,0,24.68,1028.12,12.11,707.93,-91.83,1
271908,33,70,61,779,1,9,0,24.68,1028.12,12.11,705.70,-91.83,1
272904,32,69,61,781,1,9,0,24.68,1028.12,12.10,711.68,-91.92,1
273900,33,70,61,780,1,9,0,24.68,1028.13,12.09,709.43,-91.92,1
274896,33,70,62,780,1,9,0,24.68,1028.13,12.10,707.93,-91.92,1
275892,33,70,62,779,1,9,0,24.68,1028.13,12.10,704.96,-91.92,1
276888,33,70,61,778,1,9,0,24.68,1028.13,12.09,706.44,-91.92,1
277884,33,70,61,778,1,9,0,24.68,1028.13,12.10,704.96,-92.00,1
278880,33,70,61,778,1,9,0,24.68,1028.14,12.11,707.19,-92.00,1
279876,33,70,61,778,1,9,0,24.68,1028.14,12.12,703.48,-91.92,1
280872,33,70,61,777,1,9,0,24.68,1028.13,12.11,703.48,-91.83,1
281868,33,70,61,777,1,9,0,24.68,1028.12,12.13,704.96,-91.92,1
282864,33,70,61,778,1,10,0,24.68,1028.13,12.15,703.48,-91.92,1
283860,33,70,61,777,1,9,0,24.68,1028.13,12.16,699.09,-92.00,1
284856,33,70,62,778,1,9,0,24.68,1028.14,12.17,701.28,-92.00,1
285852,33,69,61,777,1,9,0,24.68,1028.14,12.20,699.09,-92.00,1
286848,33,70,61,777,1,9,0,24.68,1028.14,12.20,697.64,-92.00,1
287844,33,70,61,777,1,9,0,24.68,1028.14,12.20,700.55,-92.08,1
288840,33,70,61,778,1,9,0,24.68,1028.15,12.22,695.47,-92.08,1
289836,33,69,62,777,1,9,0,24.68,1028.15,12.21,699.82,-92.08,1
290832,33,70,62,777,1,9,0,24.68,1028.15,12.21,699.82,-92.08,1
291828,33,70,61,777,1,9,0,24.68,1028.15,12.22,699.09,-92.16,1
292824,33,70,61,778,1,9,0,24.68,1028.16,12.21,696.20,-92.16,1
293820,33,70,62,777,1,9,0,24.68,1028.16,12.21,698.37,-92.08,1
294816,34,70,61,778,1,9,0,24.68,1028.15,12.20,695.47,-92.08,1
295812,34,70,61,778,1,8,0,24.68,1028.15,12.20,694.04,-92.08,1
296808,34,70,62,778,1,9,0,24.68,1028.15,12.21,689.05,-92.00,1
297804,34,70,61,779,1,9,0,24.68,1028.14,12.20,694.04,-92.00,1
298800,33,70,61,779,1,9,0,24.68,1028.14,12.20,691.89,-92.00,1
299796,34,70,62,778,1,8,0,24.68,1028.14,12.19,687.64,-92.00,1
300792,34,70,62,779,1,9,0,24.68,1028.14,12.19,687.64,-92.00,1
301788,34,70,62,778,1,9,0,24.68,1028.14,12.19,684.84,-92.00,1
302784,34,70,61,779,1,9,0,24.68,1028.14,12.19,682.06,-92.00,1
303780,34,70,62,779,1,9,0,24.68,1028.14,12.20,684.84,-91.92,1
304776,34,70,62,778,1,9,0,24.68,1028.13,12.19,681.37,-92.00,1
305772,33,70,62,779,1,9,0,24.68,1028.14,12.19,686.94,-91.92,1
306768,34,70,61,778,1,9,0,24.68,1028.13,12.19,680.68,-91.92,1
307764,33,71,61,778,1,9,0,24.68,1028.13,12.19,679.30,-92.00,1
308760,34,70,62,778,1,9,0,24.68,1028.14,12.19,684.84,-92.00,1
309756,34,70,61,777,1,9,0,24.68,1028.14,12.19,683.45,-92.00,1
310752,34,70,62,777,1,9,0,24.68,1028.14,12.20,682.06,-92.00,1
311748,34,70,62,776,1,9,0,24.68,1028.14,12.19,680.68,-92.08,1
312744,34,70,62,776,1,9,0,24.68,1028.15,12.18,679.99,-92.00,1
313740,34,70,62,777,1,9,0,24.68,1028.14,12.18,678.61,-92.00,1
314736,34,70,62,776,1,10,0,24.68,1028.14,12.19,676.56,-92.00,1
315732,34,71,61,776,1,9,0,24.68,1028.14,12.18,669.82,-92.08,1
316728,34,70,62,777,1,9,0,24.68,1028.15,12.18,672.50,-92.08,1
317724,34,70,61,777,1,9,0,24.68,1028.15,12.18,673.17,-92.00,1
318720,34,70,61,777,1,9,0,24.68,1028.14,12.18,670.49,-92.08,1
319716,35,70,61,776,1,10,0,24.68,1028.15,12.19,668.49,-92.08,1
320712,34,70,61,777,1,9,0,24.68,1028.15,12.19,670.49,-92.00,1
321708,34,70,62,777,1,9,0,24.68,1028.14,12.18,669.82,-92.08,1
322704,34,70,62,778,1,9,0,24.68,1028.15,12.18,670.49,-92.08,1
323700,34,70,62,778,1,9,0,24.68,1028.15,12.17,669.82,-92.16,1
324696,34,70,61,777,1,9,0,24.68,1028.16,12.16,671.16,-92.08,1
325692,34,71,61,778,1,8,0,24.68,1028.15,12.16,673.17,-92.16,1
326688,34,70,61,778,1,9,0,24.68,1028.16,12.15,667.16,-92.16,1
327684,34,70,62,777,1,9,0,24.68,1028.16,12.14,671.16,-92.16,1
328680,35,70,61,778,1,9,0,24.68,1028.16,12.14,667.16,-92.16,1
329676,34,70,62,778,1,9,0,24.68,1028.16,12.14,669.82,-92.16,1
330672,35,70,62,778,1,9,0,24.68,1028.16,12.14,665.84,-92.16,1
331668,34,70,61,777,1,9,0,24.68,1028.16,12.14,670.49,-92.25,1
332664,34,70,62,777,1,9,0,24.68,1028.17,12.14,671.16,-92.25,1
333660,34,70,61,778,1,9,0,24.68,1028.17,12.13,670.49,-92.25,1
334656,34,71,62,778,1,9,0,24.68,1028.17,12.13,668.49,-92.25,1
335652,34,70,62,778,1,9,0,24.68,1028.17,12.13,667.82,-92.16,1
336648,34,70,62,777,1,9,0,24.68,1028.16,12.14,670.49,-92.16,1
337644,35,70,61,778,1,9,0,24.68,1028.16,12.13,663.21,-92.16,1
338640,35,70,61,777,1,9,0,24.68,1028.16,12.12,669.82,-92.16,1
339636,34,70,61,777,1,9,0,24.68,1028.16,12.13,667.16,-92.16,1
340632,34,71,61,777,1,9,0,24.67,1028.16,12.12,673.17,-92.08,1
341628,35,71,61,776,1,9,0,24.67,1028.15,12.13,667.16,-92.08,1
342624,35,70,61,776,1,9,0,24.67,1028.15,12.12,668.49,-92.08,1
343620,35,70,62,775,1,9,0,24.67,1028.15,12.12,667.16,-92.00,1
344616,34,71,61,776,1,9,0,24.67,1028.14,12.12,663.21,-92.08,1